{
    "header": {
        "seq": 39415,
        "stamp": {
            "secs": 1681165622,
            "nsecs": 76181008
        },
        "frame_id": "atracsys"
    },
    "pose": {
        "position": {
            "x": 0.08249290466308594,
            "y": 0.13088052368164063,
            "z": 0.8971611938476562
        },
        "orientation": {
            "x": -0.5111116576852672,
            "y": 0.014644237635462373,
            "z": -0.005979146928931935,
            "w": 0.8593687622227705
        }
    }
}