{
    "header": {
        "seq": 37546,
        "stamp": {
            "secs": 1681165603,
            "nsecs": 255279548
        },
        "frame_id": "atracsys"
    },
    "pose": {
        "position": {
            "x": 0.08247513580322266,
            "y": 0.1308783416748047,
            "z": 0.8972251586914063
        },
        "orientation": {
            "x": -0.5111085130049153,
            "y": 0.014727129126435708,
            "z": -0.00593865060083175,
            "w": 0.8593694968002059
        }
    }
}