{
    "header": {
        "seq": 38308,
        "stamp": {
            "secs": 1681165610,
            "nsecs": 929923561
        },
        "frame_id": "atracsys"
    },
    "pose": {
        "position": {
            "x": 0.08245710754394532,
            "y": 0.1308814239501953,
            "z": 0.8972312622070313
        },
        "orientation": {
            "x": -0.5110591335288542,
            "y": 0.01477544866772167,
            "z": -0.005917520475104207,
            "w": 0.8593981796029305
        }
    }
}