{
    "header": {
        "seq": 16517,
        "stamp": {
            "secs": 1681165391,
            "nsecs": 668975971
        },
        "frame_id": "atracsys"
    },
    "pose": {
        "position": {
            "x": 0.08254436492919923,
            "y": 0.1307364501953125,
            "z": 0.8967127685546875
        },
        "orientation": {
            "x": -0.509743950934351,
            "y": 0.014720301421635143,
            "z": -0.0056083398219005385,
            "w": 0.860181936415975
        }
    }
}