{
    "header": {
        "seq": 13280,
        "stamp": {
            "secs": 1681165359,
            "nsecs": 89803368
        },
        "frame_id": "atracsys"
    },
    "pose": {
        "position": {
            "x": 0.08254238891601563,
            "y": 0.1308191680908203,
            "z": 0.8966857910156251
        },
        "orientation": {
            "x": -0.5097837904844001,
            "y": 0.014765018836080173,
            "z": -0.005579418443921493,
            "w": 0.8601577478974162
        }
    }
}