{
    "header": {
        "seq": 24799,
        "stamp": {
            "secs": 1681165475,
            "nsecs": 9770914
        },
        "frame_id": "atracsys"
    },
    "pose": {
        "position": {
            "x": 0.08249374389648438,
            "y": 0.1308120880126953,
            "z": 0.896853515625
        },
        "orientation": {
            "x": -0.5107467170808762,
            "y": 0.01483755408047645,
            "z": -0.006040818537571974,
            "w": 0.8595819603105994
        }
    }
}