{
    "header": {
        "seq": 26588,
        "stamp": {
            "secs": 1681165493,
            "nsecs": 7011353
        },
        "frame_id": "atracsys"
    },
    "pose": {
        "position": {
            "x": 0.08251242065429688,
            "y": 0.1308043670654297,
            "z": 0.8968250122070313
        },
        "orientation": {
            "x": -0.5106248417711058,
            "y": 0.014931663641926668,
            "z": -0.005973677351518816,
            "w": 0.8596532042434424
        }
    }
}