{
    "header": {
        "seq": 3383,
        "stamp": {
            "secs": 1681165255,
            "nsecs": 835386908
        },
        "frame_id": "atracsys"
    },
    "pose": {
        "position": {
            "x": 0.2914666442871094,
            "y": 0.0981263198852539,
            "z": 0.8304609985351563
        },
        "orientation": {
            "x": -0.5006598996009803,
            "y": 0.07538766041105086,
            "z": 0.04394676030323987,
            "w": 0.8612346067408894
        }
    }
}