{
    "header": {
        "seq": 15429,
        "stamp": {
            "secs": 1681165380,
            "nsecs": 725626219
        },
        "frame_id": "atracsys"
    },
    "pose": {
        "position": {
            "x": 0.08253636169433594,
            "y": 0.13076658630371094,
            "z": 0.8966965942382813
        },
        "orientation": {
            "x": -0.5096976347398123,
            "y": 0.014772430729293158,
            "z": -0.005582117028318599,
            "w": 0.8602086586407226
        }
    }
}