{
    "header": {
        "seq": 14125,
        "stamp": {
            "secs": 1681165367,
            "nsecs": 591322049
        },
        "frame_id": "atracsys"
    },
    "pose": {
        "position": {
            "x": 0.08254346466064454,
            "y": 0.13079412841796875,
            "z": 0.896698974609375
        },
        "orientation": {
            "x": -0.5097554315665485,
            "y": 0.01476802451486836,
            "z": -0.005566378112208294,
            "w": 0.8601745874385281
        }
    }
}