{
    "header": {
        "seq": 19839,
        "stamp": {
            "secs": 1681165425,
            "nsecs": 99017049
        },
        "frame_id": "atracsys"
    },
    "pose": {
        "position": {
            "x": 0.08253921508789062,
            "y": 0.13068479919433593,
            "z": 0.8966903076171875
        },
        "orientation": {
            "x": -0.5096167529971414,
            "y": 0.014807649440506507,
            "z": -0.0055515698809298205,
            "w": 0.8602561703670337
        }
    }
}