{
    "header": {
        "seq": 40626,
        "stamp": {
            "secs": 1681165634,
            "nsecs": 264438329
        },
        "frame_id": "atracsys"
    },
    "pose": {
        "position": {
            "x": 0.08250228118896484,
            "y": 0.13085769653320312,
            "z": 0.8971632080078126
        },
        "orientation": {
            "x": -0.5111480275184997,
            "y": 0.014626625902619986,
            "z": -0.006026211839245923,
            "w": 0.8593471013214161
        }
    }
}