{
    "header": {
        "seq": 29404,
        "stamp": {
            "secs": 1681165521,
            "nsecs": 341332338
        },
        "frame_id": "atracsys"
    },
    "pose": {
        "position": {
            "x": 0.08253297424316407,
            "y": 0.1308773651123047,
            "z": 0.8969935913085938
        },
        "orientation": {
            "x": -0.5107467909241833,
            "y": 0.014766506225407237,
            "z": -0.005828037778372515,
            "w": 0.8595846088839642
        }
    }
}