{
    "header": {
        "seq": 11611,
        "stamp": {
            "secs": 1681165342,
            "nsecs": 301495546
        },
        "frame_id": "atracsys"
    },
    "pose": {
        "position": {
            "x": 0.08253807830810547,
            "y": 0.13089530944824218,
            "z": 0.8966893920898438
        },
        "orientation": {
            "x": -0.5097968632550764,
            "y": 0.014710439194591075,
            "z": -0.0055726033155446865,
            "w": 0.8601509793555284
        }
    }
}