{
    "header": {
        "seq": 15408,
        "stamp": {
            "secs": 1681165380,
            "nsecs": 513687130
        },
        "frame_id": "atracsys"
    },
    "pose": {
        "position": {
            "x": 0.08253608703613281,
            "y": 0.13075788879394531,
            "z": 0.8967012329101562
        },
        "orientation": {
            "x": -0.5097615849014595,
            "y": 0.014754472211133811,
            "z": -0.005600652443920127,
            "w": 0.8601709509165754
        }
    }
}