{
    "header": {
        "seq": 12611,
        "stamp": {
            "secs": 1681165352,
            "nsecs": 361366093
        },
        "frame_id": "atracsys"
    },
    "pose": {
        "position": {
            "x": 0.08254019927978516,
            "y": 0.13083775329589845,
            "z": 0.8966736450195313
        },
        "orientation": {
            "x": -0.5098002197396938,
            "y": 0.014747739700140101,
            "z": -0.005577104559667107,
            "w": 0.860148322111848
        }
    }
}