{
    "header": {
        "seq": 30278,
        "stamp": {
            "secs": 1681165530,
            "nsecs": 135390084
        },
        "frame_id": "atracsys"
    },
    "pose": {
        "position": {
            "x": 0.08249819183349609,
            "y": 0.13090541076660156,
            "z": 0.8971006469726562
        },
        "orientation": {
            "x": -0.5107991303422984,
            "y": 0.014681617065037284,
            "z": -0.005843282809602124,
            "w": 0.8595548584051598
        }
    }
}