{
    "header": {
        "seq": 19505,
        "stamp": {
            "secs": 1681165421,
            "nsecs": 737799666
        },
        "frame_id": "atracsys"
    },
    "pose": {
        "position": {
            "x": 0.0825340347290039,
            "y": 0.1306904754638672,
            "z": 0.8967152099609376
        },
        "orientation": {
            "x": -0.5097268460881265,
            "y": 0.014765562870854251,
            "z": -0.005600064258330127,
            "w": 0.860191350694984
        }
    }
}