{
    "header": {
        "seq": 37215,
        "stamp": {
            "secs": 1681165599,
            "nsecs": 923827262
        },
        "frame_id": "atracsys"
    },
    "pose": {
        "position": {
            "x": 0.08249274444580078,
            "y": 0.13087538146972658,
            "z": 0.897194091796875
        },
        "orientation": {
            "x": -0.5111588839375378,
            "y": 0.014751829294119318,
            "z": -0.005912558068464884,
            "w": 0.8593392930393066
        }
    }
}