{
    "header": {
        "seq": 14684,
        "stamp": {
            "secs": 1681165373,
            "nsecs": 221209268
        },
        "frame_id": "atracsys"
    },
    "pose": {
        "position": {
            "x": 0.08254485321044921,
            "y": 0.1307805938720703,
            "z": 0.896707275390625
        },
        "orientation": {
            "x": -0.5096873993935828,
            "y": 0.014726442429662508,
            "z": -0.005598778299256833,
            "w": 0.8602154035323525
        }
    }
}