{
    "header": {
        "seq": 23117,
        "stamp": {
            "secs": 1681165458,
            "nsecs": 84236247
        },
        "frame_id": "atracsys"
    },
    "pose": {
        "position": {
            "x": 0.08249169921875,
            "y": 0.1308321990966797,
            "z": 0.8968612060546876
        },
        "orientation": {
            "x": -0.5108298501143058,
            "y": 0.014991701402774088,
            "z": -0.006005340013326817,
            "w": 0.859530132696097
        }
    }
}