{
    "header": {
        "seq": 19214,
        "stamp": {
            "secs": 1681165418,
            "nsecs": 812377922
        },
        "frame_id": "atracsys"
    },
    "pose": {
        "position": {
            "x": 0.08253315734863281,
            "y": 0.13069685363769531,
            "z": 0.8967303466796875
        },
        "orientation": {
            "x": -0.5097044747492058,
            "y": 0.014780924235920721,
            "z": -0.005620235737856575,
            "w": 0.8602042115972341
        }
    }
}