{
    "header": {
        "seq": 36792,
        "stamp": {
            "secs": 1681165595,
            "nsecs": 670069695
        },
        "frame_id": "atracsys"
    },
    "pose": {
        "position": {
            "x": 0.08252421569824218,
            "y": 0.13087783813476564,
            "z": 0.8971478271484375
        },
        "orientation": {
            "x": -0.510948866911307,
            "y": 0.014611941315254406,
            "z": -0.005888734052450475,
            "w": 0.8594667354728225
        }
    }
}