{
    "header": {
        "seq": 26273,
        "stamp": {
            "secs": 1681165489,
            "nsecs": 836673021
        },
        "frame_id": "atracsys"
    },
    "pose": {
        "position": {
            "x": 0.08250807189941406,
            "y": 0.13081964111328126,
            "z": 0.8968836669921875
        },
        "orientation": {
            "x": -0.5106361871893875,
            "y": 0.015224982650388595,
            "z": -0.0058987686689154694,
            "w": 0.8596418374905743
        }
    }
}