{
    "header": {
        "seq": 22694,
        "stamp": {
            "secs": 1681165453,
            "nsecs": 827479714
        },
        "frame_id": "atracsys"
    },
    "pose": {
        "position": {
            "x": 0.08249520111083984,
            "y": 0.1308289794921875,
            "z": 0.8968567504882813
        },
        "orientation": {
            "x": -0.510735477945405,
            "y": 0.014970385849736968,
            "z": -0.006022585810436002,
            "w": 0.8595864631179022
        }
    }
}