{
    "header": {
        "seq": 25875,
        "stamp": {
            "secs": 1681165485,
            "nsecs": 833664331
        },
        "frame_id": "atracsys"
    },
    "pose": {
        "position": {
            "x": 0.08250737762451173,
            "y": 0.1308123321533203,
            "z": 0.8968331909179688
        },
        "orientation": {
            "x": -0.5106582225138634,
            "y": 0.014973019735661107,
            "z": -0.005984525429319616,
            "w": 0.8596325807659706
        }
    }
}