{
    "header": {
        "seq": 41737,
        "stamp": {
            "secs": 1681165645,
            "nsecs": 452596681
        },
        "frame_id": "atracsys"
    },
    "pose": {
        "position": {
            "x": 0.08248831176757812,
            "y": 0.1308715057373047,
            "z": 0.8972100830078125
        },
        "orientation": {
            "x": -0.5110935194830774,
            "y": 0.014557701479166735,
            "z": -0.005976407911453611,
            "w": 0.8593810390150114
        }
    }
}