{
    "header": {
        "seq": 27522,
        "stamp": {
            "secs": 1681165502,
            "nsecs": 400965908
        },
        "frame_id": "atracsys"
    },
    "pose": {
        "position": {
            "x": 0.08252056884765625,
            "y": 0.13080683898925782,
            "z": 0.8968361816406251
        },
        "orientation": {
            "x": -0.5105422053849427,
            "y": 0.014865517091703272,
            "z": -0.005954525169149355,
            "w": 0.8597035631845928
        }
    }
}