{
    "header": {
        "seq": 12795,
        "stamp": {
            "secs": 1681165354,
            "nsecs": 212150457
        },
        "frame_id": "atracsys"
    },
    "pose": {
        "position": {
            "x": 0.082544189453125,
            "y": 0.13083352661132813,
            "z": 0.8966730346679688
        },
        "orientation": {
            "x": -0.5097809638296054,
            "y": 0.01475326189257063,
            "z": -0.005563009977475683,
            "w": 0.8601597311549051
        }
    }
}