{
    "header": {
        "seq": 18128,
        "stamp": {
            "secs": 1681165407,
            "nsecs": 881015375
        },
        "frame_id": "atracsys"
    },
    "pose": {
        "position": {
            "x": 0.08254146575927734,
            "y": 0.13070455932617187,
            "z": 0.8967310180664063
        },
        "orientation": {
            "x": -0.5097206539029933,
            "y": 0.01480445955498325,
            "z": -0.005600382828986036,
            "w": 0.8601943493619095
        }
    }
}