{
    "header": {
        "seq": 11521,
        "stamp": {
            "secs": 1681165341,
            "nsecs": 397008478
        },
        "frame_id": "atracsys"
    },
    "pose": {
        "position": {
            "x": 0.082532958984375,
            "y": 0.1308979949951172,
            "z": 0.8966847534179687
        },
        "orientation": {
            "x": -0.5097822939842106,
            "y": 0.014709262673944663,
            "z": -0.005570497596795547,
            "w": 0.8601596479074737
        }
    }
}