{
    "header": {
        "seq": 36205,
        "stamp": {
            "secs": 1681165589,
            "nsecs": 765708669
        },
        "frame_id": "atracsys"
    },
    "pose": {
        "position": {
            "x": 0.08248856353759766,
            "y": 0.13089451599121094,
            "z": 0.8971710205078125
        },
        "orientation": {
            "x": -0.511082341966008,
            "y": 0.014696874782145139,
            "z": -0.005913843334045757,
            "w": 0.8593857504399284
        }
    }
}