{
    "header": {
        "seq": 40255,
        "stamp": {
            "secs": 1681165630,
            "nsecs": 529992040
        },
        "frame_id": "atracsys"
    },
    "pose": {
        "position": {
            "x": 0.0825011978149414,
            "y": 0.13087634277343752,
            "z": 0.8972023315429688
        },
        "orientation": {
            "x": -0.5110154099894518,
            "y": 0.014676899608207205,
            "z": -0.005901343773651103,
            "w": 0.8594259790772375
        }
    }
}