{
    "header": {
        "seq": 30970,
        "stamp": {
            "secs": 1681165537,
            "nsecs": 93720276
        },
        "frame_id": "atracsys"
    },
    "pose": {
        "position": {
            "x": 0.08249687194824219,
            "y": 0.13090121459960938,
            "z": 0.897105712890625
        },
        "orientation": {
            "x": -0.5109070587660071,
            "y": 0.01476642411352177,
            "z": -0.005852543317986742,
            "w": 0.8594891958359212
        }
    }
}