{
    "header": {
        "seq": 32855,
        "stamp": {
            "secs": 1681165556,
            "nsecs": 60949443
        },
        "frame_id": "atracsys"
    },
    "pose": {
        "position": {
            "x": 0.08249422454833985,
            "y": 0.13090997314453126,
            "z": 0.8971528320312501
        },
        "orientation": {
            "x": -0.5110043964662793,
            "y": 0.014719598133274945,
            "z": -0.005894951405223803,
            "w": 0.8594318412595955
        }
    }
}