{
    "header": {
        "seq": 23401,
        "stamp": {
            "secs": 1681165460,
            "nsecs": 941050754
        },
        "frame_id": "atracsys"
    },
    "pose": {
        "position": {
            "x": 0.0824818344116211,
            "y": 0.13083534240722655,
            "z": 0.8968710327148438
        },
        "orientation": {
            "x": -0.5107822197453177,
            "y": 0.014964761724882626,
            "z": -0.006018298141169703,
            "w": 0.8595588170602683
        }
    }
}