{
    "header": {
        "seq": 13732,
        "stamp": {
            "secs": 1681165363,
            "nsecs": 638960108
        },
        "frame_id": "atracsys"
    },
    "pose": {
        "position": {
            "x": 0.08254106140136719,
            "y": 0.13080549621582033,
            "z": 0.8966968994140625
        },
        "orientation": {
            "x": -0.5097706625697798,
            "y": 0.014770019631609127,
            "z": -0.005582330274526278,
            "w": 0.8601654234459531
        }
    }
}