{
    "header": {
        "seq": 30684,
        "stamp": {
            "secs": 1681165534,
            "nsecs": 216026550
        },
        "frame_id": "atracsys"
    },
    "pose": {
        "position": {
            "x": 0.08251017761230468,
            "y": 0.1308990020751953,
            "z": 0.8970861206054688
        },
        "orientation": {
            "x": -0.5108073300959323,
            "y": 0.01465295197560248,
            "z": -0.005845156535735373,
            "w": 0.8595504619647055
        }
    }
}