{
    "header": {
        "seq": 36303,
        "stamp": {
            "secs": 1681165590,
            "nsecs": 750671673
        },
        "frame_id": "atracsys"
    },
    "pose": {
        "position": {
            "x": 0.08249188232421875,
            "y": 0.13089198303222657,
            "z": 0.897159423828125
        },
        "orientation": {
            "x": -0.511034169991892,
            "y": 0.014687095829568956,
            "z": -0.005934464869110677,
            "w": 0.8594144218265762
        }
    }
}