{
    "header": {
        "seq": 37527,
        "stamp": {
            "secs": 1681165603,
            "nsecs": 64233303
        },
        "frame_id": "atracsys"
    },
    "pose": {
        "position": {
            "x": 0.08247385406494141,
            "y": 0.13087310791015624,
            "z": 0.8972036743164062
        },
        "orientation": {
            "x": -0.5110587009474147,
            "y": 0.014698924301345546,
            "z": -0.005938459996768865,
            "w": 0.8593996046678118
        }
    }
}