{
    "header": {
        "seq": 12088,
        "stamp": {
            "secs": 1681165347,
            "nsecs": 98567791
        },
        "frame_id": "atracsys"
    },
    "pose": {
        "position": {
            "x": 0.08254411315917969,
            "y": 0.1308644714355469,
            "z": 0.8966685791015625
        },
        "orientation": {
            "x": -0.5097478496212456,
            "y": 0.01478437566302222,
            "z": -0.005547688704632895,
            "w": 0.8601789204536502
        }
    }
}