{
    "header": {
        "seq": 29141,
        "stamp": {
            "secs": 1681165518,
            "nsecs": 699503463
        },
        "frame_id": "atracsys"
    },
    "pose": {
        "position": {
            "x": 0.08253629302978516,
            "y": 0.1307990264892578,
            "z": 0.8968263549804688
        },
        "orientation": {
            "x": -0.5105870378313402,
            "y": 0.01487115385193369,
            "z": -0.005936876571989638,
            "w": 0.8596769620492913
        }
    }
}