{
    "header": {
        "seq": 32156,
        "stamp": {
            "secs": 1681165549,
            "nsecs": 31075261
        },
        "frame_id": "atracsys"
    },
    "pose": {
        "position": {
            "x": 0.08250225830078126,
            "y": 0.13091416931152344,
            "z": 0.8971497802734375
        },
        "orientation": {
            "x": -0.5110623339680251,
            "y": 0.014666953592701822,
            "z": -0.005910281602014304,
            "w": 0.8593981846867313
        }
    }
}