{
    "header": {
        "seq": 29848,
        "stamp": {
            "secs": 1681165525,
            "nsecs": 810008498
        },
        "frame_id": "atracsys"
    },
    "pose": {
        "position": {
            "x": 0.08251152801513673,
            "y": 0.13088909912109375,
            "z": 0.8971090698242188
        },
        "orientation": {
            "x": -0.5107677604043198,
            "y": 0.014757987425228759,
            "z": -0.005829099212133191,
            "w": 0.8595722880253222
        }
    }
}