{
    "header": {
        "seq": 41030,
        "stamp": {
            "secs": 1681165638,
            "nsecs": 330093041
        },
        "frame_id": "atracsys"
    },
    "pose": {
        "position": {
            "x": 0.08249588775634766,
            "y": 0.13085433959960938,
            "z": 0.8971653442382813
        },
        "orientation": {
            "x": -0.5110785286306248,
            "y": 0.014715836195035836,
            "z": -0.006005399045492988,
            "w": 0.8593870588507493
        }
    }
}