{
    "header": {
        "seq": 32383,
        "stamp": {
            "secs": 1681165551,
            "nsecs": 314673470
        },
        "frame_id": "atracsys"
    },
    "pose": {
        "position": {
            "x": 0.08248500061035156,
            "y": 0.1309111328125,
            "z": 0.8971655883789063
        },
        "orientation": {
            "x": -0.51095758139378,
            "y": 0.014786947175564889,
            "z": -0.00584303187730123,
            "w": 0.8594588734709339
        }
    }
}