{
    "header": {
        "seq": 18045,
        "stamp": {
            "secs": 1681165407,
            "nsecs": 45176989
        },
        "frame_id": "atracsys"
    },
    "pose": {
        "position": {
            "x": 0.08254978179931641,
            "y": 0.1307041778564453,
            "z": 0.8967111206054688
        },
        "orientation": {
            "x": -0.5096519509250341,
            "y": 0.014800234334850105,
            "z": -0.0055788812848626725,
            "w": 0.8602352690197895
        }
    }
}