{
    "header": {
        "seq": 23183,
        "stamp": {
            "secs": 1681165458,
            "nsecs": 746920263
        },
        "frame_id": "atracsys"
    },
    "pose": {
        "position": {
            "x": 0.0824931640625,
            "y": 0.13083322143554688,
            "z": 0.89686572265625
        },
        "orientation": {
            "x": -0.5107938387373838,
            "y": 0.014866084282260116,
            "z": -0.006051892860284944,
            "w": 0.8595533889403544
        }
    }
}