{
    "header": {
        "seq": 32049,
        "stamp": {
            "secs": 1681165547,
            "nsecs": 956415569
        },
        "frame_id": "atracsys"
    },
    "pose": {
        "position": {
            "x": 0.08248042297363281,
            "y": 0.13092364501953124,
            "z": 0.8971802368164062
        },
        "orientation": {
            "x": -0.511017920483021,
            "y": 0.014779246804010127,
            "z": -0.005912372081290906,
            "w": 0.8594226565930686
        }
    }
}