{
    "header": {
        "seq": 16185,
        "stamp": {
            "secs": 1681165388,
            "nsecs": 328668443
        },
        "frame_id": "atracsys"
    },
    "pose": {
        "position": {
            "x": 0.0825195541381836,
            "y": 0.13074494934082032,
            "z": 0.896697998046875
        },
        "orientation": {
            "x": -0.5096755065303883,
            "y": 0.014783637724733699,
            "z": -0.005574984771168485,
            "w": 0.8602216235618685
        }
    }
}