{
    "header": {
        "seq": 38440,
        "stamp": {
            "secs": 1681165612,
            "nsecs": 258330438
        },
        "frame_id": "atracsys"
    },
    "pose": {
        "position": {
            "x": 0.08248554229736328,
            "y": 0.13086885070800783,
            "z": 0.8971463012695313
        },
        "orientation": {
            "x": -0.5110442916470426,
            "y": 0.014588577042020158,
            "z": -0.005983992695111812,
            "w": 0.859409737684119
        }
    }
}