{
    "header": {
        "seq": 40193,
        "stamp": {
            "secs": 1681165629,
            "nsecs": 906126655
        },
        "frame_id": "atracsys"
    },
    "pose": {
        "position": {
            "x": 0.08249971008300781,
            "y": 0.13087359619140626,
            "z": 0.8972117919921875
        },
        "orientation": {
            "x": -0.5110857987041146,
            "y": 0.014607127716078305,
            "z": -0.005942067033266396,
            "w": 0.8593850301362222
        }
    }
}