{
    "header": {
        "seq": 11589,
        "stamp": {
            "secs": 1681165342,
            "nsecs": 80613500
        },
        "frame_id": "atracsys"
    },
    "pose": {
        "position": {
            "x": 0.08253793334960938,
            "y": 0.1308877410888672,
            "z": 0.89668017578125
        },
        "orientation": {
            "x": -0.5097421084530293,
            "y": 0.014774431625508302,
            "z": -0.005562651268401189,
            "w": 0.8601823969082775
        }
    }
}