{
    "header": {
        "seq": 20090,
        "stamp": {
            "secs": 1681165427,
            "nsecs": 621539281
        },
        "frame_id": "atracsys"
    },
    "pose": {
        "position": {
            "x": 0.08253800201416016,
            "y": 0.13068533325195314,
            "z": 0.8967216186523438
        },
        "orientation": {
            "x": -0.5096671538387626,
            "y": 0.014876773344699803,
            "z": -0.005559704375335744,
            "w": 0.8602250656659596
        }
    }
}