{
    "header": {
        "seq": 3462,
        "stamp": {
            "secs": 1681165256,
            "nsecs": 632359842
        },
        "frame_id": "atracsys"
    },
    "pose": {
        "position": {
            "x": 0.29146136474609374,
            "y": 0.09812037658691407,
            "z": 0.830465087890625
        },
        "orientation": {
            "x": -0.500587604726723,
            "y": 0.07549306993479578,
            "z": 0.04392755637051437,
            "w": 0.8612683763944299
        }
    }
}