{
    "header": {
        "seq": 25579,
        "stamp": {
            "secs": 1681165482,
            "nsecs": 854657526
        },
        "frame_id": "atracsys"
    },
    "pose": {
        "position": {
            "x": 0.0825006332397461,
            "y": 0.13080308532714843,
            "z": 0.8968445434570312
        },
        "orientation": {
            "x": -0.5106581490483739,
            "y": 0.015077081293095334,
            "z": -0.005977480652088879,
            "w": 0.8596308545853993
        }
    }
}