{
    "header": {
        "seq": 40281,
        "stamp": {
            "secs": 1681165630,
            "nsecs": 792707815
        },
        "frame_id": "atracsys"
    },
    "pose": {
        "position": {
            "x": 0.08250257110595703,
            "y": 0.13087338256835937,
            "z": 0.8971847534179688
        },
        "orientation": {
            "x": -0.5109658239299567,
            "y": 0.014684007713904669,
            "z": -0.005918339050429665,
            "w": 0.8594552227754059
        }
    }
}