{
    "header": {
        "seq": 34535,
        "stamp": {
            "secs": 1681165572,
            "nsecs": 965524943
        },
        "frame_id": "atracsys"
    },
    "pose": {
        "position": {
            "x": 0.08250564575195313,
            "y": 0.1309015350341797,
            "z": 0.8971973876953125
        },
        "orientation": {
            "x": -0.5110277085579136,
            "y": 0.014710124646950718,
            "z": -0.005890986786536174,
            "w": 0.8594181692247378
        }
    }
}