{
    "header": {
        "seq": 13257,
        "stamp": {
            "secs": 1681165358,
            "nsecs": 859827099
        },
        "frame_id": "atracsys"
    },
    "pose": {
        "position": {
            "x": 0.08254425811767578,
            "y": 0.1308185272216797,
            "z": 0.8966822509765625
        },
        "orientation": {
            "x": -0.5097814590784719,
            "y": 0.01475159712604006,
            "z": -0.005565761524494366,
            "w": 0.8601594483935567
        }
    }
}