{
    "header": {
        "seq": 31594,
        "stamp": {
            "secs": 1681165543,
            "nsecs": 371425658
        },
        "frame_id": "atracsys"
    },
    "pose": {
        "position": {
            "x": 0.08250960540771485,
            "y": 0.13090634155273437,
            "z": 0.8970914306640625
        },
        "orientation": {
            "x": -0.5109833419277213,
            "y": 0.014781319526756664,
            "z": -0.005890263426093205,
            "w": 0.8594433324322184
        }
    }
}