{
    "header": {
        "seq": 34637,
        "stamp": {
            "secs": 1681165573,
            "nsecs": 992397570
        },
        "frame_id": "atracsys"
    },
    "pose": {
        "position": {
            "x": 0.08249991607666016,
            "y": 0.13089822387695313,
            "z": 0.897201171875
        },
        "orientation": {
            "x": -0.5110137137010605,
            "y": 0.014558002335368341,
            "z": -0.005929915690261616,
            "w": 0.8594288132692319
        }
    }
}