{
    "header": {
        "seq": 19707,
        "stamp": {
            "secs": 1681165423,
            "nsecs": 770729204
        },
        "frame_id": "atracsys"
    },
    "pose": {
        "position": {
            "x": 0.08253870391845704,
            "y": 0.13068028259277345,
            "z": 0.89670068359375
        },
        "orientation": {
            "x": -0.5096741222900313,
            "y": 0.014794105718086455,
            "z": -0.005573478844074436,
            "w": 0.8602222735069482
        }
    }
}