{
    "header": {
        "seq": 32232,
        "stamp": {
            "secs": 1681165549,
            "nsecs": 795350227
        },
        "frame_id": "atracsys"
    },
    "pose": {
        "position": {
            "x": 0.08247901153564453,
            "y": 0.13091738891601562,
            "z": 0.8971828002929688
        },
        "orientation": {
            "x": -0.5110927657006498,
            "y": 0.01480055266493677,
            "z": -0.005902283405527672,
            "w": 0.8593778514366507
        }
    }
}