{
    "header": {
        "seq": 39881,
        "stamp": {
            "secs": 1681165626,
            "nsecs": 768864102
        },
        "frame_id": "atracsys"
    },
    "pose": {
        "position": {
            "x": 0.08250065612792969,
            "y": 0.13085517883300782,
            "z": 0.8971431274414062
        },
        "orientation": {
            "x": -0.5110031532569697,
            "y": 0.014743444606502407,
            "z": -0.005937572337792527,
            "w": 0.8594318782994395
        }
    }
}