{
    "header": {
        "seq": 31787,
        "stamp": {
            "secs": 1681165545,
            "nsecs": 317647647
        },
        "frame_id": "atracsys"
    },
    "pose": {
        "position": {
            "x": 0.0824876708984375,
            "y": 0.1309266052246094,
            "z": 0.8971556396484375
        },
        "orientation": {
            "x": -0.5111556321448364,
            "y": 0.014819934041477845,
            "z": -0.005952135484960682,
            "w": 0.8593397822542533
        }
    }
}