{
    "header": {
        "seq": 37782,
        "stamp": {
            "secs": 1681165605,
            "nsecs": 634317197
        },
        "frame_id": "atracsys"
    },
    "pose": {
        "position": {
            "x": 0.08251155090332031,
            "y": 0.13087295532226562,
            "z": 0.8972108764648438
        },
        "orientation": {
            "x": -0.5109835324838131,
            "y": 0.014686117306098515,
            "z": -0.005904233984709402,
            "w": 0.8594447553565553
        }
    }
}