{
    "header": {
        "seq": 30240,
        "stamp": {
            "secs": 1681165529,
            "nsecs": 753304085
        },
        "frame_id": "atracsys"
    },
    "pose": {
        "position": {
            "x": 0.08249624633789063,
            "y": 0.13090217590332032,
            "z": 0.8971127319335938
        },
        "orientation": {
            "x": -0.5108164420926518,
            "y": 0.014675612432645537,
            "z": -0.005858925710555552,
            "w": 0.8595445665450102
        }
    }
}