{
    "header": {
        "seq": 30849,
        "stamp": {
            "secs": 1681165535,
            "nsecs": 875737291
        },
        "frame_id": "atracsys"
    },
    "pose": {
        "position": {
            "x": 0.08251229858398437,
            "y": 0.1308990478515625,
            "z": 0.8970989990234375
        },
        "orientation": {
            "x": -0.5109793870549325,
            "y": 0.014749399944991415,
            "z": -0.005922200762378111,
            "w": 0.8594460126990865
        }
    }
}