{
    "header": {
        "seq": 26230,
        "stamp": {
            "secs": 1681165489,
            "nsecs": 403972868
        },
        "frame_id": "atracsys"
    },
    "pose": {
        "position": {
            "x": 0.0825064468383789,
            "y": 0.1308019256591797,
            "z": 0.89681103515625
        },
        "orientation": {
            "x": -0.5105388433911869,
            "y": 0.01489037191902226,
            "z": -0.005994199639591732,
            "w": 0.8597048538792734
        }
    }
}