{
    "header": {
        "seq": 27849,
        "stamp": {
            "secs": 1681165505,
            "nsecs": 690616276
        },
        "frame_id": "atracsys"
    },
    "pose": {
        "position": {
            "x": 0.08250850677490235,
            "y": 0.130802978515625,
            "z": 0.896861572265625
        },
        "orientation": {
            "x": -0.5105289134426788,
            "y": 0.014859674087392102,
            "z": -0.005971178840786345,
            "w": 0.8597114420829269
        }
    }
}