{
    "header": {
        "seq": 12165,
        "stamp": {
            "secs": 1681165347,
            "nsecs": 874773845
        },
        "frame_id": "atracsys"
    },
    "pose": {
        "position": {
            "x": 0.08254143524169923,
            "y": 0.13086395263671874,
            "z": 0.8966661987304688
        },
        "orientation": {
            "x": -0.5098305569592031,
            "y": 0.014758985418130106,
            "z": -0.005563255395412139,
            "w": 0.860130237655613
        }
    }
}