{
    "header": {
        "seq": 39701,
        "stamp": {
            "secs": 1681165624,
            "nsecs": 956802043
        },
        "frame_id": "atracsys"
    },
    "pose": {
        "position": {
            "x": 0.08249558258056641,
            "y": 0.13086854553222657,
            "z": 0.89717822265625
        },
        "orientation": {
            "x": -0.5110056838394967,
            "y": 0.014810525237553265,
            "z": -0.005893610930441161,
            "w": 0.8594295228674174
        }
    }
}