{
    "header": {
        "seq": 16297,
        "stamp": {
            "secs": 1681165389,
            "nsecs": 454021525
        },
        "frame_id": "atracsys"
    },
    "pose": {
        "position": {
            "x": 0.08253173828125,
            "y": 0.13074176025390624,
            "z": 0.8967294921875
        },
        "orientation": {
            "x": -0.5096488225393757,
            "y": 0.014728667216473389,
            "z": -0.005593782005477591,
            "w": 0.8602382540024185
        }
    }
}