{
    "header": {
        "seq": 23224,
        "stamp": {
            "secs": 1681165459,
            "nsecs": 161907916
        },
        "frame_id": "atracsys"
    },
    "pose": {
        "position": {
            "x": 0.08248696899414062,
            "y": 0.1308303680419922,
            "z": 0.8968612060546876
        },
        "orientation": {
            "x": -0.5106816946040281,
            "y": 0.014919379986204507,
            "z": -0.006019412961911673,
            "w": 0.8596193259604972
        }
    }
}