{
    "header": {
        "seq": 22782,
        "stamp": {
            "secs": 1681165454,
            "nsecs": 714066067
        },
        "frame_id": "atracsys"
    },
    "pose": {
        "position": {
            "x": 0.08249361419677735,
            "y": 0.13083251953125,
            "z": 0.8968593139648438
        },
        "orientation": {
            "x": -0.5108215886917472,
            "y": 0.014986050423233558,
            "z": -0.005984066254033427,
            "w": 0.8595352894269199
        }
    }
}