{
    "header": {
        "seq": 24157,
        "stamp": {
            "secs": 1681165468,
            "nsecs": 550053517
        },
        "frame_id": "atracsys"
    },
    "pose": {
        "position": {
            "x": 0.08249344635009766,
            "y": 0.13082528686523437,
            "z": 0.8968593139648438
        },
        "orientation": {
            "x": -0.5107420540729459,
            "y": 0.014962222297484373,
            "z": -0.006008557889497255,
            "w": 0.8595827960920095
        }
    }
}