{
    "header": {
        "seq": 25495,
        "stamp": {
            "secs": 1681165482,
            "nsecs": 9865360
        },
        "frame_id": "atracsys"
    },
    "pose": {
        "position": {
            "x": 0.08249243927001954,
            "y": 0.13080921936035156,
            "z": 0.8968255615234375
        },
        "orientation": {
            "x": -0.5107216639255059,
            "y": 0.014949518953182108,
            "z": -0.0060181699543661775,
            "w": 0.8595950648477639
        }
    }
}