{
    "header": {
        "seq": 31141,
        "stamp": {
            "secs": 1681165538,
            "nsecs": 813090459
        },
        "frame_id": "atracsys"
    },
    "pose": {
        "position": {
            "x": 0.08251213836669923,
            "y": 0.13089683532714844,
            "z": 0.8970852050781251
        },
        "orientation": {
            "x": -0.5109858964194893,
            "y": 0.014802839072988879,
            "z": -0.005905695614721914,
            "w": 0.8594413373669296
        }
    }
}