{
    "header": {
        "seq": 38204,
        "stamp": {
            "secs": 1681165609,
            "nsecs": 885168151
        },
        "frame_id": "atracsys"
    },
    "pose": {
        "position": {
            "x": 0.08249829864501954,
            "y": 0.13087873840332032,
            "z": 0.8971978759765625
        },
        "orientation": {
            "x": -0.5111322324366759,
            "y": 0.014658440369803932,
            "z": -0.0059006121197255615,
            "w": 0.8593568256939823
        }
    }
}