{
    "header": {
        "seq": 23533,
        "stamp": {
            "secs": 1681165462,
            "nsecs": 272400279
        },
        "frame_id": "atracsys"
    },
    "pose": {
        "position": {
            "x": 0.08248574829101563,
            "y": 0.13083314514160158,
            "z": 0.8968667602539062
        },
        "orientation": {
            "x": -0.5106616008493631,
            "y": 0.014891643632312556,
            "z": -0.006024111657286116,
            "w": 0.8596317109359302
        }
    }
}