{
    "header": {
        "seq": 19734,
        "stamp": {
            "secs": 1681165424,
            "nsecs": 42390687
        },
        "frame_id": "atracsys"
    },
    "pose": {
        "position": {
            "x": 0.08253646087646485,
            "y": 0.13068716430664062,
            "z": 0.8967020874023438
        },
        "orientation": {
            "x": -0.5096926440287887,
            "y": 0.01477844599576552,
            "z": -0.0055851120746851736,
            "w": 0.8602114929946042
        }
    }
}