{
    "header": {
        "seq": 30147,
        "stamp": {
            "secs": 1681165528,
            "nsecs": 815993503
        },
        "frame_id": "atracsys"
    },
    "pose": {
        "position": {
            "x": 0.08251077270507813,
            "y": 0.13089631652832032,
            "z": 0.8971073608398438
        },
        "orientation": {
            "x": -0.5107841185427533,
            "y": 0.014706573026541535,
            "z": -0.005858618756317472,
            "w": 0.8595632481327863
        }
    }
}