{
    "header": {
        "seq": 22313,
        "stamp": {
            "secs": 1681165449,
            "nsecs": 994717914
        },
        "frame_id": "atracsys"
    },
    "pose": {
        "position": {
            "x": 0.08249894714355469,
            "y": 0.1308377685546875,
            "z": 0.8968656005859376
        },
        "orientation": {
            "x": -0.510836163011459,
            "y": 0.014977643053586568,
            "z": -0.006005522829560031,
            "w": 0.859526624639303
        }
    }
}