{
    "header": {
        "seq": 41085,
        "stamp": {
            "secs": 1681165638,
            "nsecs": 882403731
        },
        "frame_id": "atracsys"
    },
    "pose": {
        "position": {
            "x": 0.08250433349609375,
            "y": 0.13083609008789063,
            "z": 0.89715576171875
        },
        "orientation": {
            "x": -0.5110923838597816,
            "y": 0.014838970210889084,
            "z": -0.006042540880522538,
            "w": 0.8593764412778101
        }
    }
}