{
    "header": {
        "seq": 25539,
        "stamp": {
            "secs": 1681165482,
            "nsecs": 451621734
        },
        "frame_id": "atracsys"
    },
    "pose": {
        "position": {
            "x": 0.08249983215332031,
            "y": 0.13081320190429688,
            "z": 0.8968428344726562
        },
        "orientation": {
            "x": -0.5106512780935643,
            "y": 0.01500095238211979,
            "z": -0.005974644908316084,
            "w": 0.8596362877561988
        }
    }
}