{
    "header": {
        "seq": 12588,
        "stamp": {
            "secs": 1681165352,
            "nsecs": 128433600
        },
        "frame_id": "atracsys"
    },
    "pose": {
        "position": {
            "x": 0.08254550170898438,
            "y": 0.13083937072753907,
            "z": 0.8966748657226563
        },
        "orientation": {
            "x": -0.5097455924757676,
            "y": 0.014799478972411306,
            "z": -0.005560011832115081,
            "w": 0.8601799187624068
        }
    }
}