{
    "header": {
        "seq": 21585,
        "stamp": {
            "secs": 1681165442,
            "nsecs": 660262656
        },
        "frame_id": "atracsys"
    },
    "pose": {
        "position": {
            "x": 0.08248995971679687,
            "y": 0.1308093719482422,
            "z": 0.896889892578125
        },
        "orientation": {
            "x": -0.5109461196491688,
            "y": 0.014985149304061739,
            "z": -0.006087131804590311,
            "w": 0.8594605604343841
        }
    }
}