{
    "header": {
        "seq": 23162,
        "stamp": {
            "secs": 1681165458,
            "nsecs": 537979707
        },
        "frame_id": "atracsys"
    },
    "pose": {
        "position": {
            "x": 0.08249100494384766,
            "y": 0.13084410095214843,
            "z": 0.8968737182617188
        },
        "orientation": {
            "x": -0.5106890614260841,
            "y": 0.015169536273912279,
            "z": -0.005935136786262673,
            "w": 0.8596111573614595
        }
    }
}