{
    "header": {
        "seq": 25386,
        "stamp": {
            "secs": 1681165480,
            "nsecs": 914211287
        },
        "frame_id": "atracsys"
    },
    "pose": {
        "position": {
            "x": 0.08250381469726563,
            "y": 0.13080366516113281,
            "z": 0.8968289184570313
        },
        "orientation": {
            "x": -0.5105984695142127,
            "y": 0.014982545770572397,
            "z": -0.0060034410997277165,
            "w": 0.8596677759151721
        }
    }
}