{
    "header": {
        "seq": 32492,
        "stamp": {
            "secs": 1681165552,
            "nsecs": 410176217
        },
        "frame_id": "atracsys"
    },
    "pose": {
        "position": {
            "x": 0.08249303436279297,
            "y": 0.13090899658203126,
            "z": 0.8971728515625
        },
        "orientation": {
            "x": -0.5109964834367139,
            "y": 0.014694906429869422,
            "z": -0.005899273516386371,
            "w": 0.8594369390550468
        }
    }
}