{
    "header": {
        "seq": 32813,
        "stamp": {
            "secs": 1681165555,
            "nsecs": 640087933
        },
        "frame_id": "atracsys"
    },
    "pose": {
        "position": {
            "x": 0.08249787902832031,
            "y": 0.130904296875,
            "z": 0.8971604614257813
        },
        "orientation": {
            "x": -0.5110502582139488,
            "y": 0.014661971678469927,
            "z": -0.005923659887733694,
            "w": 0.8594053586169279
        }
    }
}