{
    "header": {
        "seq": 20506,
        "stamp": {
            "secs": 1681165431,
            "nsecs": 806642764
        },
        "frame_id": "atracsys"
    },
    "pose": {
        "position": {
            "x": 0.08253551483154296,
            "y": 0.1306809539794922,
            "z": 0.8967205810546875
        },
        "orientation": {
            "x": -0.5097496404082077,
            "y": 0.014849003184153086,
            "z": -0.0055511470180483425,
            "w": 0.8601767236881755
        }
    }
}