{
    "header": {
        "seq": 29981,
        "stamp": {
            "secs": 1681165527,
            "nsecs": 147357596
        },
        "frame_id": "atracsys"
    },
    "pose": {
        "position": {
            "x": 0.08250373077392578,
            "y": 0.13089324951171874,
            "z": 0.8971250000000001
        },
        "orientation": {
            "x": -0.5107489069246309,
            "y": 0.014831922763152507,
            "z": -0.005829041449205896,
            "w": 0.859582218533065
        }
    }
}