{
    "header": {
        "seq": 41550,
        "stamp": {
            "secs": 1681165643,
            "nsecs": 563001987
        },
        "frame_id": "atracsys"
    },
    "pose": {
        "position": {
            "x": 0.08249008178710937,
            "y": 0.13087117004394533,
            "z": 0.8972042846679688
        },
        "orientation": {
            "x": -0.51097053921641,
            "y": 0.014680699634172397,
            "z": -0.005919654475119347,
            "w": 0.8594524668659913
        }
    }
}