{
    "header": {
        "seq": 30327,
        "stamp": {
            "secs": 1681165530,
            "nsecs": 627929378
        },
        "frame_id": "atracsys"
    },
    "pose": {
        "position": {
            "x": 0.08251892852783203,
            "y": 0.13089523315429688,
            "z": 0.8970846557617188
        },
        "orientation": {
            "x": -0.5107963393645045,
            "y": 0.014799670710073218,
            "z": -0.005799805973582976,
            "w": 0.8595547869038739
        }
    }
}