{
    "header": {
        "seq": 1122,
        "stamp": {
            "secs": 1681165233,
            "nsecs": 85963215
        },
        "frame_id": "atracsys"
    },
    "pose": {
        "position": {
            "x": 0.25368544006347654,
            "y": 0.0953491439819336,
            "z": 0.8326365966796875
        },
        "orientation": {
            "x": -0.49751997689123334,
            "y": 0.05419657270027215,
            "z": 0.028637918743753116,
            "w": 0.8652840422148769
        }
    }
}