{
    "header": {
        "seq": 30429,
        "stamp": {
            "secs": 1681165531,
            "nsecs": 651826974
        },
        "frame_id": "atracsys"
    },
    "pose": {
        "position": {
            "x": 0.08250077056884766,
            "y": 0.13089704895019533,
            "z": 0.8971129150390625
        },
        "orientation": {
            "x": -0.5107936467084135,
            "y": 0.014800834960692651,
            "z": -0.005773164847918899,
            "w": 0.8595565463274802
        }
    }
}