{
    "header": {
        "seq": 30368,
        "stamp": {
            "secs": 1681165531,
            "nsecs": 39882613
        },
        "frame_id": "atracsys"
    },
    "pose": {
        "position": {
            "x": 0.08250985717773437,
            "y": 0.1309071044921875,
            "z": 0.8970927734375
        },
        "orientation": {
            "x": -0.5107748993002457,
            "y": 0.01467526961992274,
            "z": -0.0058432168734650425,
            "w": 0.8595693663241938
        }
    }
}