{
    "header": {
        "seq": 15026,
        "stamp": {
            "secs": 1681165376,
            "nsecs": 669011183
        },
        "frame_id": "atracsys"
    },
    "pose": {
        "position": {
            "x": 0.08253759002685547,
            "y": 0.13077017211914063,
            "z": 0.8967138671875
        },
        "orientation": {
            "x": -0.5097988020241744,
            "y": 0.014782286785052019,
            "z": -0.005573574621407817,
            "w": 0.8601485922316334
        }
    }
}