{
    "header": {
        "seq": 40520,
        "stamp": {
            "secs": 1681165633,
            "nsecs": 198797262
        },
        "frame_id": "atracsys"
    },
    "pose": {
        "position": {
            "x": 0.082500244140625,
            "y": 0.13085650634765625,
            "z": 0.897169921875
        },
        "orientation": {
            "x": -0.51097792757623,
            "y": 0.014620997053877486,
            "z": -0.005970591622297599,
            "w": 0.8594487396062265
        }
    }
}