{
    "header": {
        "seq": 35843,
        "stamp": {
            "secs": 1681165586,
            "nsecs": 123863734
        },
        "frame_id": "atracsys"
    },
    "pose": {
        "position": {
            "x": 0.08249176025390625,
            "y": 0.13089308166503907,
            "z": 0.897172119140625
        },
        "orientation": {
            "x": -0.5109793716697746,
            "y": 0.014696443411043706,
            "z": -0.005901309428292639,
            "w": 0.8594470727311018
        }
    }
}