{
    "header": {
        "seq": 31098,
        "stamp": {
            "secs": 1681165538,
            "nsecs": 380239204
        },
        "frame_id": "atracsys"
    },
    "pose": {
        "position": {
            "x": 0.08252033996582031,
            "y": 0.13091197204589844,
            "z": 0.8970891723632812
        },
        "orientation": {
            "x": -0.510884536085274,
            "y": 0.014677349836760861,
            "z": -0.005853956760932437,
            "w": 0.8595040996882708
        }
    }
}