{
    "header": {
        "seq": 25283,
        "stamp": {
            "secs": 1681165479,
            "nsecs": 878405509
        },
        "frame_id": "atracsys"
    },
    "pose": {
        "position": {
            "x": 0.08249177551269532,
            "y": 0.1308058319091797,
            "z": 0.8968822021484375
        },
        "orientation": {
            "x": -0.5106382091438365,
            "y": 0.015079292595287253,
            "z": -0.0059586434896128655,
            "w": 0.8596427914343056
        }
    }
}