{
    "header": {
        "seq": 23996,
        "stamp": {
            "secs": 1681165466,
            "nsecs": 929081062
        },
        "frame_id": "atracsys"
    },
    "pose": {
        "position": {
            "x": 0.08249823760986329,
            "y": 0.130826171875,
            "z": 0.8968659057617188
        },
        "orientation": {
            "x": -0.5106760738650442,
            "y": 0.01489859637502895,
            "z": -0.006023758516029143,
            "w": 0.8596229951212209
        }
    }
}