{
    "header": {
        "seq": 32560,
        "stamp": {
            "secs": 1681165553,
            "nsecs": 96755491
        },
        "frame_id": "atracsys"
    },
    "pose": {
        "position": {
            "x": 0.08249793243408203,
            "y": 0.13090684509277345,
            "z": 0.8971488037109375
        },
        "orientation": {
            "x": -0.5109583153786219,
            "y": 0.014767646627404356,
            "z": -0.005875855889127681,
            "w": 0.8594585451760307
        }
    }
}