{
    "header": {
        "seq": 13214,
        "stamp": {
            "secs": 1681165358,
            "nsecs": 426975784
        },
        "frame_id": "atracsys"
    },
    "pose": {
        "position": {
            "x": 0.08254732513427734,
            "y": 0.13081600952148437,
            "z": 0.8966795043945313
        },
        "orientation": {
            "x": -0.509802553321995,
            "y": 0.014884213523175753,
            "z": -0.005515656728633746,
            "w": 0.8601449844910001
        }
    }
}