{
    "header": {
        "seq": 33181,
        "stamp": {
            "secs": 1681165559,
            "nsecs": 344567746
        },
        "frame_id": "atracsys"
    },
    "pose": {
        "position": {
            "x": 0.08250588226318359,
            "y": 0.130908203125,
            "z": 0.89716455078125
        },
        "orientation": {
            "x": -0.5109593014081429,
            "y": 0.014662302853817382,
            "z": -0.005901127643071734,
            "w": 0.8594595894351669
        }
    }
}