{
    "header": {
        "seq": 33099,
        "stamp": {
            "secs": 1681165558,
            "nsecs": 517691850
        },
        "frame_id": "atracsys"
    },
    "pose": {
        "position": {
            "x": 0.0824926986694336,
            "y": 0.13091384887695312,
            "z": 0.897187744140625
        },
        "orientation": {
            "x": -0.5110752057481,
            "y": 0.014746171995279792,
            "z": -0.005888965239743717,
            "w": 0.8593893207210735
        }
    }
}