{
    "header": {
        "seq": 34346,
        "stamp": {
            "secs": 1681165571,
            "nsecs": 64006018
        },
        "frame_id": "atracsys"
    },
    "pose": {
        "position": {
            "x": 0.08248957061767578,
            "y": 0.13089634704589845,
            "z": 0.8971724853515625
        },
        "orientation": {
            "x": -0.5111018383287023,
            "y": 0.014652432476178763,
            "z": -0.005951385252849571,
            "w": 0.8593746552541125
        }
    }
}