{
    "header": {
        "seq": 38028,
        "stamp": {
            "secs": 1681165608,
            "nsecs": 109089309
        },
        "frame_id": "atracsys"
    },
    "pose": {
        "position": {
            "x": 0.08248617553710938,
            "y": 0.13087603759765626,
            "z": 0.8971867065429687
        },
        "orientation": {
            "x": -0.5110806488997393,
            "y": 0.01467476872527098,
            "z": -0.005930806762745751,
            "w": 0.8593870181787856
        }
    }
}