{
    "header": {
        "seq": 30022,
        "stamp": {
            "secs": 1681165527,
            "nsecs": 559310073
        },
        "frame_id": "atracsys"
    },
    "pose": {
        "position": {
            "x": 0.08250312805175782,
            "y": 0.13089978027343752,
            "z": 0.8971246948242187
        },
        "orientation": {
            "x": -0.5108490756214634,
            "y": 0.01478305150319708,
            "z": -0.0058189165951367545,
            "w": 0.859523602662899
        }
    }
}