{
    "header": {
        "seq": 24256,
        "stamp": {
            "secs": 1681165469,
            "nsecs": 544018772
        },
        "frame_id": "atracsys"
    },
    "pose": {
        "position": {
            "x": 0.0824913330078125,
            "y": 0.13082431030273436,
            "z": 0.8968637084960938
        },
        "orientation": {
            "x": -0.5107317645429077,
            "y": 0.014897712974277789,
            "z": -0.006026454887670375,
            "w": 0.8595899049410196
        }
    }
}