{
    "header": {
        "seq": 20033,
        "stamp": {
            "secs": 1681165427,
            "nsecs": 48245477
        },
        "frame_id": "atracsys"
    },
    "pose": {
        "position": {
            "x": 0.08254353332519532,
            "y": 0.1306788787841797,
            "z": 0.8966928710937501
        },
        "orientation": {
            "x": -0.5096922621885561,
            "y": 0.014834027188213856,
            "z": -0.005564133491912466,
            "w": 0.8602108985132515
        }
    }
}