{
    "header": {
        "seq": 28542,
        "stamp": {
            "secs": 1681165512,
            "nsecs": 669752978
        },
        "frame_id": "atracsys"
    },
    "pose": {
        "position": {
            "x": 0.08251463317871094,
            "y": 0.13080137634277345,
            "z": 0.896876220703125
        },
        "orientation": {
            "x": -0.510556706967901,
            "y": 0.014890902613471365,
            "z": -0.00596866141901894,
            "w": 0.8596944137717274
        }
    }
}