{
    "header": {
        "seq": 34032,
        "stamp": {
            "secs": 1681165567,
            "nsecs": 902812887
        },
        "frame_id": "atracsys"
    },
    "pose": {
        "position": {
            "x": 0.082487060546875,
            "y": 0.13089544677734374,
            "z": 0.8971758422851562
        },
        "orientation": {
            "x": -0.5110641005819757,
            "y": 0.014706177216490736,
            "z": -0.00592539778900475,
            "w": 0.8593963597252757
        }
    }
}