{
    "header": {
        "seq": 16637,
        "stamp": {
            "secs": 1681165392,
            "nsecs": 877903007
        },
        "frame_id": "atracsys"
    },
    "pose": {
        "position": {
            "x": 0.08253506469726563,
            "y": 0.13073068237304689,
            "z": 0.8967109375
        },
        "orientation": {
            "x": -0.5096661741665769,
            "y": 0.014788245018554726,
            "z": -0.005602983301297709,
            "w": 0.8602268917546122
        }
    }
}