{
    "header": {
        "seq": 31442,
        "stamp": {
            "secs": 1681165541,
            "nsecs": 843061243
        },
        "frame_id": "atracsys"
    },
    "pose": {
        "position": {
            "x": 0.08251068878173828,
            "y": 0.13091407775878908,
            "z": 0.8970988769531251
        },
        "orientation": {
            "x": -0.5109583315420854,
            "y": 0.014792847879838606,
            "z": -0.005851521961739013,
            "w": 0.8594582681957652
        }
    }
}