{
    "header": {
        "seq": 23290,
        "stamp": {
            "secs": 1681165459,
            "nsecs": 824541385
        },
        "frame_id": "atracsys"
    },
    "pose": {
        "position": {
            "x": 0.08249005889892579,
            "y": 0.13082803344726562,
            "z": 0.8968558959960937
        },
        "orientation": {
            "x": -0.5107358024278403,
            "y": 0.014913907281633129,
            "z": -0.006021172421534087,
            "w": 0.8595872619872021
        }
    }
}