{
    "header": {
        "seq": 25243,
        "stamp": {
            "secs": 1681165479,
            "nsecs": 475419968
        },
        "frame_id": "atracsys"
    },
    "pose": {
        "position": {
            "x": 0.08249726104736328,
            "y": 0.13081784057617188,
            "z": 0.8968519897460938
        },
        "orientation": {
            "x": -0.5107323771033302,
            "y": 0.014862300416112856,
            "z": -0.006019358348150717,
            "w": 0.8595902037190742
        }
    }
}