{
    "header": {
        "seq": 15005,
        "stamp": {
            "secs": 1681165376,
            "nsecs": 457071652
        },
        "frame_id": "atracsys"
    },
    "pose": {
        "position": {
            "x": 0.08253814697265625,
            "y": 0.13076995849609374,
            "z": 0.8967120361328125
        },
        "orientation": {
            "x": -0.5097663320087132,
            "y": 0.014740634819802596,
            "z": -0.005595194769256488,
            "w": 0.8601684103889107
        }
    }
}