{
    "header": {
        "seq": 11445,
        "stamp": {
            "secs": 1681165340,
            "nsecs": 632826883
        },
        "frame_id": "atracsys"
    },
    "pose": {
        "position": {
            "x": 0.08253470611572265,
            "y": 0.1309065399169922,
            "z": 0.896694580078125
        },
        "orientation": {
            "x": -0.5097400162440383,
            "y": 0.014726540041133893,
            "z": -0.005576956636970989,
            "w": 0.8601843653616438
        }
    }
}