{
    "header": {
        "seq": 36631,
        "stamp": {
            "secs": 1681165594,
            "nsecs": 49263731
        },
        "frame_id": "atracsys"
    },
    "pose": {
        "position": {
            "x": 0.0824795913696289,
            "y": 0.13088632202148437,
            "z": 0.8971578979492187
        },
        "orientation": {
            "x": -0.5111063538581945,
            "y": 0.014710645468127316,
            "z": -0.005936968983632982,
            "w": 0.8593710748884794
        }
    }
}