{
    "header": {
        "seq": 23683,
        "stamp": {
            "secs": 1681165463,
            "nsecs": 779805041
        },
        "frame_id": "atracsys"
    },
    "pose": {
        "position": {
            "x": 0.08248662567138672,
            "y": 0.13083010864257813,
            "z": 0.896875732421875
        },
        "orientation": {
            "x": -0.5106810974148093,
            "y": 0.014938936441739022,
            "z": -0.0060185015842635385,
            "w": 0.8596193474787991
        }
    }
}