{
    "header": {
        "seq": 38677,
        "stamp": {
            "secs": 1681165614,
            "nsecs": 643406314
        },
        "frame_id": "atracsys"
    },
    "pose": {
        "position": {
            "x": 0.08246941375732422,
            "y": 0.13087814331054687,
            "z": 0.8971985473632813
        },
        "orientation": {
            "x": -0.5110325373372995,
            "y": 0.014737153518775171,
            "z": -0.0059209252626106715,
            "w": 0.8594146291126306
        }
    }
}