{
    "header": {
        "seq": 14408,
        "stamp": {
            "secs": 1681165370,
            "nsecs": 445079055
        },
        "frame_id": "atracsys"
    },
    "pose": {
        "position": {
            "x": 0.08254110717773437,
            "y": 0.13078887939453127,
            "z": 0.8967214965820313
        },
        "orientation": {
            "x": -0.5097894547347199,
            "y": 0.014751776235353146,
            "z": -0.0056066807579761326,
            "w": 0.8601544408244703
        }
    }
}