{
    "header": {
        "seq": 15316,
        "stamp": {
            "secs": 1681165379,
            "nsecs": 588315406
        },
        "frame_id": "atracsys"
    },
    "pose": {
        "position": {
            "x": 0.08253953552246093,
            "y": 0.1307658386230469,
            "z": 0.8967047119140625
        },
        "orientation": {
            "x": -0.5097711967820888,
            "y": 0.014706573740417072,
            "z": -0.005615097318995332,
            "w": 0.8601659806701688
        }
    }
}