{
    "header": {
        "seq": 36743,
        "stamp": {
            "secs": 1681165595,
            "nsecs": 177665043
        },
        "frame_id": "atracsys"
    },
    "pose": {
        "position": {
            "x": 0.08248616027832031,
            "y": 0.13089334106445313,
            "z": 0.8971907958984375
        },
        "orientation": {
            "x": -0.5110535087134405,
            "y": 0.014723278273592726,
            "z": -0.005899328849407034,
            "w": 0.8594025449273969
        }
    }
}