{
    "header": {
        "seq": 31821,
        "stamp": {
            "secs": 1681165545,
            "nsecs": 660907364
        },
        "frame_id": "atracsys"
    },
    "pose": {
        "position": {
            "x": 0.08251034545898438,
            "y": 0.13093179321289064,
            "z": 0.897172607421875
        },
        "orientation": {
            "x": -0.5112054554739683,
            "y": 0.01481750381223442,
            "z": -0.005922893372299837,
            "w": 0.8593103881651424
        }
    }
}