{
    "header": {
        "seq": 25599,
        "stamp": {
            "secs": 1681165483,
            "nsecs": 54615792
        },
        "frame_id": "atracsys"
    },
    "pose": {
        "position": {
            "x": 0.08250592041015625,
            "y": 0.13080328369140626,
            "z": 0.8968436889648438
        },
        "orientation": {
            "x": -0.51064179468947,
            "y": 0.01498736943566897,
            "z": -0.005975090157561264,
            "w": 0.859642154952469
        }
    }
}