{
    "header": {
        "seq": 31634,
        "stamp": {
            "secs": 1681165543,
            "nsecs": 774323389
        },
        "frame_id": "atracsys"
    },
    "pose": {
        "position": {
            "x": 0.0824912109375,
            "y": 0.13090185546875,
            "z": 0.8970895385742188
        },
        "orientation": {
            "x": -0.5109845101549758,
            "y": 0.014593167394972103,
            "z": -0.0059416438190136225,
            "w": 0.8594454995610774
        }
    }
}