{
    "header": {
        "seq": 13664,
        "stamp": {
            "secs": 1681165362,
            "nsecs": 952396905
        },
        "frame_id": "atracsys"
    },
    "pose": {
        "position": {
            "x": 0.08253707122802735,
            "y": 0.13080628967285157,
            "z": 0.8967059326171876
        },
        "orientation": {
            "x": -0.5098179585666606,
            "y": 0.014734780214690917,
            "z": -0.0056182333812590055,
            "w": 0.8601377627035226
        }
    }
}