{
    "header": {
        "seq": 27460,
        "stamp": {
            "secs": 1681165501,
            "nsecs": 777173539
        },
        "frame_id": "atracsys"
    },
    "pose": {
        "position": {
            "x": 0.08251729583740235,
            "y": 0.130808349609375,
            "z": 0.8968531494140625
        },
        "orientation": {
            "x": -0.5105601938702278,
            "y": 0.014886799008524833,
            "z": -0.005942251018317552,
            "w": 0.8596925969806362
        }
    }
}