{
    "header": {
        "seq": 36029,
        "stamp": {
            "secs": 1681165587,
            "nsecs": 992433790
        },
        "frame_id": "atracsys"
    },
    "pose": {
        "position": {
            "x": 0.08250595092773437,
            "y": 0.13088932800292968,
            "z": 0.8971344604492187
        },
        "orientation": {
            "x": -0.5110452073555042,
            "y": 0.014592390810255644,
            "z": -0.005910406713105316,
            "w": 0.8594096376361486
        }
    }
}