{
    "header": {
        "seq": 18909,
        "stamp": {
            "secs": 1681165415,
            "nsecs": 743821893
        },
        "frame_id": "atracsys"
    },
    "pose": {
        "position": {
            "x": 0.08254846954345703,
            "y": 0.13070095825195313,
            "z": 0.89671435546875
        },
        "orientation": {
            "x": -0.5097289934233468,
            "y": 0.0147666529673624,
            "z": -0.005600321157579293,
            "w": 0.8601900578515745
        }
    }
}