{
    "header": {
        "seq": 37826,
        "stamp": {
            "secs": 1681165606,
            "nsecs": 76091610
        },
        "frame_id": "atracsys"
    },
    "pose": {
        "position": {
            "x": 0.08252838897705078,
            "y": 0.13087063598632812,
            "z": 0.89718701171875
        },
        "orientation": {
            "x": -0.5110344296589888,
            "y": 0.014710065339357144,
            "z": -0.005906267844038566,
            "w": 0.8594140688172252
        }
    }
}