{
    "header": {
        "seq": 13303,
        "stamp": {
            "secs": 1681165359,
            "nsecs": 322534662
        },
        "frame_id": "atracsys"
    },
    "pose": {
        "position": {
            "x": 0.08253882598876953,
            "y": 0.1308206329345703,
            "z": 0.8966892700195312
        },
        "orientation": {
            "x": -0.509881641015552,
            "y": 0.01476287000895549,
            "z": -0.005572404445783654,
            "w": 0.860099830329642
        }
    }
}