{
    "header": {
        "seq": 12704,
        "stamp": {
            "secs": 1681165353,
            "nsecs": 295716862
        },
        "frame_id": "atracsys"
    },
    "pose": {
        "position": {
            "x": 0.08254141235351563,
            "y": 0.13083018493652343,
            "z": 0.8966560668945313
        },
        "orientation": {
            "x": -0.5098295525197665,
            "y": 0.014884647721034233,
            "z": -0.005543585162899763,
            "w": 0.860128794601865
        }
    }
}