{
    "header": {
        "seq": 17845,
        "stamp": {
            "secs": 1681165405,
            "nsecs": 33381547
        },
        "frame_id": "atracsys"
    },
    "pose": {
        "position": {
            "x": 0.08253639221191407,
            "y": 0.13071865844726563,
            "z": 0.8967164916992187
        },
        "orientation": {
            "x": -0.5097030949374756,
            "y": 0.014829806454731668,
            "z": -0.00558578136481655,
            "w": 0.8602044122754885
        }
    }
}