{
    "header": {
        "seq": 23598,
        "stamp": {
            "secs": 1681165462,
            "nsecs": 926166022
        },
        "frame_id": "atracsys"
    },
    "pose": {
        "position": {
            "x": 0.08248860168457031,
            "y": 0.13082864379882814,
            "z": 0.8968541259765626
        },
        "orientation": {
            "x": -0.510726807408641,
            "y": 0.015007158945270391,
            "z": -0.006009491763481967,
            "w": 0.859591065206772
        }
    }
}