{
    "header": {
        "seq": 13483,
        "stamp": {
            "secs": 1681165361,
            "nsecs": 131512445
        },
        "frame_id": "atracsys"
    },
    "pose": {
        "position": {
            "x": 0.08253433990478516,
            "y": 0.13081907653808594,
            "z": 0.8967067260742188
        },
        "orientation": {
            "x": -0.5098039396781082,
            "y": 0.014740674937633974,
            "z": -0.005583820560405005,
            "w": 0.8601461948639963
        }
    }
}