{
    "header": {
        "seq": 36885,
        "stamp": {
            "secs": 1681165596,
            "nsecs": 604438300
        },
        "frame_id": "atracsys"
    },
    "pose": {
        "position": {
            "x": 0.08247959899902343,
            "y": 0.13088150024414064,
            "z": 0.8971689453125
        },
        "orientation": {
            "x": -0.5110588272855932,
            "y": 0.01464233835980538,
            "z": -0.00592687866349282,
            "w": 0.8594005754536934
        }
    }
}