{
    "header": {
        "seq": 12681,
        "stamp": {
            "secs": 1681165353,
            "nsecs": 65869367
        },
        "frame_id": "atracsys"
    },
    "pose": {
        "position": {
            "x": 0.0825452651977539,
            "y": 0.13084059143066407,
            "z": 0.8966784057617188
        },
        "orientation": {
            "x": -0.5098392402137012,
            "y": 0.01472522592014528,
            "z": -0.005567461108615208,
            "w": 0.860125642122545
        }
    }
}