{
    "header": {
        "seq": 30991,
        "stamp": {
            "secs": 1681165537,
            "nsecs": 305693040
        },
        "frame_id": "atracsys"
    },
    "pose": {
        "position": {
            "x": 0.08250618743896485,
            "y": 0.13090882873535156,
            "z": 0.8970904541015625
        },
        "orientation": {
            "x": -0.5108316342399075,
            "y": 0.014796629619483694,
            "z": -0.0058578350592620575,
            "w": 0.8595334705409137
        }
    }
}