{
    "header": {
        "seq": 19589,
        "stamp": {
            "secs": 1681165422,
            "nsecs": 582688026
        },
        "frame_id": "atracsys"
    },
    "pose": {
        "position": {
            "x": 0.08253398132324219,
            "y": 0.13069027709960937,
            "z": 0.8967112426757813
        },
        "orientation": {
            "x": -0.5096886322925931,
            "y": 0.01483674112407892,
            "z": -0.005559832960762504,
            "w": 0.8602130302907364
        }
    }
}