{
    "header": {
        "seq": 41466,
        "stamp": {
            "secs": 1681165642,
            "nsecs": 718234611
        },
        "frame_id": "atracsys"
    },
    "pose": {
        "position": {
            "x": 0.08250261688232421,
            "y": 0.13086282348632813,
            "z": 0.897179931640625
        },
        "orientation": {
            "x": -0.5110834818866673,
            "y": 0.014461839591313003,
            "z": -0.005951949947335524,
            "w": 0.8593887967794671
        }
    }
}