{
    "header": {
        "seq": 14945,
        "stamp": {
            "secs": 1681165375,
            "nsecs": 854030194
        },
        "frame_id": "atracsys"
    },
    "pose": {
        "position": {
            "x": 0.08253767395019532,
            "y": 0.13077371215820313,
            "z": 0.8967129516601563
        },
        "orientation": {
            "x": -0.5097766550880906,
            "y": 0.014804416078814017,
            "z": -0.005588233769238695,
            "w": 0.8601612423465171
        }
    }
}