{
    "header": {
        "seq": 37292,
        "stamp": {
            "secs": 1681165600,
            "nsecs": 697073232
        },
        "frame_id": "atracsys"
    },
    "pose": {
        "position": {
            "x": 0.08248515319824219,
            "y": 0.13088040161132813,
            "z": 0.8972181396484376
        },
        "orientation": {
            "x": -0.5110876132396713,
            "y": 0.014705254944389075,
            "z": -0.005933191825278497,
            "w": 0.8593823388368889
        }
    }
}