{
    "header": {
        "seq": 919,
        "stamp": {
            "secs": 1681165231,
            "nsecs": 44111877
        },
        "frame_id": "atracsys"
    },
    "pose": {
        "position": {
            "x": 0.2536838836669922,
            "y": 0.09534384155273437,
            "z": 0.8326484985351563
        },
        "orientation": {
            "x": -0.4976531553257466,
            "y": 0.05425642560273551,
            "z": 0.028659637775767532,
            "w": 0.8652029833730954
        }
    }
}