{
    "header": {
        "seq": 34909,
        "stamp": {
            "secs": 1681165576,
            "nsecs": 726732887
        },
        "frame_id": "atracsys"
    },
    "pose": {
        "position": {
            "x": 0.08249742126464844,
            "y": 0.13090104675292968,
            "z": 0.897221923828125
        },
        "orientation": {
            "x": -0.511033384953192,
            "y": 0.014587155783164876,
            "z": -0.005951458761019972,
            "w": 0.8594164732468516
        }
    }
}