{
    "header": {
        "seq": 18383,
        "stamp": {
            "secs": 1681165410,
            "nsecs": 451182542
        },
        "frame_id": "atracsys"
    },
    "pose": {
        "position": {
            "x": 0.08255121612548828,
            "y": 0.13070323181152343,
            "z": 0.8967020263671875
        },
        "orientation": {
            "x": -0.5096530824094665,
            "y": 0.014862447328442616,
            "z": -0.00556016820790302,
            "w": 0.8602336472025717
        }
    }
}