{
    "header": {
        "seq": 33328,
        "stamp": {
            "secs": 1681165560,
            "nsecs": 822250530
        },
        "frame_id": "atracsys"
    },
    "pose": {
        "position": {
            "x": 0.08250511169433594,
            "y": 0.1309078063964844,
            "z": 0.8971594848632812
        },
        "orientation": {
            "x": -0.5110517312133642,
            "y": 0.014693943174517271,
            "z": -0.005911604195925497,
            "w": 0.8594040196517807
        }
    }
}