{
    "header": {
        "seq": 26054,
        "stamp": {
            "secs": 1681165487,
            "nsecs": 633675564
        },
        "frame_id": "atracsys"
    },
    "pose": {
        "position": {
            "x": 0.08251411437988282,
            "y": 0.1308114929199219,
            "z": 0.8968364868164063
        },
        "orientation": {
            "x": -0.5106587687647502,
            "y": 0.014882275079762542,
            "z": -0.006004349827282624,
            "w": 0.8596336938227068
        }
    }
}