{
    "header": {
        "seq": 27053,
        "stamp": {
            "secs": 1681165497,
            "nsecs": 684512358
        },
        "frame_id": "atracsys"
    },
    "pose": {
        "position": {
            "x": 0.08252426147460938,
            "y": 0.13081167602539062,
            "z": 0.8968455200195312
        },
        "orientation": {
            "x": -0.51060133989419,
            "y": 0.014952002520520369,
            "z": -0.005978757452371025,
            "w": 0.8596667748483768
        }
    }
}