{
    "header": {
        "seq": 35332,
        "stamp": {
            "secs": 1681165580,
            "nsecs": 983469821
        },
        "frame_id": "atracsys"
    },
    "pose": {
        "position": {
            "x": 0.08250640869140625,
            "y": 0.13089566040039063,
            "z": 0.8971522827148438
        },
        "orientation": {
            "x": -0.5110047643240097,
            "y": 0.014611206012861068,
            "z": -0.005906361340676098,
            "w": 0.8594333938082267
        }
    }
}