{
    "header": {
        "seq": 35902,
        "stamp": {
            "secs": 1681165586,
            "nsecs": 714830903
        },
        "frame_id": "atracsys"
    },
    "pose": {
        "position": {
            "x": 0.08249920654296874,
            "y": 0.13089266967773439,
            "z": 0.8971585693359375
        },
        "orientation": {
            "x": -0.5110636974625793,
            "y": 0.014729641941996935,
            "z": -0.005884504158760875,
            "w": 0.8593964785795571
        }
    }
}