{
    "header": {
        "seq": 36350,
        "stamp": {
            "secs": 1681165591,
            "nsecs": 225357028
        },
        "frame_id": "atracsys"
    },
    "pose": {
        "position": {
            "x": 0.08246920776367188,
            "y": 0.13088014221191407,
            "z": 0.8971239624023438
        },
        "orientation": {
            "x": -0.5110669712201815,
            "y": 0.01460327212193795,
            "z": -0.005981245182699075,
            "w": 0.8593960205151217
        }
    }
}