{
    "header": {
        "seq": 33391,
        "stamp": {
            "secs": 1681165561,
            "nsecs": 457983389
        },
        "frame_id": "atracsys"
    },
    "pose": {
        "position": {
            "x": 0.08252389526367188,
            "y": 0.13088052368164063,
            "z": 0.897126708984375
        },
        "orientation": {
            "x": -0.511166740749967,
            "y": 0.014746505683485678,
            "z": -0.005928737088976734,
            "w": 0.8593345994417498
        }
    }
}