{
    "header": {
        "seq": 40299,
        "stamp": {
            "secs": 1681165630,
            "nsecs": 971829561
        },
        "frame_id": "atracsys"
    },
    "pose": {
        "position": {
            "x": 0.08249461364746094,
            "y": 0.13087831115722656,
            "z": 0.8972090454101562
        },
        "orientation": {
            "x": -0.5110990585318063,
            "y": 0.014720804024429074,
            "z": -0.0058828727195213626,
            "w": 0.8593756117701628
        }
    }
}