{
    "header": {
        "seq": 27097,
        "stamp": {
            "secs": 1681165498,
            "nsecs": 126389341
        },
        "frame_id": "atracsys"
    },
    "pose": {
        "position": {
            "x": 0.08252761840820312,
            "y": 0.13080775451660157,
            "z": 0.8968212890625
        },
        "orientation": {
            "x": -0.5105541514504267,
            "y": 0.014993490833919694,
            "z": -0.005948662797860077,
            "w": 0.8596942869882673
        }
    }
}