{
    "header": {
        "seq": 16598,
        "stamp": {
            "secs": 1681165392,
            "nsecs": 486888467
        },
        "frame_id": "atracsys"
    },
    "pose": {
        "position": {
            "x": 0.0825446548461914,
            "y": 0.13073416137695312,
            "z": 0.8967089233398438
        },
        "orientation": {
            "x": -0.5097667527135734,
            "y": 0.014723173876517304,
            "z": -0.00561035933685885,
            "w": 0.8601683613380416
        }
    }
}