{
    "header": {
        "seq": 37362,
        "stamp": {
            "secs": 1681165601,
            "nsecs": 401543187
        },
        "frame_id": "atracsys"
    },
    "pose": {
        "position": {
            "x": 0.08249911499023438,
            "y": 0.13088401794433593,
            "z": 0.8972109985351563
        },
        "orientation": {
            "x": -0.5111082700384244,
            "y": 0.014637237117453945,
            "z": -0.005932693393015875,
            "w": 0.8593712182386614
        }
    }
}