{
    "header": {
        "seq": 31162,
        "stamp": {
            "secs": 1681165539,
            "nsecs": 25135008
        },
        "frame_id": "atracsys"
    },
    "pose": {
        "position": {
            "x": 0.08251882934570312,
            "y": 0.13090623474121094,
            "z": 0.8970867919921875
        },
        "orientation": {
            "x": -0.5110466305016735,
            "y": 0.014723845071243318,
            "z": -0.005910390733447585,
            "w": 0.8594065493819453
        }
    }
}