{
    "header": {
        "seq": 30490,
        "stamp": {
            "secs": 1681165532,
            "nsecs": 266746308
        },
        "frame_id": "atracsys"
    },
    "pose": {
        "position": {
            "x": 0.08250675201416016,
            "y": 0.13089309692382814,
            "z": 0.8970869140625001
        },
        "orientation": {
            "x": -0.5108689708890777,
            "y": 0.014678972350050064,
            "z": -0.005845640659926907,
            "w": 0.8595133802558027
        }
    }
}