{
    "header": {
        "seq": 38046,
        "stamp": {
            "secs": 1681165608,
            "nsecs": 291125465
        },
        "frame_id": "atracsys"
    },
    "pose": {
        "position": {
            "x": 0.08248602294921875,
            "y": 0.13087730407714843,
            "z": 0.897187744140625
        },
        "orientation": {
            "x": -0.5111219723441953,
            "y": 0.014663232823530369,
            "z": -0.0059523523169532685,
            "w": 0.8593624895770338
        }
    }
}