{
    "header": {
        "seq": 36226,
        "stamp": {
            "secs": 1681165589,
            "nsecs": 977631857
        },
        "frame_id": "atracsys"
    },
    "pose": {
        "position": {
            "x": 0.0825028076171875,
            "y": 0.1308920440673828,
            "z": 0.8971505126953125
        },
        "orientation": {
            "x": -0.5110839062920536,
            "y": 0.014687413729293226,
            "z": -0.005945598659647604,
            "w": 0.8593847627598353
        }
    }
}