{
    "header": {
        "seq": 13976,
        "stamp": {
            "secs": 1681165366,
            "nsecs": 95824210
        },
        "frame_id": "atracsys"
    },
    "pose": {
        "position": {
            "x": 0.08254382324218751,
            "y": 0.13079884338378905,
            "z": 0.8967036743164063
        },
        "orientation": {
            "x": -0.5098543270837043,
            "y": 0.014730109654852755,
            "z": -0.005614323262312466,
            "w": 0.860116310970723
        }
    }
}