{
    "header": {
        "seq": 34956,
        "stamp": {
            "secs": 1681165577,
            "nsecs": 198368578
        },
        "frame_id": "atracsys"
    },
    "pose": {
        "position": {
            "x": 0.08249497222900391,
            "y": 0.13090753173828126,
            "z": 0.8972168579101563
        },
        "orientation": {
            "x": -0.511028005147896,
            "y": 0.014828049389673456,
            "z": -0.005793140525497107,
            "w": 0.8594166314592191
        }
    }
}