{
    "header": {
        "seq": 26565,
        "stamp": {
            "secs": 1681165492,
            "nsecs": 774112109
        },
        "frame_id": "atracsys"
    },
    "pose": {
        "position": {
            "x": 0.08251514434814454,
            "y": 0.13079734802246093,
            "z": 0.8968170166015625
        },
        "orientation": {
            "x": -0.510680556665996,
            "y": 0.014791965414555477,
            "z": -0.006029362951368627,
            "w": 0.8596221341873903
        }
    }
}