{
    "header": {
        "seq": 34367,
        "stamp": {
            "secs": 1681165571,
            "nsecs": 275964537
        },
        "frame_id": "atracsys"
    },
    "pose": {
        "position": {
            "x": 0.08248954010009765,
            "y": 0.13089999389648438,
            "z": 0.8971789550781251
        },
        "orientation": {
            "x": -0.5109787145836735,
            "y": 0.014750138372474315,
            "z": -0.005885531883353755,
            "w": 0.8594466517328809
        }
    }
}