{
    "header": {
        "seq": 16066,
        "stamp": {
            "secs": 1681165387,
            "nsecs": 131624092
        },
        "frame_id": "atracsys"
    },
    "pose": {
        "position": {
            "x": 0.08254267883300781,
            "y": 0.13074765014648437,
            "z": 0.8967207641601562
        },
        "orientation": {
            "x": -0.5097136584808237,
            "y": 0.014775417341808504,
            "z": -0.005598106168680421,
            "w": 0.8601990087228616
        }
    }
}