{
    "header": {
        "seq": 31206,
        "stamp": {
            "secs": 1681165539,
            "nsecs": 469787912
        },
        "frame_id": "atracsys"
    },
    "pose": {
        "position": {
            "x": 0.08249855041503906,
            "y": 0.13091232299804687,
            "z": 0.8971152954101562
        },
        "orientation": {
            "x": -0.5111368632282476,
            "y": 0.014799509495505955,
            "z": -0.005921100288844287,
            "w": 0.8593515125600524
        }
    }
}