{
    "header": {
        "seq": 26395,
        "stamp": {
            "secs": 1681165491,
            "nsecs": 63656377
        },
        "frame_id": "atracsys"
    },
    "pose": {
        "position": {
            "x": 0.08250923156738281,
            "y": 0.13081138610839843,
            "z": 0.8968434448242187
        },
        "orientation": {
            "x": -0.5105687137679912,
            "y": 0.015085486553356007,
            "z": -0.005902053743651662,
            "w": 0.8596843504323868
        }
    }
}