{
    "header": {
        "seq": 785,
        "stamp": {
            "secs": 1681165229,
            "nsecs": 694863772
        },
        "frame_id": "atracsys"
    },
    "pose": {
        "position": {
            "x": 0.2536824340820313,
            "y": 0.09535004425048828,
            "z": 0.8326603393554688
        },
        "orientation": {
            "x": -0.4977352681210204,
            "y": 0.05425038365113116,
            "z": 0.028651208930571343,
            "w": 0.8651564060729238
        }
    }
}