{
    "header": {
        "seq": 27310,
        "stamp": {
            "secs": 1681165500,
            "nsecs": 269725470
        },
        "frame_id": "atracsys"
    },
    "pose": {
        "position": {
            "x": 0.08251604461669922,
            "y": 0.13080799865722656,
            "z": 0.8968369140625
        },
        "orientation": {
            "x": -0.51059038318467,
            "y": 0.014750504854091377,
            "z": -0.006016286912759225,
            "w": 0.8596765016549334
        }
    }
}