{
    "header": {
        "seq": 37345,
        "stamp": {
            "secs": 1681165601,
            "nsecs": 231399843
        },
        "frame_id": "atracsys"
    },
    "pose": {
        "position": {
            "x": 0.08248849487304688,
            "y": 0.13088026428222657,
            "z": 0.8972156372070312
        },
        "orientation": {
            "x": -0.5111466507298829,
            "y": 0.014738449893437106,
            "z": -0.005911930949152343,
            "w": 0.8593468034587748
        }
    }
}