{
    "header": {
        "seq": 31656,
        "stamp": {
            "secs": 1681165543,
            "nsecs": 995304679
        },
        "frame_id": "atracsys"
    },
    "pose": {
        "position": {
            "x": 0.08250208282470703,
            "y": 0.130892333984375,
            "z": 0.8970879516601563
        },
        "orientation": {
            "x": -0.5110022912286384,
            "y": 0.014792173578689985,
            "z": -0.0059075479890433585,
            "w": 0.8594317604304934
        }
    }
}