{
    "header": {
        "seq": 21724,
        "stamp": {
            "secs": 1681165444,
            "nsecs": 60344884
        },
        "frame_id": "atracsys"
    },
    "pose": {
        "position": {
            "x": 0.08250913238525391,
            "y": 0.130833251953125,
            "z": 0.8968662719726562
        },
        "orientation": {
            "x": -0.5109229226403004,
            "y": 0.015029902535388,
            "z": -0.0060306211334543265,
            "w": 0.8594739674703448
        }
    }
}