{
    "header": {
        "seq": 38882,
        "stamp": {
            "secs": 1681165616,
            "nsecs": 709085675
        },
        "frame_id": "atracsys"
    },
    "pose": {
        "position": {
            "x": 0.08253971862792969,
            "y": 0.13086293029785157,
            "z": 0.89714453125
        },
        "orientation": {
            "x": -0.5109771775508178,
            "y": 0.014700974387013508,
            "z": -0.005914651676578609,
            "w": 0.859448208020598
        }
    }
}