{
    "header": {
        "seq": 14883,
        "stamp": {
            "secs": 1681165375,
            "nsecs": 227085459
        },
        "frame_id": "atracsys"
    },
    "pose": {
        "position": {
            "x": 0.08253429412841796,
            "y": 0.13077876281738282,
            "z": 0.8967266845703126
        },
        "orientation": {
            "x": -0.509752322745061,
            "y": 0.014766020310968537,
            "z": -0.005594361907601602,
            "w": 0.8601762826392262
        }
    }
}