{
    "header": {
        "seq": 26988,
        "stamp": {
            "secs": 1681165497,
            "nsecs": 30869600
        },
        "frame_id": "atracsys"
    },
    "pose": {
        "position": {
            "x": 0.0825220184326172,
            "y": 0.1308127899169922,
            "z": 0.8968471069335938
        },
        "orientation": {
            "x": -0.5105351381203268,
            "y": 0.014895527470760625,
            "z": -0.005984758610265727,
            "w": 0.8597070307204681
        }
    }
}