{
    "header": {
        "seq": 3519,
        "stamp": {
            "secs": 1681165257,
            "nsecs": 205558702
        },
        "frame_id": "atracsys"
    },
    "pose": {
        "position": {
            "x": 0.2914658813476563,
            "y": 0.09812271118164062,
            "z": 0.8304669189453125
        },
        "orientation": {
            "x": -0.5005851550202645,
            "y": 0.07539378852457863,
            "z": 0.04390899102948748,
            "w": 0.8612794434630501
        }
    }
}