{
    "header": {
        "seq": 32746,
        "stamp": {
            "secs": 1681165554,
            "nsecs": 965412574
        },
        "frame_id": "atracsys"
    },
    "pose": {
        "position": {
            "x": 0.08248351287841797,
            "y": 0.13091172790527345,
            "z": 0.8971831665039063
        },
        "orientation": {
            "x": -0.5109964065305275,
            "y": 0.014725101114387145,
            "z": -0.00590837712762366,
            "w": 0.8594364054365958
        }
    }
}