{
    "header": {
        "seq": 11724,
        "stamp": {
            "secs": 1681165343,
            "nsecs": 438925433
        },
        "frame_id": "atracsys"
    },
    "pose": {
        "position": {
            "x": 0.0825332260131836,
            "y": 0.13088899230957032,
            "z": 0.8966790161132813
        },
        "orientation": {
            "x": -0.5097705893326856,
            "y": 0.014841931916425351,
            "z": -0.0055322310147885995,
            "w": 0.8601645527039543
        }
    }
}