{
    "header": {
        "seq": 22334,
        "stamp": {
            "secs": 1681165450,
            "nsecs": 206581629
        },
        "frame_id": "atracsys"
    },
    "pose": {
        "position": {
            "x": 0.08249813079833984,
            "y": 0.13083601379394533,
            "z": 0.896866943359375
        },
        "orientation": {
            "x": -0.5107505601488433,
            "y": 0.014977939216005065,
            "z": -0.006003346498147592,
            "w": 0.8595775046354504
        }
    }
}