{
    "header": {
        "seq": 12727,
        "stamp": {
            "secs": 1681165353,
            "nsecs": 528538492
        },
        "frame_id": "atracsys"
    },
    "pose": {
        "position": {
            "x": 0.0825445556640625,
            "y": 0.1308380584716797,
            "z": 0.8966792602539063
        },
        "orientation": {
            "x": -0.5097492162071088,
            "y": 0.01480112422076473,
            "z": -0.005544677065459853,
            "w": 0.8601778419921542
        }
    }
}