{
    "header": {
        "seq": 3857,
        "stamp": {
            "secs": 1681165260,
            "nsecs": 605623458
        },
        "frame_id": "atracsys"
    },
    "pose": {
        "position": {
            "x": 0.2914634704589844,
            "y": 0.09813034057617187,
            "z": 0.8304439697265625
        },
        "orientation": {
            "x": -0.5005009506462478,
            "y": 0.07535636798869451,
            "z": 0.04390180223688663,
            "w": 0.8613320195871672
        }
    }
}