{
    "header": {
        "seq": 12190,
        "stamp": {
            "secs": 1681165348,
            "nsecs": 125520634
        },
        "frame_id": "atracsys"
    },
    "pose": {
        "position": {
            "x": 0.08254083251953125,
            "y": 0.13086184692382813,
            "z": 0.896664794921875
        },
        "orientation": {
            "x": -0.5097969252507366,
            "y": 0.014768851712309105,
            "z": -0.005554709231169652,
            "w": 0.860150057390774
        }
    }
}