{
    "header": {
        "seq": 39726,
        "stamp": {
            "secs": 1681165625,
            "nsecs": 210571231
        },
        "frame_id": "atracsys"
    },
    "pose": {
        "position": {
            "x": 0.0824857406616211,
            "y": 0.13087887573242188,
            "z": 0.8971644287109375
        },
        "orientation": {
            "x": -0.5110781619620108,
            "y": 0.014742462893534517,
            "z": -0.005902556078490926,
            "w": 0.85938753306358
        }
    }
}