{
    "header": {
        "seq": 34051,
        "stamp": {
            "secs": 1681165568,
            "nsecs": 93909349
        },
        "frame_id": "atracsys"
    },
    "pose": {
        "position": {
            "x": 0.08249302673339844,
            "y": 0.13089968872070312,
            "z": 0.8971510620117188
        },
        "orientation": {
            "x": -0.5109879586711727,
            "y": 0.01466498844403333,
            "z": -0.005918879082081669,
            "w": 0.8594423838032518
        }
    }
}