{
    "header": {
        "seq": 25223,
        "stamp": {
            "secs": 1681165479,
            "nsecs": 275415199
        },
        "frame_id": "atracsys"
    },
    "pose": {
        "position": {
            "x": 0.08249644470214844,
            "y": 0.130820556640625,
            "z": 0.896860595703125
        },
        "orientation": {
            "x": -0.5106511644609196,
            "y": 0.014984698242357755,
            "z": -0.005991208629519367,
            "w": 0.8596365234635218
        }
    }
}