{
    "header": {
        "seq": 36089,
        "stamp": {
            "secs": 1681165588,
            "nsecs": 598405649
        },
        "frame_id": "atracsys"
    },
    "pose": {
        "position": {
            "x": 0.08249440002441406,
            "y": 0.13088230895996095,
            "z": 0.8971487426757813
        },
        "orientation": {
            "x": -0.5110431662577495,
            "y": 0.014636942769201456,
            "z": -0.005903898592361025,
            "w": 0.8594101384723342
        }
    }
}