{
    "header": {
        "seq": 27187,
        "stamp": {
            "secs": 1681165499,
            "nsecs": 30904093
        },
        "frame_id": "atracsys"
    },
    "pose": {
        "position": {
            "x": 0.08252561187744141,
            "y": 0.1308183135986328,
            "z": 0.8968340454101563
        },
        "orientation": {
            "x": -0.5105695470819366,
            "y": 0.01508355375243415,
            "z": -0.005860689047568409,
            "w": 0.8596841724276606
        }
    }
}