{
    "header": {
        "seq": 29824,
        "stamp": {
            "secs": 1681165525,
            "nsecs": 568239632
        },
        "frame_id": "atracsys"
    },
    "pose": {
        "position": {
            "x": 0.08250321197509766,
            "y": 0.13089395141601562,
            "z": 0.8971183471679688
        },
        "orientation": {
            "x": -0.5107934776042437,
            "y": 0.014736204205511732,
            "z": -0.00584628616018184,
            "w": 0.8595572630492455
        }
    }
}