{
    "header": {
        "seq": 23662,
        "stamp": {
            "secs": 1681165463,
            "nsecs": 567863123
        },
        "frame_id": "atracsys"
    },
    "pose": {
        "position": {
            "x": 0.08248495483398438,
            "y": 0.13082647705078126,
            "z": 0.8968743286132813
        },
        "orientation": {
            "x": -0.5106453053370322,
            "y": 0.015026009288838528,
            "z": -0.005993554681177303,
            "w": 0.8596392664858816
        }
    }
}