{
    "header": {
        "seq": 33586,
        "stamp": {
            "secs": 1681165563,
            "nsecs": 419329260
        },
        "frame_id": "atracsys"
    },
    "pose": {
        "position": {
            "x": 0.08251778411865235,
            "y": 0.13089884948730468,
            "z": 0.8971485595703125
        },
        "orientation": {
            "x": -0.5111968226403989,
            "y": 0.014725642931256328,
            "z": -0.005927633972066105,
            "w": 0.8593170701889465
        }
    }
}