{
    "header": {
        "seq": 3678,
        "stamp": {
            "secs": 1681165258,
            "nsecs": 802502594
        },
        "frame_id": "atracsys"
    },
    "pose": {
        "position": {
            "x": 0.2914601745605469,
            "y": 0.09812146759033204,
            "z": 0.8304366455078125
        },
        "orientation": {
            "x": -0.5005621707791248,
            "y": 0.07546707444861549,
            "z": 0.043919132721273874,
            "w": 0.8612858663881978
        }
    }
}