{
    "header": {
        "seq": 11467,
        "stamp": {
            "secs": 1681165340,
            "nsecs": 853730962
        },
        "frame_id": "atracsys"
    },
    "pose": {
        "position": {
            "x": 0.08253895568847656,
            "y": 0.13090147399902344,
            "z": 0.89668603515625
        },
        "orientation": {
            "x": -0.5098072836789471,
            "y": 0.01482734969239043,
            "z": -0.00555462493780198,
            "w": 0.8601429121668059
        }
    }
}