{
    "header": {
        "seq": 18187,
        "stamp": {
            "secs": 1681165408,
            "nsecs": 475043174
        },
        "frame_id": "atracsys"
    },
    "pose": {
        "position": {
            "x": 0.08253844451904296,
            "y": 0.1307147216796875,
            "z": 0.8967486572265625
        },
        "orientation": {
            "x": -0.5096575041165142,
            "y": 0.01491913463094235,
            "z": -0.005551976159967452,
            "w": 0.8602300991480758
        }
    }
}