{
    "header": {
        "seq": 4438,
        "stamp": {
            "secs": 1681165266,
            "nsecs": 453377973
        },
        "frame_id": "atracsys"
    },
    "pose": {
        "position": {
            "x": 0.2914566955566406,
            "y": 0.09812921905517578,
            "z": 0.830442626953125
        },
        "orientation": {
            "x": -0.5005524733744462,
            "y": 0.0753649238035511,
            "z": 0.0438970478087613,
            "w": 0.8613015725357086
        }
    }
}