{
    "header": {
        "seq": 14287,
        "stamp": {
            "secs": 1681165369,
            "nsecs": 224138264
        },
        "frame_id": "atracsys"
    },
    "pose": {
        "position": {
            "x": 0.0825390625,
            "y": 0.1307910614013672,
            "z": 0.89671728515625
        },
        "orientation": {
            "x": -0.5097810989812577,
            "y": 0.01478637552466359,
            "z": -0.005586117916406849,
            "w": 0.8601589327019331
        }
    }
}