{
    "header": {
        "seq": 31249,
        "stamp": {
            "secs": 1681165539,
            "nsecs": 902726765
        },
        "frame_id": "atracsys"
    },
    "pose": {
        "position": {
            "x": 0.08249933624267579,
            "y": 0.13090492248535157,
            "z": 0.8970870971679688
        },
        "orientation": {
            "x": -0.5110700106677182,
            "y": 0.014691766978012175,
            "z": -0.00595338990200147,
            "w": 0.8593928981134513
        }
    }
}