{
    "header": {
        "seq": 38910,
        "stamp": {
            "secs": 1681165616,
            "nsecs": 989701164
        },
        "frame_id": "atracsys"
    },
    "pose": {
        "position": {
            "x": 0.08252581787109375,
            "y": 0.13084854125976564,
            "z": 0.8970632934570313
        },
        "orientation": {
            "x": -0.5109078649908311,
            "y": 0.014869817900743959,
            "z": -0.005928128332692547,
            "w": 0.8594864160070134
        }
    }
}