{
    "header": {
        "seq": 35495,
        "stamp": {
            "secs": 1681165582,
            "nsecs": 622242561
        },
        "frame_id": "atracsys"
    },
    "pose": {
        "position": {
            "x": 0.08249191284179688,
            "y": 0.13090071105957032,
            "z": 0.8971865844726563
        },
        "orientation": {
            "x": -0.5110008474652934,
            "y": 0.0147005432229401,
            "z": -0.005895637545690566,
            "w": 0.8594342728659548
        }
    }
}