{
    "header": {
        "seq": 24318,
        "stamp": {
            "secs": 1681165470,
            "nsecs": 167881575
        },
        "frame_id": "atracsys"
    },
    "pose": {
        "position": {
            "x": 0.08249387359619141,
            "y": 0.13082778930664063,
            "z": 0.8968517456054688
        },
        "orientation": {
            "x": -0.5106648558652382,
            "y": 0.01500844885805658,
            "z": -0.005951484934094629,
            "w": 0.8596282517891614
        }
    }
}