{
    "header": {
        "seq": 22717,
        "stamp": {
            "secs": 1681165454,
            "nsecs": 60309660
        },
        "frame_id": "atracsys"
    },
    "pose": {
        "position": {
            "x": 0.08249421691894532,
            "y": 0.13083053588867188,
            "z": 0.8968524780273438
        },
        "orientation": {
            "x": -0.5107447635090729,
            "y": 0.014977365373859587,
            "z": -0.006015609303183008,
            "w": 0.8595808731697272
        }
    }
}