{
    "header": {
        "seq": 19760,
        "stamp": {
            "secs": 1681165424,
            "nsecs": 301973566
        },
        "frame_id": "atracsys"
    },
    "pose": {
        "position": {
            "x": 0.08253343963623047,
            "y": 0.13068267822265625,
            "z": 0.8966927490234375
        },
        "orientation": {
            "x": -0.5096701764211046,
            "y": 0.014774684538745838,
            "z": -0.005560173985605929,
            "w": 0.8602250312731607
        }
    }
}