{
    "header": {
        "seq": 24040,
        "stamp": {
            "secs": 1681165467,
            "nsecs": 370959245
        },
        "frame_id": "atracsys"
    },
    "pose": {
        "position": {
            "x": 0.08250253295898438,
            "y": 0.13082371520996094,
            "z": 0.896857666015625
        },
        "orientation": {
            "x": -0.5106693614450092,
            "y": 0.014989559592020713,
            "z": -0.005973906965846609,
            "w": 0.8596257492770604
        }
    }
}