{
    "header": {
        "seq": 28392,
        "stamp": {
            "secs": 1681165511,
            "nsecs": 156173711
        },
        "frame_id": "atracsys"
    },
    "pose": {
        "position": {
            "x": 0.08252800750732422,
            "y": 0.13080113220214845,
            "z": 0.8968472900390625
        },
        "orientation": {
            "x": -0.5105929680824258,
            "y": 0.0148290800092932,
            "z": -0.00597497432299125,
            "w": 0.8596739027170107
        }
    }
}