{
    "header": {
        "seq": 34822,
        "stamp": {
            "secs": 1681165575,
            "nsecs": 852102400
        },
        "frame_id": "atracsys"
    },
    "pose": {
        "position": {
            "x": 0.08249665069580078,
            "y": 0.13090896606445312,
            "z": 0.8972049560546875
        },
        "orientation": {
            "x": -0.5110236625926832,
            "y": 0.014748959433941755,
            "z": -0.0059052163626218965,
            "w": 0.8594198117833252
        }
    }
}