{
    "header": {
        "seq": 29694,
        "stamp": {
            "secs": 1681165524,
            "nsecs": 260847673
        },
        "frame_id": "atracsys"
    },
    "pose": {
        "position": {
            "x": 0.08250981140136719,
            "y": 0.13088865661621094,
            "z": 0.8970991821289063
        },
        "orientation": {
            "x": -0.510807891036505,
            "y": 0.014691114120718761,
            "z": -0.005858739265323464,
            "w": 0.8595493847330419
        }
    }
}