{
    "header": {
        "seq": 22019,
        "stamp": {
            "secs": 1681165447,
            "nsecs": 30436900
        },
        "frame_id": "atracsys"
    },
    "pose": {
        "position": {
            "x": 0.0825044174194336,
            "y": 0.13083843994140626,
            "z": 0.8968705444335938
        },
        "orientation": {
            "x": -0.5108262792946431,
            "y": 0.015035791537185242,
            "z": -0.0060029210900498535,
            "w": 0.8595315016293634
        }
    }
}