{
    "header": {
        "seq": 38659,
        "stamp": {
            "secs": 1681165614,
            "nsecs": 464309339
        },
        "frame_id": "atracsys"
    },
    "pose": {
        "position": {
            "x": 0.08246964263916015,
            "y": 0.13086909484863282,
            "z": 0.8971997680664062
        },
        "orientation": {
            "x": -0.5110488504213201,
            "y": 0.01473389579489192,
            "z": -0.0059546399376009,
            "w": 0.8594047515931978
        }
    }
}