{
    "header": {
        "seq": 11249,
        "stamp": {
            "secs": 1681165338,
            "nsecs": 659799419
        },
        "frame_id": "atracsys"
    },
    "pose": {
        "position": {
            "x": 0.08253340911865234,
            "y": 0.13091278076171875,
            "z": 0.8966871948242188
        },
        "orientation": {
            "x": -0.5097719652021786,
            "y": 0.014742898268811982,
            "z": -0.005566708049604594,
            "w": 0.860165217970382
        }
    }
}