{
    "header": {
        "seq": 34295,
        "stamp": {
            "secs": 1681165570,
            "nsecs": 550591246
        },
        "frame_id": "atracsys"
    },
    "pose": {
        "position": {
            "x": 0.08251322174072266,
            "y": 0.13089918518066407,
            "z": 0.8971533203125001
        },
        "orientation": {
            "x": -0.511057888965307,
            "y": 0.014748657826915193,
            "z": -0.005863533266644933,
            "w": 0.8593997499396071
        }
    }
}