{
    "header": {
        "seq": 36465,
        "stamp": {
            "secs": 1681165592,
            "nsecs": 380609132
        },
        "frame_id": "atracsys"
    },
    "pose": {
        "position": {
            "x": 0.082486572265625,
            "y": 0.13089419555664064,
            "z": 0.8971640014648438
        },
        "orientation": {
            "x": -0.511048133878038,
            "y": 0.01473924827909055,
            "z": -0.005912306990044011,
            "w": 0.8594053781807498
        }
    }
}