{
    "header": {
        "seq": 3499,
        "stamp": {
            "secs": 1681165257,
            "nsecs": 2549000
        },
        "frame_id": "atracsys"
    },
    "pose": {
        "position": {
            "x": 0.2914635009765625,
            "y": 0.09812429046630859,
            "z": 0.8304750366210938
        },
        "orientation": {
            "x": -0.5006109264952846,
            "y": 0.07540158115209375,
            "z": 0.04388311083614169,
            "w": 0.8612651011254548
        }
    }
}