{
    "header": {
        "seq": 39654,
        "stamp": {
            "secs": 1681165624,
            "nsecs": 485165576
        },
        "frame_id": "atracsys"
    },
    "pose": {
        "position": {
            "x": 0.08249488067626953,
            "y": 0.13086952209472658,
            "z": 0.8971575317382813
        },
        "orientation": {
            "x": -0.5110598616136257,
            "y": 0.014675830534569419,
            "z": -0.005921589018431294,
            "w": 0.8593994255461653
        }
    }
}