{
    "header": {
        "seq": 31290,
        "stamp": {
            "secs": 1681165540,
            "nsecs": 314572569
        },
        "frame_id": "atracsys"
    },
    "pose": {
        "position": {
            "x": 0.08250564575195313,
            "y": 0.13090655517578126,
            "z": 0.8970862426757813
        },
        "orientation": {
            "x": -0.5110472911036299,
            "y": 0.01471889043627378,
            "z": -0.005930141284294813,
            "w": 0.8594061053683031
        }
    }
}