{
    "header": {
        "seq": 28971,
        "stamp": {
            "secs": 1681165516,
            "nsecs": 989049176
        },
        "frame_id": "atracsys"
    },
    "pose": {
        "position": {
            "x": 0.08252752685546876,
            "y": 0.13079731750488283,
            "z": 0.896833251953125
        },
        "orientation": {
            "x": -0.5105393598846928,
            "y": 0.014843981155157443,
            "z": -0.005976250661176382,
            "w": 0.8597054743690005
        }
    }
}