{
    "header": {
        "seq": 27733,
        "stamp": {
            "secs": 1681165504,
            "nsecs": 523364285
        },
        "frame_id": "atracsys"
    },
    "pose": {
        "position": {
            "x": 0.08251612091064453,
            "y": 0.1308068542480469,
            "z": 0.8968453369140625
        },
        "orientation": {
            "x": -0.5106263361388101,
            "y": 0.014860736815055066,
            "z": -0.005995940376435211,
            "w": 0.8596533906416997
        }
    }
}