{
    "header": {
        "seq": 4157,
        "stamp": {
            "secs": 1681165263,
            "nsecs": 626391419
        },
        "frame_id": "atracsys"
    },
    "pose": {
        "position": {
            "x": 0.29145751953125,
            "y": 0.09813175201416016,
            "z": 0.830442626953125
        },
        "orientation": {
            "x": -0.5005112843670643,
            "y": 0.07542195729207075,
            "z": 0.04393518827672726,
            "w": 0.8613185716159575
        }
    }
}