{
    "header": {
        "seq": 32968,
        "stamp": {
            "secs": 1681165557,
            "nsecs": 201271025
        },
        "frame_id": "atracsys"
    },
    "pose": {
        "position": {
            "x": 0.0825041732788086,
            "y": 0.1308902587890625,
            "z": 0.8971378784179688
        },
        "orientation": {
            "x": -0.5110213729525204,
            "y": 0.014782082613311468,
            "z": -0.00591362612437139,
            "w": 0.8594205463249034
        }
    }
}