{
    "header": {
        "seq": 12288,
        "stamp": {
            "secs": 1681165349,
            "nsecs": 113495551
        },
        "frame_id": "atracsys"
    },
    "pose": {
        "position": {
            "x": 0.08254340362548829,
            "y": 0.13086148071289064,
            "z": 0.8966676635742188
        },
        "orientation": {
            "x": -0.5097704138755208,
            "y": 0.014754824548936563,
            "z": -0.0055769148221941085,
            "w": 0.8601658667436045
        }
    }
}