{
    "header": {
        "seq": 35305,
        "stamp": {
            "secs": 1681165580,
            "nsecs": 711811052
        },
        "frame_id": "atracsys"
    },
    "pose": {
        "position": {
            "x": 0.08249429321289063,
            "y": 0.13090516662597657,
            "z": 0.8971979370117188
        },
        "orientation": {
            "x": -0.511017296860224,
            "y": 0.014678539230111993,
            "z": -0.005878041338327451,
            "w": 0.8594249888301856
        }
    }
}