{
    "header": {
        "seq": 21914,
        "stamp": {
            "secs": 1681165445,
            "nsecs": 973717790
        },
        "frame_id": "atracsys"
    },
    "pose": {
        "position": {
            "x": 0.08250255584716797,
            "y": 0.13083749389648439,
            "z": 0.896869140625
        },
        "orientation": {
            "x": -0.5108868829937733,
            "y": 0.015003892198282211,
            "z": -0.006021970494724343,
            "w": 0.8594959056767923
        }
    }
}