{
    "header": {
        "seq": 28345,
        "stamp": {
            "secs": 1681165510,
            "nsecs": 681554124
        },
        "frame_id": "atracsys"
    },
    "pose": {
        "position": {
            "x": 0.0825121078491211,
            "y": 0.13080265808105468,
            "z": 0.8968731079101563
        },
        "orientation": {
            "x": -0.5105709212190677,
            "y": 0.015022928520630037,
            "z": -0.0058966674757683565,
            "w": 0.8596841718543251
        }
    }
}