{
    "header": {
        "seq": 36870,
        "stamp": {
            "secs": 1681165596,
            "nsecs": 455154673
        },
        "frame_id": "atracsys"
    },
    "pose": {
        "position": {
            "x": 0.08248809814453126,
            "y": 0.13088482666015624,
            "z": 0.8971685791015626
        },
        "orientation": {
            "x": -0.5110371156557066,
            "y": 0.014675267607112574,
            "z": -0.005908742769709491,
            "w": 0.8594130495296408
        }
    }
}