{
    "header": {
        "seq": 26697,
        "stamp": {
            "secs": 1681165494,
            "nsecs": 102472822
        },
        "frame_id": "atracsys"
    },
    "pose": {
        "position": {
            "x": 0.08251249694824218,
            "y": 0.13080709838867188,
            "z": 0.8968333129882813
        },
        "orientation": {
            "x": -0.5105639095384136,
            "y": 0.014976244887915425,
            "z": -0.005984461394207375,
            "w": 0.8596885439435197
        }
    }
}