{
    "header": {
        "seq": 31268,
        "stamp": {
            "secs": 1681165540,
            "nsecs": 93677215
        },
        "frame_id": "atracsys"
    },
    "pose": {
        "position": {
            "x": 0.08250146484375,
            "y": 0.13090708923339844,
            "z": 0.8971008911132813
        },
        "orientation": {
            "x": -0.5109565031538139,
            "y": 0.01464979754438933,
            "z": -0.005935401836552303,
            "w": 0.859461230261013
        }
    }
}