{
    "header": {
        "seq": 16044,
        "stamp": {
            "secs": 1681165386,
            "nsecs": 910741634
        },
        "frame_id": "atracsys"
    },
    "pose": {
        "position": {
            "x": 0.08253138732910156,
            "y": 0.13074783325195313,
            "z": 0.8967221069335938
        },
        "orientation": {
            "x": -0.5097843546441653,
            "y": 0.01487633288760702,
            "z": -0.00557754277211519,
            "w": 0.8601555077405912
        }
    }
}