{
    "header": {
        "seq": 38962,
        "stamp": {
            "secs": 1681165617,
            "nsecs": 514962128
        },
        "frame_id": "atracsys"
    },
    "pose": {
        "position": {
            "x": 0.08252184295654297,
            "y": 0.13083346557617187,
            "z": 0.8970245971679688
        },
        "orientation": {
            "x": -0.510977695365989,
            "y": 0.014784207239193646,
            "z": -0.006007643282674619,
            "w": 0.8594458274242532
        }
    }
}