{
    "header": {
        "seq": 37453,
        "stamp": {
            "secs": 1681165602,
            "nsecs": 320942099
        },
        "frame_id": "atracsys"
    },
    "pose": {
        "position": {
            "x": 0.0824879608154297,
            "y": 0.130885986328125,
            "z": 0.8972330932617187
        },
        "orientation": {
            "x": -0.5111446199073636,
            "y": 0.014625436996716678,
            "z": -0.005947490401596133,
            "w": 0.8593496968582318
        }
    }
}