{
    "header": {
        "seq": 30951,
        "stamp": {
            "secs": 1681165536,
            "nsecs": 902598215
        },
        "frame_id": "atracsys"
    },
    "pose": {
        "position": {
            "x": 0.08250463104248047,
            "y": 0.1308997039794922,
            "z": 0.8970955200195313
        },
        "orientation": {
            "x": -0.510943394916425,
            "y": 0.014777686548066184,
            "z": -0.005833123659785197,
            "w": 0.8594675339068573
        }
    }
}