{
    "header": {
        "seq": 32990,
        "stamp": {
            "secs": 1681165557,
            "nsecs": 422134378
        },
        "frame_id": "atracsys"
    },
    "pose": {
        "position": {
            "x": 0.08250202941894531,
            "y": 0.13089337158203126,
            "z": 0.8971046752929688
        },
        "orientation": {
            "x": -0.5110141742510204,
            "y": 0.014729182271383713,
            "z": -0.005915493610007803,
            "w": 0.8594257221188543
        }
    }
}