{
    "header": {
        "seq": 19939,
        "stamp": {
            "secs": 1681165426,
            "nsecs": 105068468
        },
        "frame_id": "atracsys"
    },
    "pose": {
        "position": {
            "x": 0.08253782653808595,
            "y": 0.13067735290527344,
            "z": 0.8966846313476563
        },
        "orientation": {
            "x": -0.5096372909454858,
            "y": 0.014768379309723316,
            "z": -0.005564123827673939,
            "w": 0.8602445972956416
        }
    }
}