{
    "header": {
        "seq": 20606,
        "stamp": {
            "secs": 1681165432,
            "nsecs": 812589338
        },
        "frame_id": "atracsys"
    },
    "pose": {
        "position": {
            "x": 0.08253148651123048,
            "y": 0.13067897033691406,
            "z": 0.8967078247070313
        },
        "orientation": {
            "x": -0.5096536586657883,
            "y": 0.014865018731194215,
            "z": -0.0055707632334736565,
            "w": 0.8602331928167466
        }
    }
}