{
    "header": {
        "seq": 36547,
        "stamp": {
            "secs": 1681165593,
            "nsecs": 204414545
        },
        "frame_id": "atracsys"
    },
    "pose": {
        "position": {
            "x": 0.08249834442138672,
            "y": 0.1308896942138672,
            "z": 0.8971591186523438
        },
        "orientation": {
            "x": -0.5111059654297275,
            "y": 0.01468892823063459,
            "z": -0.005946669021110487,
            "w": 0.8593716103160115
        }
    }
}