{
    "header": {
        "seq": 41716,
        "stamp": {
            "secs": 1681165645,
            "nsecs": 240639866
        },
        "frame_id": "atracsys"
    },
    "pose": {
        "position": {
            "x": 0.08249169921875,
            "y": 0.13087005615234376,
            "z": 0.8972059936523438
        },
        "orientation": {
            "x": -0.5111057368312407,
            "y": 0.014558211146193229,
            "z": -0.005972560437534795,
            "w": 0.8593737910759424
        }
    }
}