{
    "header": {
        "seq": 13828,
        "stamp": {
            "secs": 1681165364,
            "nsecs": 603132669
        },
        "frame_id": "atracsys"
    },
    "pose": {
        "position": {
            "x": 0.08253933715820312,
            "y": 0.13080076599121093,
            "z": 0.8967039184570312
        },
        "orientation": {
            "x": -0.5097803251250143,
            "y": 0.014755591154741286,
            "z": -0.0055869235736583905,
            "w": 0.8601599147426547
        }
    }
}