{
    "header": {
        "seq": 38395,
        "stamp": {
            "secs": 1681165611,
            "nsecs": 804575032
        },
        "frame_id": "atracsys"
    },
    "pose": {
        "position": {
            "x": 0.08249700927734376,
            "y": 0.13087782287597657,
            "z": 0.8971802978515625
        },
        "orientation": {
            "x": -0.5110493427796277,
            "y": 0.014629694261542776,
            "z": -0.005935309376379545,
            "w": 0.8594063726741448
        }
    }
}