{
    "header": {
        "seq": 14843,
        "stamp": {
            "secs": 1681165374,
            "nsecs": 824204723
        },
        "frame_id": "atracsys"
    },
    "pose": {
        "position": {
            "x": 0.0825363540649414,
            "y": 0.1307738037109375,
            "z": 0.8967183837890625
        },
        "orientation": {
            "x": -0.509786027987287,
            "y": 0.014759995322153647,
            "z": -0.005603031173332628,
            "w": 0.8601563545360262
        }
    }
}