{
    "header": {
        "seq": 32794,
        "stamp": {
            "secs": 1681165555,
            "nsecs": 449017867
        },
        "frame_id": "atracsys"
    },
    "pose": {
        "position": {
            "x": 0.08249981689453126,
            "y": 0.13090567016601562,
            "z": 0.897146484375
        },
        "orientation": {
            "x": -0.5110266725394805,
            "y": 0.014708460188040673,
            "z": -0.005936982330077797,
            "w": 0.8594184972369024
        }
    }
}