{
    "header": {
        "seq": 4362,
        "stamp": {
            "secs": 1681165265,
            "nsecs": 686197380
        },
        "frame_id": "atracsys"
    },
    "pose": {
        "position": {
            "x": 0.291455078125,
            "y": 0.09812687683105469,
            "z": 0.830450439453125
        },
        "orientation": {
            "x": -0.5006314095806733,
            "y": 0.07531482797246655,
            "z": 0.043845713302165065,
            "w": 0.8612626903876484
        }
    }
}