{
    "header": {
        "seq": 20626,
        "stamp": {
            "secs": 1681165433,
            "nsecs": 15588296
        },
        "frame_id": "atracsys"
    },
    "pose": {
        "position": {
            "x": 0.08252764892578125,
            "y": 0.13067756652832033,
            "z": 0.8967220458984375
        },
        "orientation": {
            "x": -0.5097739325495325,
            "y": 0.01479118345381145,
            "z": -0.005615428624231616,
            "w": 0.860162906399937
        }
    }
}