{
    "header": {
        "seq": 41264,
        "stamp": {
            "secs": 1681165640,
            "nsecs": 682306885
        },
        "frame_id": "atracsys"
    },
    "pose": {
        "position": {
            "x": 0.08249071502685547,
            "y": 0.13085362243652343,
            "z": 0.8971688842773438
        },
        "orientation": {
            "x": -0.5110057298392617,
            "y": 0.014748890930662593,
            "z": -0.005966260804398905,
            "w": 0.8594300541753079
        }
    }
}