{
    "header": {
        "seq": 39196,
        "stamp": {
            "secs": 1681165619,
            "nsecs": 870343385
        },
        "frame_id": "atracsys"
    },
    "pose": {
        "position": {
            "x": 0.0825091781616211,
            "y": 0.13089599609375,
            "z": 0.8971787719726563
        },
        "orientation": {
            "x": -0.5111576626217739,
            "y": 0.014702226952073972,
            "z": -0.006011481394474387,
            "w": 0.8593401832552336
        }
    }
}