{
    "header": {
        "seq": 32900,
        "stamp": {
            "secs": 1681165556,
            "nsecs": 514765680
        },
        "frame_id": "atracsys"
    },
    "pose": {
        "position": {
            "x": 0.08250569152832031,
            "y": 0.13090005493164064,
            "z": 0.8971334228515625
        },
        "orientation": {
            "x": -0.5110735955600852,
            "y": 0.014747231085971858,
            "z": -0.005890882172885862,
            "w": 0.8593902469796877
        }
    }
}