{
    "header": {
        "seq": 35280,
        "stamp": {
            "secs": 1681165580,
            "nsecs": 458158564
        },
        "frame_id": "atracsys"
    },
    "pose": {
        "position": {
            "x": 0.08249528503417969,
            "y": 0.13090071105957032,
            "z": 0.897181884765625
        },
        "orientation": {
            "x": -0.5108895584438921,
            "y": 0.014633809384309953,
            "z": -0.005903182554736465,
            "w": 0.8595015201450399
        }
    }
}