{
    "header": {
        "seq": 28890,
        "stamp": {
            "secs": 1681165516,
            "nsecs": 174229471
        },
        "frame_id": "atracsys"
    },
    "pose": {
        "position": {
            "x": 0.08252059936523437,
            "y": 0.13079705810546877,
            "z": 0.8968339843750001
        },
        "orientation": {
            "x": -0.510486603652847,
            "y": 0.014832063723256388,
            "z": -0.005986931522732374,
            "w": 0.8597369330368636
        }
    }
}