{
    "header": {
        "seq": 33607,
        "stamp": {
            "secs": 1681165563,
            "nsecs": 631233501
        },
        "frame_id": "atracsys"
    },
    "pose": {
        "position": {
            "x": 0.08250489807128907,
            "y": 0.13090223693847655,
            "z": 0.8971890869140625
        },
        "orientation": {
            "x": -0.5111786026226024,
            "y": 0.014708664506255879,
            "z": -0.005927597588824403,
            "w": 0.8593281998142915
        }
    }
}