{
    "header": {
        "seq": 29361,
        "stamp": {
            "secs": 1681165520,
            "nsecs": 911576701
        },
        "frame_id": "atracsys"
    },
    "pose": {
        "position": {
            "x": 0.08253839111328125,
            "y": 0.13083061218261718,
            "z": 0.8969004516601563
        },
        "orientation": {
            "x": -0.5106408514323615,
            "y": 0.014832620556442792,
            "z": -0.005871018217606672,
            "w": 0.8596461163530899
        }
    }
}