{
    "header": {
        "seq": 33517,
        "stamp": {
            "secs": 1681165562,
            "nsecs": 723766608
        },
        "frame_id": "atracsys"
    },
    "pose": {
        "position": {
            "x": 0.08252596282958985,
            "y": 0.13089088439941407,
            "z": 0.8971807861328125
        },
        "orientation": {
            "x": -0.5111379208152874,
            "y": 0.014724758821380657,
            "z": -0.005915160582738197,
            "w": 0.8593522085021703
        }
    }
}