{
    "header": {
        "seq": 35863,
        "stamp": {
            "secs": 1681165586,
            "nsecs": 323778630
        },
        "frame_id": "atracsys"
    },
    "pose": {
        "position": {
            "x": 0.08249197387695313,
            "y": 0.13089585876464843,
            "z": 0.8971693725585937
        },
        "orientation": {
            "x": -0.5109888191136241,
            "y": 0.014681953242421742,
            "z": -0.005892166093404601,
            "w": 0.8594417661299566
        }
    }
}