{
    "header": {
        "seq": 28096,
        "stamp": {
            "secs": 1681165508,
            "nsecs": 174095736
        },
        "frame_id": "atracsys"
    },
    "pose": {
        "position": {
            "x": 0.08250975799560548,
            "y": 0.13080023193359375,
            "z": 0.8968674926757813
        },
        "orientation": {
            "x": -0.5105645139224838,
            "y": 0.014850827910416217,
            "z": -0.005977728510898681,
            "w": 0.8596904075278048
        }
    }
}