{
    "header": {
        "seq": 33140,
        "stamp": {
            "secs": 1681165558,
            "nsecs": 929732240
        },
        "frame_id": "atracsys"
    },
    "pose": {
        "position": {
            "x": 0.08247118377685547,
            "y": 0.13090853881835937,
            "z": 0.8972052001953125
        },
        "orientation": {
            "x": -0.5110453210588584,
            "y": 0.014708610966494897,
            "z": -0.005897094116884046,
            "w": 0.8594076802474255
        }
    }
}