{
    "header": {
        "seq": 30575,
        "stamp": {
            "secs": 1681165533,
            "nsecs": 120495485
        },
        "frame_id": "atracsys"
    },
    "pose": {
        "position": {
            "x": 0.0825199966430664,
            "y": 0.1308966064453125,
            "z": 0.8970786743164063
        },
        "orientation": {
            "x": -0.5108166068442475,
            "y": 0.014656871109324848,
            "z": -0.005806008199689402,
            "w": 0.8595451474880184
        }
    }
}