{
    "header": {
        "seq": 33672,
        "stamp": {
            "secs": 1681165564,
            "nsecs": 284854930
        },
        "frame_id": "atracsys"
    },
    "pose": {
        "position": {
            "x": 0.08252075958251953,
            "y": 0.13088552856445312,
            "z": 0.8971309204101563
        },
        "orientation": {
            "x": -0.5110365790197849,
            "y": 0.014774476216862264,
            "z": -0.005881785930629191,
            "w": 0.859411853740998
        }
    }
}