{
    "header": {
        "seq": 25919,
        "stamp": {
            "secs": 1681165486,
            "nsecs": 278437352
        },
        "frame_id": "atracsys"
    },
    "pose": {
        "position": {
            "x": 0.08250044250488281,
            "y": 0.13081834411621093,
            "z": 0.8968804931640625
        },
        "orientation": {
            "x": -0.5106051236810762,
            "y": 0.01499610105166853,
            "z": -0.0059712611402028114,
            "w": 0.8596638114194853
        }
    }
}