{
    "header": {
        "seq": 24740,
        "stamp": {
            "secs": 1681165474,
            "nsecs": 418748120
        },
        "frame_id": "atracsys"
    },
    "pose": {
        "position": {
            "x": 0.08249022674560547,
            "y": 0.13081753540039062,
            "z": 0.8968805541992187
        },
        "orientation": {
            "x": -0.5106920421978318,
            "y": 0.0150452527345914,
            "z": -0.00595537492569241,
            "w": 0.859611430772913
        }
    }
}