{
    "header": {
        "seq": 31486,
        "stamp": {
            "secs": 1681165542,
            "nsecs": 287756873
        },
        "frame_id": "atracsys"
    },
    "pose": {
        "position": {
            "x": 0.08251422882080078,
            "y": 0.13090492248535157,
            "z": 0.8970917358398438
        },
        "orientation": {
            "x": -0.5109306885365561,
            "y": 0.014700840692527481,
            "z": -0.0058877833541625575,
            "w": 0.8594760327092712
        }
    }
}