{
    "header": {
        "seq": 33453,
        "stamp": {
            "secs": 1681165562,
            "nsecs": 78915148
        },
        "frame_id": "atracsys"
    },
    "pose": {
        "position": {
            "x": 0.08255400085449219,
            "y": 0.13086189270019533,
            "z": 0.8971441040039063
        },
        "orientation": {
            "x": -0.5110334227120035,
            "y": 0.014834341458027278,
            "z": -0.0058429900278457025,
            "w": 0.8594129639773279
        }
    }
}