{
    "header": {
        "seq": 20527,
        "stamp": {
            "secs": 1681165432,
            "nsecs": 18589436
        },
        "frame_id": "atracsys"
    },
    "pose": {
        "position": {
            "x": 0.08253877258300782,
            "y": 0.13067874145507813,
            "z": 0.8967149047851563
        },
        "orientation": {
            "x": -0.5097669137924935,
            "y": 0.014819372237728032,
            "z": -0.005594755982156884,
            "w": 0.8601667155351086
        }
    }
}