{
    "header": {
        "seq": 12840,
        "stamp": {
            "secs": 1681165354,
            "nsecs": 665765210
        },
        "frame_id": "atracsys"
    },
    "pose": {
        "position": {
            "x": 0.08254522705078125,
            "y": 0.13083271789550782,
            "z": 0.8966825561523438
        },
        "orientation": {
            "x": -0.5097803001326712,
            "y": 0.014810855323982313,
            "z": -0.005553731783452824,
            "w": 0.8601591946985705
        }
    }
}