{
    "header": {
        "seq": 32470,
        "stamp": {
            "secs": 1681165552,
            "nsecs": 189283800
        },
        "frame_id": "atracsys"
    },
    "pose": {
        "position": {
            "x": 0.08249563598632813,
            "y": 0.13091294860839844,
            "z": 0.8971516723632813
        },
        "orientation": {
            "x": -0.5109972563929994,
            "y": 0.014758811289700503,
            "z": -0.005897301577995059,
            "w": 0.8594353979690622
        }
    }
}