{
    "header": {
        "seq": 25984,
        "stamp": {
            "secs": 1681165486,
            "nsecs": 929291427
        },
        "frame_id": "atracsys"
    },
    "pose": {
        "position": {
            "x": 0.08250555419921875,
            "y": 0.13080502319335938,
            "z": 0.8968323364257813
        },
        "orientation": {
            "x": -0.5106199628688912,
            "y": 0.015081020500252847,
            "z": -0.0059519676881524515,
            "w": 0.8596536456161181
        }
    }
}