{
    "header": {
        "seq": 31055,
        "stamp": {
            "secs": 1681165537,
            "nsecs": 950407054
        },
        "frame_id": "atracsys"
    },
    "pose": {
        "position": {
            "x": 0.08251423645019532,
            "y": 0.13090638732910156,
            "z": 0.89708837890625
        },
        "orientation": {
            "x": -0.5108446831752752,
            "y": 0.01470607377332422,
            "z": -0.005860213023690953,
            "w": 0.8595272531857516
        }
    }
}