{
    "header": {
        "seq": 4474,
        "stamp": {
            "secs": 1681165266,
            "nsecs": 814598794
        },
        "frame_id": "atracsys"
    },
    "pose": {
        "position": {
            "x": 0.2914529113769531,
            "y": 0.09812849426269532,
            "z": 0.8304539184570313
        },
        "orientation": {
            "x": -0.5005471360277448,
            "y": 0.07531972711227759,
            "z": 0.04386724900819608,
            "w": 0.8613101461068523
        }
    }
}