{
    "header": {
        "seq": 35745,
        "stamp": {
            "secs": 1681165585,
            "nsecs": 135777707
        },
        "frame_id": "atracsys"
    },
    "pose": {
        "position": {
            "x": 0.08247869110107423,
            "y": 0.1308992919921875,
            "z": 0.8972151489257812
        },
        "orientation": {
            "x": -0.5110423705207139,
            "y": 0.014690364930713193,
            "z": -0.0058817051533909355,
            "w": 0.8594098523145173
        }
    }
}