{
    "header": {
        "seq": 16255,
        "stamp": {
            "secs": 1681165389,
            "nsecs": 33148657
        },
        "frame_id": "atracsys"
    },
    "pose": {
        "position": {
            "x": 0.08253208923339844,
            "y": 0.13074050903320314,
            "z": 0.896710205078125
        },
        "orientation": {
            "x": -0.5096810309040848,
            "y": 0.014782103491995246,
            "z": -0.005581650169416692,
            "w": 0.8602183335260226
        }
    }
}