{
    "header": {
        "seq": 38090,
        "stamp": {
            "secs": 1681165608,
            "nsecs": 735915750
        },
        "frame_id": "atracsys"
    },
    "pose": {
        "position": {
            "x": 0.0824759750366211,
            "y": 0.13088182067871093,
            "z": 0.8972072143554688
        },
        "orientation": {
            "x": -0.5110795162478483,
            "y": 0.014637779707635893,
            "z": -0.005949701565641741,
            "w": 0.8593881919879838
        }
    }
}