{
    "header": {
        "seq": 4381,
        "stamp": {
            "secs": 1681165265,
            "nsecs": 877261646
        },
        "frame_id": "atracsys"
    },
    "pose": {
        "position": {
            "x": 0.2914574584960938,
            "y": 0.09812317657470704,
            "z": 0.8304447021484375
        },
        "orientation": {
            "x": -0.5005412720708409,
            "y": 0.07539499809306491,
            "z": 0.04387091101197064,
            "w": 0.8613067818049681
        }
    }
}