{
    "header": {
        "seq": 39009,
        "stamp": {
            "secs": 1681165617,
            "nsecs": 986624570
        },
        "frame_id": "atracsys"
    },
    "pose": {
        "position": {
            "x": 0.08250682830810548,
            "y": 0.13085983276367188,
            "z": 0.8971199340820313
        },
        "orientation": {
            "x": -0.5110182954706854,
            "y": 0.014715964135762668,
            "z": -0.005978644501516422,
            "w": 0.8594230610727842
        }
    }
}