{
    "header": {
        "seq": 27651,
        "stamp": {
            "secs": 1681165503,
            "nsecs": 699442858
        },
        "frame_id": "atracsys"
    },
    "pose": {
        "position": {
            "x": 0.08251342010498047,
            "y": 0.1308077850341797,
            "z": 0.8968582763671875
        },
        "orientation": {
            "x": -0.5106171282519852,
            "y": 0.014818383439543226,
            "z": -0.006008608813950976,
            "w": 0.8596595026334876
        }
    }
}