{
    "header": {
        "seq": 14056,
        "stamp": {
            "secs": 1681165366,
            "nsecs": 898802995
        },
        "frame_id": "atracsys"
    },
    "pose": {
        "position": {
            "x": 0.08253440856933594,
            "y": 0.13079432678222658,
            "z": 0.8967182006835938
        },
        "orientation": {
            "x": -0.5097881696826732,
            "y": 0.014740331889864315,
            "z": -0.005601248242251593,
            "w": 0.8601554340266039
        }
    }
}