{
    "header": {
        "seq": 42167,
        "stamp": {
            "secs": 1681165649,
            "nsecs": 780878106
        },
        "frame_id": "atracsys"
    },
    "pose": {
        "position": {
            "x": 0.08249005889892579,
            "y": 0.1308654022216797,
            "z": 0.8971981201171875
        },
        "orientation": {
            "x": -0.5109764166921938,
            "y": 0.014667604799205751,
            "z": -0.0059419847824079405,
            "w": 0.8594490419860303
        }
    }
}