{
    "header": {
        "seq": 15500,
        "stamp": {
            "secs": 1681165381,
            "nsecs": 439058514
        },
        "frame_id": "atracsys"
    },
    "pose": {
        "position": {
            "x": 0.08253848266601563,
            "y": 0.13076304626464844,
            "z": 0.8967081909179687
        },
        "orientation": {
            "x": -0.5097206329872247,
            "y": 0.014816282409435206,
            "z": -0.005570541998785929,
            "w": 0.8601943519603615
        }
    }
}