{
    "header": {
        "seq": 11364,
        "stamp": {
            "secs": 1681165339,
            "nsecs": 817893711
        },
        "frame_id": "atracsys"
    },
    "pose": {
        "position": {
            "x": 0.08253032684326173,
            "y": 0.13091094970703127,
            "z": 0.8967078247070313
        },
        "orientation": {
            "x": -0.5097433396385049,
            "y": 0.014769212664310598,
            "z": -0.005569677780297342,
            "w": 0.8601817114661785
        }
    }
}