{
    "header": {
        "seq": 38370,
        "stamp": {
            "secs": 1681165611,
            "nsecs": 553769036
        },
        "frame_id": "atracsys"
    },
    "pose": {
        "position": {
            "x": 0.0824979248046875,
            "y": 0.1308756561279297,
            "z": 0.8971729736328126
        },
        "orientation": {
            "x": -0.5110546928458373,
            "y": 0.014726625701814353,
            "z": -0.005923169729793162,
            "w": 0.8594016194283309
        }
    }
}