{
    "header": {
        "seq": 25201,
        "stamp": {
            "secs": 1681165479,
            "nsecs": 54587204
        },
        "frame_id": "atracsys"
    },
    "pose": {
        "position": {
            "x": 0.08248264312744141,
            "y": 0.13081953430175783,
            "z": 0.8968526611328125
        },
        "orientation": {
            "x": -0.5106168935657304,
            "y": 0.015056945379376659,
            "z": -0.005962529090742531,
            "w": 0.8596558175502381
        }
    }
}