{
    "header": {
        "seq": 17721,
        "stamp": {
            "secs": 1681165403,
            "nsecs": 785570749
        },
        "frame_id": "atracsys"
    },
    "pose": {
        "position": {
            "x": 0.0825406494140625,
            "y": 0.13071414184570312,
            "z": 0.8967128295898438
        },
        "orientation": {
            "x": -0.5096937443314267,
            "y": 0.014769598996552351,
            "z": -0.005601116851214986,
            "w": 0.8602108889248673
        }
    }
}