{
    "header": {
        "seq": 37905,
        "stamp": {
            "secs": 1681165606,
            "nsecs": 870144847
        },
        "frame_id": "atracsys"
    },
    "pose": {
        "position": {
            "x": 0.08248257446289063,
            "y": 0.1308661651611328,
            "z": 0.8971401977539063
        },
        "orientation": {
            "x": -0.5110535538499796,
            "y": 0.014689150439618662,
            "z": -0.00594525715841436,
            "w": 0.8594027855865891
        }
    }
}