{
    "header": {
        "seq": 22823,
        "stamp": {
            "secs": 1681165455,
            "nsecs": 126084516
        },
        "frame_id": "atracsys"
    },
    "pose": {
        "position": {
            "x": 0.08249591827392579,
            "y": 0.13082998657226563,
            "z": 0.8968526000976562
        },
        "orientation": {
            "x": -0.5108066533307654,
            "y": 0.014933408608489376,
            "z": -0.0060109046988657865,
            "w": 0.8595448942580349
        }
    }
}