{
    "header": {
        "seq": 17747,
        "stamp": {
            "secs": 1681165404,
            "nsecs": 48148444
        },
        "frame_id": "atracsys"
    },
    "pose": {
        "position": {
            "x": 0.08254118347167969,
            "y": 0.13071763610839843,
            "z": 0.8967186279296875
        },
        "orientation": {
            "x": -0.5097522907689,
            "y": 0.014816394599347686,
            "z": -0.005596746440078653,
            "w": 0.8601754198628443
        }
    }
}