{
    "header": {
        "seq": 24360,
        "stamp": {
            "secs": 1681165470,
            "nsecs": 591752134
        },
        "frame_id": "atracsys"
    },
    "pose": {
        "position": {
            "x": 0.08248999786376954,
            "y": 0.13082469177246095,
            "z": 0.8968788452148437
        },
        "orientation": {
            "x": -0.510673027817813,
            "y": 0.01491302607267177,
            "z": -0.006035710304777382,
            "w": 0.8596244706346254
        }
    }
}