{
    "header": {
        "seq": 22801,
        "stamp": {
            "secs": 1681165454,
            "nsecs": 905116133
        },
        "frame_id": "atracsys"
    },
    "pose": {
        "position": {
            "x": 0.0824927215576172,
            "y": 0.130832763671875,
            "z": 0.8968656616210938
        },
        "orientation": {
            "x": -0.510758694191727,
            "y": 0.01493992734301695,
            "z": -0.006020950392511368,
            "w": 0.8595732098168941
        }
    }
}