{
    "header": {
        "seq": 18104,
        "stamp": {
            "secs": 1681165407,
            "nsecs": 639208551
        },
        "frame_id": "atracsys"
    },
    "pose": {
        "position": {
            "x": 0.08254370880126953,
            "y": 0.13070863342285158,
            "z": 0.8967314453125
        },
        "orientation": {
            "x": -0.50972311261444,
            "y": 0.014703018809294699,
            "z": -0.005623471332285653,
            "w": 0.8601944816579071
        }
    }
}