{
    "header": {
        "seq": 23313,
        "stamp": {
            "secs": 1681165460,
            "nsecs": 54383120
        },
        "frame_id": "atracsys"
    },
    "pose": {
        "position": {
            "x": 0.08249094390869141,
            "y": 0.13083287048339845,
            "z": 0.896861328125
        },
        "orientation": {
            "x": -0.5106873779231865,
            "y": 0.014886446448639066,
            "z": -0.006037676678285045,
            "w": 0.8596163924695718
        }
    }
}