{
    "header": {
        "seq": 42111,
        "stamp": {
            "secs": 1681165649,
            "nsecs": 216708726
        },
        "frame_id": "atracsys"
    },
    "pose": {
        "position": {
            "x": 0.08248920440673828,
            "y": 0.13086801147460939,
            "z": 0.8972173461914063
        },
        "orientation": {
            "x": -0.5110452787444979,
            "y": 0.014666211605847312,
            "z": -0.006020271828034166,
            "w": 0.8594075759714987
        }
    }
}