{
    "header": {
        "seq": 24834,
        "stamp": {
            "secs": 1681165475,
            "nsecs": 361974984
        },
        "frame_id": "atracsys"
    },
    "pose": {
        "position": {
            "x": 0.08249640655517579,
            "y": 0.130822509765625,
            "z": 0.8969212646484375
        },
        "orientation": {
            "x": -0.5107428982450742,
            "y": 0.014834510187727128,
            "z": -0.006050690996305339,
            "w": 0.8595842124761128
        }
    }
}