{
    "header": {
        "seq": 15893,
        "stamp": {
            "secs": 1681165385,
            "nsecs": 391324517
        },
        "frame_id": "atracsys"
    },
    "pose": {
        "position": {
            "x": 0.08253407287597657,
            "y": 0.13074046325683594,
            "z": 0.8966954956054688
        },
        "orientation": {
            "x": -0.5096935317477127,
            "y": 0.014835697859173198,
            "z": -0.005580961457331308,
            "w": 0.8602100084472316
        }
    }
}