{
    "header": {
        "seq": 12771,
        "stamp": {
            "secs": 1681165353,
            "nsecs": 970340270
        },
        "frame_id": "atracsys"
    },
    "pose": {
        "position": {
            "x": 0.08254293823242188,
            "y": 0.13083592224121093,
            "z": 0.8966807250976563
        },
        "orientation": {
            "x": -0.5097823650343069,
            "y": 0.014782645003980074,
            "z": -0.00554630414184337,
            "w": 0.8601585041241416
        }
    }
}