{
    "header": {
        "seq": 21955,
        "stamp": {
            "secs": 1681165446,
            "nsecs": 388770817
        },
        "frame_id": "atracsys"
    },
    "pose": {
        "position": {
            "x": 0.08249525451660157,
            "y": 0.13083128356933593,
            "z": 0.8968781127929688
        },
        "orientation": {
            "x": -0.5109046329862647,
            "y": 0.015041187857127889,
            "z": -0.0060210814248964194,
            "w": 0.8594847091365218
        }
    }
}