{
    "header": {
        "seq": 37967,
        "stamp": {
            "secs": 1681165607,
            "nsecs": 494022001
        },
        "frame_id": "atracsys"
    },
    "pose": {
        "position": {
            "x": 0.08247870635986328,
            "y": 0.13087193298339844,
            "z": 0.8971863403320313
        },
        "orientation": {
            "x": -0.5110510686876808,
            "y": 0.01466666071129654,
            "z": -0.005937087231754234,
            "w": 0.8594047039968781
        }
    }
}