{
    "header": {
        "seq": 37885,
        "stamp": {
            "secs": 1681165606,
            "nsecs": 670132137
        },
        "frame_id": "atracsys"
    },
    "pose": {
        "position": {
            "x": 0.08251194000244141,
            "y": 0.1308712615966797,
            "z": 0.8971600952148437
        },
        "orientation": {
            "x": -0.5110975978654564,
            "y": 0.014751335173619878,
            "z": -0.0059157970450417294,
            "w": 0.8593757309303526
        }
    }
}