{
    "header": {
        "seq": 22741,
        "stamp": {
            "secs": 1681165454,
            "nsecs": 302156602
        },
        "frame_id": "atracsys"
    },
    "pose": {
        "position": {
            "x": 0.08250064849853515,
            "y": 0.13082975769042968,
            "z": 0.8968526000976562
        },
        "orientation": {
            "x": -0.5107771355547462,
            "y": 0.014950463915234491,
            "z": -0.006017236958049865,
            "w": 0.859562094489164
        }
    }
}