{
    "header": {
        "seq": 36527,
        "stamp": {
            "secs": 1681165593,
            "nsecs": 4518636
        },
        "frame_id": "atracsys"
    },
    "pose": {
        "position": {
            "x": 0.08249356079101562,
            "y": 0.13088723754882814,
            "z": 0.8971365356445312
        },
        "orientation": {
            "x": -0.5110787003365939,
            "y": 0.014668778816770102,
            "z": -0.005962677620414531,
            "w": 0.8593880587172933
        }
    }
}