{
    "header": {
        "seq": 30043,
        "stamp": {
            "secs": 1681165527,
            "nsecs": 771295310
        },
        "frame_id": "atracsys"
    },
    "pose": {
        "position": {
            "x": 0.08250926971435547,
            "y": 0.1308956298828125,
            "z": 0.8971124267578126
        },
        "orientation": {
            "x": -0.5108363137767045,
            "y": 0.014767942406281773,
            "z": -0.005851727900683385,
            "w": 0.8595312243802952
        }
    }
}