{
    "header": {
        "seq": 33850,
        "stamp": {
            "secs": 1681165566,
            "nsecs": 72966251
        },
        "frame_id": "atracsys"
    },
    "pose": {
        "position": {
            "x": 0.08250165557861329,
            "y": 0.130897705078125,
            "z": 0.8971649780273437
        },
        "orientation": {
            "x": -0.5110081808624617,
            "y": 0.014646188765940643,
            "z": -0.005892691468880829,
            "w": 0.859430860763984
        }
    }
}