{
    "header": {
        "seq": 30911,
        "stamp": {
            "secs": 1681165536,
            "nsecs": 499626894
        },
        "frame_id": "atracsys"
    },
    "pose": {
        "position": {
            "x": 0.08250233459472657,
            "y": 0.13090524291992187,
            "z": 0.8971056518554688
        },
        "orientation": {
            "x": -0.5108441029037595,
            "y": 0.01475505367898064,
            "z": -0.005866053140406554,
            "w": 0.8595267188051443
        }
    }
}