{
    "header": {
        "seq": 22207,
        "stamp": {
            "secs": 1681165448,
            "nsecs": 925988728
        },
        "frame_id": "atracsys"
    },
    "pose": {
        "position": {
            "x": 0.08250164794921876,
            "y": 0.13083775329589845,
            "z": 0.8968805541992187
        },
        "orientation": {
            "x": -0.5109048657498955,
            "y": 0.015046829173655721,
            "z": -0.005993611950770147,
            "w": 0.8594846640287911
        }
    }
}