{
    "header": {
        "seq": 14144,
        "stamp": {
            "secs": 1681165367,
            "nsecs": 785356425
        },
        "frame_id": "atracsys"
    },
    "pose": {
        "position": {
            "x": 0.0825411376953125,
            "y": 0.1307972869873047,
            "z": 0.8967182006835938
        },
        "orientation": {
            "x": -0.5097913920714947,
            "y": 0.014733372363404502,
            "z": -0.005588132744143906,
            "w": 0.8601537287491362
        }
    }
}