{
    "header": {
        "seq": 20293,
        "stamp": {
            "secs": 1681165429,
            "nsecs": 663300200
        },
        "frame_id": "atracsys"
    },
    "pose": {
        "position": {
            "x": 0.08253522491455079,
            "y": 0.13067681884765625,
            "z": 0.8967117309570313
        },
        "orientation": {
            "x": -0.5097071649055368,
            "y": 0.014811519969349022,
            "z": -0.005588076687554133,
            "w": 0.8602023008101592
        }
    }
}