{
    "header": {
        "seq": 22397,
        "stamp": {
            "secs": 1681165450,
            "nsecs": 842375792
        },
        "frame_id": "atracsys"
    },
    "pose": {
        "position": {
            "x": 0.08250206756591796,
            "y": 0.1308375244140625,
            "z": 0.8968677368164063
        },
        "orientation": {
            "x": -0.5108157532508827,
            "y": 0.014962757624634669,
            "z": -0.006012131661218787,
            "w": 0.8595389673469656
        }
    }
}