{
    "header": {
        "seq": 25736,
        "stamp": {
            "secs": 1681165484,
            "nsecs": 433672182
        },
        "frame_id": "atracsys"
    },
    "pose": {
        "position": {
            "x": 0.0825113983154297,
            "y": 0.13081495666503906,
            "z": 0.8968328247070313
        },
        "orientation": {
            "x": -0.5106422944282942,
            "y": 0.014865227238238679,
            "z": -0.006028920555122774,
            "w": 0.859643603057164
        }
    }
}