{
    "header": {
        "seq": 30642,
        "stamp": {
            "secs": 1681165533,
            "nsecs": 795120139
        },
        "frame_id": "atracsys"
    },
    "pose": {
        "position": {
            "x": 0.08251287841796875,
            "y": 0.13089973449707032,
            "z": 0.8971066284179687
        },
        "orientation": {
            "x": -0.5107738975517356,
            "y": 0.014634350319197907,
            "z": -0.00585650694172456,
            "w": 0.8595705687708168
        }
    }
}