{
    "header": {
        "seq": 38228,
        "stamp": {
            "secs": 1681165610,
            "nsecs": 126914333
        },
        "frame_id": "atracsys"
    },
    "pose": {
        "position": {
            "x": 0.08248365020751953,
            "y": 0.13086576843261719,
            "z": 0.8971679077148438
        },
        "orientation": {
            "x": -0.5110536485508643,
            "y": 0.014723987570649426,
            "z": -0.005942196686402071,
            "w": 0.859402154285995
        }
    }
}