{
    "header": {
        "seq": 26539,
        "stamp": {
            "secs": 1681165492,
            "nsecs": 514411680
        },
        "frame_id": "atracsys"
    },
    "pose": {
        "position": {
            "x": 0.0825238037109375,
            "y": 0.130807373046875,
            "z": 0.896804931640625
        },
        "orientation": {
            "x": -0.510695696329203,
            "y": 0.014735114361355897,
            "z": -0.006016169899062413,
            "w": 0.8596142087328095
        }
    }
}