{
    "header": {
        "seq": 36654,
        "stamp": {
            "secs": 1681165594,
            "nsecs": 282162156
        },
        "frame_id": "atracsys"
    },
    "pose": {
        "position": {
            "x": 0.08248860168457031,
            "y": 0.13089178466796875,
            "z": 0.8971556396484375
        },
        "orientation": {
            "x": -0.5111018468650617,
            "y": 0.014717510403826486,
            "z": -0.005930715403117922,
            "w": 0.8593736810220823
        }
    }
}