{
    "header": {
        "seq": 12952,
        "stamp": {
            "secs": 1681165355,
            "nsecs": 791164793
        },
        "frame_id": "atracsys"
    },
    "pose": {
        "position": {
            "x": 0.08254264831542969,
            "y": 0.13082736206054688,
            "z": 0.896681640625
        },
        "orientation": {
            "x": -0.5097738198041927,
            "y": 0.014759673994824326,
            "z": -0.005542518280219568,
            "w": 0.8601639873634112
        }
    }
}