{
    "header": {
        "seq": 35766,
        "stamp": {
            "secs": 1681165585,
            "nsecs": 347730067
        },
        "frame_id": "atracsys"
    },
    "pose": {
        "position": {
            "x": 0.0824844970703125,
            "y": 0.13089979553222655,
            "z": 0.8971913452148438
        },
        "orientation": {
            "x": -0.510967678568251,
            "y": 0.014663385487248352,
            "z": -0.005898008582203403,
            "w": 0.8594546119949494
        }
    }
}