{
    "header": {
        "seq": 38289,
        "stamp": {
            "secs": 1681165610,
            "nsecs": 738908583
        },
        "frame_id": "atracsys"
    },
    "pose": {
        "position": {
            "x": 0.08246522521972656,
            "y": 0.13088128662109375,
            "z": 0.8972171020507813
        },
        "orientation": {
            "x": -0.5112218951779081,
            "y": 0.014680851127397542,
            "z": -0.0059264093513130365,
            "w": 0.8593029292240799
        }
    }
}