{
    "header": {
        "seq": 19422,
        "stamp": {
            "secs": 1681165420,
            "nsecs": 905063717
        },
        "frame_id": "atracsys"
    },
    "pose": {
        "position": {
            "x": 0.08253120422363282,
            "y": 0.13069271850585937,
            "z": 0.8967276611328125
        },
        "orientation": {
            "x": -0.5097293782466595,
            "y": 0.01486115885832012,
            "z": -0.0055710280118209205,
            "w": 0.8601883924795505
        }
    }
}