{
    "header": {
        "seq": 40664,
        "stamp": {
            "secs": 1681165634,
            "nsecs": 646445059
        },
        "frame_id": "atracsys"
    },
    "pose": {
        "position": {
            "x": 0.08250323486328125,
            "y": 0.1308531494140625,
            "z": 0.8971838989257813
        },
        "orientation": {
            "x": -0.5111152959362735,
            "y": 0.014750999152703531,
            "z": -0.00598207495696247,
            "w": 0.8593647520483848
        }
    }
}