{
    "header": {
        "seq": 13104,
        "stamp": {
            "secs": 1681165357,
            "nsecs": 319511712
        },
        "frame_id": "atracsys"
    },
    "pose": {
        "position": {
            "x": 0.08254603576660156,
            "y": 0.13082574462890625,
            "z": 0.8966756591796875
        },
        "orientation": {
            "x": -0.5097064353019158,
            "y": 0.014707583506787572,
            "z": -0.005556465589409245,
            "w": 0.8602047212666056
        }
    }
}