{
    "header": {
        "seq": 35452,
        "stamp": {
            "secs": 1681165582,
            "nsecs": 189411812
        },
        "frame_id": "atracsys"
    },
    "pose": {
        "position": {
            "x": 0.0824956512451172,
            "y": 0.13090145874023437,
            "z": 0.8971815795898438
        },
        "orientation": {
            "x": -0.5110278625450618,
            "y": 0.01467288789387821,
            "z": -0.005894535150307483,
            "w": 0.8594186898822022
        }
    }
}