{
    "header": {
        "seq": 31993,
        "stamp": {
            "secs": 1681165547,
            "nsecs": 392242461
        },
        "frame_id": "atracsys"
    },
    "pose": {
        "position": {
            "x": 0.0824976577758789,
            "y": 0.13091398620605468,
            "z": 0.8971510009765625
        },
        "orientation": {
            "x": -0.5110043187576057,
            "y": 0.014796643675339562,
            "z": -0.005886177939894621,
            "w": 0.8594306245743634
        }
    }
}