{
    "header": {
        "seq": 29611,
        "stamp": {
            "secs": 1681165523,
            "nsecs": 424936276
        },
        "frame_id": "atracsys"
    },
    "pose": {
        "position": {
            "x": 0.08251511383056641,
            "y": 0.13088473510742188,
            "z": 0.8970914916992188
        },
        "orientation": {
            "x": -0.5107354178399529,
            "y": 0.014808661247828384,
            "z": -0.005831352592958688,
            "w": 0.859590618749898
        }
    }
}