{
    "header": {
        "seq": 33915,
        "stamp": {
            "secs": 1681165566,
            "nsecs": 726695332
        },
        "frame_id": "atracsys"
    },
    "pose": {
        "position": {
            "x": 0.08250800323486328,
            "y": 0.13089826965332033,
            "z": 0.8971633911132812
        },
        "orientation": {
            "x": -0.5110911809166546,
            "y": 0.014706560442857486,
            "z": -0.005913657901414064,
            "w": 0.8593803293765718
        }
    }
}