{
    "header": {
        "seq": 17683,
        "stamp": {
            "secs": 1681165403,
            "nsecs": 403454657
        },
        "frame_id": "atracsys"
    },
    "pose": {
        "position": {
            "x": 0.082538818359375,
            "y": 0.13071812438964844,
            "z": 0.8967100830078125
        },
        "orientation": {
            "x": -0.5096635684622562,
            "y": 0.014784835981526008,
            "z": -0.005608770559529097,
            "w": 0.8602284564580092
        }
    }
}