{
    "header": {
        "seq": 37398,
        "stamp": {
            "secs": 1681165601,
            "nsecs": 765643366
        },
        "frame_id": "atracsys"
    },
    "pose": {
        "position": {
            "x": 0.08249166870117187,
            "y": 0.1308804931640625,
            "z": 0.8972172241210937
        },
        "orientation": {
            "x": -0.5112126638189829,
            "y": 0.014763085424608321,
            "z": -0.005933948000535541,
            "w": 0.8593069602423643
        }
    }
}