{
    "header": {
        "seq": 11189,
        "stamp": {
            "secs": 1681165338,
            "nsecs": 56701350
        },
        "frame_id": "atracsys"
    },
    "pose": {
        "position": {
            "x": 0.0825340576171875,
            "y": 0.1309262237548828,
            "z": 0.8966988525390626
        },
        "orientation": {
            "x": -0.5098487282009108,
            "y": 0.014710151835612893,
            "z": -0.005569893133632747,
            "w": 0.8601202602400243
        }
    }
}