{
    "header": {
        "seq": 28720,
        "stamp": {
            "secs": 1681165514,
            "nsecs": 460677379
        },
        "frame_id": "atracsys"
    },
    "pose": {
        "position": {
            "x": 0.08252044677734376,
            "y": 0.13079742431640626,
            "z": 0.8968519897460938
        },
        "orientation": {
            "x": -0.5105486019620676,
            "y": 0.014912878424453348,
            "z": -0.00596866468792921,
            "w": 0.8596988461859879
        }
    }
}