{
    "header": {
        "seq": 13598,
        "stamp": {
            "secs": 1681165362,
            "nsecs": 289708632
        },
        "frame_id": "atracsys"
    },
    "pose": {
        "position": {
            "x": 0.0825394515991211,
            "y": 0.13080473327636719,
            "z": 0.8966968383789062
        },
        "orientation": {
            "x": -0.5097329547821464,
            "y": 0.014766340229416924,
            "z": -0.005573578767475303,
            "w": 0.8601878894898568
        }
    }
}