{
    "header": {
        "seq": 19960,
        "stamp": {
            "secs": 1681165426,
            "nsecs": 314018100
        },
        "frame_id": "atracsys"
    },
    "pose": {
        "position": {
            "x": 0.08254315948486328,
            "y": 0.1306883239746094,
            "z": 0.8966796875
        },
        "orientation": {
            "x": -0.5096749776850427,
            "y": 0.014807937166616653,
            "z": -0.005543436021801257,
            "w": 0.860221722834115
        }
    }
}