{
    "header": {
        "seq": 33033,
        "stamp": {
            "secs": 1681165557,
            "nsecs": 855065772
        },
        "frame_id": "atracsys"
    },
    "pose": {
        "position": {
            "x": 0.08252689361572266,
            "y": 0.13090794372558595,
            "z": 0.8971508178710937
        },
        "orientation": {
            "x": -0.511182422664459,
            "y": 0.014765882054184217,
            "z": -0.005928278637785203,
            "w": 0.8593249414502346
        }
    }
}