{
    "header": {
        "seq": 37621,
        "stamp": {
            "secs": 1681165604,
            "nsecs": 10564104
        },
        "frame_id": "atracsys"
    },
    "pose": {
        "position": {
            "x": 0.08246561431884766,
            "y": 0.13087889099121094,
            "z": 0.8972301635742188
        },
        "orientation": {
            "x": -0.5110766482379261,
            "y": 0.01469294052522363,
            "z": -0.005906455286807323,
            "w": 0.8593892545933737
        }
    }
}