{
    "header": {
        "seq": 22508,
        "stamp": {
            "secs": 1681165451,
            "nsecs": 955938401
        },
        "frame_id": "atracsys"
    },
    "pose": {
        "position": {
            "x": 0.08250212860107423,
            "y": 0.13083439636230468,
            "z": 0.8968560791015625
        },
        "orientation": {
            "x": -0.5108262454992966,
            "y": 0.015001305765208939,
            "z": -0.006014373926413332,
            "w": 0.859532044219821
        }
    }
}