{
    "header": {
        "seq": 31714,
        "stamp": {
            "secs": 1681165544,
            "nsecs": 580284111
        },
        "frame_id": "atracsys"
    },
    "pose": {
        "position": {
            "x": 0.08247535705566407,
            "y": 0.13090492248535157,
            "z": 0.8970980834960938
        },
        "orientation": {
            "x": -0.5110719970468414,
            "y": 0.014758253552252704,
            "z": -0.005864369375804556,
            "w": 0.8593911897142447
        }
    }
}