{
    "header": {
        "seq": 29871,
        "stamp": {
            "secs": 1681165526,
            "nsecs": 42954405
        },
        "frame_id": "atracsys"
    },
    "pose": {
        "position": {
            "x": 0.08250692749023437,
            "y": 0.13089897155761718,
            "z": 0.8971202392578125
        },
        "orientation": {
            "x": -0.5108306557713457,
            "y": 0.014727074163663985,
            "z": -0.0058088862605778935,
            "w": 0.8595355788163784
        }
    }
}