{
    "header": {
        "seq": 38009,
        "stamp": {
            "secs": 1681165607,
            "nsecs": 917970389
        },
        "frame_id": "atracsys"
    },
    "pose": {
        "position": {
            "x": 0.08248896789550782,
            "y": 0.13087892150878908,
            "z": 0.8971686401367188
        },
        "orientation": {
            "x": -0.5109984359681756,
            "y": 0.014656183861715879,
            "z": -0.005931471191970386,
            "w": 0.8594362177393904
        }
    }
}