{
    "header": {
        "seq": 12337,
        "stamp": {
            "secs": 1681165349,
            "nsecs": 606029254
        },
        "frame_id": "atracsys"
    },
    "pose": {
        "position": {
            "x": 0.08254878997802735,
            "y": 0.13085084533691407,
            "z": 0.8966649169921875
        },
        "orientation": {
            "x": -0.5098026137860393,
            "y": 0.01476202112373626,
            "z": -0.005580994345697837,
            "w": 0.8601466329710175
        }
    }
}