{
    "header": {
        "seq": 33652,
        "stamp": {
            "secs": 1681165564,
            "nsecs": 81871161
        },
        "frame_id": "atracsys"
    },
    "pose": {
        "position": {
            "x": 0.08251463317871094,
            "y": 0.13089161682128905,
            "z": 0.8971194458007813
        },
        "orientation": {
            "x": -0.5110196918908896,
            "y": 0.014756446761179088,
            "z": -0.005921705494609161,
            "w": 0.8594219308248773
        }
    }
}