{
    "header": {
        "seq": 4493,
        "stamp": {
            "secs": 1681165267,
            "nsecs": 5542842
        },
        "frame_id": "atracsys"
    },
    "pose": {
        "position": {
            "x": 0.2914493408203125,
            "y": 0.0981300506591797,
            "z": 0.8304442138671875
        },
        "orientation": {
            "x": -0.500556905147702,
            "y": 0.07536529647659375,
            "z": 0.04388928619386546,
            "w": 0.8612993598937262
        }
    }
}