{
    "header": {
        "seq": 15339,
        "stamp": {
            "secs": 1681165379,
            "nsecs": 821122855
        },
        "frame_id": "atracsys"
    },
    "pose": {
        "position": {
            "x": 0.08254154205322266,
            "y": 0.13076644897460937,
            "z": 0.8966979370117187
        },
        "orientation": {
            "x": -0.5097308459065069,
            "y": 0.014842297919152227,
            "z": -0.005579376550125259,
            "w": 0.8601877943107702
        }
    }
}