{
    "header": {
        "seq": 37234,
        "stamp": {
            "secs": 1681165600,
            "nsecs": 114981322
        },
        "frame_id": "atracsys"
    },
    "pose": {
        "position": {
            "x": 0.08248991394042969,
            "y": 0.13087124633789063,
            "z": 0.8972007446289063
        },
        "orientation": {
            "x": -0.5110286422947709,
            "y": 0.014568123405034515,
            "z": -0.005939304547513566,
            "w": 0.8594197002607694
        }
    }
}