{
    "header": {
        "seq": 26510,
        "stamp": {
            "secs": 1681165492,
            "nsecs": 221879823
        },
        "frame_id": "atracsys"
    },
    "pose": {
        "position": {
            "x": 0.08251731109619141,
            "y": 0.1308102264404297,
            "z": 0.8968165893554688
        },
        "orientation": {
            "x": -0.5106583906213054,
            "y": 0.014875054394380539,
            "z": -0.005987676554621212,
            "w": 0.8596341597297653
        }
    }
}