{
    "header": {
        "seq": 12025,
        "stamp": {
            "secs": 1681165346,
            "nsecs": 465812717
        },
        "frame_id": "atracsys"
    },
    "pose": {
        "position": {
            "x": 0.08254215240478516,
            "y": 0.1308661651611328,
            "z": 0.8966621704101563
        },
        "orientation": {
            "x": -0.509762779514386,
            "y": 0.014747406852789009,
            "z": -0.0055790197321699975,
            "w": 0.8601705046975943
        }
    }
}