{
    "header": {
        "seq": 31078,
        "stamp": {
            "secs": 1681165538,
            "nsecs": 180232503
        },
        "frame_id": "atracsys"
    },
    "pose": {
        "position": {
            "x": 0.08251416778564453,
            "y": 0.13090353393554688,
            "z": 0.8970803833007812
        },
        "orientation": {
            "x": -0.5108160730662636,
            "y": 0.014704999367493714,
            "z": -0.005850526541220666,
            "w": 0.8595443408166645
        }
    }
}