{
    "header": {
        "seq": 24915,
        "stamp": {
            "secs": 1681165476,
            "nsecs": 176883110
        },
        "frame_id": "atracsys"
    },
    "pose": {
        "position": {
            "x": 0.08248992156982422,
            "y": 0.13081886291503905,
            "z": 0.8968471069335938
        },
        "orientation": {
            "x": -0.5106954334253349,
            "y": 0.015026991341092888,
            "z": -0.0059409592207009376,
            "w": 0.8596098352236798
        }
    }
}