{
    "header": {
        "seq": 18841,
        "stamp": {
            "secs": 1681165415,
            "nsecs": 60238329
        },
        "frame_id": "atracsys"
    },
    "pose": {
        "position": {
            "x": 0.08255203247070313,
            "y": 0.13070254516601562,
            "z": 0.896700439453125
        },
        "orientation": {
            "x": -0.5097167699017752,
            "y": 0.014732236430225556,
            "z": -0.005616966460194775,
            "w": 0.8601977827095637
        }
    }
}