{
    "header": {
        "seq": 34798,
        "stamp": {
            "secs": 1681165575,
            "nsecs": 610297777
        },
        "frame_id": "atracsys"
    },
    "pose": {
        "position": {
            "x": 0.08248297882080079,
            "y": 0.13090423583984376,
            "z": 0.8972048950195313
        },
        "orientation": {
            "x": -0.5109922268124076,
            "y": 0.014766651620093234,
            "z": -0.005897748323378595,
            "w": 0.859438250662572
        }
    }
}