{
    "header": {
        "seq": 26030,
        "stamp": {
            "secs": 1681165487,
            "nsecs": 391878863
        },
        "frame_id": "atracsys"
    },
    "pose": {
        "position": {
            "x": 0.08251216125488281,
            "y": 0.13081253051757813,
            "z": 0.8968405151367188
        },
        "orientation": {
            "x": -0.5106165294679826,
            "y": 0.014907447792174781,
            "z": -0.005986224006812458,
            "w": 0.859658474602872
        }
    }
}