{
    "header": {
        "seq": 14757,
        "stamp": {
            "secs": 1681165373,
            "nsecs": 955549963
        },
        "frame_id": "atracsys"
    },
    "pose": {
        "position": {
            "x": 0.08253887939453125,
            "y": 0.13077694702148437,
            "z": 0.8967152709960937
        },
        "orientation": {
            "x": -0.5097689977043842,
            "y": 0.01491542937200213,
            "z": -0.005579788944337191,
            "w": 0.8601639174607668
        }
    }
}