{
    "header": {
        "seq": 28158,
        "stamp": {
            "secs": 1681165508,
            "nsecs": 797976368
        },
        "frame_id": "atracsys"
    },
    "pose": {
        "position": {
            "x": 0.08251795196533203,
            "y": 0.13080799865722656,
            "z": 0.8968763427734375
        },
        "orientation": {
            "x": -0.5106781792356906,
            "y": 0.014875113722755112,
            "z": -0.005968567011582949,
            "w": 0.8596225360308344
        }
    }
}