{
    "header": {
        "seq": 31033,
        "stamp": {
            "secs": 1681165537,
            "nsecs": 726503188
        },
        "frame_id": "atracsys"
    },
    "pose": {
        "position": {
            "x": 0.08251191711425782,
            "y": 0.13091302490234374,
            "z": 0.8970864868164062
        },
        "orientation": {
            "x": -0.510932931883418,
            "y": 0.01461103131399086,
            "z": -0.005894975938445009,
            "w": 0.8594761812520701
        }
    }
}