{
    "header": {
        "seq": 38739,
        "stamp": {
            "secs": 1681165615,
            "nsecs": 270267282
        },
        "frame_id": "atracsys"
    },
    "pose": {
        "position": {
            "x": 0.08248326873779296,
            "y": 0.13087403869628905,
            "z": 0.8971932983398437
        },
        "orientation": {
            "x": -0.5110866124327811,
            "y": 0.014671403425902067,
            "z": -0.005978640588551829,
            "w": 0.8593831976308425
        }
    }
}