{
    "header": {
        "seq": 19463,
        "stamp": {
            "secs": 1681165421,
            "nsecs": 317013044
        },
        "frame_id": "atracsys"
    },
    "pose": {
        "position": {
            "x": 0.08253179168701172,
            "y": 0.1306922607421875,
            "z": 0.8967274780273438
        },
        "orientation": {
            "x": -0.5096719919176423,
            "y": 0.014814396289346757,
            "z": -0.005583163904165791,
            "w": 0.8602231237290149
        }
    }
}