{
    "header": {
        "seq": 28303,
        "stamp": {
            "secs": 1681165510,
            "nsecs": 260639788
        },
        "frame_id": "atracsys"
    },
    "pose": {
        "position": {
            "x": 0.08251623535156251,
            "y": 0.13080274963378907,
            "z": 0.8968671264648438
        },
        "orientation": {
            "x": -0.5106235992086392,
            "y": 0.014871367984511767,
            "z": -0.005959377458306127,
            "w": 0.8596550867445582
        }
    }
}