{
    "header": {
        "seq": 17999,
        "stamp": {
            "secs": 1681165406,
            "nsecs": 582471906
        },
        "frame_id": "atracsys"
    },
    "pose": {
        "position": {
            "x": 0.08255033111572266,
            "y": 0.13071588134765624,
            "z": 0.8967110595703125
        },
        "orientation": {
            "x": -0.5097457204556671,
            "y": 0.014698811936057118,
            "z": -0.005625241151583648,
            "w": 0.8601811449147139
        }
    }
}