{
    "header": {
        "seq": 13642,
        "stamp": {
            "secs": 1681165362,
            "nsecs": 731494492
        },
        "frame_id": "atracsys"
    },
    "pose": {
        "position": {
            "x": 0.08254450988769531,
            "y": 0.1308043670654297,
            "z": 0.8966891479492187
        },
        "orientation": {
            "x": -0.5097473270526062,
            "y": 0.014833422009483453,
            "z": -0.005559699466454425,
            "w": 0.8601783081989773
        }
    }
}