{
    "header": {
        "seq": 35072,
        "stamp": {
            "secs": 1681165578,
            "nsecs": 365530417
        },
        "frame_id": "atracsys"
    },
    "pose": {
        "position": {
            "x": 0.08249809265136719,
            "y": 0.1309027862548828,
            "z": 0.8972044677734375
        },
        "orientation": {
            "x": -0.511050773577915,
            "y": 0.014683423185141414,
            "z": -0.005864332171789817,
            "w": 0.8594050927921941
        }
    }
}