{
    "header": {
        "seq": 34209,
        "stamp": {
            "secs": 1681165569,
            "nsecs": 684955698
        },
        "frame_id": "atracsys"
    },
    "pose": {
        "position": {
            "x": 0.08250135040283203,
            "y": 0.1308966064453125,
            "z": 0.897161865234375
        },
        "orientation": {
            "x": -0.510973519397247,
            "y": 0.014844731180434204,
            "z": -0.005878112937557352,
            "w": 0.8594481626132349
        }
    }
}