{
    "header": {
        "seq": 24997,
        "stamp": {
            "secs": 1681165477,
            "nsecs": 765404
        },
        "frame_id": "atracsys"
    },
    "pose": {
        "position": {
            "x": 0.08248622131347656,
            "y": 0.13081953430175783,
            "z": 0.8968662109375
        },
        "orientation": {
            "x": -0.5107167679616753,
            "y": 0.014765339727611623,
            "z": -0.006063168740948478,
            "w": 0.8596008408850746
        }
    }
}