{
    "header": {
        "seq": 32424,
        "stamp": {
            "secs": 1681165551,
            "nsecs": 726607751
        },
        "frame_id": "atracsys"
    },
    "pose": {
        "position": {
            "x": 0.0824964599609375,
            "y": 0.13091343688964843,
            "z": 0.8971591796875
        },
        "orientation": {
            "x": -0.5109911507831405,
            "y": 0.01474244675469363,
            "z": -0.0058944604586662905,
            "w": 0.8594393285281445
        }
    }
}