{
    "header": {
        "seq": 24447,
        "stamp": {
            "secs": 1681165471,
            "nsecs": 466404492
        },
        "frame_id": "atracsys"
    },
    "pose": {
        "position": {
            "x": 0.08249201202392578,
            "y": 0.13082388305664064,
            "z": 0.8968645629882813
        },
        "orientation": {
            "x": -0.5106230968236706,
            "y": 0.015086983727082939,
            "z": -0.005984328979490512,
            "w": 0.8596514547878624
        }
    }
}