{
    "header": {
        "seq": 11658,
        "stamp": {
            "secs": 1681165342,
            "nsecs": 776117936
        },
        "frame_id": "atracsys"
    },
    "pose": {
        "position": {
            "x": 0.08253372192382813,
            "y": 0.13089056396484375,
            "z": 0.8966929321289062
        },
        "orientation": {
            "x": -0.5098223429032848,
            "y": 0.014734562273564974,
            "z": -0.005555684882962866,
            "w": 0.8601355740327762
        }
    }
}