{
    "header": {
        "seq": 13757,
        "stamp": {
            "secs": 1681165363,
            "nsecs": 889735852
        },
        "frame_id": "atracsys"
    },
    "pose": {
        "position": {
            "x": 0.08254331970214844,
            "y": 0.13080296325683594,
            "z": 0.8967009887695313
        },
        "orientation": {
            "x": -0.509760578897857,
            "y": 0.014777630626415803,
            "z": -0.005607364735137953,
            "w": 0.8601711058246017
        }
    }
}