{
    "header": {
        "seq": 32514,
        "stamp": {
            "secs": 1681165552,
            "nsecs": 631084820
        },
        "frame_id": "atracsys"
    },
    "pose": {
        "position": {
            "x": 0.08249217224121094,
            "y": 0.130908203125,
            "z": 0.8971627197265625
        },
        "orientation": {
            "x": -0.5110429102958265,
            "y": 0.014719877248779897,
            "z": -0.005878508299440039,
            "w": 0.8594090482362438
        }
    }
}