{
    "header": {
        "seq": 19172,
        "stamp": {
            "secs": 1681165418,
            "nsecs": 388601069
        },
        "frame_id": "atracsys"
    },
    "pose": {
        "position": {
            "x": 0.08253819274902344,
            "y": 0.13070149230957032,
            "z": 0.8967173461914063
        },
        "orientation": {
            "x": -0.5097543637285586,
            "y": 0.014841299146608517,
            "z": -0.005581418780037576,
            "w": 0.860173861648757
        }
    }
}