{
    "header": {
        "seq": 20389,
        "stamp": {
            "secs": 1681165430,
            "nsecs": 630367913
        },
        "frame_id": "atracsys"
    },
    "pose": {
        "position": {
            "x": 0.08254227447509765,
            "y": 0.13068115234375,
            "z": 0.8967025756835938
        },
        "orientation": {
            "x": -0.5096615132109464,
            "y": 0.01478420970246038,
            "z": -0.005565001878667159,
            "w": 0.8602299691646952
        }
    }
}