{
    "header": {
        "seq": 30063,
        "stamp": {
            "secs": 1681165527,
            "nsecs": 971226114
        },
        "frame_id": "atracsys"
    },
    "pose": {
        "position": {
            "x": 0.0825027084350586,
            "y": 0.13089471435546876,
            "z": 0.8971065063476563
        },
        "orientation": {
            "x": -0.5108161102755628,
            "y": 0.014679290414533799,
            "z": -0.005871256406726466,
            "w": 0.8595446167966362
        }
    }
}