{
    "header": {
        "seq": 20338,
        "stamp": {
            "secs": 1681165430,
            "nsecs": 117011507
        },
        "frame_id": "atracsys"
    },
    "pose": {
        "position": {
            "x": 0.0825437240600586,
            "y": 0.1306785888671875,
            "z": 0.8967010498046876
        },
        "orientation": {
            "x": -0.5096930569731463,
            "y": 0.014856792336446647,
            "z": -0.00557086825396798,
            "w": 0.8602099911194577
        }
    }
}