{
    "header": {
        "seq": 27141,
        "stamp": {
            "secs": 1681165498,
            "nsecs": 568189980
        },
        "frame_id": "atracsys"
    },
    "pose": {
        "position": {
            "x": 0.08252244567871093,
            "y": 0.13081419372558595,
            "z": 0.89683740234375
        },
        "orientation": {
            "x": -0.5106022737270173,
            "y": 0.01505117116435697,
            "z": -0.005918951326171392,
            "w": 0.8596649035098385
        }
    }
}