{
    "header": {
        "seq": 37660,
        "stamp": {
            "secs": 1681165604,
            "nsecs": 404441113
        },
        "frame_id": "atracsys"
    },
    "pose": {
        "position": {
            "x": 0.08247108459472656,
            "y": 0.1308673095703125,
            "z": 0.8972045288085938
        },
        "orientation": {
            "x": -0.5110361673606867,
            "y": 0.014674462664942413,
            "z": -0.005933508304008731,
            "w": 0.859413456535329
        }
    }
}