{
    "header": {
        "seq": 3938,
        "stamp": {
            "secs": 1681165261,
            "nsecs": 420513799
        },
        "frame_id": "atracsys"
    },
    "pose": {
        "position": {
            "x": 0.29146270751953124,
            "y": 0.09812734222412109,
            "z": 0.8304423217773438
        },
        "orientation": {
            "x": -0.5005529663699652,
            "y": 0.0753790258362118,
            "z": 0.0439287092068435,
            "w": 0.8612984377262232
        }
    }
}