{
    "header": {
        "seq": 11324,
        "stamp": {
            "secs": 1681165339,
            "nsecs": 415038429
        },
        "frame_id": "atracsys"
    },
    "pose": {
        "position": {
            "x": 0.0825370101928711,
            "y": 0.1309095458984375,
            "z": 0.8967053833007813
        },
        "orientation": {
            "x": -0.5097596350099914,
            "y": 0.014730360583168366,
            "z": -0.005572799747793712,
            "w": 0.8601727006215327
        }
    }
}