{
    "header": {
        "seq": 11701,
        "stamp": {
            "secs": 1681165343,
            "nsecs": 209068291
        },
        "frame_id": "atracsys"
    },
    "pose": {
        "position": {
            "x": 0.08253533935546875,
            "y": 0.13089105224609376,
            "z": 0.8966890258789063
        },
        "orientation": {
            "x": -0.509707735905317,
            "y": 0.014797211965798158,
            "z": -0.005554638345758152,
            "w": 0.8602024252867243
        }
    }
}