{
    "header": {
        "seq": 11904,
        "stamp": {
            "secs": 1681165345,
            "nsecs": 250877791
        },
        "frame_id": "atracsys"
    },
    "pose": {
        "position": {
            "x": 0.08253854370117188,
            "y": 0.13087617492675782,
            "z": 0.8966645507812501
        },
        "orientation": {
            "x": -0.5097532928882277,
            "y": 0.014755775036709957,
            "z": -0.005544585904576286,
            "w": 0.8601762058205409
        }
    }
}