{
    "header": {
        "seq": 33163,
        "stamp": {
            "secs": 1681165559,
            "nsecs": 162494966
        },
        "frame_id": "atracsys"
    },
    "pose": {
        "position": {
            "x": 0.0825042495727539,
            "y": 0.13090591430664061,
            "z": 0.8971402587890626
        },
        "orientation": {
            "x": -0.5109764768773832,
            "y": 0.014739490630087006,
            "z": -0.005879249515573228,
            "w": 0.859448207816548
        }
    }
}