{
    "header": {
        "seq": 34555,
        "stamp": {
            "secs": 1681165573,
            "nsecs": 168621823
        },
        "frame_id": "atracsys"
    },
    "pose": {
        "position": {
            "x": 0.08251043701171876,
            "y": 0.13089480590820313,
            "z": 0.8971758422851562
        },
        "orientation": {
            "x": -0.5109648997858848,
            "y": 0.014715710365052271,
            "z": -0.005878531987784779,
            "w": 0.8594555031628578
        }
    }
}