{
    "header": {
        "seq": 36722,
        "stamp": {
            "secs": 1681165594,
            "nsecs": 965709368
        },
        "frame_id": "atracsys"
    },
    "pose": {
        "position": {
            "x": 0.08248831939697265,
            "y": 0.13088246154785158,
            "z": 0.897163818359375
        },
        "orientation": {
            "x": -0.5110741341969524,
            "y": 0.014665926563256175,
            "z": -0.005926801398504529,
            "w": 0.8593910710369635
        }
    }
}