{
    "header": {
        "seq": 22914,
        "stamp": {
            "secs": 1681165456,
            "nsecs": 42432400
        },
        "frame_id": "atracsys"
    },
    "pose": {
        "position": {
            "x": 0.082484130859375,
            "y": 0.13083409118652345,
            "z": 0.8968731689453125
        },
        "orientation": {
            "x": -0.5107909945440786,
            "y": 0.014971773076013366,
            "z": -0.0059923396448050515,
            "w": 0.8595536619485794
        }
    }
}