{
    "header": {
        "seq": 31529,
        "stamp": {
            "secs": 1681165542,
            "nsecs": 717646432
        },
        "frame_id": "atracsys"
    },
    "pose": {
        "position": {
            "x": 0.08251407623291016,
            "y": 0.13090327453613282,
            "z": 0.8970879516601563
        },
        "orientation": {
            "x": -0.5109992959656278,
            "y": 0.014763974039919539,
            "z": -0.005886985469618163,
            "w": 0.8594341673422472
        }
    }
}