{
    "header": {
        "seq": 23206,
        "stamp": {
            "secs": 1681165458,
            "nsecs": 979854419
        },
        "frame_id": "atracsys"
    },
    "pose": {
        "position": {
            "x": 0.08249314117431641,
            "y": 0.1308300018310547,
            "z": 0.8968489379882812
        },
        "orientation": {
            "x": -0.5107843996183201,
            "y": 0.01499655289096537,
            "z": -0.006012677073008647,
            "w": 0.8595570069648414
        }
    }
}