{
    "header": {
        "seq": 40743,
        "stamp": {
            "secs": 1681165635,
            "nsecs": 443567755
        },
        "frame_id": "atracsys"
    },
    "pose": {
        "position": {
            "x": 0.08250753784179687,
            "y": 0.1308577880859375,
            "z": 0.8971887817382813
        },
        "orientation": {
            "x": -0.5110555128722171,
            "y": 0.014902154991579531,
            "z": -0.005920856923092193,
            "w": 0.859398121939313
        }
    }
}