{
    "header": {
        "seq": 1691,
        "stamp": {
            "secs": 1681165238,
            "nsecs": 814424671
        },
        "frame_id": "atracsys"
    },
    "pose": {
        "position": {
            "x": 0.2537226715087891,
            "y": 0.09534099578857422,
            "z": 0.8325661010742188
        },
        "orientation": {
            "x": -0.49751255447068177,
            "y": 0.05421013951096196,
            "z": 0.02873096468102503,
            "w": 0.8652843755591318
        }
    }
}