{
    "header": {
        "seq": 40984,
        "stamp": {
            "secs": 1681165637,
            "nsecs": 867404727
        },
        "frame_id": "atracsys"
    },
    "pose": {
        "position": {
            "x": 0.08249934387207031,
            "y": 0.13085850524902343,
            "z": 0.8971959228515625
        },
        "orientation": {
            "x": -0.511065799608181,
            "y": 0.014681428446212449,
            "z": -0.005987434179092385,
            "w": 0.8593953425296071
        }
    }
}