{
    "header": {
        "seq": 19526,
        "stamp": {
            "secs": 1681165421,
            "nsecs": 949846781
        },
        "frame_id": "atracsys"
    },
    "pose": {
        "position": {
            "x": 0.0825340576171875,
            "y": 0.13069062805175782,
            "z": 0.896716552734375
        },
        "orientation": {
            "x": -0.5096812872111536,
            "y": 0.01480633847595731,
            "z": -0.005579677124662469,
            "w": 0.8602177776649942
        }
    }
}