{
    "header": {
        "seq": 27997,
        "stamp": {
            "secs": 1681165507,
            "nsecs": 180142932
        },
        "frame_id": "atracsys"
    },
    "pose": {
        "position": {
            "x": 0.08252216339111328,
            "y": 0.13080191040039063,
            "z": 0.896862548828125
        },
        "orientation": {
            "x": -0.5106088190165989,
            "y": 0.014842470468969842,
            "z": -0.005962972428627146,
            "w": 0.8596643402937377
        }
    }
}