{
    "header": {
        "seq": 40481,
        "stamp": {
            "secs": 1681165632,
            "nsecs": 804763442
        },
        "frame_id": "atracsys"
    },
    "pose": {
        "position": {
            "x": 0.08248760223388672,
            "y": 0.13085699462890626,
            "z": 0.8971845703125
        },
        "orientation": {
            "x": -0.5109613103560395,
            "y": 0.015179011377738338,
            "z": -0.005765072385991433,
            "w": 0.8594503481139665
        }
    }
}