{
    "header": {
        "seq": 34457,
        "stamp": {
            "secs": 1681165572,
            "nsecs": 180455512
        },
        "frame_id": "atracsys"
    },
    "pose": {
        "position": {
            "x": 0.08249234008789062,
            "y": 0.1308957977294922,
            "z": 0.8971838378906251
        },
        "orientation": {
            "x": -0.5110943302315415,
            "y": 0.014754944922247585,
            "z": -0.00595531005480189,
            "w": 0.8593773394078206
        }
    }
}