{
    "header": {
        "seq": 3878,
        "stamp": {
            "secs": 1681165260,
            "nsecs": 817528982
        },
        "frame_id": "atracsys"
    },
    "pose": {
        "position": {
            "x": 0.29146517944335937,
            "y": 0.0981270980834961,
            "z": 0.8304462280273438
        },
        "orientation": {
            "x": -0.5005161333544668,
            "y": 0.07540645463200688,
            "z": 0.043880827396494335,
            "w": 0.8613198824122916
        }
    }
}