{
    "header": {
        "seq": 12659,
        "stamp": {
            "secs": 1681165352,
            "nsecs": 844966988
        },
        "frame_id": "atracsys"
    },
    "pose": {
        "position": {
            "x": 0.08254512786865234,
            "y": 0.13083546447753908,
            "z": 0.8966708374023438
        },
        "orientation": {
            "x": -0.5097872266497687,
            "y": 0.01473791072289842,
            "z": -0.00556290475491224,
            "w": 0.8601562832549379
        }
    }
}