{
    "header": {
        "seq": 34516,
        "stamp": {
            "secs": 1681165572,
            "nsecs": 774453429
        },
        "frame_id": "atracsys"
    },
    "pose": {
        "position": {
            "x": 0.08250614166259766,
            "y": 0.13089422607421874,
            "z": 0.897186279296875
        },
        "orientation": {
            "x": -0.511034214380336,
            "y": 0.014676208258988037,
            "z": -0.005876168834488978,
            "w": 0.8594149819985919
        }
    }
}