{
    "header": {
        "seq": 4118,
        "stamp": {
            "secs": 1681165263,
            "nsecs": 232365909
        },
        "frame_id": "atracsys"
    },
    "pose": {
        "position": {
            "x": 0.2914593200683594,
            "y": 0.09812820434570313,
            "z": 0.8304417724609375
        },
        "orientation": {
            "x": -0.5005214639795225,
            "y": 0.07541590027621292,
            "z": 0.04389991413924314,
            "w": 0.8613149851360365
        }
    }
}