{
    "header": {
        "seq": 38251,
        "stamp": {
            "secs": 1681165610,
            "nsecs": 356802459
        },
        "frame_id": "atracsys"
    },
    "pose": {
        "position": {
            "x": 0.08250537109375,
            "y": 0.1308684844970703,
            "z": 0.89716552734375
        },
        "orientation": {
            "x": -0.5109913771556766,
            "y": 0.014723697690923094,
            "z": -0.005916821309894238,
            "w": 0.8594393616913517
        }
    }
}