{
    "header": {
        "seq": 4588,
        "stamp": {
            "secs": 1681165267,
            "nsecs": 960752254
        },
        "frame_id": "atracsys"
    },
    "pose": {
        "position": {
            "x": 0.2914539794921875,
            "y": 0.098129150390625,
            "z": 0.8304370727539062
        },
        "orientation": {
            "x": -0.5005431071005746,
            "y": 0.07541053899096097,
            "z": 0.043889303311222205,
            "w": 0.8613034178488155
        }
    }
}