{
    "header": {
        "seq": 19565,
        "stamp": {
            "secs": 1681165422,
            "nsecs": 340891690
        },
        "frame_id": "atracsys"
    },
    "pose": {
        "position": {
            "x": 0.08252809143066406,
            "y": 0.13068630981445312,
            "z": 0.896714599609375
        },
        "orientation": {
            "x": -0.5097260233220273,
            "y": 0.014827573261963772,
            "z": -0.0055749743940946474,
            "w": 0.8601909345488236
        }
    }
}