{
    "header": {
        "seq": 15049,
        "stamp": {
            "secs": 1681165376,
            "nsecs": 901809772
        },
        "frame_id": "atracsys"
    },
    "pose": {
        "position": {
            "x": 0.08254471588134765,
            "y": 0.13077078247070312,
            "z": 0.896687255859375
        },
        "orientation": {
            "x": -0.5097710745428169,
            "y": 0.014718821112402754,
            "z": -0.005576307683168474,
            "w": 0.8601660959705082
        }
    }
}