{
    "header": {
        "seq": 14195,
        "stamp": {
            "secs": 1681165368,
            "nsecs": 295842337
        },
        "frame_id": "atracsys"
    },
    "pose": {
        "position": {
            "x": 0.08254130554199218,
            "y": 0.13078668212890626,
            "z": 0.8967122802734375
        },
        "orientation": {
            "x": -0.5097041748789141,
            "y": 0.014738017117888262,
            "z": -0.005576249197931203,
            "w": 0.8602054117519379
        }
    }
}