{
    "header": {
        "seq": 29802,
        "stamp": {
            "secs": 1681165525,
            "nsecs": 347416115
        },
        "frame_id": "atracsys"
    },
    "pose": {
        "position": {
            "x": 0.0825061492919922,
            "y": 0.13089497375488282,
            "z": 0.8971246948242187
        },
        "orientation": {
            "x": -0.5108214259275411,
            "y": 0.014785920539876997,
            "z": -0.005808251689865823,
            "w": 0.859540058158693
        }
    }
}