{
    "header": {
        "seq": 31397,
        "stamp": {
            "secs": 1681165541,
            "nsecs": 392300898
        },
        "frame_id": "atracsys"
    },
    "pose": {
        "position": {
            "x": 0.08250713348388672,
            "y": 0.1309122772216797,
            "z": 0.897087158203125
        },
        "orientation": {
            "x": -0.5109814572271504,
            "y": 0.014632608174802428,
            "z": -0.00596580577114866,
            "w": 0.8594464766985327
        }
    }
}