{
    "header": {
        "seq": 31376,
        "stamp": {
            "secs": 1681165541,
            "nsecs": 180262794
        },
        "frame_id": "atracsys"
    },
    "pose": {
        "position": {
            "x": 0.08251096343994141,
            "y": 0.13090597534179688,
            "z": 0.8970953979492188
        },
        "orientation": {
            "x": -0.5110328245005038,
            "y": 0.014775132563996204,
            "z": -0.0058721262586493225,
            "w": 0.85941414107167
        }
    }
}