{
    "header": {
        "seq": 32268,
        "stamp": {
            "secs": 1681165550,
            "nsecs": 156443321
        },
        "frame_id": "atracsys"
    },
    "pose": {
        "position": {
            "x": 0.08248533630371094,
            "y": 0.13091529846191408,
            "z": 0.8971661987304688
        },
        "orientation": {
            "x": -0.5110415797070109,
            "y": 0.014781974024252112,
            "z": -0.005925449305890359,
            "w": 0.8594084512646083
        }
    }
}