{
    "header": {
        "seq": 30105,
        "stamp": {
            "secs": 1681165528,
            "nsecs": 395099878
        },
        "frame_id": "atracsys"
    },
    "pose": {
        "position": {
            "x": 0.08250828552246094,
            "y": 0.13089247131347656,
            "z": 0.8970894165039063
        },
        "orientation": {
            "x": -0.5107167749141325,
            "y": 0.014654399584939084,
            "z": -0.005851420291675113,
            "w": 0.859604202685563
        }
    }
}