{
    "header": {
        "seq": 38419,
        "stamp": {
            "secs": 1681165612,
            "nsecs": 46364446
        },
        "frame_id": "atracsys"
    },
    "pose": {
        "position": {
            "x": 0.08249980926513673,
            "y": 0.1308748474121094,
            "z": 0.897172119140625
        },
        "orientation": {
            "x": -0.5110780141932181,
            "y": 0.014737674949238295,
            "z": -0.0059119574612492235,
            "w": 0.8593876384405258
        }
    }
}