{
    "header": {
        "seq": 33369,
        "stamp": {
            "secs": 1681165561,
            "nsecs": 234208179
        },
        "frame_id": "atracsys"
    },
    "pose": {
        "position": {
            "x": 0.08250254058837891,
            "y": 0.1308865661621094,
            "z": 0.8971553344726563
        },
        "orientation": {
            "x": -0.511061796723395,
            "y": 0.01471885444777841,
            "z": -0.005918418044113555,
            "w": 0.8593975608421609
        }
    }
}