{
    "header": {
        "seq": 11565,
        "stamp": {
            "secs": 1681165341,
            "nsecs": 838803569
        },
        "frame_id": "atracsys"
    },
    "pose": {
        "position": {
            "x": 0.08253397369384766,
            "y": 0.13089434814453124,
            "z": 0.8966958618164063
        },
        "orientation": {
            "x": -0.5097560846137281,
            "y": 0.014782813331810944,
            "z": -0.005570915730447456,
            "w": 0.8601739170232976
        }
    }
}