{
    "header": {
        "seq": 11956,
        "stamp": {
            "secs": 1681165345,
            "nsecs": 773281383
        },
        "frame_id": "atracsys"
    },
    "pose": {
        "position": {
            "x": 0.08253583526611329,
            "y": 0.1308749694824219,
            "z": 0.8966744995117187
        },
        "orientation": {
            "x": -0.5097464637483045,
            "y": 0.01475204447556626,
            "z": -0.005566494109773097,
            "w": 0.8601801753256207
        }
    }
}