{
    "header": {
        "seq": 26005,
        "stamp": {
            "secs": 1681165487,
            "nsecs": 141130315
        },
        "frame_id": "atracsys"
    },
    "pose": {
        "position": {
            "x": 0.08250679016113281,
            "y": 0.13081423950195312,
            "z": 0.8968787231445313
        },
        "orientation": {
            "x": -0.5106090818261219,
            "y": 0.01487946891126059,
            "z": -0.006019668123218341,
            "w": 0.8596631494703549
        }
    }
}