{
    "header": {
        "seq": 35430,
        "stamp": {
            "secs": 1681165581,
            "nsecs": 968518702
        },
        "frame_id": "atracsys"
    },
    "pose": {
        "position": {
            "x": 0.08249314117431641,
            "y": 0.13090505981445313,
            "z": 0.897182373046875
        },
        "orientation": {
            "x": -0.5109328718387971,
            "y": 0.014796018686899094,
            "z": -0.005860974157752845,
            "w": 0.8594732848015105
        }
    }
}