{
    "header": {
        "seq": 27668,
        "stamp": {
            "secs": 1681165503,
            "nsecs": 869618640
        },
        "frame_id": "atracsys"
    },
    "pose": {
        "position": {
            "x": 0.08250991821289062,
            "y": 0.13081277465820312,
            "z": 0.8968760986328125
        },
        "orientation": {
            "x": -0.5105783118053174,
            "y": 0.01476336099117034,
            "z": -0.00602485504223269,
            "w": 0.8596833904455736
        }
    }
}