{
    "header": {
        "seq": 34658,
        "stamp": {
            "secs": 1681165574,
            "nsecs": 204449532
        },
        "frame_id": "atracsys"
    },
    "pose": {
        "position": {
            "x": 0.08249945068359375,
            "y": 0.1308944854736328,
            "z": 0.8971824951171875
        },
        "orientation": {
            "x": -0.5109237058853672,
            "y": 0.01473977619921304,
            "z": -0.0058762427176958995,
            "w": 0.8594795957633218
        }
    }
}