{
    "header": {
        "seq": 19978,
        "stamp": {
            "secs": 1681165426,
            "nsecs": 496123740
        },
        "frame_id": "atracsys"
    },
    "pose": {
        "position": {
            "x": 0.08254335021972656,
            "y": 0.13067826843261718,
            "z": 0.8966890258789063
        },
        "orientation": {
            "x": -0.5096789204335864,
            "y": 0.014799361447419264,
            "z": -0.005565704629996636,
            "w": 0.8602193905617184
        }
    }
}