{
    "header": {
        "seq": 32834,
        "stamp": {
            "secs": 1681165555,
            "nsecs": 852015201
        },
        "frame_id": "atracsys"
    },
    "pose": {
        "position": {
            "x": 0.08249506378173828,
            "y": 0.13090748596191407,
            "z": 0.8971541137695312
        },
        "orientation": {
            "x": -0.5109743954569278,
            "y": 0.014710045633965389,
            "z": -0.005924620662703991,
            "w": 0.8594496382074269
        }
    }
}