{
    "header": {
        "seq": 25059,
        "stamp": {
            "secs": 1681165477,
            "nsecs": 624753650
        },
        "frame_id": "atracsys"
    },
    "pose": {
        "position": {
            "x": 0.08249186706542969,
            "y": 0.13081752014160156,
            "z": 0.8968668212890625
        },
        "orientation": {
            "x": -0.5107152593179537,
            "y": 0.014894966160759271,
            "z": -0.006018364696625455,
            "w": 0.859599815710336
        }
    }
}