{
    "header": {
        "seq": 42049,
        "stamp": {
            "secs": 1681165648,
            "nsecs": 592790450
        },
        "frame_id": "atracsys"
    },
    "pose": {
        "position": {
            "x": 0.08249913024902344,
            "y": 0.13086015319824218,
            "z": 0.8971880493164063
        },
        "orientation": {
            "x": -0.5109986806298407,
            "y": 0.01459756568816792,
            "z": -0.0059692848355017685,
            "w": 0.8594368080953332
        }
    }
}