{
    "header": {
        "seq": 30409,
        "stamp": {
            "secs": 1681165531,
            "nsecs": 451813942
        },
        "frame_id": "atracsys"
    },
    "pose": {
        "position": {
            "x": 0.08251051330566407,
            "y": 0.13089566040039063,
            "z": 0.8970885009765626
        },
        "orientation": {
            "x": -0.5107803612314277,
            "y": 0.014720733569391646,
            "z": -0.005840066613833211,
            "w": 0.8595653647078955
        }
    }
}