{
    "header": {
        "seq": 28117,
        "stamp": {
            "secs": 1681165508,
            "nsecs": 386048077
        },
        "frame_id": "atracsys"
    },
    "pose": {
        "position": {
            "x": 0.08251386260986328,
            "y": 0.13080366516113281,
            "z": 0.8968695678710937
        },
        "orientation": {
            "x": -0.510542188329002,
            "y": 0.01491283681581571,
            "z": -0.005925459946763322,
            "w": 0.8597029546062744
        }
    }
}