{
    "header": {
        "seq": 25080,
        "stamp": {
            "secs": 1681165477,
            "nsecs": 836665212
        },
        "frame_id": "atracsys"
    },
    "pose": {
        "position": {
            "x": 0.0824902572631836,
            "y": 0.13081825256347657,
            "z": 0.8968552856445313
        },
        "orientation": {
            "x": -0.5105889568174495,
            "y": 0.014921760074742212,
            "z": -0.005997343183289948,
            "w": 0.8596745256939293
        }
    }
}