{
    "header": {
        "seq": 26925,
        "stamp": {
            "secs": 1681165496,
            "nsecs": 395055481
        },
        "frame_id": "atracsys"
    },
    "pose": {
        "position": {
            "x": 0.0825061264038086,
            "y": 0.1308142852783203,
            "z": 0.8968370971679688
        },
        "orientation": {
            "x": -0.5106215092844774,
            "y": 0.01486651828814522,
            "z": -0.00598981529582281,
            "w": 0.8596562004678107
        }
    }
}