{
    "header": {
        "seq": 4513,
        "stamp": {
            "secs": 1681165267,
            "nsecs": 205560928
        },
        "frame_id": "atracsys"
    },
    "pose": {
        "position": {
            "x": 0.29145462036132813,
            "y": 0.09813023376464844,
            "z": 0.8304432983398438
        },
        "orientation": {
            "x": -0.5005226427224492,
            "y": 0.0754147795300933,
            "z": 0.04388711240282479,
            "w": 0.8613150506728098
        }
    }
}