{
    "header": {
        "seq": 14030,
        "stamp": {
            "secs": 1681165366,
            "nsecs": 636099206
        },
        "frame_id": "atracsys"
    },
    "pose": {
        "position": {
            "x": 0.08253948211669922,
            "y": 0.1307959442138672,
            "z": 0.89671337890625
        },
        "orientation": {
            "x": -0.5097981607338201,
            "y": 0.01475263298408626,
            "z": -0.005599016967869781,
            "w": 0.8601493161896047
        }
    }
}