{
    "header": {
        "seq": 41839,
        "stamp": {
            "secs": 1681165646,
            "nsecs": 479360854
        },
        "frame_id": "atracsys"
    },
    "pose": {
        "position": {
            "x": 0.08250201416015625,
            "y": 0.1308609313964844,
            "z": 0.8971801147460937
        },
        "orientation": {
            "x": -0.5110282693643508,
            "y": 0.014629812771805138,
            "z": -0.005983344493154911,
            "w": 0.8594185686133472
        }
    }
}