{
    "header": {
        "seq": 11930,
        "stamp": {
            "secs": 1681165345,
            "nsecs": 510571342
        },
        "frame_id": "atracsys"
    },
    "pose": {
        "position": {
            "x": 0.08253627777099609,
            "y": 0.13087420654296875,
            "z": 0.8966625366210937
        },
        "orientation": {
            "x": -0.5098627984913888,
            "y": 0.014719662941601114,
            "z": -0.005576091786976953,
            "w": 0.8601117168355507
        }
    }
}