{
    "header": {
        "seq": 23050,
        "stamp": {
            "secs": 1681165457,
            "nsecs": 409707265
        },
        "frame_id": "atracsys"
    },
    "pose": {
        "position": {
            "x": 0.08247967529296875,
            "y": 0.13083218383789064,
            "z": 0.8968817749023438
        },
        "orientation": {
            "x": -0.510784432100425,
            "y": 0.015065567421528583,
            "z": -0.005988842137454448,
            "w": 0.8595559472029533
        }
    }
}