{
    "header": {
        "seq": 18289,
        "stamp": {
            "secs": 1681165409,
            "nsecs": 501901727
        },
        "frame_id": "atracsys"
    },
    "pose": {
        "position": {
            "x": 0.08256077575683594,
            "y": 0.13070381164550782,
            "z": 0.8967066040039062
        },
        "orientation": {
            "x": -0.509618973292584,
            "y": 0.014787770631683687,
            "z": -0.005593302936170996,
            "w": 0.8602549266712871
        }
    }
}