{
    "header": {
        "seq": 22534,
        "stamp": {
            "secs": 1681165452,
            "nsecs": 218554490
        },
        "frame_id": "atracsys"
    },
    "pose": {
        "position": {
            "x": 0.08249935150146484,
            "y": 0.1308377685546875,
            "z": 0.8968710327148438
        },
        "orientation": {
            "x": -0.5108260625894837,
            "y": 0.014945953063961978,
            "z": -0.00605002598771197,
            "w": 0.8595328669992106
        }
    }
}