{
    "header": {
        "seq": 18994,
        "stamp": {
            "secs": 1681165416,
            "nsecs": 597450064
        },
        "frame_id": "atracsys"
    },
    "pose": {
        "position": {
            "x": 0.08254685211181641,
            "y": 0.13070274353027345,
            "z": 0.8967244262695313
        },
        "orientation": {
            "x": -0.509695532613864,
            "y": 0.014816498593148328,
            "z": -0.005580605712743405,
            "w": 0.8602091561026235
        }
    }
}