{
    "header": {
        "seq": 15180,
        "stamp": {
            "secs": 1681165378,
            "nsecs": 221174284
        },
        "frame_id": "atracsys"
    },
    "pose": {
        "position": {
            "x": 0.0825428466796875,
            "y": 0.13077546691894532,
            "z": 0.8967041015625
        },
        "orientation": {
            "x": -0.5097448336407562,
            "y": 0.014806186164807928,
            "z": -0.0055808174577173224,
            "w": 0.8601801182916949
        }
    }
}