{
    "header": {
        "seq": 26820,
        "stamp": {
            "secs": 1681165495,
            "nsecs": 338294070
        },
        "frame_id": "atracsys"
    },
    "pose": {
        "position": {
            "x": 0.08251622772216798,
            "y": 0.1308114013671875,
            "z": 0.8968399658203126
        },
        "orientation": {
            "x": -0.5105690107931451,
            "y": 0.014971849594583074,
            "z": -0.0059533154125125535,
            "w": 0.8596858071255019
        }
    }
}