{
    "header": {
        "seq": 25323,
        "stamp": {
            "secs": 1681165480,
            "nsecs": 281385907
        },
        "frame_id": "atracsys"
    },
    "pose": {
        "position": {
            "x": 0.08249825286865234,
            "y": 0.13080905151367186,
            "z": 0.8968419799804688
        },
        "orientation": {
            "x": -0.5107220576343855,
            "y": 0.014833103838758691,
            "z": -0.006042632787724299,
            "w": 0.859596676043597
        }
    }
}