{
    "header": {
        "seq": 29781,
        "stamp": {
            "secs": 1681165525,
            "nsecs": 135357348
        },
        "frame_id": "atracsys"
    },
    "pose": {
        "position": {
            "x": 0.0825036849975586,
            "y": 0.13089624023437502,
            "z": 0.8971386718750001
        },
        "orientation": {
            "x": -0.5108430470357284,
            "y": 0.014821502567397749,
            "z": -0.005815015498056776,
            "w": 0.8595265498817674
        }
    }
}