{
    "header": {
        "seq": 34598,
        "stamp": {
            "secs": 1681165573,
            "nsecs": 598342531
        },
        "frame_id": "atracsys"
    },
    "pose": {
        "position": {
            "x": 0.08249449157714844,
            "y": 0.13090332031250002,
            "z": 0.8971917114257812
        },
        "orientation": {
            "x": -0.5110501980054365,
            "y": 0.014644992303487517,
            "z": -0.005919221599381124,
            "w": 0.8594057145113083
        }
    }
}