{
    "header": {
        "seq": 33870,
        "stamp": {
            "secs": 1681165566,
            "nsecs": 272947806
        },
        "frame_id": "atracsys"
    },
    "pose": {
        "position": {
            "x": 0.08248478698730469,
            "y": 0.13089303588867188,
            "z": 0.8971600341796875
        },
        "orientation": {
            "x": -0.511043242777434,
            "y": 0.014794691722158658,
            "z": -0.005896776465827092,
            "w": 0.8594074407030016
        }
    }
}