{
    "header": {
        "seq": 22082,
        "stamp": {
            "secs": 1681165447,
            "nsecs": 666240930
        },
        "frame_id": "atracsys"
    },
    "pose": {
        "position": {
            "x": 0.082495849609375,
            "y": 0.1308384704589844,
            "z": 0.8968779907226563
        },
        "orientation": {
            "x": -0.5108512452914264,
            "y": 0.01500453426538253,
            "z": -0.006019774790543588,
            "w": 0.8595170920040793
        }
    }
}