{
    "header": {
        "seq": 15225,
        "stamp": {
            "secs": 1681165378,
            "nsecs": 671876953
        },
        "frame_id": "atracsys"
    },
    "pose": {
        "position": {
            "x": 0.08254165649414062,
            "y": 0.13076931762695312,
            "z": 0.89670458984375
        },
        "orientation": {
            "x": -0.509776144419056,
            "y": 0.014801340918734212,
            "z": -0.005575264194927766,
            "w": 0.8601616820792506
        }
    }
}