{
    "header": {
        "seq": 34616,
        "stamp": {
            "secs": 1681165573,
            "nsecs": 780434878
        },
        "frame_id": "atracsys"
    },
    "pose": {
        "position": {
            "x": 0.08248995971679687,
            "y": 0.1309109649658203,
            "z": 0.8972156982421875
        },
        "orientation": {
            "x": -0.5110272832024088,
            "y": 0.014723103165202802,
            "z": -0.005868824914807559,
            "w": 0.8594183515320529
        }
    }
}