{
    "header": {
        "seq": 16662,
        "stamp": {
            "secs": 1681165393,
            "nsecs": 128667303
        },
        "frame_id": "atracsys"
    },
    "pose": {
        "position": {
            "x": 0.08254049682617187,
            "y": 0.13072961425781252,
            "z": 0.8966853637695312
        },
        "orientation": {
            "x": -0.5097085752812393,
            "y": 0.01473614175582399,
            "z": -0.005619920684309642,
            "w": 0.8602025522529119
        }
    }
}