{
    "header": {
        "seq": 3479,
        "stamp": {
            "secs": 1681165256,
            "nsecs": 802574370
        },
        "frame_id": "atracsys"
    },
    "pose": {
        "position": {
            "x": 0.291461181640625,
            "y": 0.09812600708007813,
            "z": 0.8304669189453125
        },
        "orientation": {
            "x": -0.5006202122582739,
            "y": 0.0754576639681896,
            "z": 0.04392020950496809,
            "w": 0.8612529008508385
        }
    }
}