{
    "header": {
        "seq": 41440,
        "stamp": {
            "secs": 1681165642,
            "nsecs": 455554919
        },
        "frame_id": "atracsys"
    },
    "pose": {
        "position": {
            "x": 0.08251069641113282,
            "y": 0.1308642578125,
            "z": 0.8971481323242188
        },
        "orientation": {
            "x": -0.5108820171362223,
            "y": 0.014730050788347517,
            "z": -0.0058757800915546785,
            "w": 0.8595045464562204
        }
    }
}