{
    "header": {
        "seq": 20357,
        "stamp": {
            "secs": 1681165430,
            "nsecs": 308058176
        },
        "frame_id": "atracsys"
    },
    "pose": {
        "position": {
            "x": 0.08254048156738282,
            "y": 0.13067646789550783,
            "z": 0.8967105102539062
        },
        "orientation": {
            "x": -0.5097072553527233,
            "y": 0.014801926312931084,
            "z": -0.00562347052665185,
            "w": 0.8602021816976845
        }
    }
}