{
    "header": {
        "seq": 38784,
        "stamp": {
            "secs": 1681165615,
            "nsecs": 723990004
        },
        "frame_id": "atracsys"
    },
    "pose": {
        "position": {
            "x": 0.08248068237304687,
            "y": 0.13087428283691407,
            "z": 0.8971535034179687
        },
        "orientation": {
            "x": -0.5109836773553573,
            "y": 0.014800982542864867,
            "z": -0.0058985016315608076,
            "w": 0.8594427380987429
        }
    }
}