{
    "header": {
        "seq": 30933,
        "stamp": {
            "secs": 1681165536,
            "nsecs": 720514005
        },
        "frame_id": "atracsys"
    },
    "pose": {
        "position": {
            "x": 0.082505859375,
            "y": 0.13090505981445313,
            "z": 0.8970836181640626
        },
        "orientation": {
            "x": -0.5108925689331628,
            "y": 0.01476127557735985,
            "z": -0.005828130663662543,
            "w": 0.8594980632003599
        }
    }
}