{
    "header": {
        "seq": 39948,
        "stamp": {
            "secs": 1681165627,
            "nsecs": 443518666
        },
        "frame_id": "atracsys"
    },
    "pose": {
        "position": {
            "x": 0.0825108642578125,
            "y": 0.13086300659179687,
            "z": 0.8971413574218751
        },
        "orientation": {
            "x": -0.5110825312626445,
            "y": 0.014517839410335463,
            "z": -0.005999329775800185,
            "w": 0.8593880884788111
        }
    }
}