{
    "header": {
        "seq": 38760,
        "stamp": {
            "secs": 1681165615,
            "nsecs": 482199821
        },
        "frame_id": "atracsys"
    },
    "pose": {
        "position": {
            "x": 0.0824765625,
            "y": 0.13087547302246094,
            "z": 0.8971873779296875
        },
        "orientation": {
            "x": -0.5110163474680293,
            "y": 0.014706563397456704,
            "z": -0.005936559432356534,
            "w": 0.8594246720193558
        }
    }
}