{
    "header": {
        "seq": 36327,
        "stamp": {
            "secs": 1681165590,
            "nsecs": 992453616
        },
        "frame_id": "atracsys"
    },
    "pose": {
        "position": {
            "x": 0.08249372863769532,
            "y": 0.1308813018798828,
            "z": 0.8971115112304687
        },
        "orientation": {
            "x": -0.5111245148548531,
            "y": 0.014666875803677409,
            "z": -0.005962341463067564,
            "w": 0.8593608459505403
        }
    }
}