{
    "header": {
        "seq": 28260,
        "stamp": {
            "secs": 1681165509,
            "nsecs": 827831748
        },
        "frame_id": "atracsys"
    },
    "pose": {
        "position": {
            "x": 0.08251795196533203,
            "y": 0.13079751586914062,
            "z": 0.8968511962890625
        },
        "orientation": {
            "x": -0.5104655488634797,
            "y": 0.014960602420426196,
            "z": -0.005907404840257784,
            "w": 0.8597477574072396
        }
    }
}