{
    "header": {
        "seq": 25771,
        "stamp": {
            "secs": 1681165484,
            "nsecs": 785912160
        },
        "frame_id": "atracsys"
    },
    "pose": {
        "position": {
            "x": 0.0824996566772461,
            "y": 0.13081207275390624,
            "z": 0.8968502807617188
        },
        "orientation": {
            "x": -0.5106259107687776,
            "y": 0.01487219523526394,
            "z": -0.006017034361303558,
            "w": 0.8596532977648231
        }
    }
}