{
    "header": {
        "seq": 12414,
        "stamp": {
            "secs": 1681165350,
            "nsecs": 379294736
        },
        "frame_id": "atracsys"
    },
    "pose": {
        "position": {
            "x": 0.08255060577392578,
            "y": 0.13084809875488282,
            "z": 0.8966644897460938
        },
        "orientation": {
            "x": -0.5097582996884981,
            "y": 0.014736527663291036,
            "z": -0.005562344173865162,
            "w": 0.8601734540070461
        }
    }
}