{
    "header": {
        "seq": 13617,
        "stamp": {
            "secs": 1681165362,
            "nsecs": 480742297
        },
        "frame_id": "atracsys"
    },
    "pose": {
        "position": {
            "x": 0.08253761291503907,
            "y": 0.13080963134765625,
            "z": 0.8967048339843751
        },
        "orientation": {
            "x": -0.5097497774572303,
            "y": 0.014817163386926107,
            "z": -0.005552905146287601,
            "w": 0.8601771801762156
        }
    }
}