{
    "header": {
        "seq": 23952,
        "stamp": {
            "secs": 1681165466,
            "nsecs": 487389326
        },
        "frame_id": "atracsys"
    },
    "pose": {
        "position": {
            "x": 0.08248404693603516,
            "y": 0.1308297882080078,
            "z": 0.8968827514648438
        },
        "orientation": {
            "x": -0.5107035023844494,
            "y": 0.014955265888460884,
            "z": -0.005999815556102341,
            "w": 0.8596058834650652
        }
    }
}