{
    "header": {
        "seq": 34117,
        "stamp": {
            "secs": 1681165568,
            "nsecs": 759539881
        },
        "frame_id": "atracsys"
    },
    "pose": {
        "position": {
            "x": 0.08251368713378907,
            "y": 0.1308892059326172,
            "z": 0.8971613159179688
        },
        "orientation": {
            "x": -0.5110131377301461,
            "y": 0.01436604835281666,
            "z": -0.006059086249139875,
            "w": 0.8594314848757525
        }
    }
}