{
    "header": {
        "seq": 38485,
        "stamp": {
            "secs": 1681165612,
            "nsecs": 712067617
        },
        "frame_id": "atracsys"
    },
    "pose": {
        "position": {
            "x": 0.08247908782958985,
            "y": 0.13086863708496094,
            "z": 0.8971668701171875
        },
        "orientation": {
            "x": -0.5111365200812754,
            "y": 0.014680838335047613,
            "z": -0.005938784081365241,
            "w": 0.8593536301596796
        }
    }
}