{
    "header": {
        "seq": 18886,
        "stamp": {
            "secs": 1681165415,
            "nsecs": 510870804
        },
        "frame_id": "atracsys"
    },
    "pose": {
        "position": {
            "x": 0.08255257415771484,
            "y": 0.13069505310058593,
            "z": 0.8967022094726562
        },
        "orientation": {
            "x": -0.5097464739497298,
            "y": 0.014862140047997387,
            "z": -0.005576380929998097,
            "w": 0.8601782100615748
        }
    }
}