{
    "header": {
        "seq": 4137,
        "stamp": {
            "secs": 1681165263,
            "nsecs": 423516983
        },
        "frame_id": "atracsys"
    },
    "pose": {
        "position": {
            "x": 0.291459228515625,
            "y": 0.09812892150878906,
            "z": 0.8304478759765626
        },
        "orientation": {
            "x": -0.5005387271187127,
            "y": 0.07537607010839953,
            "z": 0.043885880570480956,
            "w": 0.8613091548311478
        }
    }
}