{
    "header": {
        "seq": 36283,
        "stamp": {
            "secs": 1681165590,
            "nsecs": 550723430
        },
        "frame_id": "atracsys"
    },
    "pose": {
        "position": {
            "x": 0.08249169158935547,
            "y": 0.13089753723144532,
            "z": 0.8971685791015626
        },
        "orientation": {
            "x": -0.5111245028859893,
            "y": 0.01466757442737368,
            "z": -0.005962846547942374,
            "w": 0.8593608376409838
        }
    }
}