{
    "header": {
        "seq": 22292,
        "stamp": {
            "secs": 1681165449,
            "nsecs": 782763619
        },
        "frame_id": "atracsys"
    },
    "pose": {
        "position": {
            "x": 0.0824947280883789,
            "y": 0.13083288574218752,
            "z": 0.8968677978515626
        },
        "orientation": {
            "x": -0.5107951749131593,
            "y": 0.014984790736871891,
            "z": -0.006023605284590568,
            "w": 0.8595507323662651
        }
    }
}