{
    "header": {
        "seq": 21626,
        "stamp": {
            "secs": 1681165443,
            "nsecs": 75206742
        },
        "frame_id": "atracsys"
    },
    "pose": {
        "position": {
            "x": 0.08249664306640625,
            "y": 0.13081918334960937,
            "z": 0.896872802734375
        },
        "orientation": {
            "x": -0.5108196505823379,
            "y": 0.015069480321154731,
            "z": -0.006024524910965117,
            "w": 0.8595346999635243
        }
    }
}