{
    "header": {
        "seq": 14432,
        "stamp": {
            "secs": 1681165370,
            "nsecs": 686782213
        },
        "frame_id": "atracsys"
    },
    "pose": {
        "position": {
            "x": 0.08254512786865234,
            "y": 0.1307910614013672,
            "z": 0.8967114257812501
        },
        "orientation": {
            "x": -0.5097796599530903,
            "y": 0.01477759976458916,
            "z": -0.005575382496738336,
            "w": 0.8601600060182549
        }
    }
}