{
    "header": {
        "seq": 32343,
        "stamp": {
            "secs": 1681165550,
            "nsecs": 911681353
        },
        "frame_id": "atracsys"
    },
    "pose": {
        "position": {
            "x": 0.08247459411621094,
            "y": 0.13091854858398438,
            "z": 0.8971764526367187
        },
        "orientation": {
            "x": -0.5110281010750438,
            "y": 0.014728084183841932,
            "z": -0.005907978065773134,
            "w": 0.8594175115990381
        }
    }
}