{
    "header": {
        "seq": 19241,
        "stamp": {
            "secs": 1681165419,
            "nsecs": 84042413
        },
        "frame_id": "atracsys"
    },
    "pose": {
        "position": {
            "x": 0.08254093933105469,
            "y": 0.13069119262695314,
            "z": 0.8967075805664063
        },
        "orientation": {
            "x": -0.5096991428407328,
            "y": 0.01484191483246974,
            "z": -0.0056034478075643315,
            "w": 0.8602064302969352
        }
    }
}