{
    "header": {
        "seq": 31464,
        "stamp": {
            "secs": 1681165542,
            "nsecs": 63886397
        },
        "frame_id": "atracsys"
    },
    "pose": {
        "position": {
            "x": 0.08251721954345703,
            "y": 0.13090748596191407,
            "z": 0.897096923828125
        },
        "orientation": {
            "x": -0.5110615546705912,
            "y": 0.014590509201268781,
            "z": -0.005944531627966487,
            "w": 0.8593997131269304
        }
    }
}