{
    "header": {
        "seq": 32646,
        "stamp": {
            "secs": 1681165553,
            "nsecs": 959479032
        },
        "frame_id": "atracsys"
    },
    "pose": {
        "position": {
            "x": 0.08249431610107422,
            "y": 0.13090635681152343,
            "z": 0.8971479492187501
        },
        "orientation": {
            "x": -0.5109961244829551,
            "y": 0.014744977960589196,
            "z": -0.005912646001420736,
            "w": 0.859436202987519
        }
    }
}