{
    "header": {
        "seq": 20014,
        "stamp": {
            "secs": 1681165426,
            "nsecs": 857208830
        },
        "frame_id": "atracsys"
    },
    "pose": {
        "position": {
            "x": 0.08253871154785157,
            "y": 0.1306831817626953,
            "z": 0.8966981811523438
        },
        "orientation": {
            "x": -0.5096269252088659,
            "y": 0.014840051417988305,
            "z": -0.005549797455562152,
            "w": 0.8602495973403711
        }
    }
}