{
    "header": {
        "seq": 18951,
        "stamp": {
            "secs": 1681165416,
            "nsecs": 164709474
        },
        "frame_id": "atracsys"
    },
    "pose": {
        "position": {
            "x": 0.08255241394042968,
            "y": 0.13070065307617187,
            "z": 0.8967021484375001
        },
        "orientation": {
            "x": -0.5097992183661639,
            "y": 0.014852093871065827,
            "z": -0.005585729255658419,
            "w": 0.860147064105654
        }
    }
}