{
    "header": {
        "seq": 25455,
        "stamp": {
            "secs": 1681165481,
            "nsecs": 606752517
        },
        "frame_id": "atracsys"
    },
    "pose": {
        "position": {
            "x": 0.08249874114990234,
            "y": 0.13080999755859377,
            "z": 0.89681787109375
        },
        "orientation": {
            "x": -0.5107270996364736,
            "y": 0.01500172828265904,
            "z": -0.005972907069369891,
            "w": 0.8595912413621893
        }
    }
}