{
    "header": {
        "seq": 40881,
        "stamp": {
            "secs": 1681165636,
            "nsecs": 831644688
        },
        "frame_id": "atracsys"
    },
    "pose": {
        "position": {
            "x": 0.08250295257568359,
            "y": 0.13085972595214845,
            "z": 0.8971704711914062
        },
        "orientation": {
            "x": -0.5110766032877067,
            "y": 0.014590150912520401,
            "z": -0.005976737377778434,
            "w": 0.8593905466541782
        }
    }
}