{
    "header": {
        "seq": 22875,
        "stamp": {
            "secs": 1681165455,
            "nsecs": 648412740
        },
        "frame_id": "atracsys"
    },
    "pose": {
        "position": {
            "x": 0.08249575805664063,
            "y": 0.13082998657226563,
            "z": 0.8968759155273438
        },
        "orientation": {
            "x": -0.5106802548578071,
            "y": 0.015068666317936958,
            "z": -0.005962467994811669,
            "w": 0.8596179742008508
        }
    }
}