{
    "header": {
        "seq": 26737,
        "stamp": {
            "secs": 1681165494,
            "nsecs": 505469622
        },
        "frame_id": "atracsys"
    },
    "pose": {
        "position": {
            "x": 0.08251961517333985,
            "y": 0.13080903625488283,
            "z": 0.8968182373046876
        },
        "orientation": {
            "x": -0.5105984773699107,
            "y": 0.014908578254304887,
            "z": -0.0059658163504510585,
            "w": 0.8596693191205772
        }
    }
}