{
    "header": {
        "seq": 23705,
        "stamp": {
            "secs": 1681165464,
            "nsecs": 712088
        },
        "frame_id": "atracsys"
    },
    "pose": {
        "position": {
            "x": 0.08249092102050781,
            "y": 0.13083065795898438,
            "z": 0.8968656616210938
        },
        "orientation": {
            "x": -0.5107080378937815,
            "y": 0.014938236626496364,
            "z": -0.00601343292364536,
            "w": 0.8596033897918549
        }
    }
}