{
    "header": {
        "seq": 30002,
        "stamp": {
            "secs": 1681165527,
            "nsecs": 359293138
        },
        "frame_id": "atracsys"
    },
    "pose": {
        "position": {
            "x": 0.08249961853027343,
            "y": 0.13089915466308594,
            "z": 0.897120849609375
        },
        "orientation": {
            "x": -0.5107523555068639,
            "y": 0.014798893659623703,
            "z": -0.0058267381380910825,
            "w": 0.8595807543292902
        }
    }
}