{
    "header": {
        "seq": 37417,
        "stamp": {
            "secs": 1681165601,
            "nsecs": 956687754
        },
        "frame_id": "atracsys"
    },
    "pose": {
        "position": {
            "x": 0.08248452758789063,
            "y": 0.13087391662597656,
            "z": 0.8972220458984376
        },
        "orientation": {
            "x": -0.511133434777003,
            "y": 0.014738566701632492,
            "z": -0.005917142278410418,
            "w": 0.8593546264097854
        }
    }
}