{
    "header": {
        "seq": 28870,
        "stamp": {
            "secs": 1681165515,
            "nsecs": 974248582
        },
        "frame_id": "atracsys"
    },
    "pose": {
        "position": {
            "x": 0.08252101135253906,
            "y": 0.13079812622070314,
            "z": 0.8968264770507812
        },
        "orientation": {
            "x": -0.5105476295042237,
            "y": 0.014898550109200149,
            "z": -0.005940544156756028,
            "w": 0.8596998668997123
        }
    }
}