{
    "header": {
        "seq": 36400,
        "stamp": {
            "secs": 1681165591,
            "nsecs": 726874038
        },
        "frame_id": "atracsys"
    },
    "pose": {
        "position": {
            "x": 0.08249681854248048,
            "y": 0.13088287353515626,
            "z": 0.8971557006835937
        },
        "orientation": {
            "x": -0.5110830347171991,
            "y": 0.014631094679193152,
            "z": -0.005979460785881963,
            "w": 0.859386006833633
        }
    }
}