{
    "header": {
        "seq": 33079,
        "stamp": {
            "secs": 1681165558,
            "nsecs": 317697978
        },
        "frame_id": "atracsys"
    },
    "pose": {
        "position": {
            "x": 0.08250125885009765,
            "y": 0.130909912109375,
            "z": 0.8971786499023438
        },
        "orientation": {
            "x": -0.5110356084051556,
            "y": 0.014738285801273574,
            "z": -0.0058944300975712766,
            "w": 0.8594129656733352
        }
    }
}