{
    "header": {
        "seq": 26842,
        "stamp": {
            "secs": 1681165495,
            "nsecs": 562198692
        },
        "frame_id": "atracsys"
    },
    "pose": {
        "position": {
            "x": 0.08251502990722656,
            "y": 0.13081109619140624,
            "z": 0.8968269653320313
        },
        "orientation": {
            "x": -0.5105152920029209,
            "y": 0.014908119855628905,
            "z": -0.005972975458574852,
            "w": 0.8597186796608027
        }
    }
}