{
    "header": {
        "seq": 26675,
        "stamp": {
            "secs": 1681165493,
            "nsecs": 881532693
        },
        "frame_id": "atracsys"
    },
    "pose": {
        "position": {
            "x": 0.08251095581054688,
            "y": 0.1308084716796875,
            "z": 0.8968480834960938
        },
        "orientation": {
            "x": -0.5106014908557437,
            "y": 0.014917110339719894,
            "z": -0.0059822682025888535,
            "w": 0.8596672669249171
        }
    }
}