{
    "header": {
        "seq": 27120,
        "stamp": {
            "secs": 1681165498,
            "nsecs": 356243191
        },
        "frame_id": "atracsys"
    },
    "pose": {
        "position": {
            "x": 0.08252408599853515,
            "y": 0.1308065643310547,
            "z": 0.8968306274414063
        },
        "orientation": {
            "x": -0.5105662594726966,
            "y": 0.014944567244208186,
            "z": -0.0059171386207482034,
            "w": 0.8596881655975527
        }
    }
}