{
    "header": {
        "seq": 23491,
        "stamp": {
            "secs": 1681165461,
            "nsecs": 848512642
        },
        "frame_id": "atracsys"
    },
    "pose": {
        "position": {
            "x": 0.0824783706665039,
            "y": 0.1308291931152344,
            "z": 0.8968642578125
        },
        "orientation": {
            "x": -0.5106599666350614,
            "y": 0.014895404468799995,
            "z": -0.006029125857372099,
            "w": 0.8596325814226592
        }
    }
}