{
    "header": {
        "seq": 12228,
        "stamp": {
            "secs": 1681165348,
            "nsecs": 507630278
        },
        "frame_id": "atracsys"
    },
    "pose": {
        "position": {
            "x": 0.08254180145263672,
            "y": 0.1308547821044922,
            "z": 0.8966808471679688
        },
        "orientation": {
            "x": -0.5097524271278658,
            "y": 0.014762828768511522,
            "z": -0.0055605931253781965,
            "w": 0.8601764945219647
        }
    }
}