{
    "header": {
        "seq": 13082,
        "stamp": {
            "secs": 1681165357,
            "nsecs": 98644862
        },
        "frame_id": "atracsys"
    },
    "pose": {
        "position": {
            "x": 0.0825470199584961,
            "y": 0.1308290252685547,
            "z": 0.8966739501953125
        },
        "orientation": {
            "x": -0.5097870432996939,
            "y": 0.014808435376805776,
            "z": -0.005541859484959769,
            "w": 0.8601553165091153
        }
    }
}