{
    "header": {
        "seq": 11279,
        "stamp": {
            "secs": 1681165338,
            "nsecs": 961305295
        },
        "frame_id": "atracsys"
    },
    "pose": {
        "position": {
            "x": 0.08253441619873048,
            "y": 0.13091392517089845,
            "z": 0.896692626953125
        },
        "orientation": {
            "x": -0.5097578046267848,
            "y": 0.01481379236659283,
            "z": -0.005558966110105578,
            "w": 0.8601724420565838
        }
    }
}