{
    "header": {
        "seq": 32667,
        "stamp": {
            "secs": 1681165554,
            "nsecs": 171491026
        },
        "frame_id": "atracsys"
    },
    "pose": {
        "position": {
            "x": 0.08250018310546875,
            "y": 0.13090669250488282,
            "z": 0.8971639404296875
        },
        "orientation": {
            "x": -0.5109983565589455,
            "y": 0.014666191021793609,
            "z": -0.005910967725898799,
            "w": 0.8594362355029677
        }
    }
}