{
    "header": {
        "seq": 12258,
        "stamp": {
            "secs": 1681165348,
            "nsecs": 808999619
        },
        "frame_id": "atracsys"
    },
    "pose": {
        "position": {
            "x": 0.0825511703491211,
            "y": 0.13085537719726562,
            "z": 0.8966600341796875
        },
        "orientation": {
            "x": -0.5098221967238683,
            "y": 0.01474012470626486,
            "z": -0.0055558234473467695,
            "w": 0.8601355644763883
        }
    }
}