{
    "header": {
        "seq": 23913,
        "stamp": {
            "secs": 1681165466,
            "nsecs": 93352648
        },
        "frame_id": "atracsys"
    },
    "pose": {
        "position": {
            "x": 0.0824847640991211,
            "y": 0.130827392578125,
            "z": 0.8968770141601563
        },
        "orientation": {
            "x": -0.5106373581830889,
            "y": 0.015010575350558669,
            "z": -0.005968563092685087,
            "w": 0.8596444307445082
        }
    }
}