{
    "header": {
        "seq": 22675,
        "stamp": {
            "secs": 1681165453,
            "nsecs": 636541270
        },
        "frame_id": "atracsys"
    },
    "pose": {
        "position": {
            "x": 0.08249754333496094,
            "y": 0.13083055114746095,
            "z": 0.8968508911132813
        },
        "orientation": {
            "x": -0.5107927112852286,
            "y": 0.014981375288186785,
            "z": -0.0059934847127591775,
            "w": 0.859552466480876
        }
    }
}