{
    "header": {
        "seq": 24975,
        "stamp": {
            "secs": 1681165476,
            "nsecs": 779932813
        },
        "frame_id": "atracsys"
    },
    "pose": {
        "position": {
            "x": 0.08249373626708985,
            "y": 0.13081619262695313,
            "z": 0.8968768310546875
        },
        "orientation": {
            "x": -0.5105922916572798,
            "y": 0.015017237989959211,
            "z": -0.005978960264021912,
            "w": 0.8596710105019719
        }
    }
}