{
    "header": {
        "seq": 12909,
        "stamp": {
            "secs": 1681165355,
            "nsecs": 358051557
        },
        "frame_id": "atracsys"
    },
    "pose": {
        "position": {
            "x": 0.08254756927490235,
            "y": 0.13084144592285157,
            "z": 0.8966868896484376
        },
        "orientation": {
            "x": -0.5098332748148853,
            "y": 0.014918304515340697,
            "z": -0.005535890375907297,
            "w": 0.8601260547150418
        }
    }
}