{
    "header": {
        "seq": 27418,
        "stamp": {
            "secs": 1681165501,
            "nsecs": 356169843
        },
        "frame_id": "atracsys"
    },
    "pose": {
        "position": {
            "x": 0.08251671600341796,
            "y": 0.13080918884277343,
            "z": 0.896855712890625
        },
        "orientation": {
            "x": -0.5106243111792151,
            "y": 0.014928607809057437,
            "z": -0.005944315012947693,
            "w": 0.8596537760172186
        }
    }
}