{
    "header": {
        "seq": 3441,
        "stamp": {
            "secs": 1681165256,
            "nsecs": 417509389
        },
        "frame_id": "atracsys"
    },
    "pose": {
        "position": {
            "x": 0.2914637756347656,
            "y": 0.09812081909179687,
            "z": 0.8304645385742188
        },
        "orientation": {
            "x": -0.5005962849460018,
            "y": 0.07541217689636932,
            "z": 0.04390244034229978,
            "w": 0.8612716985980688
        }
    }
}