{
    "header": {
        "seq": 27975,
        "stamp": {
            "secs": 1681165506,
            "nsecs": 959146146
        },
        "frame_id": "atracsys"
    },
    "pose": {
        "position": {
            "x": 0.0825207977294922,
            "y": 0.1308009490966797,
            "z": 0.8968505859375
        },
        "orientation": {
            "x": -0.5105483097317117,
            "y": 0.014913741813330245,
            "z": -0.005939389634514188,
            "w": 0.8596992075057339
        }
    }
}