{
    "header": {
        "seq": 36697,
        "stamp": {
            "secs": 1681165594,
            "nsecs": 714883694
        },
        "frame_id": "atracsys"
    },
    "pose": {
        "position": {
            "x": 0.08248694610595703,
            "y": 0.13088758850097656,
            "z": 0.897158447265625
        },
        "orientation": {
            "x": -0.5110633839250469,
            "y": 0.014719139495363416,
            "z": -0.0059165216821341765,
            "w": 0.8593966251474234
        }
    }
}