{
    "header": {
        "seq": 26756,
        "stamp": {
            "secs": 1681165494,
            "nsecs": 696515211
        },
        "frame_id": "atracsys"
    },
    "pose": {
        "position": {
            "x": 0.08250947570800782,
            "y": 0.1308121795654297,
            "z": 0.8968270263671875
        },
        "orientation": {
            "x": -0.5106211897874022,
            "y": 0.014940362532917714,
            "z": -0.005958170864356068,
            "w": 0.8596553299476679
        }
    }
}