{
    "header": {
        "seq": 18240,
        "stamp": {
            "secs": 1681165409,
            "nsecs": 9391304
        },
        "frame_id": "atracsys"
    },
    "pose": {
        "position": {
            "x": 0.08254640197753907,
            "y": 0.13070628356933595,
            "z": 0.8967190551757813
        },
        "orientation": {
            "x": -0.5097019149944443,
            "y": 0.014797840381552043,
            "z": -0.005586355442527965,
            "w": 0.8602056582026814
        }
    }
}