{
    "header": {
        "seq": 15362,
        "stamp": {
            "secs": 1681165380,
            "nsecs": 51019757
        },
        "frame_id": "atracsys"
    },
    "pose": {
        "position": {
            "x": 0.08254064178466797,
            "y": 0.13076792907714843,
            "z": 0.8966889038085938
        },
        "orientation": {
            "x": -0.50983628838908,
            "y": 0.014794642319211813,
            "z": -0.005604660113629208,
            "w": 0.86012595902304
        }
    }
}