{
    "header": {
        "seq": 13950,
        "stamp": {
            "secs": 1681165365,
            "nsecs": 833051383
        },
        "frame_id": "atracsys"
    },
    "pose": {
        "position": {
            "x": 0.08254295349121094,
            "y": 0.13079069519042968,
            "z": 0.8967103881835937
        },
        "orientation": {
            "x": -0.509800102513414,
            "y": 0.014791222025488063,
            "z": -0.00557767280352866,
            "w": 0.8601476412770089
        }
    }
}