{
    "header": {
        "seq": 12066,
        "stamp": {
            "secs": 1681165346,
            "nsecs": 877701704
        },
        "frame_id": "atracsys"
    },
    "pose": {
        "position": {
            "x": 0.08254540252685547,
            "y": 0.13087405395507812,
            "z": 0.8966571655273438
        },
        "orientation": {
            "x": -0.5097495151443706,
            "y": 0.014709797102963999,
            "z": -0.005600393847669553,
            "w": 0.8601788705077682
        }
    }
}