{
    "header": {
        "seq": 13779,
        "stamp": {
            "secs": 1681165364,
            "nsecs": 110610368
        },
        "frame_id": "atracsys"
    },
    "pose": {
        "position": {
            "x": 0.08254174041748047,
            "y": 0.1307979736328125,
            "z": 0.8967139282226563
        },
        "orientation": {
            "x": -0.5098058948769432,
            "y": 0.014740227656981896,
            "z": -0.0055907811970562285,
            "w": 0.860144998475807
        }
    }
}