{
    "header": {
        "seq": 25102,
        "stamp": {
            "secs": 1681165478,
            "nsecs": 57588406
        },
        "frame_id": "atracsys"
    },
    "pose": {
        "position": {
            "x": 0.08249365997314453,
            "y": 0.13082009887695312,
            "z": 0.8968668212890625
        },
        "orientation": {
            "x": -0.5105850752825396,
            "y": 0.014978974107070608,
            "z": -0.005990178969684019,
            "w": 0.859675886011312
        }
    }
}