{
    "header": {
        "seq": 23576,
        "stamp": {
            "secs": 1681165462,
            "nsecs": 702256662
        },
        "frame_id": "atracsys"
    },
    "pose": {
        "position": {
            "x": 0.0824842300415039,
            "y": 0.13082833862304688,
            "z": 0.8968621826171875
        },
        "orientation": {
            "x": -0.5107104684283361,
            "y": 0.014933730654472836,
            "z": -0.006021818053701916,
            "w": 0.8596019653501132
        }
    }
}