{
    "header": {
        "seq": 3819,
        "stamp": {
            "secs": 1681165260,
            "nsecs": 223490980
        },
        "frame_id": "atracsys"
    },
    "pose": {
        "position": {
            "x": 0.29146627807617187,
            "y": 0.09812801361083985,
            "z": 0.8304537353515625
        },
        "orientation": {
            "x": -0.5006176083816726,
            "y": 0.07533811020826187,
            "z": 0.04387742277770208,
            "w": 0.8612670614268545
        }
    }
}