{
    "header": {
        "seq": 23643,
        "stamp": {
            "secs": 1681165463,
            "nsecs": 376808078
        },
        "frame_id": "atracsys"
    },
    "pose": {
        "position": {
            "x": 0.08248469543457032,
            "y": 0.13083062744140625,
            "z": 0.8968786621093751
        },
        "orientation": {
            "x": -0.5106606653391712,
            "y": 0.015003635285564585,
            "z": -0.005991448738079664,
            "w": 0.8596305475875038
        }
    }
}