{
    "header": {
        "seq": 4253,
        "stamp": {
            "secs": 1681165264,
            "nsecs": 590673947
        },
        "frame_id": "atracsys"
    },
    "pose": {
        "position": {
            "x": 0.29145623779296875,
            "y": 0.09812447357177735,
            "z": 0.83044873046875
        },
        "orientation": {
            "x": -0.5005427518493609,
            "y": 0.07542988258137948,
            "z": 0.04386923841230218,
            "w": 0.8613029526861922
        }
    }
}