{
    "header": {
        "seq": 28949,
        "stamp": {
            "secs": 1681165516,
            "nsecs": 768162631
        },
        "frame_id": "atracsys"
    },
    "pose": {
        "position": {
            "x": 0.08252356719970703,
            "y": 0.13079913330078125,
            "z": 0.8968240966796875
        },
        "orientation": {
            "x": -0.5105188425621673,
            "y": 0.01491815658014294,
            "z": -0.005952069323540211,
            "w": 0.8597165421602654
        }
    }
}