{
    "header": {
        "seq": 50859,
        "stamp": {
            "secs": 1666022003,
            "nsecs": 964188454
        },
        "frame_id": "atracsys"
    },
    "pose": {
        "position": {
            "x": 0.05768485260009766,
            "y": 0.058047393798828124,
            "z": 1.1693339843750001
        },
        "orientation": {
            "x": 0.01697158894352427,
            "y": 0.2645166771416028,
            "z": 0.026017560669462026,
            "w": 0.9638806872323504
        }
    }
}