{
    "header": {
        "seq": 61546,
        "stamp": {
            "secs": 1666022111,
            "nsecs": 595183427
        },
        "frame_id": "atracsys"
    },
    "pose": {
        "position": {
            "x": 0.057701515197753905,
            "y": 0.05801453399658203,
            "z": 1.169354736328125
        },
        "orientation": {
            "x": 0.01711571943957676,
            "y": 0.26481938167041197,
            "z": 0.026127138831336497,
            "w": 0.9637920521856644
        }
    }
}