{
    "header": {
        "seq": 40297,
        "stamp": {
            "secs": 1666021897,
            "nsecs": 542201536
        },
        "frame_id": "atracsys"
    },
    "pose": {
        "position": {
            "x": 0.0576908073425293,
            "y": 0.05807278442382813,
            "z": 1.1693265380859375
        },
        "orientation": {
            "x": 0.017020617452765018,
            "y": 0.2645561856224548,
            "z": 0.026037533116060736,
            "w": 0.9638684402446497
        }
    }
}