{
    "header": {
        "seq": 54453,
        "stamp": {
            "secs": 1666022040,
            "nsecs": 137724469
        },
        "frame_id": "atracsys"
    },
    "pose": {
        "position": {
            "x": 0.057663917541503906,
            "y": 0.05804000473022461,
            "z": 1.1693470458984376
        },
        "orientation": {
            "x": 0.016839290116305704,
            "y": 0.2646096872748122,
            "z": 0.02593403552990639,
            "w": 0.9638597291669772
        }
    }
}