{
    "header": {
        "seq": 35017,
        "stamp": {
            "secs": 1666021844,
            "nsecs": 371856287
        },
        "frame_id": "atracsys"
    },
    "pose": {
        "position": {
            "x": 0.0576197395324707,
            "y": 0.05808198928833008,
            "z": 1.1693251953125001
        },
        "orientation": {
            "x": 0.01673273280254871,
            "y": 0.26436130846476036,
            "z": 0.025812301543540396,
            "w": 0.9639330056226852
        }
    }
}