{
    "header": {
        "seq": 58400,
        "stamp": {
            "secs": 1666022079,
            "nsecs": 887481670
        },
        "frame_id": "atracsys"
    },
    "pose": {
        "position": {
            "x": 0.057656463623046876,
            "y": 0.05802602005004883,
            "z": 1.169397705078125
        },
        "orientation": {
            "x": 0.016877456439893128,
            "y": 0.26484245232871406,
            "z": 0.026000654717654337,
            "w": 0.9637933351413495
        }
    }
}