{
    "header": {
        "seq": 32420,
        "stamp": {
            "secs": 1666021818,
            "nsecs": 213649294
        },
        "frame_id": "atracsys"
    },
    "pose": {
        "position": {
            "x": 0.05764627838134766,
            "y": 0.05809459686279297,
            "z": 1.169339111328125
        },
        "orientation": {
            "x": 0.016833932658373848,
            "y": 0.264385985307939,
            "z": 0.02583951074221474,
            "w": 0.9639237465529141
        }
    }
}