{
    "header": {
        "seq": 32791,
        "stamp": {
            "secs": 1666021821,
            "nsecs": 944988467
        },
        "frame_id": "atracsys"
    },
    "pose": {
        "position": {
            "x": 0.05763471603393555,
            "y": 0.05809271621704102,
            "z": 1.1693297119140624
        },
        "orientation": {
            "x": 0.016831167332813243,
            "y": 0.26438049552851767,
            "z": 0.025840324830896256,
            "w": 0.9639252787446463
        }
    }
}