{
    "header": {
        "seq": 55580,
        "stamp": {
            "secs": 1666022051,
            "nsecs": 487138946
        },
        "frame_id": "atracsys"
    },
    "pose": {
        "position": {
            "x": 0.057674232482910155,
            "y": 0.058041259765625,
            "z": 1.1693427734375
        },
        "orientation": {
            "x": 0.016868739325358813,
            "y": 0.2646096206082722,
            "z": 0.025954599427522623,
            "w": 0.9638586790000265
        }
    }
}