{
    "header": {
        "seq": 45641,
        "stamp": {
            "secs": 1666021951,
            "nsecs": 384536603
        },
        "frame_id": "atracsys"
    },
    "pose": {
        "position": {
            "x": 0.057682750701904296,
            "y": 0.05804801559448242,
            "z": 1.1693380126953126
        },
        "orientation": {
            "x": 0.01686396753407874,
            "y": 0.26460508992124837,
            "z": 0.025957592246322835,
            "w": 0.9638599257109672
        }
    }
}