{
    "header": {
        "seq": 52667,
        "stamp": {
            "secs": 1666022022,
            "nsecs": 146457058
        },
        "frame_id": "atracsys"
    },
    "pose": {
        "position": {
            "x": 0.05767573928833008,
            "y": 0.05804478454589844,
            "z": 1.1693319091796874
        },
        "orientation": {
            "x": 0.016899278976455948,
            "y": 0.2645595154044213,
            "z": 0.02597509981660004,
            "w": 0.9638713458592758
        }
    }
}