{
    "header": {
        "seq": 58163,
        "stamp": {
            "secs": 1666022077,
            "nsecs": 496280979
        },
        "frame_id": "atracsys"
    },
    "pose": {
        "position": {
            "x": 0.05765903854370117,
            "y": 0.05802571868896485,
            "z": 1.1693968505859376
        },
        "orientation": {
            "x": 0.01682792326358832,
            "y": 0.2648685418684914,
            "z": 0.026005156545975388,
            "w": 0.9637869102452643
        }
    }
}