{
    "header": {
        "seq": 61258,
        "stamp": {
            "secs": 1666022108,
            "nsecs": 699563400
        },
        "frame_id": "atracsys"
    },
    "pose": {
        "position": {
            "x": 0.057698867797851563,
            "y": 0.05803136825561524,
            "z": 1.1693623046875001
        },
        "orientation": {
            "x": 0.017108554895883792,
            "y": 0.2648125078169244,
            "z": 0.02612575336961228,
            "w": 0.9637941056387282
        }
    }
}