{
    "header": {
        "seq": 55404,
        "stamp": {
            "secs": 1666022049,
            "nsecs": 713993498
        },
        "frame_id": "atracsys"
    },
    "pose": {
        "position": {
            "x": 0.05767310333251953,
            "y": 0.058034103393554685,
            "z": 1.169350830078125
        },
        "orientation": {
            "x": 0.016871155855837917,
            "y": 0.2645543961202378,
            "z": 0.025957469816332804,
            "w": 0.9638737185722405
        }
    }
}