{
    "header": {
        "seq": 46978,
        "stamp": {
            "secs": 1666021964,
            "nsecs": 850365052
        },
        "frame_id": "atracsys"
    },
    "pose": {
        "position": {
            "x": 0.057683723449707035,
            "y": 0.05805355453491211,
            "z": 1.169345458984375
        },
        "orientation": {
            "x": 0.01688830861816191,
            "y": 0.2645988720150373,
            "z": 0.02597377597298174,
            "w": 0.9638607705068679
        }
    }
}