{
    "header": {
        "seq": 60836,
        "stamp": {
            "secs": 1666022104,
            "nsecs": 442787272
        },
        "frame_id": "atracsys"
    },
    "pose": {
        "position": {
            "x": 0.05771091842651367,
            "y": 0.058037353515625,
            "z": 1.169362060546875
        },
        "orientation": {
            "x": 0.017104048088081185,
            "y": 0.26481622076807887,
            "z": 0.026147632426315775,
            "w": 0.9637925721209991
        }
    }
}