{
    "header": {
        "seq": 51468,
        "stamp": {
            "secs": 1666022010,
            "nsecs": 89771954
        },
        "frame_id": "atracsys"
    },
    "pose": {
        "position": {
            "x": 0.05767898178100586,
            "y": 0.05804779815673828,
            "z": 1.1693370361328126
        },
        "orientation": {
            "x": 0.01690279549290509,
            "y": 0.2645988061319473,
            "z": 0.025943423324390695,
            "w": 0.9638613521063518
        }
    }
}