{
    "header": {
        "seq": 46686,
        "stamp": {
            "secs": 1666021961,
            "nsecs": 909998147
        },
        "frame_id": "atracsys"
    },
    "pose": {
        "position": {
            "x": 0.05767894744873047,
            "y": 0.05804967498779297,
            "z": 1.16935302734375
        },
        "orientation": {
            "x": 0.016875936528080122,
            "y": 0.264560873737257,
            "z": 0.02596595050836485,
            "w": 0.9638716285210788
        }
    }
}