{
    "header": {
        "seq": 47196,
        "stamp": {
            "secs": 1666021967,
            "nsecs": 47371078
        },
        "frame_id": "atracsys"
    },
    "pose": {
        "position": {
            "x": 0.05768796920776367,
            "y": 0.0580572624206543,
            "z": 1.1693311767578125
        },
        "orientation": {
            "x": 0.017067043415771303,
            "y": 0.2645869621642773,
            "z": 0.026059184860862,
            "w": 0.9638585862905984
        }
    }
}