{
    "header": {
        "seq": 53554,
        "stamp": {
            "secs": 1666022031,
            "nsecs": 77902379
        },
        "frame_id": "atracsys"
    },
    "pose": {
        "position": {
            "x": 0.05766665649414063,
            "y": 0.05804624176025391,
            "z": 1.169347900390625
        },
        "orientation": {
            "x": 0.01679955541589153,
            "y": 0.26459163504409905,
            "z": 0.025918903419602964,
            "w": 0.9638657852875804
        }
    }
}