{
    "header": {
        "seq": 30650,
        "stamp": {
            "secs": 1666021800,
            "nsecs": 392697076
        },
        "frame_id": "atracsys"
    },
    "pose": {
        "position": {
            "x": 0.05766727828979493,
            "y": 0.058103492736816406,
            "z": 1.1693099365234376
        },
        "orientation": {
            "x": 0.016806003369107727,
            "y": 0.2643255826031454,
            "z": 0.025850096940867224,
            "w": 0.9639405153433551
        }
    }
}