{
    "header": {
        "seq": 46460,
        "stamp": {
            "secs": 1666021959,
            "nsecs": 635452479
        },
        "frame_id": "atracsys"
    },
    "pose": {
        "position": {
            "x": 0.057674724578857424,
            "y": 0.05805382919311523,
            "z": 1.169346435546875
        },
        "orientation": {
            "x": 0.016907181743818948,
            "y": 0.2645752493316792,
            "z": 0.02597000441445678,
            "w": 0.9638670258481065
        }
    }
}