{
    "header": {
        "seq": 54516,
        "stamp": {
            "secs": 1666022040,
            "nsecs": 773623245
        },
        "frame_id": "atracsys"
    },
    "pose": {
        "position": {
            "x": 0.057659862518310546,
            "y": 0.05804603958129883,
            "z": 1.1693367919921875
        },
        "orientation": {
            "x": 0.016853732642013945,
            "y": 0.26460413454086873,
            "z": 0.025955634824877893,
            "w": 0.9638604197189274
        }
    }
}