{
    "header": {
        "seq": 36832,
        "stamp": {
            "secs": 1666021862,
            "nsecs": 652469969
        },
        "frame_id": "atracsys"
    },
    "pose": {
        "position": {
            "x": 0.0576136589050293,
            "y": 0.05807110595703125,
            "z": 1.169373779296875
        },
        "orientation": {
            "x": 0.01668639202847999,
            "y": 0.2646281339341405,
            "z": 0.025842718567386253,
            "w": 0.9638597766006493
        }
    }
}