{
    "header": {
        "seq": 61497,
        "stamp": {
            "secs": 1666022111,
            "nsecs": 102650902
        },
        "frame_id": "atracsys"
    },
    "pose": {
        "position": {
            "x": 0.05770629119873047,
            "y": 0.05800450897216797,
            "z": 1.16935888671875
        },
        "orientation": {
            "x": 0.01716879019743567,
            "y": 0.2647775402439262,
            "z": 0.026171403650109986,
            "w": 0.9638014030164698
        }
    }
}