{
    "header": {
        "seq": 47691,
        "stamp": {
            "secs": 1666021972,
            "nsecs": 29624607
        },
        "frame_id": "atracsys"
    },
    "pose": {
        "position": {
            "x": 0.05768460845947266,
            "y": 0.05805666732788086,
            "z": 1.169338134765625
        },
        "orientation": {
            "x": 0.016907138102306533,
            "y": 0.2645530229030415,
            "z": 0.02596732574452519,
            "w": 0.963873199517307
        }
    }
}