{
    "header": {
        "seq": 42050,
        "stamp": {
            "secs": 1666021915,
            "nsecs": 216996681
        },
        "frame_id": "atracsys"
    },
    "pose": {
        "position": {
            "x": 0.057686222076416015,
            "y": 0.058059242248535155,
            "z": 1.1693372802734374
        },
        "orientation": {
            "x": 0.016819225842279295,
            "y": 0.2645856208131536,
            "z": 0.025942696165829504,
            "w": 0.9638664531026235
        }
    }
}