{
    "header": {
        "seq": 52191,
        "stamp": {
            "secs": 1666022017,
            "nsecs": 361328168
        },
        "frame_id": "atracsys"
    },
    "pose": {
        "position": {
            "x": 0.05767337036132813,
            "y": 0.05803318023681641,
            "z": 1.1693326416015626
        },
        "orientation": {
            "x": 0.016912593315919416,
            "y": 0.26458730236168304,
            "z": 0.025985175553637857,
            "w": 0.9638632134632718
        }
    }
}