{
    "header": {
        "seq": 63467,
        "stamp": {
            "secs": 1666022134,
            "nsecs": 666969465
        },
        "frame_id": "atracsys"
    },
    "pose": {
        "position": {
            "x": 0.057720500946044924,
            "y": 0.058019920349121096,
            "z": 1.169435791015625
        },
        "orientation": {
            "x": 0.01694629504353616,
            "y": 0.2649740199578522,
            "z": 0.025959399618497216,
            "w": 0.9637570759289503
        }
    }
}