{
    "header": {
        "seq": 54387,
        "stamp": {
            "secs": 1666022039,
            "nsecs": 472120070
        },
        "frame_id": "atracsys"
    },
    "pose": {
        "position": {
            "x": 0.05766363143920899,
            "y": 0.05804398727416992,
            "z": 1.169338134765625
        },
        "orientation": {
            "x": 0.0168885330019763,
            "y": 0.2645869260435837,
            "z": 0.025941270992533155,
            "w": 0.9638649212826143
        }
    }
}