{
    "header": {
        "seq": 30157,
        "stamp": {
            "secs": 1666021795,
            "nsecs": 437461631
        },
        "frame_id": "atracsys"
    },
    "pose": {
        "position": {
            "x": 0.05766924285888672,
            "y": 0.058097351074218755,
            "z": 1.1693070068359375
        },
        "orientation": {
            "x": 0.016847006914989086,
            "y": 0.2643505159045435,
            "z": 0.025859041519424465,
            "w": 0.9639327222740729
        }
    }
}