{
    "header": {
        "seq": 51741,
        "stamp": {
            "secs": 1666022012,
            "nsecs": 835911476
        },
        "frame_id": "atracsys"
    },
    "pose": {
        "position": {
            "x": 0.05767515182495117,
            "y": 0.058043560028076174,
            "z": 1.169338623046875
        },
        "orientation": {
            "x": 0.016877299815108153,
            "y": 0.2645951800223553,
            "z": 0.02595634517258676,
            "w": 0.9638624464129568
        }
    }
}