{
    "header": {
        "seq": 38303,
        "stamp": {
            "secs": 1666021877,
            "nsecs": 470500391
        },
        "frame_id": "atracsys"
    },
    "pose": {
        "position": {
            "x": 0.05760700225830078,
            "y": 0.05807041549682617,
            "z": 1.1693798828125
        },
        "orientation": {
            "x": 0.01669985737531101,
            "y": 0.26464723246653454,
            "z": 0.02583950481708908,
            "w": 0.9638543858396122
        }
    }
}