{
    "header": {
        "seq": 33997,
        "stamp": {
            "secs": 1666021834,
            "nsecs": 82409012
        },
        "frame_id": "atracsys"
    },
    "pose": {
        "position": {
            "x": 0.05762139511108399,
            "y": 0.05808687973022461,
            "z": 1.169322021484375
        },
        "orientation": {
            "x": 0.016853844424689183,
            "y": 0.26433386467677933,
            "z": 0.025874644753096934,
            "w": 0.9639367503483035
        }
    }
}