{
    "header": {
        "seq": 44661,
        "stamp": {
            "secs": 1666021941,
            "nsecs": 527660373
        },
        "frame_id": "atracsys"
    },
    "pose": {
        "position": {
            "x": 0.057680992126464846,
            "y": 0.0580644760131836,
            "z": 1.16934619140625
        },
        "orientation": {
            "x": 0.016847499735097568,
            "y": 0.2645784056888267,
            "z": 0.02595144537556403,
            "w": 0.9638677043447164
        }
    }
}