{
    "header": {
        "seq": 61200,
        "stamp": {
            "secs": 1666022108,
            "nsecs": 114457663
        },
        "frame_id": "atracsys"
    },
    "pose": {
        "position": {
            "x": 0.05770236206054687,
            "y": 0.058027481079101564,
            "z": 1.1693646240234374
        },
        "orientation": {
            "x": 0.017117167995717667,
            "y": 0.2648158965456246,
            "z": 0.02612963255538831,
            "w": 0.963792916449931
        }
    }
}