{
    "header": {
        "seq": 42107,
        "stamp": {
            "secs": 1666021915,
            "nsecs": 793134671
        },
        "frame_id": "atracsys"
    },
    "pose": {
        "position": {
            "x": 0.057687286376953126,
            "y": 0.05805882263183594,
            "z": 1.1693333740234375
        },
        "orientation": {
            "x": 0.01680330180440264,
            "y": 0.2645873680218145,
            "z": 0.02593458560490924,
            "w": 0.9638664694869621
        }
    }
}