{
    "header": {
        "seq": 35942,
        "stamp": {
            "secs": 1666021853,
            "nsecs": 691374413
        },
        "frame_id": "atracsys"
    },
    "pose": {
        "position": {
            "x": 0.0576004867553711,
            "y": 0.05807561874389649,
            "z": 1.1693626708984375
        },
        "orientation": {
            "x": 0.016746377911791677,
            "y": 0.2646204756928319,
            "z": 0.025873603722437168,
            "w": 0.9638600102200263
        }
    }
}