{
    "header": {
        "seq": 30515,
        "stamp": {
            "secs": 1666021799,
            "nsecs": 37581384
        },
        "frame_id": "atracsys"
    },
    "pose": {
        "position": {
            "x": 0.057663818359375,
            "y": 0.05810048675537109,
            "z": 1.16931982421875
        },
        "orientation": {
            "x": 0.01682475844668963,
            "y": 0.2643474772815625,
            "z": 0.025854988558277486,
            "w": 0.9639340528919682
        }
    }
}