{
    "header": {
        "seq": 30397,
        "stamp": {
            "secs": 1666021797,
            "nsecs": 849400323
        },
        "frame_id": "atracsys"
    },
    "pose": {
        "position": {
            "x": 0.05766687774658203,
            "y": 0.05810268783569336,
            "z": 1.1693223876953125
        },
        "orientation": {
            "x": 0.01681073459320561,
            "y": 0.26436462675182476,
            "z": 0.025834020259537734,
            "w": 0.9639301565580543
        }
    }
}