{
    "header": {
        "seq": 44591,
        "stamp": {
            "secs": 1666021940,
            "nsecs": 823177326
        },
        "frame_id": "atracsys"
    },
    "pose": {
        "position": {
            "x": 0.05768581390380859,
            "y": 0.0580573844909668,
            "z": 1.1693468017578126
        },
        "orientation": {
            "x": 0.016836363281243872,
            "y": 0.26459999761452796,
            "z": 0.02593924379406695,
            "w": 0.9638623002095505
        }
    }
}