{
    "header": {
        "seq": 51814,
        "stamp": {
            "secs": 1666022013,
            "nsecs": 570357191
        },
        "frame_id": "atracsys"
    },
    "pose": {
        "position": {
            "x": 0.05767132186889649,
            "y": 0.058039939880371094,
            "z": 1.1693446044921876
        },
        "orientation": {
            "x": 0.016862508518110542,
            "y": 0.2645848419827398,
            "z": 0.02592295593849052,
            "w": 0.9638664417619572
        }
    }
}