{
    "header": {
        "seq": 57596,
        "stamp": {
            "secs": 1666022071,
            "nsecs": 779897652
        },
        "frame_id": "atracsys"
    },
    "pose": {
        "position": {
            "x": 0.057679996490478516,
            "y": 0.05804795074462891,
            "z": 1.169343017578125
        },
        "orientation": {
            "x": 0.01690796702890166,
            "y": 0.2645997240754149,
            "z": 0.025962842975146255,
            "w": 0.96386048650975
        }
    }
}