{
    "header": {
        "seq": 52725,
        "stamp": {
            "secs": 1666022022,
            "nsecs": 728668748
        },
        "frame_id": "atracsys"
    },
    "pose": {
        "position": {
            "x": 0.05766752624511719,
            "y": 0.05805137252807617,
            "z": 1.16934130859375
        },
        "orientation": {
            "x": 0.01693927410239108,
            "y": 0.2646222656970177,
            "z": 0.025953667132573265,
            "w": 0.9638539955058715
        }
    }
}