{
    "header": {
        "seq": 53163,
        "stamp": {
            "secs": 1666022027,
            "nsecs": 137592941
        },
        "frame_id": "atracsys"
    },
    "pose": {
        "position": {
            "x": 0.05766800308227539,
            "y": 0.058043067932128906,
            "z": 1.1693505859375
        },
        "orientation": {
            "x": 0.016861628473784293,
            "y": 0.2646238691150138,
            "z": 0.025930101508981996,
            "w": 0.9638555510114293
        }
    }
}