{
    "header": {
        "seq": 30763,
        "stamp": {
            "secs": 1666021801,
            "nsecs": 530086835
        },
        "frame_id": "atracsys"
    },
    "pose": {
        "position": {
            "x": 0.057661388397216795,
            "y": 0.05810090637207031,
            "z": 1.1693092041015625
        },
        "orientation": {
            "x": 0.016821295282311147,
            "y": 0.2642207067350923,
            "z": 0.025872634164679043,
            "w": 0.9639683962448221
        }
    }
}