{
    "header": {
        "seq": 55162,
        "stamp": {
            "secs": 1666022047,
            "nsecs": 278140251
        },
        "frame_id": "atracsys"
    },
    "pose": {
        "position": {
            "x": 0.057663612365722657,
            "y": 0.05803973388671875,
            "z": 1.169359375
        },
        "orientation": {
            "x": 0.016876858147649144,
            "y": 0.264649795050568,
            "z": 0.025934720648351756,
            "w": 0.9638480419151396
        }
    }
}