{
    "header": {
        "seq": 42567,
        "stamp": {
            "secs": 1666021920,
            "nsecs": 431891639
        },
        "frame_id": "atracsys"
    },
    "pose": {
        "position": {
            "x": 0.057687442779541014,
            "y": 0.05806472396850586,
            "z": 1.1693431396484375
        },
        "orientation": {
            "x": 0.016864984291747483,
            "y": 0.2645837747804532,
            "z": 0.025966016324281326,
            "w": 0.9638655323353008
        }
    }
}