{
    "header": {
        "seq": 41516,
        "stamp": {
            "secs": 1666021909,
            "nsecs": 834758214
        },
        "frame_id": "atracsys"
    },
    "pose": {
        "position": {
            "x": 0.05769267272949219,
            "y": 0.05807357025146485,
            "z": 1.16934130859375
        },
        "orientation": {
            "x": 0.01686629907353131,
            "y": 0.2645433411054902,
            "z": 0.02597487548662582,
            "w": 0.9638763688750548
        }
    }
}