{
    "header": {
        "seq": 42503,
        "stamp": {
            "secs": 1666021919,
            "nsecs": 784144727
        },
        "frame_id": "atracsys"
    },
    "pose": {
        "position": {
            "x": 0.05768915557861328,
            "y": 0.05806277084350586,
            "z": 1.1693393554687501
        },
        "orientation": {
            "x": 0.016883885538081476,
            "y": 0.2645644162420004,
            "z": 0.02599175614756781,
            "w": 0.9638698214385758
        }
    }
}