{
    "header": {
        "seq": 33335,
        "stamp": {
            "secs": 1666021827,
            "nsecs": 419613011
        },
        "frame_id": "atracsys"
    },
    "pose": {
        "position": {
            "x": 0.05762656021118164,
            "y": 0.0580843505859375,
            "z": 1.1693297119140624
        },
        "orientation": {
            "x": 0.016794775388905014,
            "y": 0.26440554405953237,
            "z": 0.02583358265128546,
            "w": 0.9639192236892147
        }
    }
}