{
    "header": {
        "seq": 61313,
        "stamp": {
            "secs": 1666022109,
            "nsecs": 251790692
        },
        "frame_id": "atracsys"
    },
    "pose": {
        "position": {
            "x": 0.05770073318481445,
            "y": 0.05800861740112305,
            "z": 1.1693558349609374
        },
        "orientation": {
            "x": 0.01711726139321892,
            "y": 0.26482390909358877,
            "z": 0.02613441880711445,
            "w": 0.9637905834196561
        }
    }
}