{
    "header": {
        "seq": 48599,
        "stamp": {
            "secs": 1666021981,
            "nsecs": 181876851
        },
        "frame_id": "atracsys"
    },
    "pose": {
        "position": {
            "x": 0.05768478393554688,
            "y": 0.05804097747802735,
            "z": 1.1693468017578126
        },
        "orientation": {
            "x": 0.01685523720161052,
            "y": 0.26457155800548937,
            "z": 0.025993714101608625,
            "w": 0.9638683097294097
        }
    }
}