{
    "header": {
        "seq": 61758,
        "stamp": {
            "secs": 1666022113,
            "nsecs": 732416007
        },
        "frame_id": "atracsys"
    },
    "pose": {
        "position": {
            "x": 0.05770101928710938,
            "y": 0.05803252410888672,
            "z": 1.1693525390625
        },
        "orientation": {
            "x": 0.017147260812797386,
            "y": 0.26481124858581745,
            "z": 0.02616423740009139,
            "w": 0.9637927198056178
        }
    }
}