{
    "header": {
        "seq": 41939,
        "stamp": {
            "secs": 1666021914,
            "nsecs": 97521027
        },
        "frame_id": "atracsys"
    },
    "pose": {
        "position": {
            "x": 0.05769934844970703,
            "y": 0.058069881439208985,
            "z": 1.169302490234375
        },
        "orientation": {
            "x": 0.016863931675191044,
            "y": 0.2645380771053799,
            "z": 0.02596199276099804,
            "w": 0.9638782021094369
        }
    }
}