{
    "header": {
        "seq": 31632,
        "stamp": {
            "secs": 1666021810,
            "nsecs": 282341307
        },
        "frame_id": "atracsys"
    },
    "pose": {
        "position": {
            "x": 0.057642715454101566,
            "y": 0.05809862518310547,
            "z": 1.1693359375
        },
        "orientation": {
            "x": 0.0167199275145687,
            "y": 0.26434625743445234,
            "z": 0.02579224653695546,
            "w": 0.9639378923057661
        }
    }
}