{
    "header": {
        "seq": 42240,
        "stamp": {
            "secs": 1666021917,
            "nsecs": 133439310
        },
        "frame_id": "atracsys"
    },
    "pose": {
        "position": {
            "x": 0.05768962860107422,
            "y": 0.05806110000610352,
            "z": 1.1693431396484375
        },
        "orientation": {
            "x": 0.01679209846098744,
            "y": 0.2645717354030046,
            "z": 0.025945754913648866,
            "w": 0.9638706552526018
        }
    }
}