{
    "header": {
        "seq": 57056,
        "stamp": {
            "secs": 1666022066,
            "nsecs": 349917191
        },
        "frame_id": "atracsys"
    },
    "pose": {
        "position": {
            "x": 0.057681201934814456,
            "y": 0.058032459259033206,
            "z": 1.1693514404296874
        },
        "orientation": {
            "x": 0.016875770119563833,
            "y": 0.2645308385396928,
            "z": 0.025977123773627913,
            "w": 0.9638795738497669
        }
    }
}