{
    "header": {
        "seq": 42863,
        "stamp": {
            "secs": 1666021923,
            "nsecs": 419981153
        },
        "frame_id": "atracsys"
    },
    "pose": {
        "position": {
            "x": 0.05768481063842774,
            "y": 0.05807207870483399,
            "z": 1.1693393554687501
        },
        "orientation": {
            "x": 0.016894698560718017,
            "y": 0.2645649424698246,
            "z": 0.02596658736800603,
            "w": 0.9638701659025144
        }
    }
}