{
    "header": {
        "seq": 51138,
        "stamp": {
            "secs": 1666022006,
            "nsecs": 773278722
        },
        "frame_id": "atracsys"
    },
    "pose": {
        "position": {
            "x": 0.05767790603637695,
            "y": 0.05804643630981445,
            "z": 1.1693497314453125
        },
        "orientation": {
            "x": 0.016892237206962528,
            "y": 0.26460211493370234,
            "z": 0.025945794484496368,
            "w": 0.9638605650421247
        }
    }
}