{
    "header": {
        "seq": 52844,
        "stamp": {
            "secs": 1666022023,
            "nsecs": 925614919
        },
        "frame_id": "atracsys"
    },
    "pose": {
        "position": {
            "x": 0.057673633575439455,
            "y": 0.058053722381591795,
            "z": 1.1693472900390625
        },
        "orientation": {
            "x": 0.016867695366795953,
            "y": 0.264572113132835,
            "z": 0.025940117135555232,
            "w": 0.9638693833338795
        }
    }
}