{
    "header": {
        "seq": 35189,
        "stamp": {
            "secs": 1666021846,
            "nsecs": 109279918
        },
        "frame_id": "atracsys"
    },
    "pose": {
        "position": {
            "x": 0.057620742797851565,
            "y": 0.058091434478759765,
            "z": 1.16931982421875
        },
        "orientation": {
            "x": 0.016759608450579788,
            "y": 0.26435252975755236,
            "z": 0.025823757278280797,
            "w": 0.963934639431221
        }
    }
}