{
    "header": {
        "seq": 56058,
        "stamp": {
            "secs": 1666022056,
            "nsecs": 305091602
        },
        "frame_id": "atracsys"
    },
    "pose": {
        "position": {
            "x": 0.05766893768310547,
            "y": 0.058047637939453126,
            "z": 1.16933837890625
        },
        "orientation": {
            "x": 0.016947017182219595,
            "y": 0.26455697183345395,
            "z": 0.025981415680085627,
            "w": 0.9638710356174198
        }
    }
}