{
    "header": {
        "seq": 38382,
        "stamp": {
            "secs": 1666021878,
            "nsecs": 267537148
        },
        "frame_id": "atracsys"
    },
    "pose": {
        "position": {
            "x": 0.0576081771850586,
            "y": 0.05807085418701172,
            "z": 1.1693670654296875
        },
        "orientation": {
            "x": 0.01680275538784179,
            "y": 0.26461878462314636,
            "z": 0.025854777415976995,
            "w": 0.9638599985063782
        }
    }
}