{
    "header": {
        "seq": 43167,
        "stamp": {
            "secs": 1666021926,
            "nsecs": 491810805
        },
        "frame_id": "atracsys"
    },
    "pose": {
        "position": {
            "x": 0.057688907623291014,
            "y": 0.058061935424804687,
            "z": 1.16934423828125
        },
        "orientation": {
            "x": 0.016869187553630045,
            "y": 0.26454483678550506,
            "z": 0.025978123277356217,
            "w": 0.9638758202965761
        }
    }
}