{
    "header": {
        "seq": 61084,
        "stamp": {
            "secs": 1666022106,
            "nsecs": 944320686
        },
        "frame_id": "atracsys"
    },
    "pose": {
        "position": {
            "x": 0.05770169448852539,
            "y": 0.05801616287231445,
            "z": 1.169363525390625
        },
        "orientation": {
            "x": 0.017132754021617423,
            "y": 0.26484387375874463,
            "z": 0.026125679613083028,
            "w": 0.9637850590960889
        }
    }
}