{
    "header": {
        "seq": 60075,
        "stamp": {
            "secs": 1666022096,
            "nsecs": 762204562
        },
        "frame_id": "atracsys"
    },
    "pose": {
        "position": {
            "x": 0.05770080947875977,
            "y": 0.05803650665283203,
            "z": 1.169363037109375
        },
        "orientation": {
            "x": 0.017103702007229705,
            "y": 0.26482839082936266,
            "z": 0.02613051303136122,
            "w": 0.9637896985738622
        }
    }
}