{
    "header": {
        "seq": 48485,
        "stamp": {
            "secs": 1666021980,
            "nsecs": 32584446
        },
        "frame_id": "atracsys"
    },
    "pose": {
        "position": {
            "x": 0.05768334579467774,
            "y": 0.05805648422241211,
            "z": 1.1693526611328124
        },
        "orientation": {
            "x": 0.016869250260042372,
            "y": 0.2645825345786866,
            "z": 0.02595035248333327,
            "w": 0.9638662199691267
        }
    }
}