{
    "header": {
        "seq": 12976,
        "stamp": {
            "secs": 1675626058,
            "nsecs": 719816532
        },
        "frame_id": "atracsys"
    },
    "pose": {
        "position": {
            "x": 0.120011474609375,
            "y": -0.08146691894531251,
            "z": 0.8169788208007812
        },
        "orientation": {
            "x": -0.13158009303474452,
            "y": -0.22140261756757085,
            "z": 0.9128364236898344,
            "w": 0.3168552092618159
        }
    }
}