{
    "header": {
        "seq": 9770,
        "stamp": {
            "secs": 1675626026,
            "nsecs": 465940323
        },
        "frame_id": "atracsys"
    },
    "pose": {
        "position": {
            "x": 0.1284739532470703,
            "y": -0.07982339477539063,
            "z": 0.8311950683593751
        },
        "orientation": {
            "x": -0.06293730769858263,
            "y": -0.2001086604796003,
            "z": 0.8674306226720263,
            "w": 0.4511757242489169
        }
    }
}