{
    "header": {
        "seq": 23706,
        "stamp": {
            "secs": 1675626166,
            "nsecs": 642791860
        },
        "frame_id": "atracsys"
    },
    "pose": {
        "position": {
            "x": 0.14743861389160157,
            "y": -0.06404427337646484,
            "z": 0.7942092895507813
        },
        "orientation": {
            "x": -0.1472970216502514,
            "y": -0.29461494388388076,
            "z": 0.8482708228103055,
            "w": 0.414659177424051
        }
    }
}