{
    "header": {
        "seq": 17448,
        "stamp": {
            "secs": 1675626103,
            "nsecs": 699180291
        },
        "frame_id": "atracsys"
    },
    "pose": {
        "position": {
            "x": 0.12852565002441407,
            "y": -0.05332848358154297,
            "z": 0.7657525634765625
        },
        "orientation": {
            "x": -0.019020620783344492,
            "y": -0.2902999007506482,
            "z": 0.8852544186583121,
            "w": 0.3628895119111516
        }
    }
}