{
    "header": {
        "seq": 21832,
        "stamp": {
            "secs": 1675626147,
            "nsecs": 794951981
        },
        "frame_id": "atracsys"
    },
    "pose": {
        "position": {
            "x": 0.12470307922363282,
            "y": -0.07945443725585938,
            "z": 0.8094761352539063
        },
        "orientation": {
            "x": -0.17431791978642877,
            "y": -0.23321859701085784,
            "z": 0.8722614087165889,
            "w": 0.3929152373138148
        }
    }
}