{
    "header": {
        "seq": 15579,
        "stamp": {
            "secs": 1675626084,
            "nsecs": 902063471
        },
        "frame_id": "atracsys"
    },
    "pose": {
        "position": {
            "x": 0.14738418579101562,
            "y": -0.05307104110717774,
            "z": 0.7710106201171875
        },
        "orientation": {
            "x": -0.0055380170187355575,
            "y": -0.27615858713925356,
            "z": 0.8884420066876837,
            "w": 0.3665740932874468
        }
    }
}