{
    "header": {
        "seq": 19448,
        "stamp": {
            "secs": 1675626123,
            "nsecs": 815739937
        },
        "frame_id": "atracsys"
    },
    "pose": {
        "position": {
            "x": 0.14019007873535155,
            "y": -0.07851033782958984,
            "z": 0.8238842163085938
        },
        "orientation": {
            "x": -0.17289519791862507,
            "y": -0.23174291436903618,
            "z": 0.8393064065568285,
            "w": 0.4603989879323028
        }
    }
}