{
    "header": {
        "seq": 26463,
        "stamp": {
            "secs": 1675626194,
            "nsecs": 490655320
        },
        "frame_id": "atracsys"
    },
    "pose": {
        "position": {
            "x": 0.16125100708007814,
            "y": -0.043883647918701175,
            "z": 0.7707837524414063
        },
        "orientation": {
            "x": -0.00047014980719434,
            "y": -0.3021811009394108,
            "z": 0.8848469451082156,
            "w": 0.3545874291720773
        }
    }
}