{
    "header": {
        "seq": 30643,
        "stamp": {
            "secs": 1675626237,
            "nsecs": 171570144
        },
        "frame_id": "atracsys"
    },
    "pose": {
        "position": {
            "x": 0.11195670318603516,
            "y": -0.08504054260253907,
            "z": 0.8061888427734375
        },
        "orientation": {
            "x": -0.36532995754174896,
            "y": -0.10723512183897126,
            "z": 0.813632705512669,
            "w": 0.4393591597848612
        }
    }
}