{
    "header": {
        "seq": 17222,
        "stamp": {
            "secs": 1675626101,
            "nsecs": 424696652
        },
        "frame_id": "atracsys"
    },
    "pose": {
        "position": {
            "x": 0.1293878173828125,
            "y": -0.04969321441650391,
            "z": 0.7591554565429688
        },
        "orientation": {
            "x": -0.00044103796934253855,
            "y": -0.2928864071617491,
            "z": 0.8877675243847594,
            "w": 0.35508615945027705
        }
    }
}