{
    "header": {
        "seq": 39009,
        "stamp": {
            "secs": 1675626321,
            "nsecs": 335921091
        },
        "frame_id": "atracsys"
    },
    "pose": {
        "position": {
            "x": 0.08633943939208985,
            "y": 0.060585670471191407,
            "z": 0.7481314697265625
        },
        "orientation": {
            "x": -0.023794042372509802,
            "y": -0.3434066615463149,
            "z": 0.738897195902618,
            "w": 0.5792552479179089
        }
    }
}