{
    "header": {
        "seq": 18078,
        "stamp": {
            "secs": 1675626110,
            "nsecs": 33548618
        },
        "frame_id": "atracsys"
    },
    "pose": {
        "position": {
            "x": 0.14424317932128908,
            "y": -0.07888174438476563,
            "z": 0.8244375610351563
        },
        "orientation": {
            "x": -0.20067690210970957,
            "y": -0.2449113832685429,
            "z": 0.831634852095536,
            "w": 0.4562134019131563
        }
    }
}