{
    "header": {
        "seq": 31875,
        "stamp": {
            "secs": 1675626249,
            "nsecs": 562492158
        },
        "frame_id": "atracsys"
    },
    "pose": {
        "position": {
            "x": 0.11702049255371094,
            "y": -0.07918431091308593,
            "z": 0.7884775390625001
        },
        "orientation": {
            "x": -0.2774388341653582,
            "y": -0.1085842043842967,
            "z": 0.8412756225374135,
            "w": 0.4511014196159036
        }
    }
}