{
    "header": {
        "seq": 13097,
        "stamp": {
            "secs": 1675626059,
            "nsecs": 937730863
        },
        "frame_id": "atracsys"
    },
    "pose": {
        "position": {
            "x": 0.11715794372558594,
            "y": -0.07980278778076172,
            "z": 0.8126824340820312
        },
        "orientation": {
            "x": -0.11905795674781497,
            "y": -0.2251661123608338,
            "z": 0.9104875826504353,
            "w": 0.32578794731958793
        }
    }
}