{
    "header": {
        "seq": 38469,
        "stamp": {
            "secs": 1675626315,
            "nsecs": 906054858
        },
        "frame_id": "atracsys"
    },
    "pose": {
        "position": {
            "x": 0.1201465072631836,
            "y": 0.049633342742919924,
            "z": 0.7611843872070313
        },
        "orientation": {
            "x": 0.06797724795336647,
            "y": -0.29295122914168137,
            "z": 0.8092141382992938,
            "w": 0.5047089750357093
        }
    }
}