{
    "header": {
        "seq": 18558,
        "stamp": {
            "secs": 1675626114,
            "nsecs": 863505736
        },
        "frame_id": "atracsys"
    },
    "pose": {
        "position": {
            "x": 0.13904139709472657,
            "y": -0.08507135009765625,
            "z": 0.83028466796875
        },
        "orientation": {
            "x": -0.24729641870645652,
            "y": -0.2379292895762815,
            "z": 0.8436984079217472,
            "w": 0.41280398608419006
        }
    }
}