{
    "header": {
        "seq": 25010,
        "stamp": {
            "secs": 1675626179,
            "nsecs": 824956534
        },
        "frame_id": "atracsys"
    },
    "pose": {
        "position": {
            "x": 0.1748389129638672,
            "y": -0.040093563079833985,
            "z": 0.7690897216796875
        },
        "orientation": {
            "x": -0.0015928557011642185,
            "y": -0.29992837037676806,
            "z": 0.891575711369486,
            "w": 0.33931281489187304
        }
    }
}