{
    "header": {
        "seq": 21923,
        "stamp": {
            "secs": 1675626148,
            "nsecs": 708383123
        },
        "frame_id": "atracsys"
    },
    "pose": {
        "position": {
            "x": 0.12609036254882813,
            "y": -0.0810998764038086,
            "z": 0.8155911254882813
        },
        "orientation": {
            "x": -0.18479104852152226,
            "y": -0.23299580100174758,
            "z": 0.8668552893473875,
            "w": 0.40015888398525823
        }
    }
}