{
    "header": {
        "seq": 31059,
        "stamp": {
            "secs": 1675626241,
            "nsecs": 356531965
        },
        "frame_id": "atracsys"
    },
    "pose": {
        "position": {
            "x": 0.11687067413330078,
            "y": -0.07874079895019531,
            "z": 0.788009765625
        },
        "orientation": {
            "x": -0.2809646245475652,
            "y": -0.12475148053993253,
            "z": 0.834747956895779,
            "w": 0.45682797234217554
        }
    }
}