{
    "header": {
        "seq": 18139,
        "stamp": {
            "secs": 1675626110,
            "nsecs": 648472682
        },
        "frame_id": "atracsys"
    },
    "pose": {
        "position": {
            "x": 0.14220387268066406,
            "y": -0.07985478973388672,
            "z": 0.8251859741210937
        },
        "orientation": {
            "x": -0.20661769285872786,
            "y": -0.24453443220130183,
            "z": 0.8337745647786412,
            "w": 0.4498133119349745
        }
    }
}