{
    "header": {
        "seq": 30105,
        "stamp": {
            "secs": 1675626231,
            "nsecs": 762454601
        },
        "frame_id": "atracsys"
    },
    "pose": {
        "position": {
            "x": 0.12362844848632813,
            "y": -0.07530052185058594,
            "z": 0.7812267456054688
        },
        "orientation": {
            "x": -0.27724920412643705,
            "y": -0.14623343020229226,
            "z": 0.8254189161235419,
            "w": 0.469502157192026
        }
    }
}