{
    "header": {
        "seq": 15314,
        "stamp": {
            "secs": 1675626082,
            "nsecs": 236366663
        },
        "frame_id": "atracsys"
    },
    "pose": {
        "position": {
            "x": 0.14446009826660156,
            "y": -0.05479573059082032,
            "z": 0.7735858764648438
        },
        "orientation": {
            "x": -0.010681784111015866,
            "y": -0.2752297498575676,
            "z": 0.8845873915770054,
            "w": 0.37635040978393564
        }
    }
}