{
    "header": {
        "seq": 19974,
        "stamp": {
            "secs": 1675626129,
            "nsecs": 105288873
        },
        "frame_id": "atracsys"
    },
    "pose": {
        "position": {
            "x": 0.13088662719726563,
            "y": -0.08482420349121093,
            "z": 0.8263448486328125
        },
        "orientation": {
            "x": -0.22077594514024923,
            "y": -0.22987915324278363,
            "z": 0.8574298380446619,
            "w": 0.40401439303880665
        }
    }
}