{
    "header": {
        "seq": 38144,
        "stamp": {
            "secs": 1675626312,
            "nsecs": 637416148
        },
        "frame_id": "atracsys"
    },
    "pose": {
        "position": {
            "x": 0.11251026916503906,
            "y": 0.04845095443725586,
            "z": 0.7572384033203126
        },
        "orientation": {
            "x": 0.09360262436329009,
            "y": -0.29688972042158385,
            "z": 0.8241744554119654,
            "w": 0.4731083487602905
        }
    }
}