{
    "header": {
        "seq": 15647,
        "stamp": {
            "secs": 1675626085,
            "nsecs": 585849724
        },
        "frame_id": "atracsys"
    },
    "pose": {
        "position": {
            "x": 0.14680239868164063,
            "y": -0.05263812255859375,
            "z": 0.7697577514648438
        },
        "orientation": {
            "x": -0.0050258443424675975,
            "y": -0.27813246231074323,
            "z": 0.8887797885822977,
            "w": 0.3642630391697937
        }
    }
}