{
    "header": {
        "seq": 11202,
        "stamp": {
            "secs": 1675626040,
            "nsecs": 871950618
        },
        "frame_id": "atracsys"
    },
    "pose": {
        "position": {
            "x": 0.12143455505371094,
            "y": -0.08712364196777343,
            "z": 0.8472943725585937
        },
        "orientation": {
            "x": -0.13918950434298463,
            "y": -0.21076623325229532,
            "z": 0.8702724252694864,
            "w": 0.4228827055070464
        }
    }
}