{
    "header": {
        "seq": 38034,
        "stamp": {
            "secs": 1675626311,
            "nsecs": 529911082
        },
        "frame_id": "atracsys"
    },
    "pose": {
        "position": {
            "x": 0.10519628143310547,
            "y": 0.04612600326538086,
            "z": 0.7561895141601562
        },
        "orientation": {
            "x": 0.08545805226524845,
            "y": -0.29769662342408015,
            "z": 0.8264404976062861,
            "w": 0.4701805457706707
        }
    }
}