{
    "header": {
        "seq": 34580,
        "stamp": {
            "secs": 1675626276,
            "nsecs": 786514487
        },
        "frame_id": "atracsys"
    },
    "pose": {
        "position": {
            "x": 0.15824594116210938,
            "y": -0.038140804290771484,
            "z": 0.7330625610351562
        },
        "orientation": {
            "x": -0.09081134585724573,
            "y": -0.28940737035681724,
            "z": 0.8949710111167228,
            "w": 0.327144559342592
        }
    }
}