{
    "header": {
        "seq": 11595,
        "stamp": {
            "secs": 1675626044,
            "nsecs": 827253970
        },
        "frame_id": "atracsys"
    },
    "pose": {
        "position": {
            "x": 0.12024932861328125,
            "y": -0.08878513336181641,
            "z": 0.8469073486328125
        },
        "orientation": {
            "x": -0.15685405777693157,
            "y": -0.21097480380508016,
            "z": 0.8788333631378403,
            "w": 0.3981687538646797
        }
    }
}