{
    "header": {
        "seq": 25068,
        "stamp": {
            "secs": 1675626180,
            "nsecs": 427916992
        },
        "frame_id": "atracsys"
    },
    "pose": {
        "position": {
            "x": 0.17350956726074218,
            "y": -0.0400963134765625,
            "z": 0.7688048706054688
        },
        "orientation": {
            "x": 0.004316449310639929,
            "y": -0.2979443802356231,
            "z": 0.8929228230210503,
            "w": 0.3374897727035257
        }
    }
}