{
    "header": {
        "seq": 31383,
        "stamp": {
            "secs": 1675626244,
            "nsecs": 613217771
        },
        "frame_id": "atracsys"
    },
    "pose": {
        "position": {
            "x": 0.1101126480102539,
            "y": -0.08481864166259766,
            "z": 0.803323486328125
        },
        "orientation": {
            "x": -0.34464528453008625,
            "y": -0.0980667656201452,
            "z": 0.8263671468415946,
            "w": 0.4344190096587189
        }
    }
}