{
    "header": {
        "seq": 29054,
        "stamp": {
            "secs": 1675626221,
            "nsecs": 192273144
        },
        "frame_id": "atracsys"
    },
    "pose": {
        "position": {
            "x": 0.1302802734375,
            "y": -0.07460506439208985,
            "z": 0.779756103515625
        },
        "orientation": {
            "x": -0.303795911280298,
            "y": -0.17813246123953025,
            "z": 0.8181196318008007,
            "w": 0.45459557697391095
        }
    }
}