{
    "header": {
        "seq": 38608,
        "stamp": {
            "secs": 1675626317,
            "nsecs": 303068033
        },
        "frame_id": "atracsys"
    },
    "pose": {
        "position": {
            "x": 0.12687297058105468,
            "y": 0.0494824333190918,
            "z": 0.7644521484375
        },
        "orientation": {
            "x": 0.04398195254992511,
            "y": -0.30424964528646076,
            "z": 0.8047512442372522,
            "w": 0.5078121464592527
        }
    }
}