{
    "header": {
        "seq": 34754,
        "stamp": {
            "secs": 1675626278,
            "nsecs": 538770789
        },
        "frame_id": "atracsys"
    },
    "pose": {
        "position": {
            "x": 0.1535529479980469,
            "y": -0.042651084899902346,
            "z": 0.7392974243164062
        },
        "orientation": {
            "x": -0.113574212496659,
            "y": -0.2829462266725449,
            "z": 0.8912751456765065,
            "w": 0.3356649307968511
        }
    }
}