{
    "header": {
        "seq": 23323,
        "stamp": {
            "secs": 1675626162,
            "nsecs": 789075785
        },
        "frame_id": "atracsys"
    },
    "pose": {
        "position": {
            "x": 0.15505996704101563,
            "y": -0.06307834243774414,
            "z": 0.797126953125
        },
        "orientation": {
            "x": -0.14254877084645912,
            "y": -0.2911822051242824,
            "z": 0.8406118715871435,
            "w": 0.4338945179371178
        }
    }
}