{
    "header": {
        "seq": 38562,
        "stamp": {
            "secs": 1675626316,
            "nsecs": 840384058
        },
        "frame_id": "atracsys"
    },
    "pose": {
        "position": {
            "x": 0.12332803344726563,
            "y": 0.04941519927978516,
            "z": 0.7626358642578125
        },
        "orientation": {
            "x": 0.0562823607322796,
            "y": -0.29862134961443965,
            "z": 0.8074099005530478,
            "w": 0.505714185992216
        }
    }
}