{
    "header": {
        "seq": 21902,
        "stamp": {
            "secs": 1675626148,
            "nsecs": 496434516
        },
        "frame_id": "atracsys"
    },
    "pose": {
        "position": {
            "x": 0.1257899856567383,
            "y": -0.08121567535400391,
            "z": 0.8156641235351563
        },
        "orientation": {
            "x": -0.18538892781523736,
            "y": -0.23155803833328156,
            "z": 0.8671603706405996,
            "w": 0.40005588599246633
        }
    }
}