{
    "header": {
        "seq": 13376,
        "stamp": {
            "secs": 1675626062,
            "nsecs": 743745246
        },
        "frame_id": "atracsys"
    },
    "pose": {
        "position": {
            "x": 0.11512496948242187,
            "y": -0.07510283660888672,
            "z": 0.8012860107421875
        },
        "orientation": {
            "x": -0.08965169011258434,
            "y": -0.23390930679533167,
            "z": 0.9119941278529023,
            "w": 0.32483183559544854
        }
    }
}