{
    "header": {
        "seq": 19403,
        "stamp": {
            "secs": 1675626123,
            "nsecs": 361977205
        },
        "frame_id": "atracsys"
    },
    "pose": {
        "position": {
            "x": 0.14150318908691406,
            "y": -0.07829897308349609,
            "z": 0.8242447509765625
        },
        "orientation": {
            "x": -0.16978597104190363,
            "y": -0.22917997525266584,
            "z": 0.8389786051279445,
            "w": 0.46342654554752677
        }
    }
}