{
    "header": {
        "seq": 12418,
        "stamp": {
            "secs": 1675626053,
            "nsecs": 104950706
        },
        "frame_id": "atracsys"
    },
    "pose": {
        "position": {
            "x": 0.12094821166992188,
            "y": -0.0882703857421875,
            "z": 0.83734130859375
        },
        "orientation": {
            "x": -0.1677979290330943,
            "y": -0.2125539813859022,
            "z": 0.8953292370937522,
            "w": 0.3536244013276316
        }
    }
}