{
    "header": {
        "seq": 32929,
        "stamp": {
            "secs": 1675626260,
            "nsecs": 171605814
        },
        "frame_id": "atracsys"
    },
    "pose": {
        "position": {
            "x": 0.1290818634033203,
            "y": -0.07315887451171875,
            "z": 0.774241943359375
        },
        "orientation": {
            "x": -0.23933717709532046,
            "y": -0.12354409758787739,
            "z": 0.851421947559889,
            "w": 0.45003915254627114
        }
    }
}