{
    "header": {
        "seq": 32389,
        "stamp": {
            "secs": 1675626254,
            "nsecs": 735666897
        },
        "frame_id": "atracsys"
    },
    "pose": {
        "position": {
            "x": 0.12120316314697266,
            "y": -0.07746260070800781,
            "z": 0.78330615234375
        },
        "orientation": {
            "x": -0.27189546213238236,
            "y": -0.10689414340719901,
            "z": 0.8438777888025597,
            "w": 0.4500186411058569
        }
    }
}