{
    "header": {
        "seq": 28884,
        "stamp": {
            "secs": 1675626219,
            "nsecs": 484912049
        },
        "frame_id": "atracsys"
    },
    "pose": {
        "position": {
            "x": 0.1365857696533203,
            "y": -0.07090262603759766,
            "z": 0.774256103515625
        },
        "orientation": {
            "x": -0.2914523631743523,
            "y": -0.19423352309376726,
            "z": 0.8136872724265347,
            "w": 0.4639416786598662
        }
    }
}