{
    "header": {
        "seq": 34555,
        "stamp": {
            "secs": 1675626276,
            "nsecs": 535759922
        },
        "frame_id": "atracsys"
    },
    "pose": {
        "position": {
            "x": 0.158697998046875,
            "y": -0.03761173248291016,
            "z": 0.73243115234375
        },
        "orientation": {
            "x": -0.08828785449177122,
            "y": -0.29073327847943814,
            "z": 0.8945107049114694,
            "w": 0.3279176944488106
        }
    }
}