{
    "header": {
        "seq": 31104,
        "stamp": {
            "secs": 1675626241,
            "nsecs": 807359484
        },
        "frame_id": "atracsys"
    },
    "pose": {
        "position": {
            "x": 0.1151526870727539,
            "y": -0.07990550994873047,
            "z": 0.7903651733398438
        },
        "orientation": {
            "x": -0.28762792149844363,
            "y": -0.11894355515449981,
            "z": 0.8356215577715986,
            "w": 0.45261376652623014
        }
    }
}