{
    "header": {
        "seq": 11916,
        "stamp": {
            "secs": 1675626048,
            "nsecs": 54080841
        },
        "frame_id": "atracsys"
    },
    "pose": {
        "position": {
            "x": 0.11972915649414062,
            "y": -0.08942135620117188,
            "z": 0.844948974609375
        },
        "orientation": {
            "x": -0.16286704965739165,
            "y": -0.2101141594252911,
            "z": 0.8851215414389675,
            "w": 0.3819505478797042
        }
    }
}