{
    "header": {
        "seq": 37495,
        "stamp": {
            "secs": 1675626306,
            "nsecs": 109145129
        },
        "frame_id": "atracsys"
    },
    "pose": {
        "position": {
            "x": 0.09626964569091798,
            "y": 0.03527967071533203,
            "z": 0.7646732788085938
        },
        "orientation": {
            "x": 0.07115688171715669,
            "y": -0.26788063710958476,
            "z": 0.8227867350562315,
            "w": 0.496184089891605
        }
    }
}