{
    "header": {
        "seq": 31920,
        "stamp": {
            "secs": 1675626250,
            "nsecs": 16322788
        },
        "frame_id": "atracsys"
    },
    "pose": {
        "position": {
            "x": 0.11577568054199219,
            "y": -0.07995569610595703,
            "z": 0.7899567260742187
        },
        "orientation": {
            "x": -0.28479858696731514,
            "y": -0.10558670208818051,
            "z": 0.8404417130008409,
            "w": 0.4487749327355249
        }
    }
}