{
    "header": {
        "seq": 20934,
        "stamp": {
            "secs": 1675626138,
            "nsecs": 762043968
        },
        "frame_id": "atracsys"
    },
    "pose": {
        "position": {
            "x": 0.12750897216796875,
            "y": -0.08289456176757813,
            "z": 0.8134815063476563
        },
        "orientation": {
            "x": -0.2062408771270707,
            "y": -0.2222649916582341,
            "z": 0.8867959476574788,
            "w": 0.3487920889345054
        }
    }
}