{
    "header": {
        "seq": 10737,
        "stamp": {
            "secs": 1675626036,
            "nsecs": 194345417
        },
        "frame_id": "atracsys"
    },
    "pose": {
        "position": {
            "x": 0.12083906555175782,
            "y": -0.08598694610595703,
            "z": 0.8465383911132812
        },
        "orientation": {
            "x": -0.12112587816370642,
            "y": -0.20247833980090083,
            "z": 0.862889504928994,
            "w": 0.4469370714473547
        }
    }
}