{
    "header": {
        "seq": 12909,
        "stamp": {
            "secs": 1675626058,
            "nsecs": 45206770
        },
        "frame_id": "atracsys"
    },
    "pose": {
        "position": {
            "x": 0.12189608001708985,
            "y": -0.0828306884765625,
            "z": 0.8215739135742187
        },
        "orientation": {
            "x": -0.14357103921152614,
            "y": -0.22018507010540084,
            "z": 0.9121961725525188,
            "w": 0.3143310903855002
        }
    }
}