{
    "header": {
        "seq": 39282,
        "stamp": {
            "secs": 1675626324,
            "nsecs": 82202017
        },
        "frame_id": "atracsys"
    },
    "pose": {
        "position": {
            "x": 0.08482665252685546,
            "y": 0.06230454254150391,
            "z": 0.750451416015625
        },
        "orientation": {
            "x": -0.06056954644454517,
            "y": -0.34748541742747585,
            "z": 0.7095832597089458,
            "w": 0.6099809933592865
        }
    }
}