{
    "header": {
        "seq": 31437,
        "stamp": {
            "secs": 1675626245,
            "nsecs": 156495361
        },
        "frame_id": "atracsys"
    },
    "pose": {
        "position": {
            "x": 0.10912152862548828,
            "y": -0.08553241729736329,
            "z": 0.8059503173828125
        },
        "orientation": {
            "x": -0.35277124833689794,
            "y": -0.09298120098178703,
            "z": 0.8244328324830759,
            "w": 0.43268631516925066
        }
    }
}