{
    "header": {
        "seq": 30389,
        "stamp": {
            "secs": 1675626234,
            "nsecs": 619181321
        },
        "frame_id": "atracsys"
    },
    "pose": {
        "position": {
            "x": 0.11730939483642579,
            "y": -0.08061626434326172,
            "z": 0.7929020385742188
        },
        "orientation": {
            "x": -0.3119056835780682,
            "y": -0.1293826515263705,
            "z": 0.8266132083342327,
            "w": 0.4502061503834554
        }
    }
}