{
    "header": {
        "seq": 21734,
        "stamp": {
            "secs": 1675626146,
            "nsecs": 809856440
        },
        "frame_id": "atracsys"
    },
    "pose": {
        "position": {
            "x": 0.1237395248413086,
            "y": -0.07816230010986329,
            "z": 0.8044481201171875
        },
        "orientation": {
            "x": -0.16895420146913365,
            "y": -0.23478561227810538,
            "z": 0.877367310490651,
            "w": 0.3828273717428317
        }
    }
}