{
    "header": {
        "seq": 21536,
        "stamp": {
            "secs": 1675626144,
            "nsecs": 815828869
        },
        "frame_id": "atracsys"
    },
    "pose": {
        "position": {
            "x": 0.12593577575683593,
            "y": -0.08237492370605469,
            "z": 0.8165054321289062
        },
        "orientation": {
            "x": -0.19604250362944972,
            "y": -0.2280438084545763,
            "z": 0.8718168387804388,
            "w": 0.3866506922470362
        }
    }
}