{
    "header": {
        "seq": 29816,
        "stamp": {
            "secs": 1675626228,
            "nsecs": 854939930
        },
        "frame_id": "atracsys"
    },
    "pose": {
        "position": {
            "x": 0.11499932861328126,
            "y": -0.08542544555664063,
            "z": 0.81150341796875
        },
        "orientation": {
            "x": -0.36788502321013133,
            "y": -0.12314085141929437,
            "z": 0.8130115300339223,
            "w": 0.43417645311706277
        }
    }
}