{
    "header": {
        "seq": 19587,
        "stamp": {
            "secs": 1675626125,
            "nsecs": 212736310
        },
        "frame_id": "atracsys"
    },
    "pose": {
        "position": {
            "x": 0.13317137145996094,
            "y": -0.08048480987548828,
            "z": 0.8233906860351563
        },
        "orientation": {
            "x": -0.1813805579762636,
            "y": -0.23192770010182956,
            "z": 0.8446792417962731,
            "w": 0.44702082008802274
        }
    }
}