{
    "header": {
        "seq": 37542,
        "stamp": {
            "secs": 1675626306,
            "nsecs": 583756821
        },
        "frame_id": "atracsys"
    },
    "pose": {
        "position": {
            "x": 0.09312599182128907,
            "y": 0.03494528579711914,
            "z": 0.7641321411132813
        },
        "orientation": {
            "x": 0.07423465354172916,
            "y": -0.26926203433931406,
            "z": 0.8250109484317737,
            "w": 0.4912678577361834
        }
    }
}