{
    "header": {
        "seq": 34526,
        "stamp": {
            "secs": 1675626276,
            "nsecs": 243212022
        },
        "frame_id": "atracsys"
    },
    "pose": {
        "position": {
            "x": 0.15900796508789064,
            "y": -0.037428569793701176,
            "z": 0.7322581176757813
        },
        "orientation": {
            "x": -0.08599721070813289,
            "y": -0.29051805654915175,
            "z": 0.8945199613363524,
            "w": 0.32869100587046124
        }
    }
}