{
    "header": {
        "seq": 31783,
        "stamp": {
            "secs": 1675626248,
            "nsecs": 637164183
        },
        "frame_id": "atracsys"
    },
    "pose": {
        "position": {
            "x": 0.12092965698242188,
            "y": -0.07606446075439453,
            "z": 0.7821076049804687
        },
        "orientation": {
            "x": -0.25982326887785584,
            "y": -0.12242715663513838,
            "z": 0.8381838512024035,
            "w": 0.4636283984522173
        }
    }
}