{
    "header": {
        "seq": 27148,
        "stamp": {
            "secs": 1675626201,
            "nsecs": 389200888
        },
        "frame_id": "atracsys"
    },
    "pose": {
        "position": {
            "x": 0.1573578643798828,
            "y": -0.043579551696777345,
            "z": 0.7684035034179688
        },
        "orientation": {
            "x": 0.01787923674337396,
            "y": -0.29163123234202837,
            "z": 0.8881512903348325,
            "w": 0.3547095187512117
        }
    }
}