{
    "header": {
        "seq": 18211,
        "stamp": {
            "secs": 1675626111,
            "nsecs": 370861259
        },
        "frame_id": "atracsys"
    },
    "pose": {
        "position": {
            "x": 0.1415685272216797,
            "y": -0.08079165649414062,
            "z": 0.8258746337890626
        },
        "orientation": {
            "x": -0.2157277430169727,
            "y": -0.24445912224539554,
            "z": 0.8349363529100162,
            "w": 0.4433763243940012
        }
    }
}