{
    "header": {
        "seq": 13433,
        "stamp": {
            "secs": 1675626063,
            "nsecs": 316864432
        },
        "frame_id": "atracsys"
    },
    "pose": {
        "position": {
            "x": 0.11398771667480469,
            "y": -0.07448831939697266,
            "z": 0.79931640625
        },
        "orientation": {
            "x": -0.08207896598701285,
            "y": -0.23444335394530222,
            "z": 0.9116239884969776,
            "w": 0.3274768094541096
        }
    }
}