{
    "header": {
        "seq": 30936,
        "stamp": {
            "secs": 1675626240,
            "nsecs": 117704287
        },
        "frame_id": "atracsys"
    },
    "pose": {
        "position": {
            "x": 0.12180406188964844,
            "y": -0.07538288879394531,
            "z": 0.7827086181640626
        },
        "orientation": {
            "x": -0.2662830115670527,
            "y": -0.13953092149385077,
            "z": 0.828554458111764,
            "w": 0.47235790417963675
        }
    }
}