{
    "header": {
        "seq": 33574,
        "stamp": {
            "secs": 1675626266,
            "nsecs": 658160224
        },
        "frame_id": "atracsys"
    },
    "pose": {
        "position": {
            "x": 0.1197223358154297,
            "y": -0.08040515899658203,
            "z": 0.7905951538085938
        },
        "orientation": {
            "x": -0.298101500118883,
            "y": -0.10435447241225919,
            "z": 0.8454731580032097,
            "w": 0.4306051309616622
        }
    }
}