{
    "header": {
        "seq": 37562,
        "stamp": {
            "secs": 1675626306,
            "nsecs": 783716819
        },
        "frame_id": "atracsys"
    },
    "pose": {
        "position": {
            "x": 0.09146337127685547,
            "y": 0.03460555267333985,
            "z": 0.7644263305664063
        },
        "orientation": {
            "x": 0.07211968881113738,
            "y": -0.26832444352255075,
            "z": 0.8240671602780196,
            "w": 0.49367404108927865
        }
    }
}