{
    "header": {
        "seq": 39258,
        "stamp": {
            "secs": 1675626323,
            "nsecs": 840499843
        },
        "frame_id": "atracsys"
    },
    "pose": {
        "position": {
            "x": 0.08531930541992187,
            "y": 0.06252137756347656,
            "z": 0.750142333984375
        },
        "orientation": {
            "x": -0.05938928171838228,
            "y": -0.34857373520805607,
            "z": 0.7101916862163807,
            "w": 0.6087668134591542
        }
    }
}