{
    "header": {
        "seq": 9399,
        "stamp": {
            "secs": 1675626022,
            "nsecs": 734632122
        },
        "frame_id": "atracsys"
    },
    "pose": {
        "position": {
            "x": 0.129359130859375,
            "y": -0.07862429809570312,
            "z": 0.8273694458007813
        },
        "orientation": {
            "x": -0.04737153493552936,
            "y": -0.19921037745510103,
            "z": 0.8707358215304504,
            "w": 0.44709092173263787
        }
    }
}