{
    "header": {
        "seq": 32648,
        "stamp": {
            "secs": 1675626257,
            "nsecs": 341659444
        },
        "frame_id": "atracsys"
    },
    "pose": {
        "position": {
            "x": 0.12998683166503908,
            "y": -0.07347708129882813,
            "z": 0.7726088256835938
        },
        "orientation": {
            "x": -0.2470470013258104,
            "y": -0.12199373024330988,
            "z": 0.8547404294659781,
            "w": 0.43989101735948527
        }
    }
}