{
    "header": {
        "seq": 14729,
        "stamp": {
            "secs": 1675626076,
            "nsecs": 352864510
        },
        "frame_id": "atracsys"
    },
    "pose": {
        "position": {
            "x": 0.12552098083496094,
            "y": -0.06285906600952149,
            "z": 0.783339599609375
        },
        "orientation": {
            "x": -0.018980770892643807,
            "y": -0.25718219538176246,
            "z": 0.8866957324364543,
            "w": 0.3837547742946241
        }
    }
}