{
    "header": {
        "seq": 21619,
        "stamp": {
            "secs": 1675626145,
            "nsecs": 651719878
        },
        "frame_id": "atracsys"
    },
    "pose": {
        "position": {
            "x": 0.1244277572631836,
            "y": -0.08064473724365234,
            "z": 0.8110086669921875
        },
        "orientation": {
            "x": -0.18444486600336218,
            "y": -0.22983927317307692,
            "z": 0.8754149409572324,
            "w": 0.383148379953666
        }
    }
}