{
    "header": {
        "seq": 16920,
        "stamp": {
            "secs": 1675626098,
            "nsecs": 388691554
        },
        "frame_id": "atracsys"
    },
    "pose": {
        "position": {
            "x": 0.13386938476562502,
            "y": -0.04578282928466797,
            "z": 0.7531665649414062
        },
        "orientation": {
            "x": 0.019336800404913597,
            "y": -0.2948153876105143,
            "z": 0.8915470479627478,
            "w": 0.34329846583850737
        }
    }
}