{
    "header": {
        "seq": 38165,
        "stamp": {
            "secs": 1675626312,
            "nsecs": 849420451
        },
        "frame_id": "atracsys"
    },
    "pose": {
        "position": {
            "x": 0.11373766326904297,
            "y": 0.048643115997314454,
            "z": 0.7577229614257812
        },
        "orientation": {
            "x": 0.0924642134281738,
            "y": -0.29625281154978894,
            "z": 0.8230172070080631,
            "w": 0.475738707540811
        }
    }
}