{
    "header": {
        "seq": 37826,
        "stamp": {
            "secs": 1675626309,
            "nsecs": 440460604
        },
        "frame_id": "atracsys"
    },
    "pose": {
        "position": {
            "x": 0.0796161117553711,
            "y": 0.03749533462524414,
            "z": 0.7601324462890625
        },
        "orientation": {
            "x": 0.059677020349247836,
            "y": -0.29433944400149703,
            "z": 0.8189425771676028,
            "w": 0.48901533743760023
        }
    }
}