{
    "header": {
        "seq": 12836,
        "stamp": {
            "secs": 1675626057,
            "nsecs": 311024139
        },
        "frame_id": "atracsys"
    },
    "pose": {
        "position": {
            "x": 0.12171648406982422,
            "y": -0.08392432403564454,
            "z": 0.8245215454101563
        },
        "orientation": {
            "x": -0.1494635819259586,
            "y": -0.21867529284316942,
            "z": 0.9092302987331115,
            "w": 0.32115731011999904
        }
    }
}