{
    "header": {
        "seq": 27679,
        "stamp": {
            "secs": 1675626206,
            "nsecs": 729529596
        },
        "frame_id": "atracsys"
    },
    "pose": {
        "position": {
            "x": 0.1413350830078125,
            "y": -0.050108509063720705,
            "z": 0.775080810546875
        },
        "orientation": {
            "x": -0.01173409539391657,
            "y": -0.2919736469849063,
            "z": 0.8746801829278904,
            "w": 0.38671472439623006
        }
    }
}