{
    "header": {
        "seq": 28171,
        "stamp": {
            "secs": 1675626211,
            "nsecs": 678961394
        },
        "frame_id": "atracsys"
    },
    "pose": {
        "position": {
            "x": 0.12928286743164064,
            "y": -0.05680569076538086,
            "z": 0.781701171875
        },
        "orientation": {
            "x": -0.05238987711748699,
            "y": -0.29187333458238895,
            "z": 0.8716965141730557,
            "w": 0.3901415698357653
        }
    }
}