{
    "header": {
        "seq": 23923,
        "stamp": {
            "secs": 1675626168,
            "nsecs": 824991117
        },
        "frame_id": "atracsys"
    },
    "pose": {
        "position": {
            "x": 0.14897709655761718,
            "y": -0.062308872222900394,
            "z": 0.7935293579101562
        },
        "orientation": {
            "x": -0.12860639761566536,
            "y": -0.29445609341106627,
            "z": 0.8482107240865889,
            "w": 0.4210636188153988
        }
    }
}