{
    "header": {
        "seq": 27990,
        "stamp": {
            "secs": 1675626209,
            "nsecs": 857887049
        },
        "frame_id": "atracsys"
    },
    "pose": {
        "position": {
            "x": 0.13296041870117187,
            "y": -0.05410044479370117,
            "z": 0.7785922241210937
        },
        "orientation": {
            "x": -0.03520250910206354,
            "y": -0.2936743277253247,
            "z": 0.8716488211095186,
            "w": 0.39082541530251613
        }
    }
}