{
    "header": {
        "seq": 38986,
        "stamp": {
            "secs": 1675626321,
            "nsecs": 106057044
        },
        "frame_id": "atracsys"
    },
    "pose": {
        "position": {
            "x": 0.08507777404785156,
            "y": 0.06014147567749024,
            "z": 0.7487381591796876
        },
        "orientation": {
            "x": -0.0266801041356761,
            "y": -0.3424982008605421,
            "z": 0.7357905643820625,
            "w": 0.5836055172947966
        }
    }
}