{
    "header": {
        "seq": 24647,
        "stamp": {
            "secs": 1675626176,
            "nsecs": 105523094
        },
        "frame_id": "atracsys"
    },
    "pose": {
        "position": {
            "x": 0.1663902282714844,
            "y": -0.048423961639404295,
            "z": 0.7783180541992187
        },
        "orientation": {
            "x": -0.047814763939044456,
            "y": -0.30292676367682597,
            "z": 0.8711260668194719,
            "w": 0.38352118573212474
        }
    }
}