{
    "header": {
        "seq": 32797,
        "stamp": {
            "secs": 1675626258,
            "nsecs": 840157794
        },
        "frame_id": "atracsys"
    },
    "pose": {
        "position": {
            "x": 0.1320345916748047,
            "y": -0.07228639221191406,
            "z": 0.7710974731445313
        },
        "orientation": {
            "x": -0.2359804970547952,
            "y": -0.12537488141186218,
            "z": 0.855956262566449,
            "w": 0.4426434464600259
        }
    }
}