{
    "header": {
        "seq": 19490,
        "stamp": {
            "secs": 1675626124,
            "nsecs": 236605980
        },
        "frame_id": "atracsys"
    },
    "pose": {
        "position": {
            "x": 0.13761390686035158,
            "y": -0.07910882568359374,
            "z": 0.8234658813476563
        },
        "orientation": {
            "x": -0.1747583341203701,
            "y": -0.23147952790339946,
            "z": 0.8410131244012864,
            "w": 0.4566986724327965
        }
    }
}