{
    "header": {
        "seq": 11349,
        "stamp": {
            "secs": 1675626042,
            "nsecs": 352571674
        },
        "frame_id": "atracsys"
    },
    "pose": {
        "position": {
            "x": 0.12187798309326173,
            "y": -0.08772424316406251,
            "z": 0.847140380859375
        },
        "orientation": {
            "x": -0.1514112619887991,
            "y": -0.21304155776380862,
            "z": 0.8729532188411961,
            "w": 0.41187449802497356
        }
    }
}