{
    "header": {
        "seq": 11526,
        "stamp": {
            "secs": 1675626044,
            "nsecs": 131678048
        },
        "frame_id": "atracsys"
    },
    "pose": {
        "position": {
            "x": 0.12069021606445313,
            "y": -0.08861475372314453,
            "z": 0.8475928955078125
        },
        "orientation": {
            "x": -0.15612146976530214,
            "y": -0.21071413583821372,
            "z": 0.8764400725880775,
            "w": 0.40382971510041477
        }
    }
}