{
    "header": {
        "seq": 33602,
        "stamp": {
            "secs": 1675626266,
            "nsecs": 938695994
        },
        "frame_id": "atracsys"
    },
    "pose": {
        "position": {
            "x": 0.12008560943603516,
            "y": -0.08070382690429688,
            "z": 0.7912402954101563
        },
        "orientation": {
            "x": -0.3011271690812407,
            "y": -0.10161478590667224,
            "z": 0.8467214296404332,
            "w": 0.426684525046222
        }
    }
}