{
    "header": {
        "seq": 25949,
        "stamp": {
            "secs": 1675626189,
            "nsecs": 320492459
        },
        "frame_id": "atracsys"
    },
    "pose": {
        "position": {
            "x": 0.1455768280029297,
            "y": -0.0513150749206543,
            "z": 0.7780719604492188
        },
        "orientation": {
            "x": -0.03883752261128811,
            "y": -0.3076830935458393,
            "z": 0.8671809872188068,
            "w": 0.3896407270675071
        }
    }
}