{
    "header": {
        "seq": 37188,
        "stamp": {
            "secs": 1675626303,
            "nsecs": 22432872
        },
        "frame_id": "atracsys"
    },
    "pose": {
        "position": {
            "x": 0.10897879028320313,
            "y": 0.033843402862548826,
            "z": 0.76648193359375
        },
        "orientation": {
            "x": 0.08369360263203561,
            "y": -0.2525150494493382,
            "z": 0.8326102146293329,
            "w": 0.48578983230916367
        }
    }
}