{
    "header": {
        "seq": 18694,
        "stamp": {
            "secs": 1675626116,
            "nsecs": 230596187
        },
        "frame_id": "atracsys"
    },
    "pose": {
        "position": {
            "x": 0.13958778381347656,
            "y": -0.08631201934814453,
            "z": 0.832196533203125
        },
        "orientation": {
            "x": -0.2585169601625925,
            "y": -0.23608690961433962,
            "z": 0.8470556812640707,
            "w": 0.3999107716170001
        }
    }
}