{
    "header": {
        "seq": 19126,
        "stamp": {
            "secs": 1675626120,
            "nsecs": 576880717
        },
        "frame_id": "atracsys"
    },
    "pose": {
        "position": {
            "x": 0.138387939453125,
            "y": -0.08715870666503907,
            "z": 0.8333981323242188
        },
        "orientation": {
            "x": -0.25945649613615374,
            "y": -0.23223630458691819,
            "z": 0.8510282305134474,
            "w": 0.3930643411881989
        }
    }
}