{
    "header": {
        "seq": 31082,
        "stamp": {
            "secs": 1675626241,
            "nsecs": 586474643
        },
        "frame_id": "atracsys"
    },
    "pose": {
        "position": {
            "x": 0.1160654754638672,
            "y": -0.07921430206298828,
            "z": 0.78908154296875
        },
        "orientation": {
            "x": -0.2835286762721056,
            "y": -0.12077701125372937,
            "z": 0.834663294310811,
            "w": 0.4564664154285925
        }
    }
}