{
    "header": {
        "seq": 27208,
        "stamp": {
            "secs": 1675626201,
            "nsecs": 995171787
        },
        "frame_id": "atracsys"
    },
    "pose": {
        "position": {
            "x": 0.15505572509765625,
            "y": -0.044997634887695315,
            "z": 0.7700319213867187
        },
        "orientation": {
            "x": 0.01287465215519425,
            "y": -0.29035781807528244,
            "z": 0.8873227265313739,
            "w": 0.3580292722604851
        }
    }
}