{
    "header": {
        "seq": 29590,
        "stamp": {
            "secs": 1675626226,
            "nsecs": 583300789
        },
        "frame_id": "atracsys"
    },
    "pose": {
        "position": {
            "x": 0.11731478881835938,
            "y": -0.08243733215332032,
            "z": 0.79912060546875
        },
        "orientation": {
            "x": -0.33478509001818013,
            "y": -0.13729175274422464,
            "z": 0.8216613949945238,
            "w": 0.4403889986200729
        }
    }
}