{
    "header": {
        "seq": 20601,
        "stamp": {
            "secs": 1675626135,
            "nsecs": 412773120
        },
        "frame_id": "atracsys"
    },
    "pose": {
        "position": {
            "x": 0.13073382568359376,
            "y": -0.08676129150390625,
            "z": 0.8263961791992188
        },
        "orientation": {
            "x": -0.2293829733330955,
            "y": -0.21933714125576692,
            "z": 0.8772875191609862,
            "w": 0.36005732701193366
        }
    }
}