{
    "header": {
        "seq": 26311,
        "stamp": {
            "secs": 1675626192,
            "nsecs": 962292173
        },
        "frame_id": "atracsys"
    },
    "pose": {
        "position": {
            "x": 0.15744749450683593,
            "y": -0.04585477066040039,
            "z": 0.7724866333007813
        },
        "orientation": {
            "x": -0.008713928779054055,
            "y": -0.3023323607713086,
            "z": 0.8811221563647127,
            "w": 0.36351472685281916
        }
    }
}