{
    "header": {
        "seq": 28017,
        "stamp": {
            "secs": 1675626210,
            "nsecs": 129704293
        },
        "frame_id": "atracsys"
    },
    "pose": {
        "position": {
            "x": 0.13261143493652344,
            "y": -0.05423344039916992,
            "z": 0.7786264038085937
        },
        "orientation": {
            "x": -0.037384969791002746,
            "y": -0.29440420395432565,
            "z": 0.8715540179494318,
            "w": 0.39028466857403865
        }
    }
}