{
    "header": {
        "seq": 17025,
        "stamp": {
            "secs": 1675626099,
            "nsecs": 445587631
        },
        "frame_id": "atracsys"
    },
    "pose": {
        "position": {
            "x": 0.13180696105957032,
            "y": -0.04678365707397461,
            "z": 0.7543087158203126
        },
        "orientation": {
            "x": 0.01723748565910165,
            "y": -0.29329337010098894,
            "z": 0.8907629936552702,
            "w": 0.34673211169036167
        }
    }
}