{
    "header": {
        "seq": 17577,
        "stamp": {
            "secs": 1675626104,
            "nsecs": 997687779
        },
        "frame_id": "atracsys"
    },
    "pose": {
        "position": {
            "x": 0.12851856994628907,
            "y": -0.055352363586425785,
            "z": 0.769374267578125
        },
        "orientation": {
            "x": -0.03001131532654421,
            "y": -0.28806696307728646,
            "z": 0.8837538095148291,
            "w": 0.36755400950585104
        }
    }
}