{
    "header": {
        "seq": 31499,
        "stamp": {
            "secs": 1675626245,
            "nsecs": 780378398
        },
        "frame_id": "atracsys"
    },
    "pose": {
        "position": {
            "x": 0.10896713256835938,
            "y": -0.0858994598388672,
            "z": 0.8075528564453125
        },
        "orientation": {
            "x": -0.35955601839438667,
            "y": -0.09144540226433534,
            "z": 0.8222530269184534,
            "w": 0.4315752168099215
        }
    }
}