{
    "header": {
        "seq": 30959,
        "stamp": {
            "secs": 1675626240,
            "nsecs": 350729222
        },
        "frame_id": "atracsys"
    },
    "pose": {
        "position": {
            "x": 0.12090024566650391,
            "y": -0.07588810729980469,
            "z": 0.783145263671875
        },
        "orientation": {
            "x": -0.2674402919691037,
            "y": -0.1377911339337165,
            "z": 0.8304269470828397,
            "w": 0.46891404244212614
        }
    }
}