{
    "header": {
        "seq": 20660,
        "stamp": {
            "secs": 1675626136,
            "nsecs": 6791669
        },
        "frame_id": "atracsys"
    },
    "pose": {
        "position": {
            "x": 0.13025166320800782,
            "y": -0.08609197998046875,
            "z": 0.824046630859375
        },
        "orientation": {
            "x": -0.2243197913095464,
            "y": -0.21981709349827647,
            "z": 0.8797652909237615,
            "w": 0.3568950959576788
        }
    }
}