{
    "header": {
        "seq": 15455,
        "stamp": {
            "secs": 1675626083,
            "nsecs": 654305832
        },
        "frame_id": "atracsys"
    },
    "pose": {
        "position": {
            "x": 0.1475635223388672,
            "y": -0.053872531890869144,
            "z": 0.7726453857421876
        },
        "orientation": {
            "x": -0.007917877011478405,
            "y": -0.27509996914133955,
            "z": 0.8871894551718755,
            "w": 0.37034063351716595
        }
    }
}