{
    "header": {
        "seq": 20876,
        "stamp": {
            "secs": 1675626138,
            "nsecs": 179944689
        },
        "frame_id": "atracsys"
    },
    "pose": {
        "position": {
            "x": 0.12837593078613282,
            "y": -0.08357736968994141,
            "z": 0.8157689208984376
        },
        "orientation": {
            "x": -0.21089619911417076,
            "y": -0.22222104778852447,
            "z": 0.8851220573527795,
            "w": 0.3502849450184084
        }
    }
}