{
    "header": {
        "seq": 15241,
        "stamp": {
            "secs": 1675626081,
            "nsecs": 502036636
        },
        "frame_id": "atracsys"
    },
    "pose": {
        "position": {
            "x": 0.1407579040527344,
            "y": -0.055725292205810545,
            "z": 0.7740601196289063
        },
        "orientation": {
            "x": -0.008901025257663247,
            "y": -0.2727038923742686,
            "z": 0.8843824997239278,
            "w": 0.3787095892835863
        }
    }
}