{
    "header": {
        "seq": 20986,
        "stamp": {
            "secs": 1675626139,
            "nsecs": 284526071
        },
        "frame_id": "atracsys"
    },
    "pose": {
        "position": {
            "x": 0.12755389404296874,
            "y": -0.08185772705078125,
            "z": 0.8106314086914063
        },
        "orientation": {
            "x": -0.20220319182990262,
            "y": -0.22482898515455418,
            "z": 0.8878035898350455,
            "w": 0.34694463899040084
        }
    }
}