{
    "header": {
        "seq": 21781,
        "stamp": {
            "secs": 1675626147,
            "nsecs": 281533948
        },
        "frame_id": "atracsys"
    },
    "pose": {
        "position": {
            "x": 0.12349547576904298,
            "y": -0.07811368560791015,
            "z": 0.8047920532226562
        },
        "orientation": {
            "x": -0.1667458891852318,
            "y": -0.23382366173030078,
            "z": 0.87583924533582,
            "w": 0.387850383504312
        }
    }
}