{
    "header": {
        "seq": 18584,
        "stamp": {
            "secs": 1675626115,
            "nsecs": 126145554
        },
        "frame_id": "atracsys"
    },
    "pose": {
        "position": {
            "x": 0.13895986938476562,
            "y": -0.08525828552246094,
            "z": 0.830576171875
        },
        "orientation": {
            "x": -0.248432508014567,
            "y": -0.23706469495322002,
            "z": 0.8436538281087959,
            "w": 0.4127103556802318
        }
    }
}