{
    "header": {
        "seq": 22091,
        "stamp": {
            "secs": 1675626150,
            "nsecs": 397950195
        },
        "frame_id": "atracsys"
    },
    "pose": {
        "position": {
            "x": 0.1256958770751953,
            "y": -0.07607908630371094,
            "z": 0.8023526611328126
        },
        "orientation": {
            "x": -0.16262964102087898,
            "y": -0.24288432101367854,
            "z": 0.8722797114572491,
            "w": 0.392029222695455
        }
    }
}