{
    "header": {
        "seq": 29010,
        "stamp": {
            "secs": 1675626220,
            "nsecs": 750474680
        },
        "frame_id": "atracsys"
    },
    "pose": {
        "position": {
            "x": 0.1317884521484375,
            "y": -0.0733260269165039,
            "z": 0.7774125366210938
        },
        "orientation": {
            "x": -0.2970865265252494,
            "y": -0.1832697455899217,
            "z": 0.817546677688337,
            "w": 0.45800570510565697
        }
    }
}