{
    "header": {
        "seq": 39409,
        "stamp": {
            "secs": 1675626325,
            "nsecs": 359818979
        },
        "frame_id": "atracsys"
    },
    "pose": {
        "position": {
            "x": 0.07906950378417969,
            "y": 0.06043313598632813,
            "z": 0.753429931640625
        },
        "orientation": {
            "x": -0.0806320215621212,
            "y": -0.3478165399206676,
            "z": 0.7000105502129755,
            "w": 0.618471795029448
        }
    }
}