{
    "header": {
        "seq": 18167,
        "stamp": {
            "secs": 1675626110,
            "nsecs": 929073262
        },
        "frame_id": "atracsys"
    },
    "pose": {
        "position": {
            "x": 0.14191543579101562,
            "y": -0.0801196517944336,
            "z": 0.8251361083984375
        },
        "orientation": {
            "x": -0.21011569643500097,
            "y": -0.2445184733127486,
            "z": 0.83370378053462,
            "w": 0.4483303655148952
        }
    }
}