{
    "header": {
        "seq": 30756,
        "stamp": {
            "secs": 1675626238,
            "nsecs": 308887812
        },
        "frame_id": "atracsys"
    },
    "pose": {
        "position": {
            "x": 0.11135551452636719,
            "y": -0.08584169006347657,
            "z": 0.8094131469726563
        },
        "orientation": {
            "x": -0.37750033902155916,
            "y": -0.10171446765036848,
            "z": 0.8099121938439653,
            "w": 0.4372526722297592
        }
    }
}