{
    "header": {
        "seq": 34651,
        "stamp": {
            "secs": 1675626277,
            "nsecs": 499972461
        },
        "frame_id": "atracsys"
    },
    "pose": {
        "position": {
            "x": 0.15571885681152345,
            "y": -0.04005519866943359,
            "z": 0.7353441772460938
        },
        "orientation": {
            "x": -0.10038945100875868,
            "y": -0.2875842887766565,
            "z": 0.8928459627873072,
            "w": 0.33172778254073154
        }
    }
}