{
    "header": {
        "seq": 11677,
        "stamp": {
            "secs": 1675626045,
            "nsecs": 651094448
        },
        "frame_id": "atracsys"
    },
    "pose": {
        "position": {
            "x": 0.12028488159179687,
            "y": -0.08902720642089844,
            "z": 0.847044189453125
        },
        "orientation": {
            "x": -0.1578347698686181,
            "y": -0.2105726640046517,
            "z": 0.8801088017174286,
            "w": 0.3951655801483937
        }
    }
}