{
    "header": {
        "seq": 31997,
        "stamp": {
            "secs": 1675626250,
            "nsecs": 789425978
        },
        "frame_id": "atracsys"
    },
    "pose": {
        "position": {
            "x": 0.11238442993164063,
            "y": -0.08220638275146484,
            "z": 0.7948901977539062
        },
        "orientation": {
            "x": -0.3100641642162858,
            "y": -0.09811949893668773,
            "z": 0.8364125178788738,
            "w": 0.4411880301331758
        }
    }
}