{
    "header": {
        "seq": 12177,
        "stamp": {
            "secs": 1675626050,
            "nsecs": 681113566
        },
        "frame_id": "atracsys"
    },
    "pose": {
        "position": {
            "x": 0.12016400146484375,
            "y": -0.0891248779296875,
            "z": 0.84181640625
        },
        "orientation": {
            "x": -0.16875001444329532,
            "y": -0.21132828817414817,
            "z": 0.889102115649705,
            "w": 0.3692711946388322
        }
    }
}