{
    "header": {
        "seq": 30515,
        "stamp": {
            "secs": 1675626235,
            "nsecs": 884831859
        },
        "frame_id": "atracsys"
    },
    "pose": {
        "position": {
            "x": 0.11424085998535156,
            "y": -0.0824581527709961,
            "z": 0.7979420166015625
        },
        "orientation": {
            "x": -0.33116854359115805,
            "y": -0.12080794886144652,
            "z": 0.822040128690925,
            "w": 0.44719443427821065
        }
    }
}