{
    "header": {
        "seq": 13345,
        "stamp": {
            "secs": 1675626062,
            "nsecs": 430283221
        },
        "frame_id": "atracsys"
    },
    "pose": {
        "position": {
            "x": 0.11565228271484375,
            "y": -0.07551544189453126,
            "z": 0.8023934326171875
        },
        "orientation": {
            "x": -0.09249965066493632,
            "y": -0.2334467732293792,
            "z": 0.9119315601845517,
            "w": 0.32454159707967334
        }
    }
}