{
    "header": {
        "seq": 24293,
        "stamp": {
            "secs": 1675626172,
            "nsecs": 544339174
        },
        "frame_id": "atracsys"
    },
    "pose": {
        "position": {
            "x": 0.15869441223144531,
            "y": -0.05829814529418945,
            "z": 0.7912988891601562
        },
        "orientation": {
            "x": -0.10354027366438731,
            "y": -0.2944047193662087,
            "z": 0.8520192741536674,
            "w": 0.4203194373510054
        }
    }
}