{
    "header": {
        "seq": 17677,
        "stamp": {
            "secs": 1675626106,
            "nsecs": 687657
        },
        "frame_id": "atracsys"
    },
    "pose": {
        "position": {
            "x": 0.12849417114257813,
            "y": -0.05761151123046875,
            "z": 0.7734454345703126
        },
        "orientation": {
            "x": -0.042008101393489074,
            "y": -0.28571395784825915,
            "z": 0.8825771233468446,
            "w": 0.37102624577353854
        }
    }
}