{
    "header": {
        "seq": 33423,
        "stamp": {
            "secs": 1675626265,
            "nsecs": 138725979
        },
        "frame_id": "atracsys"
    },
    "pose": {
        "position": {
            "x": 0.12280393981933593,
            "y": -0.07672503662109376,
            "z": 0.781546142578125
        },
        "orientation": {
            "x": -0.2674307970805336,
            "y": -0.11868677404953092,
            "z": 0.8460772179570829,
            "w": 0.44558675888382177
        }
    }
}