{
    "header": {
        "seq": 25295,
        "stamp": {
            "secs": 1675626182,
            "nsecs": 741386338
        },
        "frame_id": "atracsys"
    },
    "pose": {
        "position": {
            "x": 0.1661964569091797,
            "y": -0.043706661224365236,
            "z": 0.771347412109375
        },
        "orientation": {
            "x": -0.0011004180299809853,
            "y": -0.2934046582542465,
            "z": 0.8897454908220332,
            "w": 0.3496647782615907
        }
    }
}