{
    "header": {
        "seq": 37403,
        "stamp": {
            "secs": 1675626305,
            "nsecs": 186607098
        },
        "frame_id": "atracsys"
    },
    "pose": {
        "position": {
            "x": 0.10297737121582032,
            "y": 0.034787490844726564,
            "z": 0.7649913940429688
        },
        "orientation": {
            "x": 0.07813009920376382,
            "y": -0.260452207727391,
            "z": 0.8287478764167016,
            "w": 0.4891188939543692
        }
    }
}