{
    "header": {
        "seq": 22933,
        "stamp": {
            "secs": 1675626158,
            "nsecs": 866678086
        },
        "frame_id": "atracsys"
    },
    "pose": {
        "position": {
            "x": 0.1531202392578125,
            "y": -0.06741019439697266,
            "z": 0.8025230102539063
        },
        "orientation": {
            "x": -0.16939499791492804,
            "y": -0.281846846670684,
            "z": 0.836652481979643,
            "w": 0.4380414524910822
        }
    }
}