{
    "header": {
        "seq": 18053,
        "stamp": {
            "secs": 1675626109,
            "nsecs": 782794363
        },
        "frame_id": "atracsys"
    },
    "pose": {
        "position": {
            "x": 0.14476020812988283,
            "y": -0.07856431579589844,
            "z": 0.823985595703125
        },
        "orientation": {
            "x": -0.19866655363594118,
            "y": -0.24547510899272001,
            "z": 0.8317528093517297,
            "w": 0.4565751148134719
        }
    }
}