{
    "header": {
        "seq": 14053,
        "stamp": {
            "secs": 1675626069,
            "nsecs": 552721990
        },
        "frame_id": "atracsys"
    },
    "pose": {
        "position": {
            "x": 0.114830078125,
            "y": -0.0675543441772461,
            "z": 0.7870148925781251
        },
        "orientation": {
            "x": -0.04291642836201894,
            "y": -0.2498542049660045,
            "z": 0.9019191869336735,
            "w": 0.34967533038284965
        }
    }
}