{
    "header": {
        "seq": 28146,
        "stamp": {
            "secs": 1675626211,
            "nsecs": 428204465
        },
        "frame_id": "atracsys"
    },
    "pose": {
        "position": {
            "x": 0.12943646240234374,
            "y": -0.05688764953613281,
            "z": 0.7818751220703125
        },
        "orientation": {
            "x": -0.05136437164980318,
            "y": -0.291240462908518,
            "z": 0.8717070473530141,
            "w": 0.39072690934326876
        }
    }
}