{
    "header": {
        "seq": 27900,
        "stamp": {
            "secs": 1675626208,
            "nsecs": 953408194
        },
        "frame_id": "atracsys"
    },
    "pose": {
        "position": {
            "x": 0.13445225524902343,
            "y": -0.05304423522949219,
            "z": 0.7772703857421875
        },
        "orientation": {
            "x": -0.02898779226343721,
            "y": -0.2942031184412117,
            "z": 0.8722141877715948,
            "w": 0.38967504878949516
        }
    }
}