{
    "header": {
        "seq": 37976,
        "stamp": {
            "secs": 1675626310,
            "nsecs": 947829176
        },
        "frame_id": "atracsys"
    },
    "pose": {
        "position": {
            "x": 0.09753182983398438,
            "y": 0.04335372543334961,
            "z": 0.7573606567382812
        },
        "orientation": {
            "x": 0.08149291360666971,
            "y": -0.29555372535010843,
            "z": 0.8263633721212609,
            "w": 0.47236688884800876
        }
    }
}