{
    "header": {
        "seq": 20538,
        "stamp": {
            "secs": 1675626134,
            "nsecs": 779951605
        },
        "frame_id": "atracsys"
    },
    "pose": {
        "position": {
            "x": 0.13120419311523437,
            "y": -0.08711809539794922,
            "z": 0.8275343627929688
        },
        "orientation": {
            "x": -0.2323245763446704,
            "y": -0.219696576377139,
            "z": 0.8748083740336828,
            "w": 0.36396292980876166
        }
    }
}