{
    "header": {
        "seq": 30260,
        "stamp": {
            "secs": 1675626233,
            "nsecs": 320679006
        },
        "frame_id": "atracsys"
    },
    "pose": {
        "position": {
            "x": 0.11738725280761719,
            "y": -0.07926742553710937,
            "z": 0.7892845458984376
        },
        "orientation": {
            "x": -0.29963047531127923,
            "y": -0.13148834818147867,
            "z": 0.8263031173094447,
            "w": 0.4584272580049501
        }
    }
}