{
    "header": {
        "seq": 33523,
        "stamp": {
            "secs": 1675626266,
            "nsecs": 144691163
        },
        "frame_id": "atracsys"
    },
    "pose": {
        "position": {
            "x": 0.11980454254150391,
            "y": -0.07922992706298829,
            "z": 0.7874012451171876
        },
        "orientation": {
            "x": -0.28709894718901735,
            "y": -0.10727031861431999,
            "z": 0.8447014178990544,
            "w": 0.43880153585267617
        }
    }
}