{
    "header": {
        "seq": 26205,
        "stamp": {
            "secs": 1675626191,
            "nsecs": 893644252
        },
        "frame_id": "atracsys"
    },
    "pose": {
        "position": {
            "x": 0.1530857391357422,
            "y": -0.047340587615966795,
            "z": 0.7732105712890626
        },
        "orientation": {
            "x": -0.016279002626875937,
            "y": -0.3055155189654726,
            "z": 0.8766735554140596,
            "w": 0.37126639894071184
        }
    }
}