{
    "header": {
        "seq": 13569,
        "stamp": {
            "secs": 1675626064,
            "nsecs": 684051443
        },
        "frame_id": "atracsys"
    },
    "pose": {
        "position": {
            "x": 0.11389541625976562,
            "y": -0.07147303771972656,
            "z": 0.7939212646484375
        },
        "orientation": {
            "x": -0.06912905355162784,
            "y": -0.24409115887707938,
            "z": 0.9071849281315559,
            "w": 0.33564294463617744
        }
    }
}