{
    "header": {
        "seq": 9871,
        "stamp": {
            "secs": 1675626027,
            "nsecs": 483866577
        },
        "frame_id": "atracsys"
    },
    "pose": {
        "position": {
            "x": 0.12820216369628906,
            "y": -0.08063837432861329,
            "z": 0.8337527465820312
        },
        "orientation": {
            "x": -0.07126650481244683,
            "y": -0.2003561068298134,
            "z": 0.866153893125735,
            "w": 0.45227861896285876
        }
    }
}