{
    "header": {
        "seq": 20298,
        "stamp": {
            "secs": 1675626132,
            "nsecs": 364993407
        },
        "frame_id": "atracsys"
    },
    "pose": {
        "position": {
            "x": 0.13216802978515627,
            "y": -0.08749137878417969,
            "z": 0.8304452514648437
        },
        "orientation": {
            "x": -0.23971413979426512,
            "y": -0.22242746489790982,
            "z": 0.865883270093362,
            "w": 0.37856217007806087
        }
    }
}