{
    "header": {
        "seq": 23631,
        "stamp": {
            "secs": 1675626165,
            "nsecs": 887564436
        },
        "frame_id": "atracsys"
    },
    "pose": {
        "position": {
            "x": 0.14806620788574218,
            "y": -0.06504190826416016,
            "z": 0.797128662109375
        },
        "orientation": {
            "x": -0.15342059102066194,
            "y": -0.293532284018208,
            "z": 0.8457534549033041,
            "w": 0.4183324204613476
        }
    }
}