{
    "header": {
        "seq": 30542,
        "stamp": {
            "secs": 1675626236,
            "nsecs": 156495774
        },
        "frame_id": "atracsys"
    },
    "pose": {
        "position": {
            "x": 0.11336475372314453,
            "y": -0.08315703582763673,
            "z": 0.8000684814453125
        },
        "orientation": {
            "x": -0.33921467104830577,
            "y": -0.11729425715624793,
            "z": 0.81990702366953,
            "w": 0.44601338177360383
        }
    }
}