{
    "header": {
        "seq": 38542,
        "stamp": {
            "secs": 1675626316,
            "nsecs": 640446318
        },
        "frame_id": "atracsys"
    },
    "pose": {
        "position": {
            "x": 0.12257379150390625,
            "y": 0.04973197174072266,
            "z": 0.761772216796875
        },
        "orientation": {
            "x": 0.05961516010102032,
            "y": -0.29815306217773924,
            "z": 0.8078198541686196,
            "w": 0.5049533319141059
        }
    }
}