{
    "header": {
        "seq": 12946,
        "stamp": {
            "secs": 1675626058,
            "nsecs": 418339325
        },
        "frame_id": "atracsys"
    },
    "pose": {
        "position": {
            "x": 0.12104189300537109,
            "y": -0.08197442626953125,
            "z": 0.8189862060546875
        },
        "orientation": {
            "x": -0.1375011104571019,
            "y": -0.22100949178883753,
            "z": 0.9127930205183099,
            "w": 0.31473346001873365
        }
    }
}