{
    "header": {
        "seq": 21634,
        "stamp": {
            "secs": 1675626145,
            "nsecs": 803984187
        },
        "frame_id": "atracsys"
    },
    "pose": {
        "position": {
            "x": 0.12423153686523437,
            "y": -0.08056871795654297,
            "z": 0.8105896606445313
        },
        "orientation": {
            "x": -0.1834109082963208,
            "y": -0.2293137328449034,
            "z": 0.876156591758112,
            "w": 0.3822633612648011
        }
    }
}