{
    "header": {
        "seq": 33499,
        "stamp": {
            "secs": 1675626265,
            "nsecs": 902883442
        },
        "frame_id": "atracsys"
    },
    "pose": {
        "position": {
            "x": 0.1211039047241211,
            "y": -0.07846487426757813,
            "z": 0.78535791015625
        },
        "orientation": {
            "x": -0.28121128995236333,
            "y": -0.1103169334596996,
            "z": 0.8458426907753451,
            "w": 0.43965955813253943
        }
    }
}