{
    "header": {
        "seq": 37886,
        "stamp": {
            "secs": 1675626310,
            "nsecs": 43355074
        },
        "frame_id": "atracsys"
    },
    "pose": {
        "position": {
            "x": 0.0851540985107422,
            "y": 0.039763599395751956,
            "z": 0.7583353271484375
        },
        "orientation": {
            "x": 0.07059973831989626,
            "y": -0.2946473804746119,
            "z": 0.8244460045557886,
            "w": 0.47800353942267826
        }
    }
}