{
    "header": {
        "seq": 38268,
        "stamp": {
            "secs": 1675626313,
            "nsecs": 885153688
        },
        "frame_id": "atracsys"
    },
    "pose": {
        "position": {
            "x": 0.11402871704101562,
            "y": 0.048591773986816404,
            "z": 0.759897216796875
        },
        "orientation": {
            "x": 0.09075923224784611,
            "y": -0.29093053006217545,
            "z": 0.8136961170996317,
            "w": 0.4949957751905622
        }
    }
}