{
    "header": {
        "seq": 39345,
        "stamp": {
            "secs": 1675626324,
            "nsecs": 717997863
        },
        "frame_id": "atracsys"
    },
    "pose": {
        "position": {
            "x": 0.08238812255859375,
            "y": 0.06171844863891602,
            "z": 0.7515803833007813
        },
        "orientation": {
            "x": -0.06970920797958341,
            "y": -0.3483410876370566,
            "z": 0.7046619166192748,
            "w": 0.6142073723532973
        }
    }
}