{
    "header": {
        "seq": 16592,
        "stamp": {
            "secs": 1675626095,
            "nsecs": 90208356
        },
        "frame_id": "atracsys"
    },
    "pose": {
        "position": {
            "x": 0.13608418273925782,
            "y": -0.0473705940246582,
            "z": 0.7563700561523438
        },
        "orientation": {
            "x": 0.015257011849319125,
            "y": -0.2894920583924031,
            "z": 0.8888505928955136,
            "w": 0.35483262987844433
        }
    }
}