{
    "header": {
        "seq": 16983,
        "stamp": {
            "secs": 1675626099,
            "nsecs": 21708192
        },
        "frame_id": "atracsys"
    },
    "pose": {
        "position": {
            "x": 0.13293634033203125,
            "y": -0.04621548843383789,
            "z": 0.7535936279296875
        },
        "orientation": {
            "x": 0.0195755302187008,
            "y": -0.2933716493686827,
            "z": 0.8915328948686434,
            "w": 0.3445561947353318
        }
    }
}