{
    "header": {
        "seq": 21289,
        "stamp": {
            "secs": 1675626142,
            "nsecs": 332234600
        },
        "frame_id": "atracsys"
    },
    "pose": {
        "position": {
            "x": 0.1250719223022461,
            "y": -0.08283185577392578,
            "z": 0.8154849243164063
        },
        "orientation": {
            "x": -0.19787235342815304,
            "y": -0.2249289664152173,
            "z": 0.877152150242322,
            "w": 0.3753100013874625
        }
    }
}