{
    "header": {
        "seq": 13626,
        "stamp": {
            "secs": 1675626065,
            "nsecs": 257168389
        },
        "frame_id": "atracsys"
    },
    "pose": {
        "position": {
            "x": 0.11522434997558594,
            "y": -0.07082286071777344,
            "z": 0.792303955078125
        },
        "orientation": {
            "x": -0.061299950024931486,
            "y": -0.2433399247405987,
            "z": 0.9097147716259777,
            "w": 0.3308277972596561
        }
    }
}