{
    "header": {
        "seq": 21156,
        "stamp": {
            "secs": 1675626140,
            "nsecs": 994911510
        },
        "frame_id": "atracsys"
    },
    "pose": {
        "position": {
            "x": 0.12295729064941406,
            "y": -0.08078711700439453,
            "z": 0.8081368408203126
        },
        "orientation": {
            "x": -0.18521328999641234,
            "y": -0.22629896653593998,
            "z": 0.8824539195716029,
            "w": 0.36845609614469055
        }
    }
}