{
    "header": {
        "seq": 32481,
        "stamp": {
            "secs": 1675626255,
            "nsecs": 661048204
        },
        "frame_id": "atracsys"
    },
    "pose": {
        "position": {
            "x": 0.12468323516845703,
            "y": -0.07708058166503906,
            "z": 0.7809666137695312
        },
        "orientation": {
            "x": -0.2694328976039809,
            "y": -0.11043788697368716,
            "z": 0.852029423573582,
            "w": 0.43503476662719653
        }
    }
}