{
    "header": {
        "seq": 38518,
        "stamp": {
            "secs": 1675626316,
            "nsecs": 398571503
        },
        "frame_id": "atracsys"
    },
    "pose": {
        "position": {
            "x": 0.12063320922851563,
            "y": 0.0499095458984375,
            "z": 0.7608773193359375
        },
        "orientation": {
            "x": 0.06637503721634194,
            "y": -0.2949401634888816,
            "z": 0.8087484778991306,
            "w": 0.5045102118803149
        }
    }
}