{
    "header": {
        "seq": 21878,
        "stamp": {
            "secs": 1675626148,
            "nsecs": 257635309
        },
        "frame_id": "atracsys"
    },
    "pose": {
        "position": {
            "x": 0.1256364974975586,
            "y": -0.08065670013427735,
            "z": 0.813705322265625
        },
        "orientation": {
            "x": -0.18210629893190272,
            "y": -0.232705388717499,
            "z": 0.8692736233906396,
            "w": 0.39629391318624957
        }
    }
}