{
    "header": {
        "seq": 10116,
        "stamp": {
            "secs": 1675626029,
            "nsecs": 946563928
        },
        "frame_id": "atracsys"
    },
    "pose": {
        "position": {
            "x": 0.12524461364746095,
            "y": -0.08268728637695312,
            "z": 0.8394849853515625
        },
        "orientation": {
            "x": -0.08980429844694658,
            "y": -0.20048546614944499,
            "z": 0.862449930355775,
            "w": 0.4559834245590625
        }
    }
}