{
    "header": {
        "seq": 29719,
        "stamp": {
            "secs": 1675626227,
            "nsecs": 878822551
        },
        "frame_id": "atracsys"
    },
    "pose": {
        "position": {
            "x": 0.11521443939208985,
            "y": -0.08442356109619141,
            "z": 0.806873291015625
        },
        "orientation": {
            "x": -0.354377418755158,
            "y": -0.1278398732644932,
            "z": 0.8167889261063209,
            "w": 0.43695475975234876
        }
    }
}