{
    "header": {
        "seq": 16497,
        "stamp": {
            "secs": 1675626094,
            "nsecs": 134955403
        },
        "frame_id": "atracsys"
    },
    "pose": {
        "position": {
            "x": 0.1374383544921875,
            "y": -0.04758674621582031,
            "z": 0.7571500854492188
        },
        "orientation": {
            "x": 0.013933767917827753,
            "y": -0.2884491920014883,
            "z": 0.8885978704621763,
            "w": 0.3563660173969816
        }
    }
}