{
    "header": {
        "seq": 33193,
        "stamp": {
            "secs": 1675626262,
            "nsecs": 825310178
        },
        "frame_id": "atracsys"
    },
    "pose": {
        "position": {
            "x": 0.12215589141845704,
            "y": -0.07498371887207031,
            "z": 0.7805459594726563
        },
        "orientation": {
            "x": -0.25731514939198924,
            "y": -0.1235252238794012,
            "z": 0.8364525140346907,
            "w": 0.4678435900212459
        }
    }
}