{
    "header": {
        "seq": 15609,
        "stamp": {
            "secs": 1675626085,
            "nsecs": 203647572
        },
        "frame_id": "atracsys"
    },
    "pose": {
        "position": {
            "x": 0.14731428527832033,
            "y": -0.0528257064819336,
            "z": 0.7704806518554688
        },
        "orientation": {
            "x": -0.005567114910663919,
            "y": -0.2772886023487271,
            "z": 0.8884550466394296,
            "w": 0.3656879384666517
        }
    }
}