{
    "header": {
        "seq": 37908,
        "stamp": {
            "secs": 1675626310,
            "nsecs": 264241052
        },
        "frame_id": "atracsys"
    },
    "pose": {
        "position": {
            "x": 0.0877913818359375,
            "y": 0.04088997268676758,
            "z": 0.7571791381835937
        },
        "orientation": {
            "x": 0.07342011560652244,
            "y": -0.29840421748888424,
            "z": 0.8257876389521062,
            "w": 0.47290504857008825
        }
    }
}