{
    "header": {
        "seq": 30183,
        "stamp": {
            "secs": 1675626232,
            "nsecs": 547536787
        },
        "frame_id": "atracsys"
    },
    "pose": {
        "position": {
            "x": 0.12000617218017579,
            "y": -0.07739192199707032,
            "z": 0.7848945922851562
        },
        "orientation": {
            "x": -0.2861960245034991,
            "y": -0.13934786108874034,
            "z": 0.8273791986533043,
            "w": 0.4627285065826414
        }
    }
}