{
    "header": {
        "seq": 14517,
        "stamp": {
            "secs": 1675626074,
            "nsecs": 218528864
        },
        "frame_id": "atracsys"
    },
    "pose": {
        "position": {
            "x": 0.12084918975830078,
            "y": -0.06497494506835938,
            "z": 0.7856829833984376
        },
        "orientation": {
            "x": -0.022770209148732266,
            "y": -0.25293862366166836,
            "z": 0.8909346632405796,
            "w": 0.37648239809034756
        }
    }
}