{
    "header": {
        "seq": 17996,
        "stamp": {
            "secs": 1675626109,
            "nsecs": 209666278
        },
        "frame_id": "atracsys"
    },
    "pose": {
        "position": {
            "x": 0.14596879577636718,
            "y": -0.07818340301513672,
            "z": 0.8236117553710938
        },
        "orientation": {
            "x": -0.19621190127556348,
            "y": -0.2460921265668937,
            "z": 0.8313533362775417,
            "w": 0.45802967731339556
        }
    }
}