{
    "header": {
        "seq": 37329,
        "stamp": {
            "secs": 1675626304,
            "nsecs": 440353401
        },
        "frame_id": "atracsys"
    },
    "pose": {
        "position": {
            "x": 0.10624433898925781,
            "y": 0.034542049407958984,
            "z": 0.7659613647460938
        },
        "orientation": {
            "x": 0.0805063946141182,
            "y": -0.25531480419901564,
            "z": 0.830135038528192,
            "w": 0.4890898577877601
        }
    }
}