{
    "header": {
        "seq": 10054,
        "stamp": {
            "secs": 1675626029,
            "nsecs": 322664487
        },
        "frame_id": "atracsys"
    },
    "pose": {
        "position": {
            "x": 0.1260530471801758,
            "y": -0.08201777648925782,
            "z": 0.8376107788085938
        },
        "orientation": {
            "x": -0.08482875065061489,
            "y": -0.20057581368695876,
            "z": 0.8633052650891367,
            "w": 0.45527732789613584
        }
    }
}