{
    "header": {
        "seq": 29909,
        "stamp": {
            "secs": 1675626229,
            "nsecs": 792273670
        },
        "frame_id": "atracsys"
    },
    "pose": {
        "position": {
            "x": 0.11429710388183593,
            "y": -0.0859396743774414,
            "z": 0.8143505249023437
        },
        "orientation": {
            "x": -0.373266484650206,
            "y": -0.11998295009646438,
            "z": 0.8111386425687369,
            "w": 0.43397042025324023
        }
    }
}