{
    "header": {
        "seq": 10901,
        "stamp": {
            "secs": 1675626037,
            "nsecs": 845247569
        },
        "frame_id": "atracsys"
    },
    "pose": {
        "position": {
            "x": 0.12078270721435547,
            "y": -0.08632244873046875,
            "z": 0.84731201171875
        },
        "orientation": {
            "x": -0.12470771656049523,
            "y": -0.20391380781154114,
            "z": 0.8644929812911338,
            "w": 0.4421753382001673
        }
    }
}