{
    "header": {
        "seq": 27269,
        "stamp": {
            "secs": 1675626202,
            "nsecs": 607111627
        },
        "frame_id": "atracsys"
    },
    "pose": {
        "position": {
            "x": 0.1529307098388672,
            "y": -0.04566977691650391,
            "z": 0.77032080078125
        },
        "orientation": {
            "x": 0.009440828913852001,
            "y": -0.291028138128256,
            "z": 0.8857003779474302,
            "w": 0.3615913910352394
        }
    }
}