{
    "header": {
        "seq": 21503,
        "stamp": {
            "secs": 1675626144,
            "nsecs": 484486137
        },
        "frame_id": "atracsys"
    },
    "pose": {
        "position": {
            "x": 0.1256053695678711,
            "y": -0.08303020477294921,
            "z": 0.8183256225585938
        },
        "orientation": {
            "x": -0.1981006095269722,
            "y": -0.22601430387947496,
            "z": 0.8709021718535441,
            "w": 0.3888484152053323
        }
    }
}