{
    "header": {
        "seq": 27395,
        "stamp": {
            "secs": 1675626203,
            "nsecs": 875771488
        },
        "frame_id": "atracsys"
    },
    "pose": {
        "position": {
            "x": 0.148829345703125,
            "y": -0.04769488143920898,
            "z": 0.7726903686523438
        },
        "orientation": {
            "x": 0.0013495539444188793,
            "y": -0.2891448988878883,
            "z": 0.8825645249351521,
            "w": 0.37077387377922594
        }
    }
}