{
    "header": {
        "seq": 31949,
        "stamp": {
            "secs": 1675626250,
            "nsecs": 308859836
        },
        "frame_id": "atracsys"
    },
    "pose": {
        "position": {
            "x": 0.11523212432861328,
            "y": -0.08070950317382812,
            "z": 0.7912821044921875
        },
        "orientation": {
            "x": -0.29504912146287693,
            "y": -0.105413885449287,
            "z": 0.839476550039581,
            "w": 0.44397415534252904
        }
    }
}