{
    "header": {
        "seq": 37584,
        "stamp": {
            "secs": 1675626307,
            "nsecs": 4746320
        },
        "frame_id": "atracsys"
    },
    "pose": {
        "position": {
            "x": 0.0895197525024414,
            "y": 0.034570175170898436,
            "z": 0.7640133666992188
        },
        "orientation": {
            "x": 0.07040693176639624,
            "y": -0.2705492034533253,
            "z": 0.8234930119448434,
            "w": 0.4936651210567981
        }
    }
}