{
    "header": {
        "seq": 14220,
        "stamp": {
            "secs": 1675626071,
            "nsecs": 233351909
        },
        "frame_id": "atracsys"
    },
    "pose": {
        "position": {
            "x": 0.1147824935913086,
            "y": -0.06703046417236329,
            "z": 0.7866759033203126
        },
        "orientation": {
            "x": -0.03190974252188508,
            "y": -0.24986313657584555,
            "z": 0.8983607146098519,
            "w": 0.359858594114888
        }
    }
}