{
    "header": {
        "seq": 13657,
        "stamp": {
            "secs": 1675626065,
            "nsecs": 567619019
        },
        "frame_id": "atracsys"
    },
    "pose": {
        "position": {
            "x": 0.11594849395751954,
            "y": -0.07018773651123048,
            "z": 0.7911699829101563
        },
        "orientation": {
            "x": -0.05815299321746679,
            "y": -0.24500082914843987,
            "z": 0.9097003460777747,
            "w": 0.3302091813417719
        }
    }
}