{
    "header": {
        "seq": 11455,
        "stamp": {
            "secs": 1675626043,
            "nsecs": 418258314
        },
        "frame_id": "atracsys"
    },
    "pose": {
        "position": {
            "x": 0.12070094299316407,
            "y": -0.0885672378540039,
            "z": 0.8481109008789063
        },
        "orientation": {
            "x": -0.15405297550160746,
            "y": -0.20962111877626508,
            "z": 0.8752839854666723,
            "w": 0.40768199872899286
        }
    }
}