{
    "header": {
        "seq": 33659,
        "stamp": {
            "secs": 1675626267,
            "nsecs": 511816113
        },
        "frame_id": "atracsys"
    },
    "pose": {
        "position": {
            "x": 0.11834053802490235,
            "y": -0.08194053649902344,
            "z": 0.79373095703125
        },
        "orientation": {
            "x": -0.3069379783796715,
            "y": -0.09480591106397533,
            "z": 0.8495056614078561,
            "w": 0.4184985637867003
        }
    }
}