{
    "header": {
        "seq": 21330,
        "stamp": {
            "secs": 1675626142,
            "nsecs": 744199478
        },
        "frame_id": "atracsys"
    },
    "pose": {
        "position": {
            "x": 0.12572811126708985,
            "y": -0.08359648132324218,
            "z": 0.8180464477539062
        },
        "orientation": {
            "x": -0.20241909628001659,
            "y": -0.22386484263995274,
            "z": 0.8761508413786095,
            "w": 0.37586000697403954
        }
    }
}