{
    "header": {
        "seq": 25890,
        "stamp": {
            "secs": 1675626188,
            "nsecs": 726509051
        },
        "frame_id": "atracsys"
    },
    "pose": {
        "position": {
            "x": 0.14644447326660157,
            "y": -0.05243594741821289,
            "z": 0.78064990234375
        },
        "orientation": {
            "x": -0.04353332831891479,
            "y": -0.3051418469105774,
            "z": 0.8659059716526584,
            "w": 0.3939545035226085
        }
    }
}