{
    "header": {
        "seq": 13493,
        "stamp": {
            "secs": 1675626063,
            "nsecs": 919851603
        },
        "frame_id": "atracsys"
    },
    "pose": {
        "position": {
            "x": 0.11306183624267578,
            "y": -0.07360993957519531,
            "z": 0.7973600463867188
        },
        "orientation": {
            "x": -0.07452297058051403,
            "y": -0.2369471015187399,
            "z": 0.9083961743902754,
            "w": 0.33633136679595643
        }
    }
}