{
    "header": {
        "seq": 21366,
        "stamp": {
            "secs": 1675626143,
            "nsecs": 108363889
        },
        "frame_id": "atracsys"
    },
    "pose": {
        "position": {
            "x": 0.12640789794921875,
            "y": -0.0840270767211914,
            "z": 0.819739990234375
        },
        "orientation": {
            "x": -0.20600541667368485,
            "y": -0.22363797433463947,
            "z": 0.8749418412156792,
            "w": 0.3768615119997234
        }
    }
}