{
    "header": {
        "seq": 24416,
        "stamp": {
            "secs": 1675626173,
            "nsecs": 780151281
        },
        "frame_id": "atracsys"
    },
    "pose": {
        "position": {
            "x": 0.159105712890625,
            "y": -0.05448751831054688,
            "z": 0.7851088256835937
        },
        "orientation": {
            "x": -0.07832002443057468,
            "y": -0.29836707066678564,
            "z": 0.8585023775250231,
            "w": 0.40965440641935985
        }
    }
}