{
    "header": {
        "seq": 38094,
        "stamp": {
            "secs": 1675626312,
            "nsecs": 135896161
        },
        "frame_id": "atracsys"
    },
    "pose": {
        "position": {
            "x": 0.10933831024169922,
            "y": 0.04768643188476562,
            "z": 0.7566110229492188
        },
        "orientation": {
            "x": 0.09191648127677081,
            "y": -0.2975712933052793,
            "z": 0.8255171883524566,
            "w": 0.4706634228458541
        }
    }
}