{
    "header": {
        "seq": 25446,
        "stamp": {
            "secs": 1675626184,
            "nsecs": 260802844
        },
        "frame_id": "atracsys"
    },
    "pose": {
        "position": {
            "x": 0.1592532501220703,
            "y": -0.046571670532226564,
            "z": 0.7743004760742188
        },
        "orientation": {
            "x": -0.005833607593237815,
            "y": -0.29511429055001454,
            "z": 0.8839104282575746,
            "w": 0.36273389606310696
        }
    }
}