{
    "header": {
        "seq": 23161,
        "stamp": {
            "secs": 1675626161,
            "nsecs": 159198388
        },
        "frame_id": "atracsys"
    },
    "pose": {
        "position": {
            "x": 0.15732684326171875,
            "y": -0.06485179138183594,
            "z": 0.80176220703125
        },
        "orientation": {
            "x": -0.15428643715989504,
            "y": -0.2864192023347942,
            "z": 0.8360414846043015,
            "w": 0.44180807129684885
        }
    }
}