{
    "header": {
        "seq": 37381,
        "stamp": {
            "secs": 1675626304,
            "nsecs": 962761606
        },
        "frame_id": "atracsys"
    },
    "pose": {
        "position": {
            "x": 0.1047010269165039,
            "y": 0.03480741882324219,
            "z": 0.7656210327148437
        },
        "orientation": {
            "x": 0.07649420850526818,
            "y": -0.25751852221154414,
            "z": 0.8277900371722041,
            "w": 0.4925408624079591
        }
    }
}