{
    "header": {
        "seq": 10308,
        "stamp": {
            "secs": 1675626031,
            "nsecs": 877924462
        },
        "frame_id": "atracsys"
    },
    "pose": {
        "position": {
            "x": 0.12360533142089844,
            "y": -0.084189697265625,
            "z": 0.8435060424804688
        },
        "orientation": {
            "x": -0.10555918310533026,
            "y": -0.20071487732628054,
            "z": 0.8599479450179633,
            "w": 0.4572311546049912
        }
    }
}