{
    "header": {
        "seq": 33839,
        "stamp": {
            "secs": 1675626269,
            "nsecs": 323776150
        },
        "frame_id": "atracsys"
    },
    "pose": {
        "position": {
            "x": 0.11624118804931641,
            "y": -0.08370238494873047,
            "z": 0.7976178588867188
        },
        "orientation": {
            "x": -0.3284380578352016,
            "y": -0.09230136574777342,
            "z": 0.8486172032274585,
            "w": 0.40429907547871435
        }
    }
}