{
    "header": {
        "seq": 37625,
        "stamp": {
            "secs": 1675626307,
            "nsecs": 416639061
        },
        "frame_id": "atracsys"
    },
    "pose": {
        "position": {
            "x": 0.08618766021728516,
            "y": 0.034520965576171875,
            "z": 0.7636644897460938
        },
        "orientation": {
            "x": 0.06632388741266974,
            "y": -0.2728237070241117,
            "z": 0.8214261699390174,
            "w": 0.49641455879477375
        }
    }
}