{
    "header": {
        "seq": 21044,
        "stamp": {
            "secs": 1675626139,
            "nsecs": 869621156
        },
        "frame_id": "atracsys"
    },
    "pose": {
        "position": {
            "x": 0.1273627395629883,
            "y": -0.08133750915527344,
            "z": 0.8094011230468751
        },
        "orientation": {
            "x": -0.19925415960719478,
            "y": -0.22669156449367325,
            "z": 0.8875185406389291,
            "w": 0.3481659869786063
        }
    }
}