{
    "header": {
        "seq": 17486,
        "stamp": {
            "secs": 1675626104,
            "nsecs": 81280472
        },
        "frame_id": "atracsys"
    },
    "pose": {
        "position": {
            "x": 0.12842210388183595,
            "y": -0.05398593902587891,
            "z": 0.7668506469726563
        },
        "orientation": {
            "x": -0.02217359775970475,
            "y": -0.28953167006871605,
            "z": 0.8848161719301536,
            "w": 0.364390018360108
        }
    }
}