{
    "header": {
        "seq": 21458,
        "stamp": {
            "secs": 1675626144,
            "nsecs": 33777672
        },
        "frame_id": "atracsys"
    },
    "pose": {
        "position": {
            "x": 0.1265352325439453,
            "y": -0.08363246154785156,
            "z": 0.82007275390625
        },
        "orientation": {
            "x": -0.2043078024117451,
            "y": -0.22624907497666139,
            "z": 0.8702494945766468,
            "w": 0.38695670963943624
        }
    }
}