{
    "header": {
        "seq": 38209,
        "stamp": {
            "secs": 1675626313,
            "nsecs": 291117091
        },
        "frame_id": "atracsys"
    },
    "pose": {
        "position": {
            "x": 0.11438609313964844,
            "y": 0.04835769271850586,
            "z": 0.7591942749023438
        },
        "orientation": {
            "x": 0.0922785990615689,
            "y": -0.2919569920421834,
            "z": 0.8195264493436114,
            "w": 0.48437813098773125
        }
    }
}