{
    "header": {
        "seq": 14367,
        "stamp": {
            "secs": 1675626072,
            "nsecs": 710964743
        },
        "frame_id": "atracsys"
    },
    "pose": {
        "position": {
            "x": 0.11793512725830078,
            "y": -0.06597415924072265,
            "z": 0.7861636352539063
        },
        "orientation": {
            "x": -0.029879492072118496,
            "y": -0.25253114547954436,
            "z": 0.89282688323028,
            "w": 0.3717464096633687
        }
    }
}