{
    "header": {
        "seq": 26616,
        "stamp": {
            "secs": 1675626196,
            "nsecs": 39922005
        },
        "frame_id": "atracsys"
    },
    "pose": {
        "position": {
            "x": 0.16712759399414062,
            "y": -0.042370368957519534,
            "z": 0.770537841796875
        },
        "orientation": {
            "x": 0.00578709604833666,
            "y": -0.2974216367084411,
            "z": 0.8907750533968373,
            "w": 0.34355011829842447
        }
    }
}