{
    "header": {
        "seq": 20719,
        "stamp": {
            "secs": 1675626136,
            "nsecs": 600826454
        },
        "frame_id": "atracsys"
    },
    "pose": {
        "position": {
            "x": 0.12933213806152344,
            "y": -0.08536592864990235,
            "z": 0.8216507568359375
        },
        "orientation": {
            "x": -0.21893205651090622,
            "y": -0.21989654553861607,
            "z": 0.8819246983370603,
            "w": 0.3548564362600372
        }
    }
}