{
    "header": {
        "seq": 27070,
        "stamp": {
            "secs": 1675626200,
            "nsecs": 607101616
        },
        "frame_id": "atracsys"
    },
    "pose": {
        "position": {
            "x": 0.15978955078125,
            "y": -0.042020462036132813,
            "z": 0.766572021484375
        },
        "orientation": {
            "x": 0.02000187931966222,
            "y": -0.2948272078617092,
            "z": 0.8880704714284957,
            "w": 0.35214724208052467
        }
    }
}