{
    "header": {
        "seq": 33818,
        "stamp": {
            "secs": 1675626269,
            "nsecs": 111936525
        },
        "frame_id": "atracsys"
    },
    "pose": {
        "position": {
            "x": 0.11639031982421875,
            "y": -0.08360704803466797,
            "z": 0.79731591796875
        },
        "orientation": {
            "x": -0.32634000415465547,
            "y": -0.0918843026992772,
            "z": 0.8490969822773629,
            "w": 0.40508491861989
        }
    }
}