{
    "header": {
        "seq": 37803,
        "stamp": {
            "secs": 1675626309,
            "nsecs": 207551743
        },
        "frame_id": "atracsys"
    },
    "pose": {
        "position": {
            "x": 0.07741661834716797,
            "y": 0.03674094772338867,
            "z": 0.7610697631835938
        },
        "orientation": {
            "x": 0.055856944191269235,
            "y": -0.29067149712131735,
            "z": 0.8116767764480681,
            "w": 0.503558232106018
        }
    }
}