{
    "header": {
        "seq": 31855,
        "stamp": {
            "secs": 1675626249,
            "nsecs": 362512836
        },
        "frame_id": "atracsys"
    },
    "pose": {
        "position": {
            "x": 0.11743474578857423,
            "y": -0.07846508026123047,
            "z": 0.7869146118164063
        },
        "orientation": {
            "x": -0.2723467625288069,
            "y": -0.10987749780878432,
            "z": 0.8402462990563365,
            "w": 0.4557854027253263
        }
    }
}