{
    "header": {
        "seq": 32624,
        "stamp": {
            "secs": 1675626257,
            "nsecs": 99852732
        },
        "frame_id": "atracsys"
    },
    "pose": {
        "position": {
            "x": 0.12888986206054687,
            "y": -0.07409608459472657,
            "z": 0.7743311157226562
        },
        "orientation": {
            "x": -0.25598122363586107,
            "y": -0.12260381895482624,
            "z": 0.8508706604396438,
            "w": 0.4421097555207124
        }
    }
}