{
    "header": {
        "seq": 32020,
        "stamp": {
            "secs": 1675626251,
            "nsecs": 22207628
        },
        "frame_id": "atracsys"
    },
    "pose": {
        "position": {
            "x": 0.11142395782470703,
            "y": -0.08269556427001953,
            "z": 0.79612841796875
        },
        "orientation": {
            "x": -0.31602779340156706,
            "y": -0.09683794638266853,
            "z": 0.8353820747544137,
            "w": 0.4391874714938201
        }
    }
}