{
    "header": {
        "seq": 33767,
        "stamp": {
            "secs": 1675626268,
            "nsecs": 598404485
        },
        "frame_id": "atracsys"
    },
    "pose": {
        "position": {
            "x": 0.11719656372070313,
            "y": -0.08293678283691407,
            "z": 0.7955806274414062
        },
        "orientation": {
            "x": -0.32088270192421114,
            "y": -0.09482915794875844,
            "z": 0.8485750423023273,
            "w": 0.40983181915287
        }
    }
}