{
    "header": {
        "seq": 13411,
        "stamp": {
            "secs": 1675626063,
            "nsecs": 95969114
        },
        "frame_id": "atracsys"
    },
    "pose": {
        "position": {
            "x": 0.11437229156494141,
            "y": -0.0748855209350586,
            "z": 0.800310302734375
        },
        "orientation": {
            "x": -0.08429838972247795,
            "y": -0.23341517381690183,
            "z": 0.9123672766039469,
            "w": 0.32557194397632006
        }
    }
}