{
    "header": {
        "seq": 39436,
        "stamp": {
            "secs": 1675626325,
            "nsecs": 631450016
        },
        "frame_id": "atracsys"
    },
    "pose": {
        "position": {
            "x": 0.07850346374511719,
            "y": 0.05988610458374023,
            "z": 0.7547562255859375
        },
        "orientation": {
            "x": -0.0853717039825363,
            "y": -0.3482196349455655,
            "z": 0.6978802078101702,
            "w": 0.6200144946243827
        }
    }
}