{
    "header": {
        "seq": 38852,
        "stamp": {
            "secs": 1675626319,
            "nsecs": 756822840
        },
        "frame_id": "atracsys"
    },
    "pose": {
        "position": {
            "x": 0.08313228607177735,
            "y": 0.05637887954711914,
            "z": 0.7526561279296875
        },
        "orientation": {
            "x": -0.03678964106640981,
            "y": -0.3313761570580914,
            "z": 0.728415280005778,
            "w": 0.5985378389857402
        }
    }
}