{
    "header": {
        "seq": 16854,
        "stamp": {
            "secs": 1675626097,
            "nsecs": 726015729
        },
        "frame_id": "atracsys"
    },
    "pose": {
        "position": {
            "x": 0.1345343780517578,
            "y": -0.044941287994384765,
            "z": 0.7521513671875
        },
        "orientation": {
            "x": 0.021388440115647257,
            "y": -0.2967862753712463,
            "z": 0.8901578132801177,
            "w": 0.3450789892720815
        }
    }
}