{
    "header": {
        "seq": 30564,
        "stamp": {
            "secs": 1675626236,
            "nsecs": 377403285
        },
        "frame_id": "atracsys"
    },
    "pose": {
        "position": {
            "x": 0.11285542297363281,
            "y": -0.08332132720947266,
            "z": 0.8005825805664063
        },
        "orientation": {
            "x": -0.34114512675794606,
            "y": -0.1147715792616769,
            "z": 0.8189028306721161,
            "w": 0.44704098358012007
        }
    }
}