{
    "header": {
        "seq": 31276,
        "stamp": {
            "secs": 1675626243,
            "nsecs": 538605802
        },
        "frame_id": "atracsys"
    },
    "pose": {
        "position": {
            "x": 0.11209970092773437,
            "y": -0.08256661987304688,
            "z": 0.7962062377929687
        },
        "orientation": {
            "x": -0.3154780593296233,
            "y": -0.10756163486957925,
            "z": 0.8329645333646244,
            "w": 0.44167202191496274
        }
    }
}