{
    "header": {
        "seq": 31011,
        "stamp": {
            "secs": 1675626240,
            "nsecs": 872926411
        },
        "frame_id": "atracsys"
    },
    "pose": {
        "position": {
            "x": 0.11848469543457031,
            "y": -0.0775730972290039,
            "z": 0.7857652587890626
        },
        "orientation": {
            "x": -0.27525422082665163,
            "y": -0.13001334323093497,
            "z": 0.8330730799068474,
            "w": 0.46186674272299316
        }
    }
}