{
    "header": {
        "seq": 39056,
        "stamp": {
            "secs": 1675626321,
            "nsecs": 807565362
        },
        "frame_id": "atracsys"
    },
    "pose": {
        "position": {
            "x": 0.08939452362060547,
            "y": 0.060923320770263675,
            "z": 0.74766748046875
        },
        "orientation": {
            "x": -0.02050053810186917,
            "y": -0.3463521258627749,
            "z": 0.7458725712775411,
            "w": 0.568589518249941
        }
    }
}