{
    "header": {
        "seq": 37515,
        "stamp": {
            "secs": 1675626306,
            "nsecs": 312015243
        },
        "frame_id": "atracsys"
    },
    "pose": {
        "position": {
            "x": 0.09437505340576172,
            "y": 0.03506931686401367,
            "z": 0.7637706298828125
        },
        "orientation": {
            "x": 0.07520892968535946,
            "y": -0.2699113065293318,
            "z": 0.8263314732091309,
            "w": 0.488536385428188
        }
    }
}