{
    "header": {
        "seq": 23424,
        "stamp": {
            "secs": 1675626163,
            "nsecs": 806970813
        },
        "frame_id": "atracsys"
    },
    "pose": {
        "position": {
            "x": 0.1532036895751953,
            "y": -0.0631908302307129,
            "z": 0.7966515502929687
        },
        "orientation": {
            "x": -0.14494715645115172,
            "y": -0.2937902432380959,
            "z": 0.8415261938935469,
            "w": 0.4295477619611891
        }
    }
}