{
    "header": {
        "seq": 9966,
        "stamp": {
            "secs": 1675626028,
            "nsecs": 439083273
        },
        "frame_id": "atracsys"
    },
    "pose": {
        "position": {
            "x": 0.12719216918945314,
            "y": -0.08121900939941407,
            "z": 0.8354807739257812
        },
        "orientation": {
            "x": -0.07858257176551166,
            "y": -0.2022041995966552,
            "z": 0.8646447637410379,
            "w": 0.4531309673983878
        }
    }
}