{
    "header": {
        "seq": 31355,
        "stamp": {
            "secs": 1675626244,
            "nsecs": 332623566
        },
        "frame_id": "atracsys"
    },
    "pose": {
        "position": {
            "x": 0.11040229797363281,
            "y": -0.0841152114868164,
            "z": 0.8006102294921875
        },
        "orientation": {
            "x": -0.333907783080367,
            "y": -0.09985611108403993,
            "z": 0.829463716092148,
            "w": 0.4364908855453125
        }
    }
}