{
    "header": {
        "seq": 12649,
        "stamp": {
            "secs": 1675626055,
            "nsecs": 430343387
        },
        "frame_id": "atracsys"
    },
    "pose": {
        "position": {
            "x": 0.12107048797607423,
            "y": -0.08692372894287109,
            "z": 0.8331459960937501
        },
        "orientation": {
            "x": -0.16068618301984672,
            "y": -0.21385895769196317,
            "z": 0.9018396232429801,
            "w": 0.3393075164955521
        }
    }
}