{
    "header": {
        "seq": 30283,
        "stamp": {
            "secs": 1675626233,
            "nsecs": 550598244
        },
        "frame_id": "atracsys"
    },
    "pose": {
        "position": {
            "x": 0.11696826934814453,
            "y": -0.07990313720703125,
            "z": 0.7906403198242188
        },
        "orientation": {
            "x": -0.30660047360007053,
            "y": -0.13055887634595428,
            "z": 0.8258144415630031,
            "w": 0.45495168699706984
        }
    }
}