{
    "header": {
        "seq": 21230,
        "stamp": {
            "secs": 1675626141,
            "nsecs": 738192820
        },
        "frame_id": "atracsys"
    },
    "pose": {
        "position": {
            "x": 0.12403520202636718,
            "y": -0.08218516540527344,
            "z": 0.8129471435546876
        },
        "orientation": {
            "x": -0.19283277587274686,
            "y": -0.2244527774149128,
            "z": 0.8789555598200037,
            "w": 0.3739967849079006
        }
    }
}