{
    "header": {
        "seq": 20824,
        "stamp": {
            "secs": 1675626137,
            "nsecs": 657557160
        },
        "frame_id": "atracsys"
    },
    "pose": {
        "position": {
            "x": 0.12816305541992187,
            "y": -0.08399789428710938,
            "z": 0.8169983520507813
        },
        "orientation": {
            "x": -0.2116871953842739,
            "y": -0.22130329483638633,
            "z": 0.8842448552020626,
            "w": 0.3525966804347186
        }
    }
}