{
    "header": {
        "seq": 26064,
        "stamp": {
            "secs": 1675626190,
            "nsecs": 475726854
        },
        "frame_id": "atracsys"
    },
    "pose": {
        "position": {
            "x": 0.1482417907714844,
            "y": -0.04897010803222657,
            "z": 0.7750512084960938
        },
        "orientation": {
            "x": -0.03026991253064364,
            "y": -0.3111522819133085,
            "z": 0.8696137479996865,
            "w": 0.3821516965099934
        }
    }
}