{
    "header": {
        "seq": 21686,
        "stamp": {
            "secs": 1675626146,
            "nsecs": 326273052
        },
        "frame_id": "atracsys"
    },
    "pose": {
        "position": {
            "x": 0.12331038665771485,
            "y": -0.07862433624267579,
            "z": 0.8051240234375
        },
        "orientation": {
            "x": -0.17332933247614357,
            "y": -0.23276431517768637,
            "z": 0.8781627855045466,
            "w": 0.3802733730333125
        }
    }
}