{
    "header": {
        "seq": 30715,
        "stamp": {
            "secs": 1675626237,
            "nsecs": 896942065
        },
        "frame_id": "atracsys"
    },
    "pose": {
        "position": {
            "x": 0.11099263763427734,
            "y": -0.0856529998779297,
            "z": 0.8085955200195313
        },
        "orientation": {
            "x": -0.37321798915392734,
            "y": -0.10161551152804689,
            "z": 0.810987287533725,
            "w": 0.43895585182052604
        }
    }
}