{
    "header": {
        "seq": 21947,
        "stamp": {
            "secs": 1675626148,
            "nsecs": 950184972
        },
        "frame_id": "atracsys"
    },
    "pose": {
        "position": {
            "x": 0.12684749603271483,
            "y": -0.08050370025634766,
            "z": 0.8150018920898437
        },
        "orientation": {
            "x": -0.18510855509542357,
            "y": -0.23590689743467572,
            "z": 0.8653632422206645,
            "w": 0.4015335821404847
        }
    }
}