{
    "header": {
        "seq": 17601,
        "stamp": {
            "secs": 1675626105,
            "nsecs": 236500694
        },
        "frame_id": "atracsys"
    },
    "pose": {
        "position": {
            "x": 0.1284860382080078,
            "y": -0.05591701126098633,
            "z": 0.770500244140625
        },
        "orientation": {
            "x": -0.03374546974228242,
            "y": -0.28779834147535877,
            "z": 0.8830946857211165,
            "w": 0.3690218610963692
        }
    }
}