{
    "header": {
        "seq": 27940,
        "stamp": {
            "secs": 1675626209,
            "nsecs": 356390407
        },
        "frame_id": "atracsys"
    },
    "pose": {
        "position": {
            "x": 0.13382574462890626,
            "y": -0.053442939758300785,
            "z": 0.7774675903320313
        },
        "orientation": {
            "x": -0.03136692400422063,
            "y": -0.2936330925510302,
            "z": 0.8717847628323447,
            "w": 0.39087984129497405
        }
    }
}