{
    "header": {
        "seq": 39032,
        "stamp": {
            "secs": 1675626321,
            "nsecs": 568748144
        },
        "frame_id": "atracsys"
    },
    "pose": {
        "position": {
            "x": 0.08784521484375,
            "y": 0.060100811004638675,
            "z": 0.7482759399414063
        },
        "orientation": {
            "x": -0.021437031338406624,
            "y": -0.3425251288942552,
            "z": 0.7459626884319642,
            "w": 0.5707509590274258
        }
    }
}