{
    "header": {
        "seq": 12351,
        "stamp": {
            "secs": 1675626052,
            "nsecs": 430231669
        },
        "frame_id": "atracsys"
    },
    "pose": {
        "position": {
            "x": 0.12130776977539062,
            "y": -0.08842391204833984,
            "z": 0.8390127563476563
        },
        "orientation": {
            "x": -0.1689721729947252,
            "y": -0.21397340712299479,
            "z": 0.892810118866066,
            "w": 0.35854410809268505
        }
    }
}