{
    "header": {
        "seq": 15484,
        "stamp": {
            "secs": 1675626083,
            "nsecs": 946933855
        },
        "frame_id": "atracsys"
    },
    "pose": {
        "position": {
            "x": 0.1482108917236328,
            "y": -0.053553455352783205,
            "z": 0.7723843383789063
        },
        "orientation": {
            "x": -0.008164887429532992,
            "y": -0.2758954961100593,
            "z": 0.8871961672425709,
            "w": 0.3697268865927113
        }
    }
}