{
    "header": {
        "seq": 18382,
        "stamp": {
            "secs": 1675626113,
            "nsecs": 93299445
        },
        "frame_id": "atracsys"
    },
    "pose": {
        "position": {
            "x": 0.14073641967773437,
            "y": -0.0825030746459961,
            "z": 0.827457275390625
        },
        "orientation": {
            "x": -0.23056124260810973,
            "y": -0.24338038358876532,
            "z": 0.8377963345262778,
            "w": 0.4309348026622162
        }
    }
}