{
    "header": {
        "seq": 13868,
        "stamp": {
            "secs": 1678823217,
            "nsecs": 572707513
        },
        "frame_id": "atracsys"
    },
    "pose": {
        "position": {
            "x": 0.6268408813476563,
            "y": -0.0055221843719482425,
            "z": 0.2918765258789063
        },
        "orientation": {
            "x": -0.006574820190053828,
            "y": -0.5202320207356739,
            "z": -0.09426531286200665,
            "w": 0.8487811656320927
        }
    }
}