{
    "header": {
        "seq": 19676,
        "stamp": {
            "secs": 1678823276,
            "nsecs": 104142441
        },
        "frame_id": "atracsys"
    },
    "pose": {
        "position": {
            "x": 0.6268638916015625,
            "y": -0.00514701271057129,
            "z": 0.29121084594726565
        },
        "orientation": {
            "x": -0.006385507168936756,
            "y": -0.5201721580135551,
            "z": -0.09436359009233934,
            "w": 0.8488083789587622
        }
    }
}