{
    "header": {
        "seq": 27459,
        "stamp": {
            "secs": 1678823354,
            "nsecs": 491980270
        },
        "frame_id": "atracsys"
    },
    "pose": {
        "position": {
            "x": 0.626857421875,
            "y": -0.005727958679199219,
            "z": 0.29200830078125
        },
        "orientation": {
            "x": -0.0066313156345053585,
            "y": -0.5203261148942295,
            "z": -0.09440251724269633,
            "w": 0.8487077969185124
        }
    }
}