{
    "header": {
        "seq": 7110,
        "stamp": {
            "secs": 1678823149,
            "nsecs": 405667964
        },
        "frame_id": "atracsys"
    },
    "pose": {
        "position": {
            "x": 0.62695556640625,
            "y": -0.005077208042144775,
            "z": 0.29169152832031253
        },
        "orientation": {
            "x": -0.006355953948470359,
            "y": -0.5201626246695689,
            "z": -0.09419012826062419,
            "w": 0.8488337089704423
        }
    }
}