{
    "header": {
        "seq": 39744,
        "stamp": {
            "secs": 1678823478,
            "nsecs": 237902069
        },
        "frame_id": "atracsys"
    },
    "pose": {
        "position": {
            "x": 0.6268020629882812,
            "y": -0.0055443038940429686,
            "z": 0.2918672485351563
        },
        "orientation": {
            "x": -0.006493673527545115,
            "y": -0.520274462179809,
            "z": -0.0944511471391527,
            "w": 0.8487351159294201
        }
    }
}