{
    "header": {
        "seq": 25354,
        "stamp": {
            "secs": 1678823333,
            "nsecs": 300865987
        },
        "frame_id": "atracsys"
    },
    "pose": {
        "position": {
            "x": 0.6269295043945312,
            "y": -0.005645874500274658,
            "z": 0.2921318054199219
        },
        "orientation": {
            "x": -0.006581235827951081,
            "y": -0.5203462331716854,
            "z": -0.09438742385178073,
            "w": 0.8486975310307194
        }
    }
}