{
    "header": {
        "seq": 39470,
        "stamp": {
            "secs": 1678823475,
            "nsecs": 482698271
        },
        "frame_id": "atracsys"
    },
    "pose": {
        "position": {
            "x": 0.6268258666992188,
            "y": -0.005413684844970703,
            "z": 0.2918409423828125
        },
        "orientation": {
            "x": -0.006411792998846223,
            "y": -0.5202745717608198,
            "z": -0.09447514830037108,
            "w": 0.8487329999730528
        }
    }
}