{
    "header": {
        "seq": 22842,
        "stamp": {
            "secs": 1678823307,
            "nsecs": 987522675
        },
        "frame_id": "atracsys"
    },
    "pose": {
        "position": {
            "x": 0.626830078125,
            "y": -0.005705705642700195,
            "z": 0.2920207824707031
        },
        "orientation": {
            "x": -0.006635628772807575,
            "y": -0.5202753231517183,
            "z": -0.09437225799406342,
            "w": 0.8487422656326634
        }
    }
}