{
    "header": {
        "seq": 25283,
        "stamp": {
            "secs": 1678823332,
            "nsecs": 584445449
        },
        "frame_id": "atracsys"
    },
    "pose": {
        "position": {
            "x": 0.627017578125,
            "y": -0.005382443428039551,
            "z": 0.29211904907226566
        },
        "orientation": {
            "x": -0.006424730029617857,
            "y": -0.5203675492032485,
            "z": -0.09435761051653138,
            "w": 0.8486889759610772
        }
    }
}