{
    "header": {
        "seq": 37922,
        "stamp": {
            "secs": 1678823459,
            "nsecs": 912494280
        },
        "frame_id": "atracsys"
    },
    "pose": {
        "position": {
            "x": 0.6267736206054688,
            "y": -0.005690567970275879,
            "z": 0.2918544616699219
        },
        "orientation": {
            "x": -0.006587407316119181,
            "y": -0.5202930248365556,
            "z": -0.09446668615550434,
            "w": 0.8487212849799847
        }
    }
}