{
    "header": {
        "seq": 24931,
        "stamp": {
            "secs": 1678823329,
            "nsecs": 41300371
        },
        "frame_id": "atracsys"
    },
    "pose": {
        "position": {
            "x": 0.6269767456054688,
            "y": -0.005614639282226563,
            "z": 0.2921464538574219
        },
        "orientation": {
            "x": -0.0065665687646332595,
            "y": -0.5203704320633907,
            "z": -0.0943520785189385,
            "w": 0.8486867377825432
        }
    }
}