{
    "header": {
        "seq": 39814,
        "stamp": {
            "secs": 1678823478,
            "nsecs": 942364720
        },
        "frame_id": "atracsys"
    },
    "pose": {
        "position": {
            "x": 0.626965087890625,
            "y": -0.005401998519897461,
            "z": 0.2919230651855469
        },
        "orientation": {
            "x": -0.006408966904041369,
            "y": -0.5203591901047305,
            "z": -0.0944302859984499,
            "w": 0.8486861372162403
        }
    }
}