{
    "header": {
        "seq": 33201,
        "stamp": {
            "secs": 1678823412,
            "nsecs": 366460902
        },
        "frame_id": "atracsys"
    },
    "pose": {
        "position": {
            "x": 0.6269411010742187,
            "y": -0.005492786407470703,
            "z": 0.2919496154785156
        },
        "orientation": {
            "x": -0.006473593235654252,
            "y": -0.5203614388313654,
            "z": -0.09441090994518575,
            "w": 0.8486864236284758
        }
    }
}