{
    "header": {
        "seq": 28609,
        "stamp": {
            "secs": 1678823366,
            "nsecs": 88882215
        },
        "frame_id": "atracsys"
    },
    "pose": {
        "position": {
            "x": 0.6268122558593751,
            "y": -0.0056333432197570804,
            "z": 0.2918776245117188
        },
        "orientation": {
            "x": -0.00658150216263306,
            "y": -0.5202915756555356,
            "z": -0.09439931467507953,
            "w": 0.8487297152333236
        }
    }
}