{
    "header": {
        "seq": 25813,
        "stamp": {
            "secs": 1678823337,
            "nsecs": 918912565
        },
        "frame_id": "atracsys"
    },
    "pose": {
        "position": {
            "x": 0.6268511962890625,
            "y": -0.005678112506866455,
            "z": 0.2920242309570313
        },
        "orientation": {
            "x": -0.006610625293668928,
            "y": -0.5203002106626881,
            "z": -0.09438334307064461,
            "w": 0.848725971658932
        }
    }
}