{
    "header": {
        "seq": 28424,
        "stamp": {
            "secs": 1678823364,
            "nsecs": 223215659
        },
        "frame_id": "atracsys"
    },
    "pose": {
        "position": {
            "x": 0.6268380737304687,
            "y": -0.005610589027404785,
            "z": 0.29193035888671875
        },
        "orientation": {
            "x": -0.006557489481018677,
            "y": -0.5203187082446454,
            "z": -0.0944340656147745,
            "w": 0.8487094016409824
        }
    }
}