{
    "header": {
        "seq": 36590,
        "stamp": {
            "secs": 1678823446,
            "nsecs": 494614787
        },
        "frame_id": "atracsys"
    },
    "pose": {
        "position": {
            "x": 0.6267370605468751,
            "y": -0.005564278602600098,
            "z": 0.29181259155273437
        },
        "orientation": {
            "x": -0.006515815874621117,
            "y": -0.5202597568902408,
            "z": -0.09448548603518893,
            "w": 0.8487401383419366
        }
    }
}