{
    "header": {
        "seq": 36316,
        "stamp": {
            "secs": 1678823443,
            "nsecs": 733528847
        },
        "frame_id": "atracsys"
    },
    "pose": {
        "position": {
            "x": 0.62690283203125,
            "y": -0.005475710391998291,
            "z": 0.2919317321777344
        },
        "orientation": {
            "x": -0.006458711662796557,
            "y": -0.5203362781198829,
            "z": -0.09442730151678877,
            "w": 0.8487001398870287
        }
    }
}