{
    "header": {
        "seq": 37700,
        "stamp": {
            "secs": 1678823457,
            "nsecs": 676708087
        },
        "frame_id": "atracsys"
    },
    "pose": {
        "position": {
            "x": 0.6268051147460938,
            "y": -0.005512596607208252,
            "z": 0.29186099243164065
        },
        "orientation": {
            "x": -0.006477019557462069,
            "y": -0.5202943589678992,
            "z": -0.09446544237616271,
            "w": 0.8487214551550532
        }
    }
}