{
    "header": {
        "seq": 39208,
        "stamp": {
            "secs": 1678823472,
            "nsecs": 846870088
        },
        "frame_id": "atracsys"
    },
    "pose": {
        "position": {
            "x": 0.6269345703125,
            "y": -0.005404894828796387,
            "z": 0.29191998291015625
        },
        "orientation": {
            "x": -0.006415656854520015,
            "y": -0.5203606156132434,
            "z": -0.09443018225479066,
            "w": 0.8486852241821218
        }
    }
}