{
    "header": {
        "seq": 25860,
        "stamp": {
            "secs": 1678823338,
            "nsecs": 393441335
        },
        "frame_id": "atracsys"
    },
    "pose": {
        "position": {
            "x": 0.6269548950195313,
            "y": -0.0055272641181945805,
            "z": 0.29204412841796873
        },
        "orientation": {
            "x": -0.0065171328523251845,
            "y": -0.5203454733529993,
            "z": -0.09437302757879891,
            "w": 0.8487000924979563
        }
    }
}