{
    "header": {
        "seq": 28556,
        "stamp": {
            "secs": 1678823365,
            "nsecs": 554554894
        },
        "frame_id": "atracsys"
    },
    "pose": {
        "position": {
            "x": 0.6268226318359376,
            "y": -0.005718097686767578,
            "z": 0.2919236755371094
        },
        "orientation": {
            "x": -0.006631290462967744,
            "y": -0.5203152584374454,
            "z": -0.09441807594128929,
            "w": 0.848712722161931
        }
    }
}