{
    "header": {
        "seq": 36716,
        "stamp": {
            "secs": 1678823447,
            "nsecs": 766307943
        },
        "frame_id": "atracsys"
    },
    "pose": {
        "position": {
            "x": 0.6267817993164063,
            "y": -0.005586758136749268,
            "z": 0.291834228515625
        },
        "orientation": {
            "x": -0.006526122651821189,
            "y": -0.5202810163474096,
            "z": -0.09446889203575361,
            "w": 0.8487288743698881
        }
    }
}