{
    "header": {
        "seq": 23243,
        "stamp": {
            "secs": 1678823312,
            "nsecs": 32362301
        },
        "frame_id": "atracsys"
    },
    "pose": {
        "position": {
            "x": 0.62697119140625,
            "y": -0.005492755889892578,
            "z": 0.29208145141601566
        },
        "orientation": {
            "x": -0.006506512392433838,
            "y": -0.5203378496913953,
            "z": -0.09433574972867866,
            "w": 0.8487089924103256
        }
    }
}