{
    "header": {
        "seq": 33933,
        "stamp": {
            "secs": 1678823419,
            "nsecs": 745526694
        },
        "frame_id": "atracsys"
    },
    "pose": {
        "position": {
            "x": 0.6268438110351563,
            "y": -0.005351369857788086,
            "z": 0.2918287048339844
        },
        "orientation": {
            "x": -0.006390053341182327,
            "y": -0.5202878146073348,
            "z": -0.09445106812819919,
            "w": 0.8487277260222285
        }
    }
}