{
    "header": {
        "seq": 32198,
        "stamp": {
            "secs": 1678823402,
            "nsecs": 256042424
        },
        "frame_id": "atracsys"
    },
    "pose": {
        "position": {
            "x": 0.6267921142578126,
            "y": -0.005590944766998291,
            "z": 0.29186013793945315
        },
        "orientation": {
            "x": -0.006536908734250903,
            "y": -0.5202751271000113,
            "z": -0.09445380722906978,
            "w": 0.8487340804075214
        }
    }
}