{
    "header": {
        "seq": 27761,
        "stamp": {
            "secs": 1678823357,
            "nsecs": 536792764
        },
        "frame_id": "atracsys"
    },
    "pose": {
        "position": {
            "x": 0.6269490966796876,
            "y": -0.005313753604888916,
            "z": 0.2919358825683594
        },
        "orientation": {
            "x": -0.006379441504665217,
            "y": -0.5203386025913254,
            "z": -0.09440452813562376,
            "w": 0.8487018477927838
        }
    }
}