{
    "header": {
        "seq": 15634,
        "stamp": {
            "secs": 1678823235,
            "nsecs": 378654945
        },
        "frame_id": "atracsys"
    },
    "pose": {
        "position": {
            "x": 0.6269550781250001,
            "y": -0.005153021812438965,
            "z": 0.2917018432617188
        },
        "orientation": {
            "x": -0.0063524661569073155,
            "y": -0.5202353806723775,
            "z": -0.09429987553574097,
            "w": 0.8487769603048468
        }
    }
}