{
    "header": {
        "seq": 15410,
        "stamp": {
            "secs": 1678823233,
            "nsecs": 116055182
        },
        "frame_id": "atracsys"
    },
    "pose": {
        "position": {
            "x": 0.6268292236328125,
            "y": -0.005253921031951905,
            "z": 0.2917138977050781
        },
        "orientation": {
            "x": -0.006412711183760942,
            "y": -0.5202035243501586,
            "z": -0.09429832771462753,
            "w": 0.8487962039142095
        }
    }
}