{
    "header": {
        "seq": 22696,
        "stamp": {
            "secs": 1678823306,
            "nsecs": 518976248
        },
        "frame_id": "atracsys"
    },
    "pose": {
        "position": {
            "x": 0.6268744506835937,
            "y": -0.0055286517143249515,
            "z": 0.29199670410156253
        },
        "orientation": {
            "x": -0.0065322213083942125,
            "y": -0.5202807329369533,
            "z": -0.09436203960094239,
            "w": 0.8487408877282366
        }
    }
}