{
    "header": {
        "seq": 23076,
        "stamp": {
            "secs": 1678823310,
            "nsecs": 345775901
        },
        "frame_id": "atracsys"
    },
    "pose": {
        "position": {
            "x": 0.6268972778320313,
            "y": -0.005619853973388672,
            "z": 0.29207073974609377
        },
        "orientation": {
            "x": -0.006582492597028809,
            "y": -0.5203075471058307,
            "z": -0.0943604492819791,
            "w": 0.8487242383879624
        }
    }
}