{
    "header": {
        "seq": 23443,
        "stamp": {
            "secs": 1678823314,
            "nsecs": 47305788
        },
        "frame_id": "atracsys"
    },
    "pose": {
        "position": {
            "x": 0.6268975830078125,
            "y": -0.0055448484420776364,
            "z": 0.2920528564453125
        },
        "orientation": {
            "x": -0.006538678168995672,
            "y": -0.5202974876646136,
            "z": -0.09433110577308708,
            "w": 0.8487340057410921
        }
    }
}