{
    "header": {
        "seq": 17100,
        "stamp": {
            "secs": 1678823250,
            "nsecs": 136847641
        },
        "frame_id": "atracsys"
    },
    "pose": {
        "position": {
            "x": 0.6271136474609376,
            "y": -0.005308598518371582,
            "z": 0.29164852905273436
        },
        "orientation": {
            "x": -0.006446048137665479,
            "y": -0.5203620217306408,
            "z": -0.09436153491656876,
            "w": 0.8486917670933285
        }
    }
}