{
    "header": {
        "seq": 24485,
        "stamp": {
            "secs": 1678823324,
            "nsecs": 545746012
        },
        "frame_id": "atracsys"
    },
    "pose": {
        "position": {
            "x": 0.6268994750976563,
            "y": -0.005650662422180176,
            "z": 0.2921031188964844
        },
        "orientation": {
            "x": -0.006588005208443233,
            "y": -0.5203249997552502,
            "z": -0.0943728618152518,
            "w": 0.8487121159556236
        }
    }
}