{
    "header": {
        "seq": 36150,
        "stamp": {
            "secs": 1678823442,
            "nsecs": 58801147
        },
        "frame_id": "atracsys"
    },
    "pose": {
        "position": {
            "x": 0.6267601928710937,
            "y": -0.0055374536514282225,
            "z": 0.29182904052734376
        },
        "orientation": {
            "x": -0.006507976499679697,
            "y": -0.520254894283483,
            "z": -0.09443032243588015,
            "w": 0.8487493183623873
        }
    }
}