{
    "header": {
        "seq": 24073,
        "stamp": {
            "secs": 1678823320,
            "nsecs": 390467974
        },
        "frame_id": "atracsys"
    },
    "pose": {
        "position": {
            "x": 0.6269049072265626,
            "y": -0.0057313890457153325,
            "z": 0.29211117553710936
        },
        "orientation": {
            "x": -0.006643811810175867,
            "y": -0.5203350656032828,
            "z": -0.09435926512726109,
            "w": 0.8487070215055968
        }
    }
}