{
    "header": {
        "seq": 28337,
        "stamp": {
            "secs": 1678823363,
            "nsecs": 342651792
        },
        "frame_id": "atracsys"
    },
    "pose": {
        "position": {
            "x": 0.62686962890625,
            "y": -0.005495166301727295,
            "z": 0.2919197082519531
        },
        "orientation": {
            "x": -0.006492539425383918,
            "y": -0.5203141328991908,
            "z": -0.09441138681321169,
            "w": 0.8487152290828646
        }
    }
}