{
    "header": {
        "seq": 34127,
        "stamp": {
            "secs": 1678823421,
            "nsecs": 700759741
        },
        "frame_id": "atracsys"
    },
    "pose": {
        "position": {
            "x": 0.6268048706054687,
            "y": -0.005633705615997315,
            "z": 0.2918567810058594
        },
        "orientation": {
            "x": -0.006560775570059802,
            "y": -0.5202948133296041,
            "z": -0.09444630686849728,
            "w": 0.8487226629265495
        }
    }
}