{
    "header": {
        "seq": 39879,
        "stamp": {
            "secs": 1678823479,
            "nsecs": 596004458
        },
        "frame_id": "atracsys"
    },
    "pose": {
        "position": {
            "x": 0.6268551635742188,
            "y": -0.005540409088134766,
            "z": 0.291871826171875
        },
        "orientation": {
            "x": -0.006496650867584689,
            "y": -0.5203051562647178,
            "z": -0.09444090777277393,
            "w": 0.8487174163588883
        }
    }
}