{
    "header": {
        "seq": 24793,
        "stamp": {
            "secs": 1678823327,
            "nsecs": 650191566
        },
        "frame_id": "atracsys"
    },
    "pose": {
        "position": {
            "x": 0.626918701171875,
            "y": -0.005620709419250488,
            "z": 0.29208026123046876
        },
        "orientation": {
            "x": -0.0065688632444191345,
            "y": -0.5203327055542241,
            "z": -0.09438266577724214,
            "w": 0.8487064498205953
        }
    }
}