{
    "header": {
        "seq": 22568,
        "stamp": {
            "secs": 1678823305,
            "nsecs": 226312919
        },
        "frame_id": "atracsys"
    },
    "pose": {
        "position": {
            "x": 0.6268990478515625,
            "y": -0.005660655498504639,
            "z": 0.2920728454589844
        },
        "orientation": {
            "x": -0.006605419999302191,
            "y": -0.5203150443180361,
            "z": -0.09436574131871461,
            "w": 0.8487188756875403
        }
    }
}