{
    "header": {
        "seq": 17225,
        "stamp": {
            "secs": 1678823251,
            "nsecs": 396659203
        },
        "frame_id": "atracsys"
    },
    "pose": {
        "position": {
            "x": 0.6271265258789063,
            "y": -0.0050910115242004395,
            "z": 0.2915865173339844
        },
        "orientation": {
            "x": -0.006314347165842828,
            "y": -0.5203485235586782,
            "z": -0.09438139257671721,
            "w": 0.8486988251349546
        }
    }
}