{
    "header": {
        "seq": 33167,
        "stamp": {
            "secs": 1678823412,
            "nsecs": 23153236
        },
        "frame_id": "atracsys"
    },
    "pose": {
        "position": {
            "x": 0.6267604980468751,
            "y": -0.005643361568450928,
            "z": 0.29184545898437503
        },
        "orientation": {
            "x": -0.00656950491087791,
            "y": -0.5202666063587584,
            "z": -0.09445467766930199,
            "w": 0.848738955026547
        }
    }
}