{
    "header": {
        "seq": 33490,
        "stamp": {
            "secs": 1678823415,
            "nsecs": 279776889
        },
        "frame_id": "atracsys"
    },
    "pose": {
        "position": {
            "x": 0.6269254760742188,
            "y": -0.005485968589782715,
            "z": 0.2919342041015625
        },
        "orientation": {
            "x": -0.006475315775971767,
            "y": -0.5203473583753137,
            "z": -0.09440525470300586,
            "w": 0.8486956726659415
        }
    }
}