{
    "header": {
        "seq": 36994,
        "stamp": {
            "secs": 1678823450,
            "nsecs": 569224293
        },
        "frame_id": "atracsys"
    },
    "pose": {
        "position": {
            "x": 0.6267094116210937,
            "y": -0.00565648078918457,
            "z": 0.2918497314453125
        },
        "orientation": {
            "x": -0.0065620176648721615,
            "y": -0.5202528315747472,
            "z": -0.09450133062913064,
            "w": 0.848742263394458
        }
    }
}