{
    "header": {
        "seq": 8332,
        "stamp": {
            "secs": 1678823161,
            "nsecs": 731059461
        },
        "frame_id": "atracsys"
    },
    "pose": {
        "position": {
            "x": 0.6270255126953125,
            "y": -0.005134013652801514,
            "z": 0.2918629455566406
        },
        "orientation": {
            "x": -0.006367386464598509,
            "y": -0.5202135755257836,
            "z": -0.0942030758349778,
            "w": 0.8488009617875794
        }
    }
}