{
    "header": {
        "seq": 22769,
        "stamp": {
            "secs": 1678823307,
            "nsecs": 253310711
        },
        "frame_id": "atracsys"
    },
    "pose": {
        "position": {
            "x": 0.626942138671875,
            "y": -0.005674805164337158,
            "z": 0.29210198974609375
        },
        "orientation": {
            "x": -0.006613146235493579,
            "y": -0.5203455970081355,
            "z": -0.09435987284611434,
            "w": 0.8487007366366428
        }
    }
}