{
    "header": {
        "seq": 32167,
        "stamp": {
            "secs": 1678823401,
            "nsecs": 942588574
        },
        "frame_id": "atracsys"
    },
    "pose": {
        "position": {
            "x": 0.6268272094726562,
            "y": -0.005500178337097168,
            "z": 0.29185595703125
        },
        "orientation": {
            "x": -0.0064853501501152926,
            "y": -0.5202827671245907,
            "z": -0.09444568625221121,
            "w": 0.8487306962841384
        }
    }
}