{
    "header": {
        "seq": 39184,
        "stamp": {
            "secs": 1678823472,
            "nsecs": 608037312
        },
        "frame_id": "atracsys"
    },
    "pose": {
        "position": {
            "x": 0.6268330078125001,
            "y": -0.005394305229187012,
            "z": 0.29183154296875
        },
        "orientation": {
            "x": -0.006409986496670546,
            "y": -0.5202982021369995,
            "z": -0.09447784652529242,
            "w": 0.8487182273534968
        }
    }
}