{
    "header": {
        "seq": 31941,
        "stamp": {
            "secs": 1678823399,
            "nsecs": 670931555
        },
        "frame_id": "atracsys"
    },
    "pose": {
        "position": {
            "x": 0.6268575439453126,
            "y": -0.005566781044006348,
            "z": 0.2918920593261719
        },
        "orientation": {
            "x": -0.006523616485905055,
            "y": -0.5203096343828434,
            "z": -0.09443465911835934,
            "w": 0.8487151594931812
        }
    }
}