{
    "header": {
        "seq": 25549,
        "stamp": {
            "secs": 1678823335,
            "nsecs": 262088977
        },
        "frame_id": "atracsys"
    },
    "pose": {
        "position": {
            "x": 0.6268565673828125,
            "y": -0.0054964318275451665,
            "z": 0.2920174865722656
        },
        "orientation": {
            "x": -0.006500356292398466,
            "y": -0.5202787927705553,
            "z": -0.09437044621638917,
            "w": 0.8487413870209258
        }
    }
}