{
    "header": {
        "seq": 39075,
        "stamp": {
            "secs": 1678823471,
            "nsecs": 509557608
        },
        "frame_id": "atracsys"
    },
    "pose": {
        "position": {
            "x": 0.6268232421875,
            "y": -0.005326751232147217,
            "z": 0.29182086181640626
        },
        "orientation": {
            "x": -0.006373302870351319,
            "y": -0.520279582242422,
            "z": -0.09445701267765692,
            "w": 0.8487322369676943
        }
    }
}