{
    "header": {
        "seq": 28358,
        "stamp": {
            "secs": 1678823363,
            "nsecs": 554570333
        },
        "frame_id": "atracsys"
    },
    "pose": {
        "position": {
            "x": 0.6268116455078125,
            "y": -0.0055614495277404785,
            "z": 0.29186651611328124
        },
        "orientation": {
            "x": -0.006535019794241066,
            "y": -0.520285754322723,
            "z": -0.09442431389334335,
            "w": 0.8487308621176064
        }
    }
}