{
    "header": {
        "seq": 29286,
        "stamp": {
            "secs": 1678823372,
            "nsecs": 912821293
        },
        "frame_id": "atracsys"
    },
    "pose": {
        "position": {
            "x": 0.6268148193359375,
            "y": -0.005587069988250732,
            "z": 0.29184463500976565
        },
        "orientation": {
            "x": -0.0065578739536371645,
            "y": -0.5202887923571936,
            "z": -0.09440532973927811,
            "w": 0.8487309353107847
        }
    }
}