{
    "header": {
        "seq": 22025,
        "stamp": {
            "secs": 1678823299,
            "nsecs": 763670414
        },
        "frame_id": "atracsys"
    },
    "pose": {
        "position": {
            "x": 0.6269663696289063,
            "y": -0.0055609259605407715,
            "z": 0.29209442138671876
        },
        "orientation": {
            "x": -0.006546464872846874,
            "y": -0.5203409671942851,
            "z": -0.09434694331923629,
            "w": 0.8487055295821404
        }
    }
}