{
    "header": {
        "seq": 29239,
        "stamp": {
            "secs": 1678823372,
            "nsecs": 438137083
        },
        "frame_id": "atracsys"
    },
    "pose": {
        "position": {
            "x": 0.6268661499023438,
            "y": -0.005720025539398194,
            "z": 0.29195904541015627
        },
        "orientation": {
            "x": -0.006626790246419824,
            "y": -0.5203387934721088,
            "z": -0.09441619120677174,
            "w": 0.8486985380551957
        }
    }
}