{
    "header": {
        "seq": 25094,
        "stamp": {
            "secs": 1678823330,
            "nsecs": 682987225
        },
        "frame_id": "atracsys"
    },
    "pose": {
        "position": {
            "x": 0.6269183349609375,
            "y": -0.0056001005172729495,
            "z": 0.29209963989257814
        },
        "orientation": {
            "x": -0.006561480297635655,
            "y": -0.5203256667643779,
            "z": -0.0943580948475102,
            "w": 0.8487135543982184
        }
    }
}