{
    "header": {
        "seq": 27672,
        "stamp": {
            "secs": 1678823356,
            "nsecs": 638272307
        },
        "frame_id": "atracsys"
    },
    "pose": {
        "position": {
            "x": 0.6267846069335937,
            "y": -0.005727173805236817,
            "z": 0.2919328308105469
        },
        "orientation": {
            "x": -0.0066354743457566374,
            "y": -0.520283126142202,
            "z": -0.0944167573400872,
            "w": 0.8487325344684787
        }
    }
}