{
    "header": {
        "seq": 29464,
        "stamp": {
            "secs": 1678823374,
            "nsecs": 703800889
        },
        "frame_id": "atracsys"
    },
    "pose": {
        "position": {
            "x": 0.6267804565429688,
            "y": -0.005540539741516113,
            "z": 0.29183416748046875
        },
        "orientation": {
            "x": -0.00653065910273927,
            "y": -0.520265183483921,
            "z": -0.09440205173282142,
            "w": 0.8487459820080208
        }
    }
}