{
    "header": {
        "seq": 6991,
        "stamp": {
            "secs": 1678823148,
            "nsecs": 208682253
        },
        "frame_id": "atracsys"
    },
    "pose": {
        "position": {
            "x": 0.627069580078125,
            "y": -0.005210304737091064,
            "z": 0.2918370056152344
        },
        "orientation": {
            "x": -0.00642758664289896,
            "y": -0.5202531200799118,
            "z": -0.09418951968297418,
            "w": 0.8487777751325464
        }
    }
}