{
    "header": {
        "seq": 34059,
        "stamp": {
            "secs": 1678823421,
            "nsecs": 14206831
        },
        "frame_id": "atracsys"
    },
    "pose": {
        "position": {
            "x": 0.6269434204101563,
            "y": -0.005265978813171387,
            "z": 0.29188873291015627
        },
        "orientation": {
            "x": -0.006341175977372557,
            "y": -0.5203446899733132,
            "z": -0.09442526667371451,
            "w": 0.8486960952646115
        }
    }
}