{
    "header": {
        "seq": 38107,
        "stamp": {
            "secs": 1678823461,
            "nsecs": 775252515
        },
        "frame_id": "atracsys"
    },
    "pose": {
        "position": {
            "x": 0.6268728637695312,
            "y": -0.0053142175674438475,
            "z": 0.29189410400390625
        },
        "orientation": {
            "x": -0.006365624225788018,
            "y": -0.5203142438183868,
            "z": -0.09443248304585995,
            "w": 0.8487137754589057
        }
    }
}