{
    "header": {
        "seq": 39314,
        "stamp": {
            "secs": 1678823473,
            "nsecs": 915481901
        },
        "frame_id": "atracsys"
    },
    "pose": {
        "position": {
            "x": 0.626861572265625,
            "y": -0.005529195308685303,
            "z": 0.29182412719726564
        },
        "orientation": {
            "x": -0.00650762461447817,
            "y": -0.5202954346708356,
            "z": -0.09439636889546016,
            "w": 0.8487282468622778
        }
    }
}