{
    "header": {
        "seq": 33959,
        "stamp": {
            "secs": 1678823420,
            "nsecs": 8131652
        },
        "frame_id": "atracsys"
    },
    "pose": {
        "position": {
            "x": 0.6267813720703125,
            "y": -0.00559644079208374,
            "z": 0.29184622192382814
        },
        "orientation": {
            "x": -0.006539022472520274,
            "y": -0.520276257001692,
            "z": -0.09445290527945295,
            "w": 0.8487334718683386
        }
    }
}