{
    "header": {
        "seq": 22217,
        "stamp": {
            "secs": 1678823301,
            "nsecs": 694983311
        },
        "frame_id": "atracsys"
    },
    "pose": {
        "position": {
            "x": 0.62688427734375,
            "y": -0.00552463436126709,
            "z": 0.2919952392578125
        },
        "orientation": {
            "x": -0.006535127394392366,
            "y": -0.520279828245129,
            "z": -0.09434181093806557,
            "w": 0.8487436686892482
        }
    }
}