{
    "header": {
        "seq": 23595,
        "stamp": {
            "secs": 1678823315,
            "nsecs": 578542642
        },
        "frame_id": "atracsys"
    },
    "pose": {
        "position": {
            "x": 0.6269178466796875,
            "y": -0.005713016986846924,
            "z": 0.292124267578125
        },
        "orientation": {
            "x": -0.006634496418916561,
            "y": -0.5203312385704969,
            "z": -0.09433920365578842,
            "w": 0.84871167087448
        }
    }
}