{
    "header": {
        "seq": 25932,
        "stamp": {
            "secs": 1678823339,
            "nsecs": 118804343
        },
        "frame_id": "atracsys"
    },
    "pose": {
        "position": {
            "x": 0.6268406372070313,
            "y": -0.005625533580780029,
            "z": 0.29199432373046874
        },
        "orientation": {
            "x": -0.006579495612706335,
            "y": -0.5202890505531971,
            "z": -0.09438742028711891,
            "w": 0.8487326015910299
        }
    }
}