{
    "header": {
        "seq": 28175,
        "stamp": {
            "secs": 1678823361,
            "nsecs": 709893329
        },
        "frame_id": "atracsys"
    },
    "pose": {
        "position": {
            "x": 0.6267947998046876,
            "y": -0.005669701099395752,
            "z": 0.2918970031738281
        },
        "orientation": {
            "x": -0.0065985741707991,
            "y": -0.5202864744912155,
            "z": -0.09441869126037492,
            "w": 0.8487305544288436
        }
    }
}