{
    "header": {
        "seq": 8639,
        "stamp": {
            "secs": 1678823164,
            "nsecs": 835533699
        },
        "frame_id": "atracsys"
    },
    "pose": {
        "position": {
            "x": 0.6269457397460938,
            "y": -0.005246751785278321,
            "z": 0.2918563842773438
        },
        "orientation": {
            "x": -0.006427770488826834,
            "y": -0.5201834754526421,
            "z": -0.09424192150618527,
            "w": 0.8488146416405502
        }
    }
}