{
    "header": {
        "seq": 19711,
        "stamp": {
            "secs": 1678823276,
            "nsecs": 456286194
        },
        "frame_id": "atracsys"
    },
    "pose": {
        "position": {
            "x": 0.626990966796875,
            "y": -0.004977675914764405,
            "z": 0.29125772094726565
        },
        "orientation": {
            "x": -0.006283319527134411,
            "y": -0.520231760837201,
            "z": -0.09432985288981478,
            "w": 0.8487763626337218
        }
    }
}