{
    "header": {
        "seq": 6720,
        "stamp": {
            "secs": 1678823145,
            "nsecs": 480319176
        },
        "frame_id": "atracsys"
    },
    "pose": {
        "position": {
            "x": 0.627025146484375,
            "y": -0.005227819442749024,
            "z": 0.2918359680175781
        },
        "orientation": {
            "x": -0.006448657456422505,
            "y": -0.520221629254067,
            "z": -0.09414250107510627,
            "w": 0.8488021328699508
        }
    }
}