{
    "header": {
        "seq": 21747,
        "stamp": {
            "secs": 1678823296,
            "nsecs": 966667091
        },
        "frame_id": "atracsys"
    },
    "pose": {
        "position": {
            "x": 0.6269482421875,
            "y": -0.005408072471618653,
            "z": 0.2920010986328125
        },
        "orientation": {
            "x": -0.006465263555392893,
            "y": -0.5203031638029857,
            "z": -0.09433828117939991,
            "w": 0.8487302909687384
        }
    }
}