{
    "header": {
        "seq": 24723,
        "stamp": {
            "secs": 1678823326,
            "nsecs": 945790417
        },
        "frame_id": "atracsys"
    },
    "pose": {
        "position": {
            "x": 0.6269301147460937,
            "y": -0.005635173320770264,
            "z": 0.29210028076171873
        },
        "orientation": {
            "x": -0.00658233648248597,
            "y": -0.5203435776126598,
            "z": -0.09436506452721367,
            "w": 0.8487016370200212
        }
    }
}