{
    "header": {
        "seq": 33362,
        "stamp": {
            "secs": 1678823413,
            "nsecs": 990249295
        },
        "frame_id": "atracsys"
    },
    "pose": {
        "position": {
            "x": 0.6268602905273437,
            "y": -0.005547534942626953,
            "z": 0.2918935546875
        },
        "orientation": {
            "x": -0.006510207658432675,
            "y": -0.5203162101869334,
            "z": -0.0944205558025223,
            "w": 0.848712800218598
        }
    }
}