{
    "header": {
        "seq": 21813,
        "stamp": {
            "secs": 1678823297,
            "nsecs": 629341052
        },
        "frame_id": "atracsys"
    },
    "pose": {
        "position": {
            "x": 0.6269034423828125,
            "y": -0.005653960704803467,
            "z": 0.2920396423339844
        },
        "orientation": {
            "x": -0.006605204654548814,
            "y": -0.5203092237896292,
            "z": -0.0943696853174264,
            "w": 0.8487220071401443
        }
    }
}