{
    "header": {
        "seq": 33781,
        "stamp": {
            "secs": 1678823418,
            "nsecs": 214166334
        },
        "frame_id": "atracsys"
    },
    "pose": {
        "position": {
            "x": 0.6269136352539063,
            "y": -0.00541361141204834,
            "z": 0.29192169189453127
        },
        "orientation": {
            "x": -0.006425300139295714,
            "y": -0.520337651266637,
            "z": -0.09442811288395953,
            "w": 0.8486994613463672
        }
    }
}