{
    "header": {
        "seq": 32993,
        "stamp": {
            "secs": 1678823410,
            "nsecs": 267867060
        },
        "frame_id": "atracsys"
    },
    "pose": {
        "position": {
            "x": 0.6269089965820313,
            "y": -0.00527023458480835,
            "z": 0.29186105346679686
        },
        "orientation": {
            "x": -0.00634554637212937,
            "y": -0.5203123642690719,
            "z": -0.0944296620599834,
            "w": 0.8487153919619963
        }
    }
}