{
    "header": {
        "seq": 11098,
        "stamp": {
            "secs": 1678823189,
            "nsecs": 653343762
        },
        "frame_id": "atracsys"
    },
    "pose": {
        "position": {
            "x": 0.6270555419921875,
            "y": -0.0053991365432739255,
            "z": 0.2921968078613281
        },
        "orientation": {
            "x": -0.0064703817093463905,
            "y": -0.5203232026003007,
            "z": -0.09427934522656684,
            "w": 0.8487245160003049
        }
    }
}