{
    "header": {
        "seq": 37615,
        "stamp": {
            "secs": 1678823456,
            "nsecs": 822958031
        },
        "frame_id": "atracsys"
    },
    "pose": {
        "position": {
            "x": 0.6268209838867188,
            "y": -0.005513834476470947,
            "z": 0.29187765502929686
        },
        "orientation": {
            "x": -0.006483908486299695,
            "y": -0.5203031020282873,
            "z": -0.0944425108839099,
            "w": 0.848718594758254
        }
    }
}