{
    "header": {
        "seq": 9757,
        "stamp": {
            "secs": 1678823176,
            "nsecs": 119108256
        },
        "frame_id": "atracsys"
    },
    "pose": {
        "position": {
            "x": 0.626939453125,
            "y": -0.005451784610748291,
            "z": 0.29204061889648436
        },
        "orientation": {
            "x": -0.006516463429570737,
            "y": -0.5202347636240209,
            "z": -0.09428152145043128,
            "w": 0.8487781342226142
        }
    }
}