{
    "header": {
        "seq": 36914,
        "stamp": {
            "secs": 1678823449,
            "nsecs": 763259118
        },
        "frame_id": "atracsys"
    },
    "pose": {
        "position": {
            "x": 0.6268286132812501,
            "y": -0.0054528131484985354,
            "z": 0.2918729858398438
        },
        "orientation": {
            "x": -0.006444860923265214,
            "y": -0.5203005553645218,
            "z": -0.09446148368353202,
            "w": 0.8487183419458754
        }
    }
}