{
    "header": {
        "seq": 19540,
        "stamp": {
            "secs": 1678823274,
            "nsecs": 733857719
        },
        "frame_id": "atracsys"
    },
    "pose": {
        "position": {
            "x": 0.626914306640625,
            "y": -0.005104441642761231,
            "z": 0.2912728576660156
        },
        "orientation": {
            "x": -0.0063531201845536765,
            "y": -0.5201941864476947,
            "z": -0.09435047076982962,
            "w": 0.8487965804098491
        }
    }
}