{
    "header": {
        "seq": 11057,
        "stamp": {
            "secs": 1678823189,
            "nsecs": 238396353
        },
        "frame_id": "atracsys"
    },
    "pose": {
        "position": {
            "x": 0.6269358520507813,
            "y": -0.005379391670227051,
            "z": 0.29209170532226564
        },
        "orientation": {
            "x": -0.006452728911856293,
            "y": -0.5202485012072143,
            "z": -0.09433269229623786,
            "w": 0.8487645153076209
        }
    }
}