{
    "header": {
        "seq": 38407,
        "stamp": {
            "secs": 1678823464,
            "nsecs": 790176072
        },
        "frame_id": "atracsys"
    },
    "pose": {
        "position": {
            "x": 0.6268511962890625,
            "y": -0.005532093048095703,
            "z": 0.29193844604492186
        },
        "orientation": {
            "x": -0.006486505438027043,
            "y": -0.520317058522176,
            "z": -0.094446219510704,
            "w": 0.8487096060951407
        }
    }
}