{
    "header": {
        "seq": 28963,
        "stamp": {
            "secs": 1678823369,
            "nsecs": 659022833
        },
        "frame_id": "atracsys"
    },
    "pose": {
        "position": {
            "x": 0.6268359375,
            "y": -0.00545490550994873,
            "z": 0.2918413696289063
        },
        "orientation": {
            "x": -0.006487013027080359,
            "y": -0.5202865520313821,
            "z": -0.0943774769404327,
            "w": 0.8487359508608319
        }
    }
}