{
    "header": {
        "seq": 17146,
        "stamp": {
            "secs": 1678823250,
            "nsecs": 599544277
        },
        "frame_id": "atracsys"
    },
    "pose": {
        "position": {
            "x": 0.6270656738281251,
            "y": -0.005388367176055908,
            "z": 0.29164337158203124
        },
        "orientation": {
            "x": -0.006493857961968753,
            "y": -0.5203477528492534,
            "z": -0.09437752411375162,
            "w": 0.848698373308009
        }
    }
}