{
    "header": {
        "seq": 22888,
        "stamp": {
            "secs": 1678823308,
            "nsecs": 450216162
        },
        "frame_id": "atracsys"
    },
    "pose": {
        "position": {
            "x": 0.6269326782226563,
            "y": -0.005441254615783692,
            "z": 0.29203033447265625
        },
        "orientation": {
            "x": -0.006478489619233445,
            "y": -0.5203060619869919,
            "z": -0.0943459960900024,
            "w": 0.8487275558467671
        }
    }
}