{
    "header": {
        "seq": 33695,
        "stamp": {
            "secs": 1678823417,
            "nsecs": 345528312
        },
        "frame_id": "atracsys"
    },
    "pose": {
        "position": {
            "x": 0.6267725219726563,
            "y": -0.00565923547744751,
            "z": 0.29186444091796876
        },
        "orientation": {
            "x": -0.0065701696423342585,
            "y": -0.5202823246688829,
            "z": -0.09448485783383703,
            "w": 0.8487259552695049
        }
    }
}