{
    "header": {
        "seq": 23970,
        "stamp": {
            "secs": 1678823319,
            "nsecs": 354664241
        },
        "frame_id": "atracsys"
    },
    "pose": {
        "position": {
            "x": 0.6269676513671875,
            "y": -0.00570487117767334,
            "z": 0.2921773986816406
        },
        "orientation": {
            "x": -0.006621370819985625,
            "y": -0.5203719324243503,
            "z": -0.09435457149541482,
            "w": 0.8486851148873346
        }
    }
}