{
    "header": {
        "seq": 10286,
        "stamp": {
            "secs": 1678823181,
            "nsecs": 456326089
        },
        "frame_id": "atracsys"
    },
    "pose": {
        "position": {
            "x": 0.6271099243164062,
            "y": -0.005210639476776123,
            "z": 0.29215570068359376
        },
        "orientation": {
            "x": -0.006363005145858588,
            "y": -0.5203230088619413,
            "z": -0.09425430779808938,
            "w": 0.8487282274532132
        }
    }
}