{
    "header": {
        "seq": 37672,
        "stamp": {
            "secs": 1678823457,
            "nsecs": 396070890
        },
        "frame_id": "atracsys"
    },
    "pose": {
        "position": {
            "x": 0.6269125366210938,
            "y": -0.00556691312789917,
            "z": 0.2919749755859375
        },
        "orientation": {
            "x": -0.006509809971170618,
            "y": -0.5203714099557156,
            "z": -0.09443231324722617,
            "w": 0.8486776515789829
        }
    }
}