{
    "header": {
        "seq": 32777,
        "stamp": {
            "secs": 1678823408,
            "nsecs": 91850214
        },
        "frame_id": "atracsys"
    },
    "pose": {
        "position": {
            "x": 0.6268742065429688,
            "y": -0.005536313056945801,
            "z": 0.29192279052734377
        },
        "orientation": {
            "x": -0.006504696996510751,
            "y": -0.5203197691471795,
            "z": -0.09441949938248669,
            "w": 0.8487107781146473
        }
    }
}