{
    "header": {
        "seq": 36817,
        "stamp": {
            "secs": 1678823448,
            "nsecs": 784155084
        },
        "frame_id": "atracsys"
    },
    "pose": {
        "position": {
            "x": 0.6268680419921875,
            "y": -0.005290582656860352,
            "z": 0.29185107421875
        },
        "orientation": {
            "x": -0.0063505194820201675,
            "y": -0.5203034785486302,
            "z": -0.09443362828680531,
            "w": 0.8487203608734111
        }
    }
}