{
    "header": {
        "seq": 35047,
        "stamp": {
            "secs": 1678823430,
            "nsecs": 957339171
        },
        "frame_id": "atracsys"
    },
    "pose": {
        "position": {
            "x": 0.6268637084960937,
            "y": -0.005489752769470215,
            "z": 0.29191455078125
        },
        "orientation": {
            "x": -0.006475163927336583,
            "y": -0.5203181355974483,
            "z": -0.09442104932131451,
            "w": 0.8487118329949049
        }
    }
}