{
    "header": {
        "seq": 35001,
        "stamp": {
            "secs": 1678823430,
            "nsecs": 494655493
        },
        "frame_id": "atracsys"
    },
    "pose": {
        "position": {
            "x": 0.626808349609375,
            "y": -0.005488430500030518,
            "z": 0.2918599853515625
        },
        "orientation": {
            "x": -0.0064697369543092005,
            "y": -0.52028685095447,
            "z": -0.09444954823703464,
            "w": 0.8487278822245934
        }
    }
}