{
    "header": {
        "seq": 32384,
        "stamp": {
            "secs": 1678823404,
            "nsecs": 127560642
        },
        "frame_id": "atracsys"
    },
    "pose": {
        "position": {
            "x": 0.62689599609375,
            "y": -0.005514090061187744,
            "z": 0.2919412841796875
        },
        "orientation": {
            "x": -0.006491090955439954,
            "y": -0.5203301750519623,
            "z": -0.09440808168647859,
            "w": 0.8487057727981363
        }
    }
}