{
    "header": {
        "seq": 24360,
        "stamp": {
            "secs": 1678823323,
            "nsecs": 283123928
        },
        "frame_id": "atracsys"
    },
    "pose": {
        "position": {
            "x": 0.6269097900390626,
            "y": -0.005614145278930664,
            "z": 0.2920891418457031
        },
        "orientation": {
            "x": -0.006566958619628698,
            "y": -0.5203266161411075,
            "z": -0.09437584126639602,
            "w": 0.8487109567897027
        }
    }
}