{
    "header": {
        "seq": 18477,
        "stamp": {
            "secs": 1678823264,
            "nsecs": 14539977
        },
        "frame_id": "atracsys"
    },
    "pose": {
        "position": {
            "x": 0.6271273193359375,
            "y": -0.00521743392944336,
            "z": 0.2914469299316406
        },
        "orientation": {
            "x": -0.006411726499099975,
            "y": -0.520322570166972,
            "z": -0.0943717337505148,
            "w": 0.8487150809353274
        }
    }
}