{
    "header": {
        "seq": 36965,
        "stamp": {
            "secs": 1678823450,
            "nsecs": 276692680
        },
        "frame_id": "atracsys"
    },
    "pose": {
        "position": {
            "x": 0.6268582153320312,
            "y": -0.005396531581878662,
            "z": 0.29187124633789063
        },
        "orientation": {
            "x": -0.006408634310807542,
            "y": -0.520312107269788,
            "z": -0.09445843786113113,
            "w": 0.8487118733419355
        }
    }
}