{
    "header": {
        "seq": 13993,
        "stamp": {
            "secs": 1678823218,
            "nsecs": 832436133
        },
        "frame_id": "atracsys"
    },
    "pose": {
        "position": {
            "x": 0.6268485107421875,
            "y": -0.005435213088989258,
            "z": 0.29185134887695313
        },
        "orientation": {
            "x": -0.0065052529029514545,
            "y": -0.5202390529105076,
            "z": -0.09431165145993226,
            "w": 0.8487722438383263
        }
    }
}