{
    "header": {
        "seq": 15203,
        "stamp": {
            "secs": 1678823231,
            "nsecs": 26414874
        },
        "frame_id": "atracsys"
    },
    "pose": {
        "position": {
            "x": 0.6268453979492188,
            "y": -0.005305771827697754,
            "z": 0.2917465515136719
        },
        "orientation": {
            "x": -0.006436937965554608,
            "y": -0.5202216539744003,
            "z": -0.09431641001422465,
            "w": 0.8487829000208449
        }
    }
}