{
    "header": {
        "seq": 29763,
        "stamp": {
            "secs": 1678823377,
            "nsecs": 712814046
        },
        "frame_id": "atracsys"
    },
    "pose": {
        "position": {
            "x": 0.626853271484375,
            "y": -0.0055624103546142575,
            "z": 0.29187490844726566
        },
        "orientation": {
            "x": -0.006552935099654722,
            "y": -0.5203019579363904,
            "z": -0.09436000233093327,
            "w": 0.8487279432004372
        }
    }
}