{
    "header": {
        "seq": 30131,
        "stamp": {
            "secs": 1678823381,
            "nsecs": 426152348
        },
        "frame_id": "atracsys"
    },
    "pose": {
        "position": {
            "x": 0.62684130859375,
            "y": -0.005452189445495605,
            "z": 0.29181915283203125
        },
        "orientation": {
            "x": -0.0064716887490402835,
            "y": -0.5202966839069642,
            "z": -0.09442450221014001,
            "w": 0.8487246263320745
        }
    }
}