{
    "header": {
        "seq": 32283,
        "stamp": {
            "secs": 1678823403,
            "nsecs": 112669184
        },
        "frame_id": "atracsys"
    },
    "pose": {
        "position": {
            "x": 0.6267960815429687,
            "y": -0.005443255424499512,
            "z": 0.29183526611328126
        },
        "orientation": {
            "x": -0.006453676240929579,
            "y": -0.520260914158745,
            "z": -0.0944424476732988,
            "w": 0.8487446938503713
        }
    }
}