{
    "header": {
        "seq": 18882,
        "stamp": {
            "secs": 1678823268,
            "nsecs": 101084755
        },
        "frame_id": "atracsys"
    },
    "pose": {
        "position": {
            "x": 0.6270482177734376,
            "y": -0.005102334499359131,
            "z": 0.2913861083984375
        },
        "orientation": {
            "x": -0.006334097319528817,
            "y": -0.5202705708304266,
            "z": -0.09442625744729441,
            "w": 0.8487414766838168
        }
    }
}