{
    "header": {
        "seq": 25309,
        "stamp": {
            "secs": 1678823332,
            "nsecs": 847128267
        },
        "frame_id": "atracsys"
    },
    "pose": {
        "position": {
            "x": 0.6268887329101562,
            "y": -0.005409609794616699,
            "z": 0.29200631713867187
        },
        "orientation": {
            "x": -0.0064431960991360405,
            "y": -0.5202925560071993,
            "z": -0.09440021204859408,
            "w": 0.8487300756734758
        }
    }
}