{
    "header": {
        "seq": 36514,
        "stamp": {
            "secs": 1678823445,
            "nsecs": 730434375
        },
        "frame_id": "atracsys"
    },
    "pose": {
        "position": {
            "x": 0.6268618774414063,
            "y": -0.0054528813362121585,
            "z": 0.2918706970214844
        },
        "orientation": {
            "x": -0.00644940838599686,
            "y": -0.5203234078867814,
            "z": -0.09445745266238413,
            "w": 0.8487047460531196
        }
    }
}