{
    "header": {
        "seq": 30198,
        "stamp": {
            "secs": 1678823382,
            "nsecs": 103760692
        },
        "frame_id": "atracsys"
    },
    "pose": {
        "position": {
            "x": 0.6268389282226563,
            "y": -0.005487906932830811,
            "z": 0.291816162109375
        },
        "orientation": {
            "x": -0.006499727126928415,
            "y": -0.5202975512978107,
            "z": -0.09440711982554055,
            "w": 0.8487258140218333
        }
    }
}