{
    "header": {
        "seq": 30360,
        "stamp": {
            "secs": 1678823383,
            "nsecs": 736599806
        },
        "frame_id": "atracsys"
    },
    "pose": {
        "position": {
            "x": 0.626795166015625,
            "y": -0.005542250156402588,
            "z": 0.291818359375
        },
        "orientation": {
            "x": -0.006527377266556043,
            "y": -0.5202801458832885,
            "z": -0.09442640161741857,
            "w": 0.8487341266988562
        }
    }
}