{
    "header": {
        "seq": 18559,
        "stamp": {
            "secs": 1678823264,
            "nsecs": 844425515
        },
        "frame_id": "atracsys"
    },
    "pose": {
        "position": {
            "x": 0.6272117309570313,
            "y": -0.005073957443237305,
            "z": 0.2915009765625
        },
        "orientation": {
            "x": -0.006317785461594791,
            "y": -0.5203606702303555,
            "z": -0.09436355460461665,
            "w": 0.8486933356794183
        }
    }
}