{
    "header": {
        "seq": 34197,
        "stamp": {
            "secs": 1678823422,
            "nsecs": 405115342
        },
        "frame_id": "atracsys"
    },
    "pose": {
        "position": {
            "x": 0.6268526000976563,
            "y": -0.005444792747497559,
            "z": 0.29186526489257814
        },
        "orientation": {
            "x": -0.006442461559919612,
            "y": -0.5203072544382068,
            "z": -0.09446031883792039,
            "w": 0.8487143829540433
        }
    }
}