{
    "header": {
        "seq": 25837,
        "stamp": {
            "secs": 1678823338,
            "nsecs": 160599562
        },
        "frame_id": "atracsys"
    },
    "pose": {
        "position": {
            "x": 0.62678515625,
            "y": -0.005546760559082031,
            "z": 0.29192098999023436
        },
        "orientation": {
            "x": -0.006530781863819031,
            "y": -0.5202408047272734,
            "z": -0.09441331694645307,
            "w": 0.8487596712663337
        }
    }
}