{
    "header": {
        "seq": 21451,
        "stamp": {
            "secs": 1678823293,
            "nsecs": 987544915
        },
        "frame_id": "atracsys"
    },
    "pose": {
        "position": {
            "x": 0.6269403076171876,
            "y": -0.005529304504394531,
            "z": 0.29198608398437503
        },
        "orientation": {
            "x": -0.0065470053488728315,
            "y": -0.5203099356377323,
            "z": -0.09432693927210056,
            "w": 0.8487267735409189
        }
    }
}