{
    "header": {
        "seq": 10000,
        "stamp": {
            "secs": 1678823178,
            "nsecs": 569749563
        },
        "frame_id": "atracsys"
    },
    "pose": {
        "position": {
            "x": 0.6269555053710938,
            "y": -0.005337241649627685,
            "z": 0.2920212097167969
        },
        "orientation": {
            "x": -0.00644841563484664,
            "y": -0.5202370699957062,
            "z": -0.09428831384072327,
            "w": 0.8487764857788865
        }
    }
}