{
    "header": {
        "seq": 32823,
        "stamp": {
            "secs": 1678823408,
            "nsecs": 557431414
        },
        "frame_id": "atracsys"
    },
    "pose": {
        "position": {
            "x": 0.6268489379882812,
            "y": -0.005571708202362061,
            "z": 0.29190103149414065
        },
        "orientation": {
            "x": -0.006519251111944316,
            "y": -0.5203111437146043,
            "z": -0.09444695071360983,
            "w": 0.84871289997987
        }
    }
}