{
    "header": {
        "seq": 34913,
        "stamp": {
            "secs": 1678823429,
            "nsecs": 608087602
        },
        "frame_id": "atracsys"
    },
    "pose": {
        "position": {
            "x": 0.6268043212890625,
            "y": -0.005534314155578614,
            "z": 0.29187472534179687
        },
        "orientation": {
            "x": -0.006494537521008825,
            "y": -0.5202930287958902,
            "z": -0.09446406023833358,
            "w": 0.8487222905592121
        }
    }
}