{
    "header": {
        "seq": 35991,
        "stamp": {
            "secs": 1678823440,
            "nsecs": 458808099
        },
        "frame_id": "atracsys"
    },
    "pose": {
        "position": {
            "x": 0.6268374633789062,
            "y": -0.005496103763580323,
            "z": 0.291861328125
        },
        "orientation": {
            "x": -0.006480794338889001,
            "y": -0.5202993942924513,
            "z": -0.09442712299914163,
            "w": 0.8487226037085088
        }
    }
}