{
    "header": {
        "seq": 24242,
        "stamp": {
            "secs": 1678823322,
            "nsecs": 92087031
        },
        "frame_id": "atracsys"
    },
    "pose": {
        "position": {
            "x": 0.6269763183593751,
            "y": -0.005429660797119141,
            "z": 0.292115478515625
        },
        "orientation": {
            "x": -0.006453002916701347,
            "y": -0.5203480698074964,
            "z": -0.09436481935251563,
            "w": 0.8486999033047765
        }
    }
}