{
    "header": {
        "seq": 27308,
        "stamp": {
            "secs": 1678823352,
            "nsecs": 972589971
        },
        "frame_id": "atracsys"
    },
    "pose": {
        "position": {
            "x": 0.6269310913085938,
            "y": -0.005554647445678711,
            "z": 0.2920183410644531
        },
        "orientation": {
            "x": -0.00652850785993298,
            "y": -0.520348860487461,
            "z": -0.09438428324138602,
            "w": 0.848696676705838
        }
    }
}