{
    "header": {
        "seq": 23139,
        "stamp": {
            "secs": 1678823310,
            "nsecs": 981646073
        },
        "frame_id": "atracsys"
    },
    "pose": {
        "position": {
            "x": 0.6269581298828125,
            "y": -0.00555609130859375,
            "z": 0.2920928649902344
        },
        "orientation": {
            "x": -0.0065468203027542445,
            "y": -0.5203395313109987,
            "z": -0.09432665295565808,
            "w": 0.8487086625227508
        }
    }
}