{
    "header": {
        "seq": 36093,
        "stamp": {
            "secs": 1678823441,
            "nsecs": 485666611
        },
        "frame_id": "atracsys"
    },
    "pose": {
        "position": {
            "x": 0.6268520507812501,
            "y": -0.005393953800201416,
            "z": 0.29185641479492186
        },
        "orientation": {
            "x": -0.00641337877607914,
            "y": -0.52029773514031,
            "z": -0.09445068012896031,
            "w": 0.8487215116890316
        }
    }
}