{
    "header": {
        "seq": 7518,
        "stamp": {
            "secs": 1678823153,
            "nsecs": 513042929
        },
        "frame_id": "atracsys"
    },
    "pose": {
        "position": {
            "x": 0.627083984375,
            "y": -0.005070955276489258,
            "z": 0.29181341552734374
        },
        "orientation": {
            "x": -0.0063574083978394525,
            "y": -0.5202358152324497,
            "z": -0.09410998158358846,
            "w": 0.8487977328399435
        }
    }
}