{
    "header": {
        "seq": 28855,
        "stamp": {
            "secs": 1678823368,
            "nsecs": 572453920
        },
        "frame_id": "atracsys"
    },
    "pose": {
        "position": {
            "x": 0.626766845703125,
            "y": -0.0055539579391479495,
            "z": 0.2917941589355469
        },
        "orientation": {
            "x": -0.006544642673601652,
            "y": -0.5202518259948168,
            "z": -0.09440775065688932,
            "w": 0.8487534281622905
        }
    }
}