{
    "header": {
        "seq": 24311,
        "stamp": {
            "secs": 1678823322,
            "nsecs": 790566118
        },
        "frame_id": "atracsys"
    },
    "pose": {
        "position": {
            "x": 0.6268612060546875,
            "y": -0.005625235557556152,
            "z": 0.2920394897460938
        },
        "orientation": {
            "x": -0.006579834722554186,
            "y": -0.520295552199174,
            "z": -0.09437062231131477,
            "w": 0.8487304812373334
        }
    }
}