{
    "header": {
        "seq": 33807,
        "stamp": {
            "secs": 1678823418,
            "nsecs": 476801685
        },
        "frame_id": "atracsys"
    },
    "pose": {
        "position": {
            "x": 0.6267511596679688,
            "y": -0.00544704818725586,
            "z": 0.2917941589355469
        },
        "orientation": {
            "x": -0.006447554958914491,
            "y": -0.5202480156366145,
            "z": -0.09448208262091501,
            "w": 0.8487482355356217
        }
    }
}