{
    "header": {
        "seq": 19781,
        "stamp": {
            "secs": 1678823277,
            "nsecs": 160699405
        },
        "frame_id": "atracsys"
    },
    "pose": {
        "position": {
            "x": 0.6268663940429687,
            "y": -0.005207104206085205,
            "z": 0.29123880004882813
        },
        "orientation": {
            "x": -0.006419846885351463,
            "y": -0.5201833330841067,
            "z": -0.09436660675734085,
            "w": 0.8488009360719292
        }
    }
}