{
    "header": {
        "seq": 33130,
        "stamp": {
            "secs": 1678823411,
            "nsecs": 649971546
        },
        "frame_id": "atracsys"
    },
    "pose": {
        "position": {
            "x": 0.6268707275390625,
            "y": -0.0054445013999938965,
            "z": 0.29190567016601565
        },
        "orientation": {
            "x": -0.006446747458713608,
            "y": -0.5203122145887941,
            "z": -0.09442734353657481,
            "w": 0.8487149790062233
        }
    }
}