{
    "header": {
        "seq": 33098,
        "stamp": {
            "secs": 1678823411,
            "nsecs": 327647424
        },
        "frame_id": "atracsys"
    },
    "pose": {
        "position": {
            "x": 0.6269111328125,
            "y": -0.00560252571105957,
            "z": 0.29197326660156253
        },
        "orientation": {
            "x": -0.0065380863057830805,
            "y": -0.520353653395969,
            "z": -0.09442192209691729,
            "w": 0.8486894776374041
        }
    }
}