{
    "header": {
        "seq": 17053,
        "stamp": {
            "secs": 1678823249,
            "nsecs": 665211130
        },
        "frame_id": "atracsys"
    },
    "pose": {
        "position": {
            "x": 0.6271173706054688,
            "y": -0.005193182468414307,
            "z": 0.2916338195800781
        },
        "orientation": {
            "x": -0.006379391614039501,
            "y": -0.5203615573541079,
            "z": -0.09436791377052592,
            "w": 0.848691846220547
        }
    }
}