{
    "header": {
        "seq": 33516,
        "stamp": {
            "secs": 1678823415,
            "nsecs": 542449931
        },
        "frame_id": "atracsys"
    },
    "pose": {
        "position": {
            "x": 0.6268356323242188,
            "y": -0.005439050674438476,
            "z": 0.2918533630371094
        },
        "orientation": {
            "x": -0.006442619591286014,
            "y": -0.5202940360987104,
            "z": -0.09445264106912216,
            "w": 0.8487233396390036
        }
    }
}