{
    "header": {
        "seq": 37815,
        "stamp": {
            "secs": 1678823458,
            "nsecs": 834968710
        },
        "frame_id": "atracsys"
    },
    "pose": {
        "position": {
            "x": 0.62686767578125,
            "y": -0.005413185119628907,
            "z": 0.2919037475585938
        },
        "orientation": {
            "x": -0.006412716729004539,
            "y": -0.5203247773472621,
            "z": -0.0944644499100959,
            "w": 0.8487034056994579
        }
    }
}