{
    "header": {
        "seq": 24857,
        "stamp": {
            "secs": 1678823328,
            "nsecs": 295046258
        },
        "frame_id": "atracsys"
    },
    "pose": {
        "position": {
            "x": 0.6269541625976562,
            "y": -0.00537937068939209,
            "z": 0.2920524597167969
        },
        "orientation": {
            "x": -0.006424643100379575,
            "y": -0.5203280145324197,
            "z": -0.09437325894504522,
            "w": 0.8487114758561205
        }
    }
}