{
    "header": {
        "seq": 23566,
        "stamp": {
            "secs": 1678823315,
            "nsecs": 286085266
        },
        "frame_id": "atracsys"
    },
    "pose": {
        "position": {
            "x": 0.6269294433593751,
            "y": -0.0054811987876892095,
            "z": 0.29208807373046874
        },
        "orientation": {
            "x": -0.006496567839797783,
            "y": -0.5203140833967513,
            "z": -0.09434053288362695,
            "w": 0.8487231074269951
        }
    }
}