{
    "header": {
        "seq": 36044,
        "stamp": {
            "secs": 1678823440,
            "nsecs": 993140399
        },
        "frame_id": "atracsys"
    },
    "pose": {
        "position": {
            "x": 0.6269459228515625,
            "y": -0.005393995761871338,
            "z": 0.29194384765625003
        },
        "orientation": {
            "x": -0.006413781337541593,
            "y": -0.5203567883011302,
            "z": -0.09440567944591158,
            "w": 0.8486903109887863
        }
    }
}