{
    "header": {
        "seq": 36203,
        "stamp": {
            "secs": 1678823442,
            "nsecs": 593139488
        },
        "frame_id": "atracsys"
    },
    "pose": {
        "position": {
            "x": 0.6268468017578125,
            "y": -0.005537168979644775,
            "z": 0.29190835571289064
        },
        "orientation": {
            "x": -0.006491652534732578,
            "y": -0.5203174580474196,
            "z": -0.09446241112471787,
            "w": 0.8487075198105322
        }
    }
}