{
    "header": {
        "seq": 25738,
        "stamp": {
            "secs": 1678823337,
            "nsecs": 163699153
        },
        "frame_id": "atracsys"
    },
    "pose": {
        "position": {
            "x": 0.6269002685546875,
            "y": -0.0056834034919738775,
            "z": 0.29209725952148435
        },
        "orientation": {
            "x": -0.006611165941182416,
            "y": -0.5203352157756586,
            "z": -0.0943736269310457,
            "w": 0.8487055874969109
        }
    }
}