{
    "header": {
        "seq": 10475,
        "stamp": {
            "secs": 1678823183,
            "nsecs": 357829633
        },
        "frame_id": "atracsys"
    },
    "pose": {
        "position": {
            "x": 0.6270408325195312,
            "y": -0.005201916694641114,
            "z": 0.2920892333984375
        },
        "orientation": {
            "x": -0.0063548244806297645,
            "y": -0.5202833932104379,
            "z": -0.09429782296664735,
            "w": 0.8487477408152578
        }
    }
}