{
    "header": {
        "seq": 12678,
        "stamp": {
            "secs": 1678823205,
            "nsecs": 575758771
        },
        "frame_id": "atracsys"
    },
    "pose": {
        "position": {
            "x": 0.626983642578125,
            "y": -0.005438292026519776,
            "z": 0.2920879821777344
        },
        "orientation": {
            "x": -0.006479278327125304,
            "y": -0.5203108296483021,
            "z": -0.09430264255965527,
            "w": 0.8487294451763301
        }
    }
}