{
    "header": {
        "seq": 35222,
        "stamp": {
            "secs": 1678823432,
            "nsecs": 718644573
        },
        "frame_id": "atracsys"
    },
    "pose": {
        "position": {
            "x": 0.6269066772460937,
            "y": -0.005379608154296875,
            "z": 0.29192950439453125
        },
        "orientation": {
            "x": -0.006401444231954872,
            "y": -0.5203386403035066,
            "z": -0.0944221539667305,
            "w": 0.8486996982202398
        }
    }
}