{
    "header": {
        "seq": 32437,
        "stamp": {
            "secs": 1678823404,
            "nsecs": 661887264
        },
        "frame_id": "atracsys"
    },
    "pose": {
        "position": {
            "x": 0.6268668212890625,
            "y": -0.005576980590820312,
            "z": 0.2919439697265625
        },
        "orientation": {
            "x": -0.0065268694343241455,
            "y": -0.5203219491355463,
            "z": -0.09441570127621604,
            "w": 0.8487096939329098
        }
    }
}