{
    "header": {
        "seq": 34337,
        "stamp": {
            "secs": 1678823423,
            "nsecs": 814070377
        },
        "frame_id": "atracsys"
    },
    "pose": {
        "position": {
            "x": 0.6268905029296875,
            "y": -0.0056823897361755376,
            "z": 0.29198904418945315
        },
        "orientation": {
            "x": -0.006584603428316153,
            "y": -0.5203597878482634,
            "z": -0.09442030113547357,
            "w": 0.8486855371229609
        }
    }
}