{
    "header": {
        "seq": 11957,
        "stamp": {
            "secs": 1678823198,
            "nsecs": 316076400
        },
        "frame_id": "atracsys"
    },
    "pose": {
        "position": {
            "x": 0.62703662109375,
            "y": -0.005188028812408448,
            "z": 0.2920421142578125
        },
        "orientation": {
            "x": -0.006336028739974154,
            "y": -0.5203044713962643,
            "z": -0.09430017239325995,
            "w": 0.8487346989910697
        }
    }
}