{
    "header": {
        "seq": 9851,
        "stamp": {
            "secs": 1678823177,
            "nsecs": 68330149
        },
        "frame_id": "atracsys"
    },
    "pose": {
        "position": {
            "x": 0.6270919799804687,
            "y": -0.005118485450744629,
            "z": 0.292094482421875
        },
        "orientation": {
            "x": -0.006311337724906456,
            "y": -0.5202916595936722,
            "z": -0.09426429844221812,
            "w": 0.8487467219451167
        }
    }
}