{
    "header": {
        "seq": 11854,
        "stamp": {
            "secs": 1678823197,
            "nsecs": 280277860
        },
        "frame_id": "atracsys"
    },
    "pose": {
        "position": {
            "x": 0.6271181030273437,
            "y": -0.005160079956054687,
            "z": 0.29214584350585937
        },
        "orientation": {
            "x": -0.006315323726524404,
            "y": -0.5203504782975099,
            "z": -0.09426151652612173,
            "w": 0.8487109419136634
        }
    }
}