{
    "header": {
        "seq": 22420,
        "stamp": {
            "secs": 1678823303,
            "nsecs": 736755859
        },
        "frame_id": "atracsys"
    },
    "pose": {
        "position": {
            "x": 0.6269334106445312,
            "y": -0.005461355686187744,
            "z": 0.29201034545898436
        },
        "orientation": {
            "x": -0.006485136246475663,
            "y": -0.5203074363637856,
            "z": -0.09437832035366352,
            "w": 0.8487230686859119
        }
    }
}