{
    "header": {
        "seq": 28403,
        "stamp": {
            "secs": 1678823364,
            "nsecs": 8282314
        },
        "frame_id": "atracsys"
    },
    "pose": {
        "position": {
            "x": 0.6267908325195313,
            "y": -0.0056177954673767095,
            "z": 0.2918939819335938
        },
        "orientation": {
            "x": -0.006566080443087323,
            "y": -0.5202858603163885,
            "z": -0.09443697068213902,
            "w": 0.8487291492053464
        }
    }
}