{
    "header": {
        "seq": 18433,
        "stamp": {
            "secs": 1678823263,
            "nsecs": 572799101
        },
        "frame_id": "atracsys"
    },
    "pose": {
        "position": {
            "x": 0.6271358032226563,
            "y": -0.005018708229064942,
            "z": 0.291390625
        },
        "orientation": {
            "x": -0.006290982599930634,
            "y": -0.5203098137863054,
            "z": -0.09439155979202597,
            "w": 0.8487216002056364
        }
    }
}