{
    "header": {
        "seq": 29173,
        "stamp": {
            "secs": 1678823371,
            "nsecs": 775441340
        },
        "frame_id": "atracsys"
    },
    "pose": {
        "position": {
            "x": 0.62684619140625,
            "y": -0.005469577789306641,
            "z": 0.2918509216308594
        },
        "orientation": {
            "x": -0.006483825618003142,
            "y": -0.520297441356345,
            "z": -0.09440456174564651,
            "w": 0.8487262875892372
        }
    }
}