{
    "header": {
        "seq": 32483,
        "stamp": {
            "secs": 1678823405,
            "nsecs": 124608848
        },
        "frame_id": "atracsys"
    },
    "pose": {
        "position": {
            "x": 0.6269218139648438,
            "y": -0.005457723140716553,
            "z": 0.29193869018554686
        },
        "orientation": {
            "x": -0.006452426229512043,
            "y": -0.5203440419861001,
            "z": -0.09442668143719608,
            "w": 0.8486954966288431
        }
    }
}