{
    "header": {
        "seq": 27588,
        "stamp": {
            "secs": 1678823355,
            "nsecs": 793380869
        },
        "frame_id": "atracsys"
    },
    "pose": {
        "position": {
            "x": 0.6269026489257813,
            "y": -0.005563204765319824,
            "z": 0.29200344848632814
        },
        "orientation": {
            "x": -0.006532609266084327,
            "y": -0.5203343575791025,
            "z": -0.09438643225662821,
            "w": 0.8487052979360884
        }
    }
}