{
    "header": {
        "seq": 33020,
        "stamp": {
            "secs": 1678823410,
            "nsecs": 542646428
        },
        "frame_id": "atracsys"
    },
    "pose": {
        "position": {
            "x": 0.6268894653320313,
            "y": -0.005412118434906006,
            "z": 0.29190170288085937
        },
        "orientation": {
            "x": -0.006427549756936803,
            "y": -0.5203205571493521,
            "z": -0.09443872676425538,
            "w": 0.8487087435033625
        }
    }
}