{
    "header": {
        "seq": 28199,
        "stamp": {
            "secs": 1678823361,
            "nsecs": 951584444
        },
        "frame_id": "atracsys"
    },
    "pose": {
        "position": {
            "x": 0.6266983032226563,
            "y": -0.005595170021057129,
            "z": 0.29181695556640624
        },
        "orientation": {
            "x": -0.006556334333445455,
            "y": -0.52022377160727,
            "z": -0.09445073795544845,
            "w": 0.8487657509787294
        }
    }
}