{
    "header": {
        "seq": 9236,
        "stamp": {
            "secs": 1678823170,
            "nsecs": 862292018
        },
        "frame_id": "atracsys"
    },
    "pose": {
        "position": {
            "x": 0.6270123291015625,
            "y": -0.005333213329315186,
            "z": 0.2920036315917969
        },
        "orientation": {
            "x": -0.006461795123101391,
            "y": -0.520245902368264,
            "z": -0.09423803603978885,
            "w": 0.848776554127281
        }
    }
}