{
    "header": {
        "seq": 9319,
        "stamp": {
            "secs": 1678823171,
            "nsecs": 701225920
        },
        "frame_id": "atracsys"
    },
    "pose": {
        "position": {
            "x": 0.6271222534179688,
            "y": -0.005228204727172852,
            "z": 0.29207574462890623
        },
        "orientation": {
            "x": -0.00639454484424715,
            "y": -0.5203058354147493,
            "z": -0.09422190002188802,
            "w": 0.848742116891733
        }
    }
}