{
    "header": {
        "seq": 34289,
        "stamp": {
            "secs": 1678823423,
            "nsecs": 330593667
        },
        "frame_id": "atracsys"
    },
    "pose": {
        "position": {
            "x": 0.6269139404296875,
            "y": -0.005519643306732178,
            "z": 0.2919749145507813
        },
        "orientation": {
            "x": -0.006487161667981209,
            "y": -0.5203566346473273,
            "z": -0.0944216956762168,
            "w": 0.8486880657212221
        }
    }
}