{
    "header": {
        "seq": 35866,
        "stamp": {
            "secs": 1678823439,
            "nsecs": 202180481
        },
        "frame_id": "atracsys"
    },
    "pose": {
        "position": {
            "x": 0.6269105834960937,
            "y": -0.005411011695861816,
            "z": 0.29189599609375
        },
        "orientation": {
            "x": -0.006423951542165611,
            "y": -0.5203379548298156,
            "z": -0.0944277741954701,
            "w": 0.8486993231236832
        }
    }
}