{
    "header": {
        "seq": 24570,
        "stamp": {
            "secs": 1678823325,
            "nsecs": 402425144
        },
        "frame_id": "atracsys"
    },
    "pose": {
        "position": {
            "x": 0.6269210205078125,
            "y": -0.005480571746826172,
            "z": 0.29204510498046876
        },
        "orientation": {
            "x": -0.006494190053467254,
            "y": -0.52031358401539,
            "z": -0.09435261128815399,
            "w": 0.8487220891008527
        }
    }
}