{
    "header": {
        "seq": 10519,
        "stamp": {
            "secs": 1678823183,
            "nsecs": 802687285
        },
        "frame_id": "atracsys"
    },
    "pose": {
        "position": {
            "x": 0.6270796508789063,
            "y": -0.005259403228759766,
            "z": 0.2921424255371094
        },
        "orientation": {
            "x": -0.006395043118171263,
            "y": -0.5203101551037265,
            "z": -0.09425309878965893,
            "w": 0.848736000937865
        }
    }
}