{
    "header": {
        "seq": 33413,
        "stamp": {
            "secs": 1678823414,
            "nsecs": 503692140
        },
        "frame_id": "atracsys"
    },
    "pose": {
        "position": {
            "x": 0.6268148193359375,
            "y": -0.005509625911712647,
            "z": 0.29187234497070313
        },
        "orientation": {
            "x": -0.006486242700175405,
            "y": -0.5202891644854074,
            "z": -0.0944484208138599,
            "w": 0.8487264634618619
        }
    }
}