{
    "header": {
        "seq": 10197,
        "stamp": {
            "secs": 1678823180,
            "nsecs": 560802551
        },
        "frame_id": "atracsys"
    },
    "pose": {
        "position": {
            "x": 0.6270709228515625,
            "y": -0.005270914077758789,
            "z": 0.2920998229980469
        },
        "orientation": {
            "x": -0.006399643755298012,
            "y": -0.5203032421667134,
            "z": -0.09427371452921432,
            "w": 0.8487379144939124
        }
    }
}