{
    "header": {
        "seq": 32731,
        "stamp": {
            "secs": 1678823407,
            "nsecs": 629067363
        },
        "frame_id": "atracsys"
    },
    "pose": {
        "position": {
            "x": 0.6268855590820313,
            "y": -0.0055802249908447265,
            "z": 0.2919595031738281
        },
        "orientation": {
            "x": -0.006530167003229836,
            "y": -0.5203333129243627,
            "z": -0.09442102905780178,
            "w": 0.8487021089002508
        }
    }
}