{
    "header": {
        "seq": 27250,
        "stamp": {
            "secs": 1678823352,
            "nsecs": 387515753
        },
        "frame_id": "atracsys"
    },
    "pose": {
        "position": {
            "x": 0.626889892578125,
            "y": -0.0054991841316223145,
            "z": 0.29194686889648436
        },
        "orientation": {
            "x": -0.006493173672059471,
            "y": -0.5203195253043398,
            "z": -0.09440985463750325,
            "w": 0.8487120887733699
        }
    }
}