{
    "header": {
        "seq": 39115,
        "stamp": {
            "secs": 1678823471,
            "nsecs": 912563478
        },
        "frame_id": "atracsys"
    },
    "pose": {
        "position": {
            "x": 0.6268310546875,
            "y": -0.005457003116607666,
            "z": 0.29184335327148436
        },
        "orientation": {
            "x": -0.006457828216549559,
            "y": -0.5202944232795768,
            "z": -0.09442069029542399,
            "w": 0.8487265418278339
        }
    }
}