{
    "header": {
        "seq": 32895,
        "stamp": {
            "secs": 1678823409,
            "nsecs": 282885588
        },
        "frame_id": "atracsys"
    },
    "pose": {
        "position": {
            "x": 0.62680712890625,
            "y": -0.005616719245910644,
            "z": 0.29187368774414063
        },
        "orientation": {
            "x": -0.006551147108836539,
            "y": -0.5202868715536484,
            "z": -0.0944491021762428,
            "w": 0.8487272947529009
        }
    }
}