{
    "header": {
        "seq": 39450,
        "stamp": {
            "secs": 1678823475,
            "nsecs": 282677397
        },
        "frame_id": "atracsys"
    },
    "pose": {
        "position": {
            "x": 0.6269063110351563,
            "y": -0.005504720687866211,
            "z": 0.29194021606445314
        },
        "orientation": {
            "x": -0.006467840006065788,
            "y": -0.5203319980205803,
            "z": -0.0944328312903188,
            "w": 0.8487020792104029
        }
    }
}