{
    "header": {
        "seq": 23887,
        "stamp": {
            "secs": 1678823318,
            "nsecs": 518928585
        },
        "frame_id": "atracsys"
    },
    "pose": {
        "position": {
            "x": 0.6268591918945312,
            "y": -0.005669576644897461,
            "z": 0.2920525512695313
        },
        "orientation": {
            "x": -0.006607551478506321,
            "y": -0.5202988237458978,
            "z": -0.09437439265661499,
            "w": 0.8487278411144465
        }
    }
}