{
    "header": {
        "seq": 37395,
        "stamp": {
            "secs": 1678823454,
            "nsecs": 611124909
        },
        "frame_id": "atracsys"
    },
    "pose": {
        "position": {
            "x": 0.6268568725585938,
            "y": -0.005323290348052978,
            "z": 0.2918547058105469
        },
        "orientation": {
            "x": -0.006364861669137616,
            "y": -0.5203063002746087,
            "z": -0.09445404889398075,
            "w": 0.8487162512159261
        }
    }
}