{
    "header": {
        "seq": 34742,
        "stamp": {
            "secs": 1678823427,
            "nsecs": 885753516
        },
        "frame_id": "atracsys"
    },
    "pose": {
        "position": {
            "x": 0.6267881469726563,
            "y": -0.005417059898376465,
            "z": 0.29180682373046873
        },
        "orientation": {
            "x": -0.006431554738834569,
            "y": -0.5202620453125338,
            "z": -0.09445325331287366,
            "w": 0.8487429659499243
        }
    }
}