{
    "header": {
        "seq": 29717,
        "stamp": {
            "secs": 1678823377,
            "nsecs": 250122566
        },
        "frame_id": "atracsys"
    },
    "pose": {
        "position": {
            "x": 0.6268977661132813,
            "y": -0.005413660049438477,
            "z": 0.29185711669921877
        },
        "orientation": {
            "x": -0.0064593325928027304,
            "y": -0.5203170864246494,
            "z": -0.09437204553237417,
            "w": 0.8487180471859044
        }
    }
}