{
    "header": {
        "seq": 32506,
        "stamp": {
            "secs": 1678823405,
            "nsecs": 357407301
        },
        "frame_id": "atracsys"
    },
    "pose": {
        "position": {
            "x": 0.6268301391601563,
            "y": -0.0056094970703125,
            "z": 0.29191055297851565
        },
        "orientation": {
            "x": -0.006542524747261925,
            "y": -0.5203045421521313,
            "z": -0.09444483141581726,
            "w": 0.8487170038385177
        }
    }
}