{
    "header": {
        "seq": 25260,
        "stamp": {
            "secs": 1678823332,
            "nsecs": 354659982
        },
        "frame_id": "atracsys"
    },
    "pose": {
        "position": {
            "x": 0.6269009399414063,
            "y": -0.005519386291503906,
            "z": 0.29206826782226564
        },
        "orientation": {
            "x": -0.006506028584921632,
            "y": -0.5203147726538665,
            "z": -0.09439732545436277,
            "w": 0.8487162976503223
        }
    }
}