{
    "header": {
        "seq": 8394,
        "stamp": {
            "secs": 1678823162,
            "nsecs": 357918252
        },
        "frame_id": "atracsys"
    },
    "pose": {
        "position": {
            "x": 0.6270492553710938,
            "y": -0.005084990978240967,
            "z": 0.29186831665039065
        },
        "orientation": {
            "x": -0.006333001581078916,
            "y": -0.5202248805644576,
            "z": -0.0942089850695735,
            "w": 0.848793634439391
        }
    }
}