{
    "header": {
        "seq": 16950,
        "stamp": {
            "secs": 1678823248,
            "nsecs": 629397828
        },
        "frame_id": "atracsys"
    },
    "pose": {
        "position": {
            "x": 0.6270283813476563,
            "y": -0.005188481330871582,
            "z": 0.291496337890625
        },
        "orientation": {
            "x": -0.006383700990340577,
            "y": -0.5202924587724536,
            "z": -0.09439059825814576,
            "w": 0.8487316540972476
        }
    }
}