{
    "header": {
        "seq": 38457,
        "stamp": {
            "secs": 1678823465,
            "nsecs": 294670389
        },
        "frame_id": "atracsys"
    },
    "pose": {
        "position": {
            "x": 0.6268382568359375,
            "y": -0.005473377704620362,
            "z": 0.2919131164550781
        },
        "orientation": {
            "x": -0.006448109568222762,
            "y": -0.5203130807018217,
            "z": -0.09447862222917798,
            "w": 0.848708730881951
        }
    }
}