{
    "header": {
        "seq": 25168,
        "stamp": {
            "secs": 1678823331,
            "nsecs": 426320809
        },
        "frame_id": "atracsys"
    },
    "pose": {
        "position": {
            "x": 0.626986572265625,
            "y": -0.005545408248901367,
            "z": 0.29211117553710936
        },
        "orientation": {
            "x": -0.006527349787961055,
            "y": -0.5203651326840933,
            "z": -0.09433655721829996,
            "w": 0.848692015022888
        }
    }
}