{
    "header": {
        "seq": 34082,
        "stamp": {
            "secs": 1678823421,
            "nsecs": 247020289
        },
        "frame_id": "atracsys"
    },
    "pose": {
        "position": {
            "x": 0.6268596801757813,
            "y": -0.005510588169097901,
            "z": 0.2918853759765625
        },
        "orientation": {
            "x": -0.006490046494317559,
            "y": -0.5203188441436949,
            "z": -0.09443218626856882,
            "w": 0.8487100458472311
        }
    }
}