{
    "header": {
        "seq": 10047,
        "stamp": {
            "secs": 1678823179,
            "nsecs": 44469119
        },
        "frame_id": "atracsys"
    },
    "pose": {
        "position": {
            "x": 0.6270841064453125,
            "y": -0.005246780872344971,
            "z": 0.292103759765625
        },
        "orientation": {
            "x": -0.006390724318020903,
            "y": -0.5203070126659539,
            "z": -0.09425801813441709,
            "w": 0.8487374135919155
        }
    }
}