{
    "header": {
        "seq": 22960,
        "stamp": {
            "secs": 1678823309,
            "nsecs": 175589581
        },
        "frame_id": "atracsys"
    },
    "pose": {
        "position": {
            "x": 0.6269451293945313,
            "y": -0.0056838588714599615,
            "z": 0.2921099548339844
        },
        "orientation": {
            "x": -0.006620113988387619,
            "y": -0.5203438209300375,
            "z": -0.09434349317983082,
            "w": 0.8487035921953773
        }
    }
}