{
    "header": {
        "seq": 32872,
        "stamp": {
            "secs": 1678823409,
            "nsecs": 52951054
        },
        "frame_id": "atracsys"
    },
    "pose": {
        "position": {
            "x": 0.6267993774414062,
            "y": -0.0056444730758667,
            "z": 0.29188458251953125
        },
        "orientation": {
            "x": -0.006566133107370075,
            "y": -0.5202839268310087,
            "z": -0.09445012603116386,
            "w": 0.8487288701758761
        }
    }
}