{
    "header": {
        "seq": 38275,
        "stamp": {
            "secs": 1678823463,
            "nsecs": 464808244
        },
        "frame_id": "atracsys"
    },
    "pose": {
        "position": {
            "x": 0.626762939453125,
            "y": -0.005557358741760254,
            "z": 0.2918529052734375
        },
        "orientation": {
            "x": -0.006508291162750362,
            "y": -0.5202756178748316,
            "z": -0.09446631217731886,
            "w": 0.848732607748
        }
    }
}