{
    "header": {
        "seq": 14308,
        "stamp": {
            "secs": 1678823222,
            "nsecs": 11534797
        },
        "frame_id": "atracsys"
    },
    "pose": {
        "position": {
            "x": 0.6267991943359376,
            "y": -0.005596938133239747,
            "z": 0.2919862060546875
        },
        "orientation": {
            "x": -0.0065884385820015575,
            "y": -0.5202434458235321,
            "z": -0.09432515970223998,
            "w": 0.8487674085412658
        }
    }
}