{
    "header": {
        "seq": 39390,
        "stamp": {
            "secs": 1678823474,
            "nsecs": 679663185
        },
        "frame_id": "atracsys"
    },
    "pose": {
        "position": {
            "x": 0.6269191284179688,
            "y": -0.0054941439628601076,
            "z": 0.29192572021484375
        },
        "orientation": {
            "x": -0.00645992011070146,
            "y": -0.5203323574299212,
            "z": -0.0944297598536246,
            "w": 0.8487022609240362
        }
    }
}