{
    "header": {
        "seq": 23724,
        "stamp": {
            "secs": 1678823316,
            "nsecs": 877056178
        },
        "frame_id": "atracsys"
    },
    "pose": {
        "position": {
            "x": 0.6270177612304688,
            "y": -0.005419480800628662,
            "z": 0.2921243591308594
        },
        "orientation": {
            "x": -0.006452679804403228,
            "y": -0.5203631432791002,
            "z": -0.09433824668891787,
            "w": 0.8486936180104676
        }
    }
}