{
    "header": {
        "seq": 38513,
        "stamp": {
            "secs": 1678823465,
            "nsecs": 858826778
        },
        "frame_id": "atracsys"
    },
    "pose": {
        "position": {
            "x": 0.6268250732421875,
            "y": -0.005407986640930176,
            "z": 0.29188238525390625
        },
        "orientation": {
            "x": -0.006416602373816738,
            "y": -0.5202915139982411,
            "z": -0.09445041756192255,
            "w": 0.8487253303029036
        }
    }
}