{
    "header": {
        "seq": 26274,
        "stamp": {
            "secs": 1678823342,
            "nsecs": 560704093
        },
        "frame_id": "atracsys"
    },
    "pose": {
        "position": {
            "x": 0.62693017578125,
            "y": -0.005700651168823242,
            "z": 0.29211523437500003
        },
        "orientation": {
            "x": -0.006629060468641128,
            "y": -0.5203530558301571,
            "z": -0.09432088866187814,
            "w": 0.8487003728098358
        }
    }
}