{
    "header": {
        "seq": 22513,
        "stamp": {
            "secs": 1678823304,
            "nsecs": 674127775
        },
        "frame_id": "atracsys"
    },
    "pose": {
        "position": {
            "x": 0.6268258056640625,
            "y": -0.00556251859664917,
            "z": 0.2919918518066406
        },
        "orientation": {
            "x": -0.006551683529852028,
            "y": -0.5202540707474512,
            "z": -0.09437023781541826,
            "w": 0.8487561696555096
        }
    }
}