{
    "header": {
        "seq": 32323,
        "stamp": {
            "secs": 1678823403,
            "nsecs": 512683263
        },
        "frame_id": "atracsys"
    },
    "pose": {
        "position": {
            "x": 0.6268551635742188,
            "y": -0.005499484539031983,
            "z": 0.29185708618164063
        },
        "orientation": {
            "x": -0.006486022803442253,
            "y": -0.5203024144260638,
            "z": -0.09443676415509931,
            "w": 0.8487196395904338
        }
    }
}