{
    "header": {
        "seq": 30332,
        "stamp": {
            "secs": 1678823383,
            "nsecs": 456020591
        },
        "frame_id": "atracsys"
    },
    "pose": {
        "position": {
            "x": 0.6267814331054687,
            "y": -0.00562843656539917,
            "z": 0.2918058776855469
        },
        "orientation": {
            "x": -0.006585591973716408,
            "y": -0.520279487398544,
            "z": -0.09440617053336427,
            "w": 0.8487363312218286
        }
    }
}