{
    "header": {
        "seq": 36863,
        "stamp": {
            "secs": 1678823449,
            "nsecs": 246837720
        },
        "frame_id": "atracsys"
    },
    "pose": {
        "position": {
            "x": 0.6268740234375,
            "y": -0.005501397132873535,
            "z": 0.2919326782226563
        },
        "orientation": {
            "x": -0.006472863953670815,
            "y": -0.5203333268106584,
            "z": -0.09444627296079265,
            "w": 0.848699730509092
        }
    }
}