{
    "header": {
        "seq": 30416,
        "stamp": {
            "secs": 1678823384,
            "nsecs": 303754858
        },
        "frame_id": "atracsys"
    },
    "pose": {
        "position": {
            "x": 0.62678271484375,
            "y": -0.005681780338287354,
            "z": 0.291861572265625
        },
        "orientation": {
            "x": -0.00661565221060167,
            "y": -0.5202891567683332,
            "z": -0.09441497774719189,
            "w": 0.8487291903028448
        }
    }
}