{
    "header": {
        "seq": 24772,
        "stamp": {
            "secs": 1678823327,
            "nsecs": 438320698
        },
        "frame_id": "atracsys"
    },
    "pose": {
        "position": {
            "x": 0.6270140380859375,
            "y": -0.005454403877258301,
            "z": 0.29212997436523436
        },
        "orientation": {
            "x": -0.00647326391503938,
            "y": -0.5203670340952181,
            "z": -0.09433601563530376,
            "w": 0.8486913236479375
        }
    }
}