{
    "header": {
        "seq": 14819,
        "stamp": {
            "secs": 1678823227,
            "nsecs": 160748488
        },
        "frame_id": "atracsys"
    },
    "pose": {
        "position": {
            "x": 0.6268469848632813,
            "y": -0.005536771297454834,
            "z": 0.29190835571289064
        },
        "orientation": {
            "x": -0.006561103593861058,
            "y": -0.5202552534452469,
            "z": -0.09431305459646161,
            "w": 0.8487617279984633
        }
    }
}