{
    "header": {
        "seq": 18304,
        "stamp": {
            "secs": 1678823262,
            "nsecs": 271276080
        },
        "frame_id": "atracsys"
    },
    "pose": {
        "position": {
            "x": 0.6271202392578125,
            "y": -0.005066696643829346,
            "z": 0.29141473388671874
        },
        "orientation": {
            "x": -0.006321970665311031,
            "y": -0.5202989150294937,
            "z": -0.0943749979596372,
            "w": 0.8487298931145039
        }
    }
}