{
    "header": {
        "seq": 28223,
        "stamp": {
            "secs": 1678823362,
            "nsecs": 193368591
        },
        "frame_id": "atracsys"
    },
    "pose": {
        "position": {
            "x": 0.6267515258789063,
            "y": -0.00554599380493164,
            "z": 0.29185565185546875
        },
        "orientation": {
            "x": -0.00652484359267103,
            "y": -0.5202492133806838,
            "z": -0.0944342167053643,
            "w": 0.8487522377632445
        }
    }
}