{
    "header": {
        "seq": 29487,
        "stamp": {
            "secs": 1678823374,
            "nsecs": 936629950
        },
        "frame_id": "atracsys"
    },
    "pose": {
        "position": {
            "x": 0.62683642578125,
            "y": -0.0055668954849243165,
            "z": 0.291902587890625
        },
        "orientation": {
            "x": -0.00653935252489262,
            "y": -0.5203057605829888,
            "z": -0.09440655782925622,
            "w": 0.848720539524963
        }
    }
}