{
    "header": {
        "seq": 10247,
        "stamp": {
            "secs": 1678823181,
            "nsecs": 65281000
        },
        "frame_id": "atracsys"
    },
    "pose": {
        "position": {
            "x": 0.6270437622070313,
            "y": -0.00539845609664917,
            "z": 0.29213174438476563
        },
        "orientation": {
            "x": -0.006481184381068547,
            "y": -0.5203014861288993,
            "z": -0.0942596131323132,
            "w": 0.8487399384459436
        }
    }
}