{
    "header": {
        "seq": 39933,
        "stamp": {
            "secs": 1678823480,
            "nsecs": 139321369
        },
        "frame_id": "atracsys"
    },
    "pose": {
        "position": {
            "x": 0.6268829345703125,
            "y": -0.005528652667999268,
            "z": 0.29192166137695313
        },
        "orientation": {
            "x": -0.006474836632086344,
            "y": -0.5203332905863832,
            "z": -0.09447949484731077,
            "w": 0.8486960399645631
        }
    }
}