{
    "header": {
        "seq": 26109,
        "stamp": {
            "secs": 1678823340,
            "nsecs": 897905415
        },
        "frame_id": "atracsys"
    },
    "pose": {
        "position": {
            "x": 0.6268471679687501,
            "y": -0.0057062568664550785,
            "z": 0.2920221862792969
        },
        "orientation": {
            "x": -0.006628761288119384,
            "y": -0.5203030421911522,
            "z": -0.09437348822630652,
            "w": 0.8487251902296857
        }
    }
}