{
    "header": {
        "seq": 29089,
        "stamp": {
            "secs": 1678823370,
            "nsecs": 930651923
        },
        "frame_id": "atracsys"
    },
    "pose": {
        "position": {
            "x": 0.626626708984375,
            "y": -0.005488453865051269,
            "z": 0.2916596374511719
        },
        "orientation": {
            "x": -0.006501674016058598,
            "y": -0.5201614659249442,
            "z": -0.09447962146651305,
            "w": 0.8488011420405527
        }
    }
}