{
    "header": {
        "seq": 26133,
        "stamp": {
            "secs": 1678823341,
            "nsecs": 139693898
        },
        "frame_id": "atracsys"
    },
    "pose": {
        "position": {
            "x": 0.6269346923828125,
            "y": -0.005537120819091797,
            "z": 0.2920484924316406
        },
        "orientation": {
            "x": -0.006524145686015329,
            "y": -0.5203348050052395,
            "z": -0.09435264899942575,
            "w": 0.8487088451583489
        }
    }
}