{
    "header": {
        "seq": 37583,
        "stamp": {
            "secs": 1678823456,
            "nsecs": 500555080
        },
        "frame_id": "atracsys"
    },
    "pose": {
        "position": {
            "x": 0.6269222412109375,
            "y": -0.005314286231994629,
            "z": 0.29192175292968753
        },
        "orientation": {
            "x": -0.006363403065447975,
            "y": -0.5203406170451857,
            "z": -0.09441604053636693,
            "w": 0.8486994524823832
        }
    }
}