{
    "header": {
        "seq": 33072,
        "stamp": {
            "secs": 1678823411,
            "nsecs": 64934512
        },
        "frame_id": "atracsys"
    },
    "pose": {
        "position": {
            "x": 0.6268375854492187,
            "y": -0.005651182651519776,
            "z": 0.291924560546875
        },
        "orientation": {
            "x": -0.006568766681790647,
            "y": -0.5203148793235535,
            "z": -0.09443751895142435,
            "w": 0.8487112775691716
        }
    }
}