{
    "header": {
        "seq": 36118,
        "stamp": {
            "secs": 1678823441,
            "nsecs": 739420319
        },
        "frame_id": "atracsys"
    },
    "pose": {
        "position": {
            "x": 0.6268971557617188,
            "y": -0.005568344116210938,
            "z": 0.2919701232910156
        },
        "orientation": {
            "x": -0.006508058293131984,
            "y": -0.520352149482597,
            "z": -0.0944378360728004,
            "w": 0.8486888598443961
        }
    }
}