{
    "header": {
        "seq": 23623,
        "stamp": {
            "secs": 1678823315,
            "nsecs": 859199602
        },
        "frame_id": "atracsys"
    },
    "pose": {
        "position": {
            "x": 0.6268637084960937,
            "y": -0.005624644756317139,
            "z": 0.2920664672851563
        },
        "orientation": {
            "x": -0.0065761860526135935,
            "y": -0.5202954376521044,
            "z": -0.09439550863895484,
            "w": 0.8487278122485439
        }
    }
}