{
    "header": {
        "seq": 33282,
        "stamp": {
            "secs": 1678823413,
            "nsecs": 184361835
        },
        "frame_id": "atracsys"
    },
    "pose": {
        "position": {
            "x": 0.626927490234375,
            "y": -0.005422327995300293,
            "z": 0.2919395751953125
        },
        "orientation": {
            "x": -0.006430283072075671,
            "y": -0.5203491190851084,
            "z": -0.09442815855079116,
            "w": 0.8486923874995411
        }
    }
}