{
    "header": {
        "seq": 38998,
        "stamp": {
            "secs": 1678823470,
            "nsecs": 736348428
        },
        "frame_id": "atracsys"
    },
    "pose": {
        "position": {
            "x": 0.6268525390625,
            "y": -0.005364779472351074,
            "z": 0.29188845825195314
        },
        "orientation": {
            "x": -0.006387523636711375,
            "y": -0.5203106072397622,
            "z": -0.09445486339815631,
            "w": 0.8487133499103311
        }
    }
}