{
    "header": {
        "seq": 7807,
        "stamp": {
            "secs": 1678823156,
            "nsecs": 429567227
        },
        "frame_id": "atracsys"
    },
    "pose": {
        "position": {
            "x": 0.62704052734375,
            "y": -0.005164195537567139,
            "z": 0.291806884765625
        },
        "orientation": {
            "x": -0.006401821309748174,
            "y": -0.5202300362287131,
            "z": -0.09418017650433953,
            "w": 0.8487931552757723
        }
    }
}