{
    "header": {
        "seq": 26179,
        "stamp": {
            "secs": 1678823341,
            "nsecs": 602376773
        },
        "frame_id": "atracsys"
    },
    "pose": {
        "position": {
            "x": 0.6269536743164063,
            "y": -0.0054999709129333494,
            "z": 0.29204794311523435
        },
        "orientation": {
            "x": -0.006499976336720928,
            "y": -0.5203449925146502,
            "z": -0.09436583005961127,
            "w": 0.8487013191869748
        }
    }
}