{
    "header": {
        "seq": 27842,
        "stamp": {
            "secs": 1678823358,
            "nsecs": 351577750
        },
        "frame_id": "atracsys"
    },
    "pose": {
        "position": {
            "x": 0.6268589477539063,
            "y": -0.005550416469573975,
            "z": 0.29195352172851563
        },
        "orientation": {
            "x": -0.006524802853479817,
            "y": -0.5203106333199674,
            "z": -0.0944125126350367,
            "w": 0.8487170018680177
        }
    }
}