{
    "header": {
        "seq": 18949,
        "stamp": {
            "secs": 1678823268,
            "nsecs": 775656961
        },
        "frame_id": "atracsys"
    },
    "pose": {
        "position": {
            "x": 0.6269878540039062,
            "y": -0.0051080150604248045,
            "z": 0.29129132080078124
        },
        "orientation": {
            "x": -0.006349374281372236,
            "y": -0.5202361793185177,
            "z": -0.09441213212020562,
            "w": 0.8487640146017167
        }
    }
}