{
    "header": {
        "seq": 36257,
        "stamp": {
            "secs": 1678823443,
            "nsecs": 139479788
        },
        "frame_id": "atracsys"
    },
    "pose": {
        "position": {
            "x": 0.6268760986328125,
            "y": -0.005533117771148682,
            "z": 0.29193118286132813
        },
        "orientation": {
            "x": -0.006494315761163169,
            "y": -0.5203326488703077,
            "z": -0.0944312025578093,
            "w": 0.8487016592218313
        }
    }
}