{
    "header": {
        "seq": 29950,
        "stamp": {
            "secs": 1678823379,
            "nsecs": 596300170
        },
        "frame_id": "atracsys"
    },
    "pose": {
        "position": {
            "x": 0.6268776855468751,
            "y": -0.00549973726272583,
            "z": 0.29186941528320315
        },
        "orientation": {
            "x": -0.006507185890665196,
            "y": -0.520314672832838,
            "z": -0.09437823348227686,
            "w": 0.8487184732356224
        }
    }
}