{
    "header": {
        "seq": 26241,
        "stamp": {
            "secs": 1678823342,
            "nsecs": 226367642
        },
        "frame_id": "atracsys"
    },
    "pose": {
        "position": {
            "x": 0.6269034423828125,
            "y": -0.00559783411026001,
            "z": 0.29204998779296876
        },
        "orientation": {
            "x": -0.006567078842928871,
            "y": -0.5203216670777026,
            "z": -0.09434149909996974,
            "w": 0.8487178081038018
        }
    }
}