{
    "header": {
        "seq": 29009,
        "stamp": {
            "secs": 1678823370,
            "nsecs": 124742890
        },
        "frame_id": "atracsys"
    },
    "pose": {
        "position": {
            "x": 0.6268535766601563,
            "y": -0.0055445337295532224,
            "z": 0.29186611938476564
        },
        "orientation": {
            "x": -0.0065377418648378495,
            "y": -0.5203092751044168,
            "z": -0.09437732433928074,
            "w": 0.8487216486117125
        }
    }
}