{
    "header": {
        "seq": 30165,
        "stamp": {
            "secs": 1678823381,
            "nsecs": 769432722
        },
        "frame_id": "atracsys"
    },
    "pose": {
        "position": {
            "x": 0.6268379516601562,
            "y": -0.005531913280487061,
            "z": 0.29182373046875
        },
        "orientation": {
            "x": -0.0065284333008381904,
            "y": -0.5203027502609446,
            "z": -0.09439990441514833,
            "w": 0.8487232091064463
        }
    }
}