{
    "header": {
        "seq": 37553,
        "stamp": {
            "secs": 1678823456,
            "nsecs": 199054495
        },
        "frame_id": "atracsys"
    },
    "pose": {
        "position": {
            "x": 0.6268470458984375,
            "y": -0.005503235816955566,
            "z": 0.2918875732421875
        },
        "orientation": {
            "x": -0.006483593371473218,
            "y": -0.5203184108884134,
            "z": -0.09442113842593924,
            "w": 0.8487115899561518
        }
    }
}