{
    "header": {
        "seq": 28445,
        "stamp": {
            "secs": 1678823364,
            "nsecs": 435150113
        },
        "frame_id": "atracsys"
    },
    "pose": {
        "position": {
            "x": 0.6269230346679687,
            "y": -0.0054508810043334965,
            "z": 0.2919576416015625
        },
        "orientation": {
            "x": -0.00645964092436407,
            "y": -0.520353810548251,
            "z": -0.09442222212020107,
            "w": 0.8486899486013292
        }
    }
}