{
    "header": {
        "seq": 16903,
        "stamp": {
            "secs": 1678823248,
            "nsecs": 157741221
        },
        "frame_id": "atracsys"
    },
    "pose": {
        "position": {
            "x": 0.6270081787109375,
            "y": -0.00543514347076416,
            "z": 0.2915533142089844
        },
        "orientation": {
            "x": -0.006534946828037477,
            "y": -0.5203076673282154,
            "z": -0.09437986330325054,
            "w": 0.8487223734486357
        }
    }
}