{
    "header": {
        "seq": 29511,
        "stamp": {
            "secs": 1678823375,
            "nsecs": 178399502
        },
        "frame_id": "atracsys"
    },
    "pose": {
        "position": {
            "x": 0.6268245239257813,
            "y": -0.005519404888153077,
            "z": 0.2918681640625
        },
        "orientation": {
            "x": -0.006515201223180634,
            "y": -0.5202888793834263,
            "z": -0.0943969264724405,
            "w": 0.8487321452705305
        }
    }
}