{
    "header": {
        "seq": 36839,
        "stamp": {
            "secs": 1678823449,
            "nsecs": 5053611
        },
        "frame_id": "atracsys"
    },
    "pose": {
        "position": {
            "x": 0.6268280639648438,
            "y": -0.005440117359161377,
            "z": 0.2918685302734375
        },
        "orientation": {
            "x": -0.0064387701549661076,
            "y": -0.5202983316575589,
            "z": -0.09445005389231022,
            "w": 0.8487210234423277
        }
    }
}