{
    "header": {
        "seq": 39647,
        "stamp": {
            "secs": 1678823477,
            "nsecs": 264769208
        },
        "frame_id": "atracsys"
    },
    "pose": {
        "position": {
            "x": 0.6268541870117188,
            "y": -0.005458659648895264,
            "z": 0.2918895263671875
        },
        "orientation": {
            "x": -0.006438431665935818,
            "y": -0.5203005886681669,
            "z": -0.09446037008900753,
            "w": 0.8487184942676163
        }
    }
}