{
    "header": {
        "seq": 22652,
        "stamp": {
            "secs": 1678823306,
            "nsecs": 74212625
        },
        "frame_id": "atracsys"
    },
    "pose": {
        "position": {
            "x": 0.6268616333007813,
            "y": -0.0054345250129699705,
            "z": 0.291970947265625
        },
        "orientation": {
            "x": -0.0064656679847956144,
            "y": -0.5202615722024626,
            "z": -0.09439985601147463,
            "w": 0.8487489374437797
        }
    }
}