{
    "header": {
        "seq": 32920,
        "stamp": {
            "secs": 1678823409,
            "nsecs": 533619368
        },
        "frame_id": "atracsys"
    },
    "pose": {
        "position": {
            "x": 0.6268973999023437,
            "y": -0.005589779853820801,
            "z": 0.291960205078125
        },
        "orientation": {
            "x": -0.006530715685602126,
            "y": -0.5203413736797633,
            "z": -0.09443556374678871,
            "w": 0.8486955454634584
        }
    }
}