{
    "header": {
        "seq": 38135,
        "stamp": {
            "secs": 1678823462,
            "nsecs": 55797525
        },
        "frame_id": "atracsys"
    },
    "pose": {
        "position": {
            "x": 0.6268079223632813,
            "y": -0.0054699482917785645,
            "z": 0.29186822509765625
        },
        "orientation": {
            "x": -0.0064519984385211955,
            "y": -0.5202953882967558,
            "z": -0.09447193198344324,
            "w": 0.8487202923817676
        }
    }
}