{
    "header": {
        "seq": 9277,
        "stamp": {
            "secs": 1678823171,
            "nsecs": 277225863
        },
        "frame_id": "atracsys"
    },
    "pose": {
        "position": {
            "x": 0.6269097900390626,
            "y": -0.005143002033233643,
            "z": 0.2918778076171875
        },
        "orientation": {
            "x": -0.006344876433654474,
            "y": -0.5201626520302154,
            "z": -0.09430134612976769,
            "w": 0.8488214265050386
        }
    }
}