{
    "header": {
        "seq": 23654,
        "stamp": {
            "secs": 1678823316,
            "nsecs": 172681039
        },
        "frame_id": "atracsys"
    },
    "pose": {
        "position": {
            "x": 0.626911376953125,
            "y": -0.0055911197662353515,
            "z": 0.29210247802734374
        },
        "orientation": {
            "x": -0.006553447916159946,
            "y": -0.5203196623075943,
            "z": -0.09437400157185497,
            "w": 0.848715528998873
        }
    }
}