{
    "header": {
        "seq": 26947,
        "stamp": {
            "secs": 1678823349,
            "nsecs": 339677615
        },
        "frame_id": "atracsys"
    },
    "pose": {
        "position": {
            "x": 0.6268662719726562,
            "y": -0.005575817584991455,
            "z": 0.2919346923828125
        },
        "orientation": {
            "x": -0.006551478554927695,
            "y": -0.5203122929860216,
            "z": -0.09439080703804963,
            "w": 0.8487181931849219
        }
    }
}