{
    "header": {
        "seq": 37643,
        "stamp": {
            "secs": 1678823457,
            "nsecs": 103537752
        },
        "frame_id": "atracsys"
    },
    "pose": {
        "position": {
            "x": 0.6268546142578125,
            "y": -0.0054319133758544925,
            "z": 0.29191290283203125
        },
        "orientation": {
            "x": -0.006430552074438604,
            "y": -0.5203187206301547,
            "z": -0.09443570804527618,
            "w": 0.8487101825757744
        }
    }
}