{
    "header": {
        "seq": 39839,
        "stamp": {
            "secs": 1678823479,
            "nsecs": 192980151
        },
        "frame_id": "atracsys"
    },
    "pose": {
        "position": {
            "x": 0.6268469848632813,
            "y": -0.005475522994995118,
            "z": 0.29185247802734376
        },
        "orientation": {
            "x": -0.006453078995427395,
            "y": -0.5202929408516689,
            "z": -0.09445249830147517,
            "w": 0.8487239474858775
        }
    }
}