{
    "header": {
        "seq": 6470,
        "stamp": {
            "secs": 1678823142,
            "nsecs": 966778112
        },
        "frame_id": "atracsys"
    },
    "pose": {
        "position": {
            "x": 0.6270174560546875,
            "y": -0.005061099529266358,
            "z": 0.291760498046875
        },
        "orientation": {
            "x": -0.006346541881579441,
            "y": -0.5201935185441331,
            "z": -0.09415975216821186,
            "w": 0.8488182171362965
        }
    }
}