{
    "header": {
        "seq": 34935,
        "stamp": {
            "secs": 1678823429,
            "nsecs": 828981396
        },
        "frame_id": "atracsys"
    },
    "pose": {
        "position": {
            "x": 0.6267595825195312,
            "y": -0.0055245223045349125,
            "z": 0.2918434143066406
        },
        "orientation": {
            "x": -0.006491627975456311,
            "y": -0.5202638737159608,
            "z": -0.09446577088156792,
            "w": 0.8487399947004041
        }
    }
}