{
    "header": {
        "seq": 8457,
        "stamp": {
            "secs": 1678823162,
            "nsecs": 993749883
        },
        "frame_id": "atracsys"
    },
    "pose": {
        "position": {
            "x": 0.6270426025390625,
            "y": -0.005224154949188232,
            "z": 0.2919190368652344
        },
        "orientation": {
            "x": -0.006412283109720212,
            "y": -0.5202392740425501,
            "z": -0.09421332054590413,
            "w": 0.8487837360604383
        }
    }
}