{
    "header": {
        "seq": 19231,
        "stamp": {
            "secs": 1678823271,
            "nsecs": 617425465
        },
        "frame_id": "atracsys"
    },
    "pose": {
        "position": {
            "x": 0.6268362426757813,
            "y": -0.005057705402374268,
            "z": 0.2911766357421875
        },
        "orientation": {
            "x": -0.006336244483845899,
            "y": -0.5201366053371749,
            "z": -0.09436189096227507,
            "w": 0.8488307236005215
        }
    }
}