{
    "header": {
        "seq": 36767,
        "stamp": {
            "secs": 1678823448,
            "nsecs": 279678433
        },
        "frame_id": "atracsys"
    },
    "pose": {
        "position": {
            "x": 0.626756591796875,
            "y": -0.005699648380279541,
            "z": 0.29186071777343753
        },
        "orientation": {
            "x": -0.006593293667160873,
            "y": -0.5202808863214591,
            "z": -0.09447255045957371,
            "w": 0.8487280277078394
        }
    }
}