{
    "header": {
        "seq": 9616,
        "stamp": {
            "secs": 1678823174,
            "nsecs": 698147504
        },
        "frame_id": "atracsys"
    },
    "pose": {
        "position": {
            "x": 0.6269842529296875,
            "y": -0.005155279636383057,
            "z": 0.29197833251953126
        },
        "orientation": {
            "x": -0.006342579119387535,
            "y": -0.5202226913777093,
            "z": -0.0942851085680373,
            "w": 0.8487864521587044
        }
    }
}