{
    "header": {
        "seq": 22310,
        "stamp": {
            "secs": 1678823302,
            "nsecs": 629296247
        },
        "frame_id": "atracsys"
    },
    "pose": {
        "position": {
            "x": 0.626966796875,
            "y": -0.005516080856323242,
            "z": 0.2920985717773438
        },
        "orientation": {
            "x": -0.0065222527339146895,
            "y": -0.5203291402989065,
            "z": -0.09433402867078321,
            "w": 0.8487144024993423
        }
    }
}