{
    "header": {
        "seq": 18844,
        "stamp": {
            "secs": 1678823267,
            "nsecs": 718958374
        },
        "frame_id": "atracsys"
    },
    "pose": {
        "position": {
            "x": 0.62700634765625,
            "y": -0.005275619506835937,
            "z": 0.2914398498535156
        },
        "orientation": {
            "x": -0.006432664566204722,
            "y": -0.520266950615647,
            "z": -0.09443322498230604,
            "w": 0.8487421793119014
        }
    }
}