{
    "header": {
        "seq": 33983,
        "stamp": {
            "secs": 1678823420,
            "nsecs": 249921192
        },
        "frame_id": "atracsys"
    },
    "pose": {
        "position": {
            "x": 0.626944580078125,
            "y": -0.005358270645141602,
            "z": 0.2919276123046875
        },
        "orientation": {
            "x": -0.006393641973768504,
            "y": -0.5203532594703322,
            "z": -0.0944180184783654,
            "w": 0.8486912539242593
        }
    }
}