{
    "header": {
        "seq": 15103,
        "stamp": {
            "secs": 1678823230,
            "nsecs": 20573956
        },
        "frame_id": "atracsys"
    },
    "pose": {
        "position": {
            "x": 0.6267433471679688,
            "y": -0.005485446929931641,
            "z": 0.29170214843750003
        },
        "orientation": {
            "x": -0.006547034256126861,
            "y": -0.520175791961331,
            "z": -0.09432473667855741,
            "w": 0.8488092399652422
        }
    }
}