{
    "header": {
        "seq": 21363,
        "stamp": {
            "secs": 1678823293,
            "nsecs": 100989932
        },
        "frame_id": "atracsys"
    },
    "pose": {
        "position": {
            "x": 0.6268915405273437,
            "y": -0.0055086097717285155,
            "z": 0.29193280029296875
        },
        "orientation": {
            "x": -0.006545241734847522,
            "y": -0.5202777204739232,
            "z": -0.0942982789826689,
            "w": 0.8487497204535608
        }
    }
}