{
    "header": {
        "seq": 8270,
        "stamp": {
            "secs": 1678823161,
            "nsecs": 104194362
        },
        "frame_id": "atracsys"
    },
    "pose": {
        "position": {
            "x": 0.6270260009765625,
            "y": -0.00521921443939209,
            "z": 0.2918671875
        },
        "orientation": {
            "x": -0.006413996918091935,
            "y": -0.5202256433916363,
            "z": -0.09421245033163464,
            "w": 0.8487921740943434
        }
    }
}