{
    "header": {
        "seq": 24143,
        "stamp": {
            "secs": 1678823321,
            "nsecs": 95047412
        },
        "frame_id": "atracsys"
    },
    "pose": {
        "position": {
            "x": 0.6269447631835937,
            "y": -0.005440043926239014,
            "z": 0.29204376220703127
        },
        "orientation": {
            "x": -0.006469812282445896,
            "y": -0.5203258767237304,
            "z": -0.09435948226916109,
            "w": 0.8487139751686708
        }
    }
}