{
    "header": {
        "seq": 28289,
        "stamp": {
            "secs": 1678823362,
            "nsecs": 856089036
        },
        "frame_id": "atracsys"
    },
    "pose": {
        "position": {
            "x": 0.626781005859375,
            "y": -0.005630466938018799,
            "z": 0.2918766784667969
        },
        "orientation": {
            "x": -0.006580479264379258,
            "y": -0.5202747996707798,
            "z": -0.09441797467034878,
            "w": 0.8487379313895016
        }
    }
}