{
    "header": {
        "seq": 21953,
        "stamp": {
            "secs": 1678823299,
            "nsecs": 38307849
        },
        "frame_id": "atracsys"
    },
    "pose": {
        "position": {
            "x": 0.6269085083007813,
            "y": -0.005514664649963379,
            "z": 0.291982666015625
        },
        "orientation": {
            "x": -0.00652817469454173,
            "y": -0.5202916235485315,
            "z": -0.09435123359279579,
            "w": 0.8487354441284447
        }
    }
}