{
    "header": {
        "seq": 29110,
        "stamp": {
            "secs": 1678823371,
            "nsecs": 142618805
        },
        "frame_id": "atracsys"
    },
    "pose": {
        "position": {
            "x": 0.6267614135742188,
            "y": -0.005554319381713867,
            "z": 0.2917822265625
        },
        "orientation": {
            "x": -0.006540251352355321,
            "y": -0.5202517180464195,
            "z": -0.09441635190592833,
            "w": 0.8487525714098147
        }
    }
}