{
    "header": {
        "seq": 27925,
        "stamp": {
            "secs": 1678823359,
            "nsecs": 184415962
        },
        "frame_id": "atracsys"
    },
    "pose": {
        "position": {
            "x": 0.6269174194335938,
            "y": -0.005402499675750732,
            "z": 0.29194375610351564
        },
        "orientation": {
            "x": -0.0064389680370818695,
            "y": -0.5203302001873921,
            "z": -0.09438936619139568,
            "w": 0.8487082360938607
        }
    }
}