{
    "header": {
        "seq": 29855,
        "stamp": {
            "secs": 1678823378,
            "nsecs": 641079475
        },
        "frame_id": "atracsys"
    },
    "pose": {
        "position": {
            "x": 0.6268530883789063,
            "y": -0.005355110168457031,
            "z": 0.29180093383789063
        },
        "orientation": {
            "x": -0.006424475824133931,
            "y": -0.5202794965161532,
            "z": -0.09438204284336793,
            "w": 0.8487402438932632
        }
    }
}