{
    "header": {
        "seq": 25331,
        "stamp": {
            "secs": 1678823333,
            "nsecs": 68037338
        },
        "frame_id": "atracsys"
    },
    "pose": {
        "position": {
            "x": 0.6268875732421875,
            "y": -0.005615931034088135,
            "z": 0.2920840759277344
        },
        "orientation": {
            "x": -0.006563626571417527,
            "y": -0.520315961418163,
            "z": -0.09439087050736793,
            "w": 0.8487158432977348
        }
    }
}