{
    "header": {
        "seq": 33387,
        "stamp": {
            "secs": 1678823414,
            "nsecs": 240967822
        },
        "frame_id": "atracsys"
    },
    "pose": {
        "position": {
            "x": 0.62687890625,
            "y": -0.005490909576416016,
            "z": 0.2918998718261719
        },
        "orientation": {
            "x": -0.006473292489225779,
            "y": -0.5203289220400975,
            "z": -0.09444521045456762,
            "w": 0.84870254600486
        }
    }
}