{
    "header": {
        "seq": 32255,
        "stamp": {
            "secs": 1678823402,
            "nsecs": 829148238
        },
        "frame_id": "atracsys"
    },
    "pose": {
        "position": {
            "x": 0.6268013916015626,
            "y": -0.005396411895751953,
            "z": 0.2918192138671875
        },
        "orientation": {
            "x": -0.006424572102167802,
            "y": -0.520256168122677,
            "z": -0.09443736104973247,
            "w": 0.8487483898315068
        }
    }
}