{
    "header": {
        "seq": 25523,
        "stamp": {
            "secs": 1678823334,
            "nsecs": 999515707
        },
        "frame_id": "atracsys"
    },
    "pose": {
        "position": {
            "x": 0.6269093017578126,
            "y": -0.005513331413269043,
            "z": 0.29208352661132814
        },
        "orientation": {
            "x": -0.006501081995481522,
            "y": -0.5203192292946691,
            "z": -0.09438629458159122,
            "w": 0.8487148301722122
        }
    }
}