{
    "header": {
        "seq": 38696,
        "stamp": {
            "secs": 1678823467,
            "nsecs": 697550845
        },
        "frame_id": "atracsys"
    },
    "pose": {
        "position": {
            "x": 0.6267988891601562,
            "y": -0.005618465423583984,
            "z": 0.2919164733886719
        },
        "orientation": {
            "x": -0.00654289064860671,
            "y": -0.5203005663139704,
            "z": -0.09445322780747215,
            "w": 0.8487185040000434
        }
    }
}