{
    "header": {
        "seq": 29396,
        "stamp": {
            "secs": 1678823374,
            "nsecs": 20239830
        },
        "frame_id": "atracsys"
    },
    "pose": {
        "position": {
            "x": 0.6268563232421875,
            "y": -0.005428032398223877,
            "z": 0.29185321044921875
        },
        "orientation": {
            "x": -0.006460184496230231,
            "y": -0.5202990347390212,
            "z": -0.09439942905246367,
            "w": 0.8487260619661013
        }
    }
}