{
    "header": {
        "seq": 33617,
        "stamp": {
            "secs": 1678823416,
            "nsecs": 560364958
        },
        "frame_id": "atracsys"
    },
    "pose": {
        "position": {
            "x": 0.6269012451171875,
            "y": -0.0054959444999694825,
            "z": 0.29194174194335937
        },
        "orientation": {
            "x": -0.00647193673830802,
            "y": -0.5203421581452212,
            "z": -0.0944376883488319,
            "w": 0.8486952783602356
        }
    }
}