{
    "header": {
        "seq": 7166,
        "stamp": {
            "secs": 1678823149,
            "nsecs": 969808316
        },
        "frame_id": "atracsys"
    },
    "pose": {
        "position": {
            "x": 0.6270189819335937,
            "y": -0.004994547843933106,
            "z": 0.29173510742187503
        },
        "orientation": {
            "x": -0.006302582588248362,
            "y": -0.5201933837763634,
            "z": -0.09418343849740558,
            "w": 0.8488159994020029
        }
    }
}