{
    "header": {
        "seq": 29263,
        "stamp": {
            "secs": 1678823372,
            "nsecs": 679954130
        },
        "frame_id": "atracsys"
    },
    "pose": {
        "position": {
            "x": 0.6268132934570313,
            "y": -0.005452301502227783,
            "z": 0.2918248596191406
        },
        "orientation": {
            "x": -0.00648170975800452,
            "y": -0.5202705913656752,
            "z": -0.09437934733008793,
            "w": 0.8487455672910289
        }
    }
}