{
    "header": {
        "seq": 22624,
        "stamp": {
            "secs": 1678823305,
            "nsecs": 793543271
        },
        "frame_id": "atracsys"
    },
    "pose": {
        "position": {
            "x": 0.6269188232421875,
            "y": -0.005409930229187012,
            "z": 0.29202014160156253
        },
        "orientation": {
            "x": -0.006457562246741945,
            "y": -0.5202918563228622,
            "z": -0.09435132151835411,
            "w": 0.8487358318473893
        }
    }
}