{
    "header": {
        "seq": 36638,
        "stamp": {
            "secs": 1678823446,
            "nsecs": 978194954
        },
        "frame_id": "atracsys"
    },
    "pose": {
        "position": {
            "x": 0.6268099365234375,
            "y": -0.005425734519958496,
            "z": 0.2918205261230469
        },
        "orientation": {
            "x": -0.006440774593971628,
            "y": -0.5202751523923345,
            "z": -0.09443023871355764,
            "w": 0.8487374224353863
        }
    }
}