{
    "header": {
        "seq": 16854,
        "stamp": {
            "secs": 1678823247,
            "nsecs": 662247557
        },
        "frame_id": "atracsys"
    },
    "pose": {
        "position": {
            "x": 0.6270364990234375,
            "y": -0.0052097043991088865,
            "z": 0.2915059814453125
        },
        "orientation": {
            "x": -0.006394830076878964,
            "y": -0.5203002591589975,
            "z": -0.09438622758760348,
            "w": 0.8487272745170554
        }
    }
}