{
    "header": {
        "seq": 32612,
        "stamp": {
            "secs": 1678823406,
            "nsecs": 426063878
        },
        "frame_id": "atracsys"
    },
    "pose": {
        "position": {
            "x": 0.6268515014648438,
            "y": -0.005622764110565186,
            "z": 0.2919266052246094
        },
        "orientation": {
            "x": -0.006553444631550019,
            "y": -0.5203155852740544,
            "z": -0.09443866914215543,
            "w": 0.848710835240742
        }
    }
}