{
    "header": {
        "seq": 8069,
        "stamp": {
            "secs": 1678823159,
            "nsecs": 74334098
        },
        "frame_id": "atracsys"
    },
    "pose": {
        "position": {
            "x": 0.6270536499023438,
            "y": -0.005295003414154053,
            "z": 0.29191455078125
        },
        "orientation": {
            "x": -0.006458542539068657,
            "y": -0.5202542612425536,
            "z": -0.09421513224565137,
            "w": 0.8487739980366802
        }
    }
}