{
    "header": {
        "seq": 33334,
        "stamp": {
            "secs": 1678823413,
            "nsecs": 709718250
        },
        "frame_id": "atracsys"
    },
    "pose": {
        "position": {
            "x": 0.6268677368164063,
            "y": -0.005340584278106689,
            "z": 0.291849365234375
        },
        "orientation": {
            "x": -0.006386989442245078,
            "y": -0.5202987532075958,
            "z": -0.0944326184391122,
            "w": 0.8487230963931753
        }
    }
}