{
    "header": {
        "seq": 18215,
        "stamp": {
            "secs": 1678823261,
            "nsecs": 375737353
        },
        "frame_id": "atracsys"
    },
    "pose": {
        "position": {
            "x": 0.6270447998046875,
            "y": -0.005211019039154053,
            "z": 0.2913879089355469
        },
        "orientation": {
            "x": -0.006412237346925168,
            "y": -0.5202691435067244,
            "z": -0.094378294820958,
            "w": 0.8487470995494916
        }
    }
}