{
    "header": {
        "seq": 35810,
        "stamp": {
            "secs": 1678823438,
            "nsecs": 640970595
        },
        "frame_id": "atracsys"
    },
    "pose": {
        "position": {
            "x": 0.6269266357421875,
            "y": -0.005374053478240967,
            "z": 0.29190679931640623
        },
        "orientation": {
            "x": -0.006399024840943882,
            "y": -0.5203434769974921,
            "z": -0.09443127305765396,
            "w": 0.8486957364662299
        }
    }
}