{
    "header": {
        "seq": 23695,
        "stamp": {
            "secs": 1678823316,
            "nsecs": 584600691
        },
        "frame_id": "atracsys"
    },
    "pose": {
        "position": {
            "x": 0.62695751953125,
            "y": -0.0055684556961059575,
            "z": 0.292100341796875
        },
        "orientation": {
            "x": -0.006547529475472395,
            "y": -0.5203399173101415,
            "z": -0.09433756040928923,
            "w": 0.84870720805674
        }
    }
}