{
    "header": {
        "seq": 7268,
        "stamp": {
            "secs": 1678823150,
            "nsecs": 996766567
        },
        "frame_id": "atracsys"
    },
    "pose": {
        "position": {
            "x": 0.6269863891601563,
            "y": -0.0051351628303527835,
            "z": 0.29176809692382816
        },
        "orientation": {
            "x": -0.00638923981133105,
            "y": -0.5201963019159676,
            "z": -0.09418009556627414,
            "w": 0.8488139340790256
        }
    }
}