{
    "header": {
        "seq": 35727,
        "stamp": {
            "secs": 1678823437,
            "nsecs": 802202404
        },
        "frame_id": "atracsys"
    },
    "pose": {
        "position": {
            "x": 0.6268243408203125,
            "y": -0.005571447372436524,
            "z": 0.2919082336425781
        },
        "orientation": {
            "x": -0.006513002662929188,
            "y": -0.5203082287558428,
            "z": -0.09446562524377598,
            "w": 0.8487126566350784
        }
    }
}