{
    "header": {
        "seq": 29556,
        "stamp": {
            "secs": 1678823375,
            "nsecs": 629154788
        },
        "frame_id": "atracsys"
    },
    "pose": {
        "position": {
            "x": 0.6267625122070313,
            "y": -0.0056780891418457035,
            "z": 0.2918607482910156
        },
        "orientation": {
            "x": -0.006611391715220002,
            "y": -0.5202705397585807,
            "z": -0.09441058310035741,
            "w": 0.8487411247003136
        }
    }
}