{
    "header": {
        "seq": 39364,
        "stamp": {
            "secs": 1678823474,
            "nsecs": 417019591
        },
        "frame_id": "atracsys"
    },
    "pose": {
        "position": {
            "x": 0.6268701171875,
            "y": -0.005450742721557617,
            "z": 0.29183761596679686
        },
        "orientation": {
            "x": -0.006439459524921987,
            "y": -0.5202974423887585,
            "z": -0.09446037534879673,
            "w": 0.8487204146794797
        }
    }
}