{
    "header": {
        "seq": 22745,
        "stamp": {
            "secs": 1678823307,
            "nsecs": 11495348
        },
        "frame_id": "atracsys"
    },
    "pose": {
        "position": {
            "x": 0.6268148193359375,
            "y": -0.00564971923828125,
            "z": 0.29200152587890627
        },
        "orientation": {
            "x": -0.006607491933019239,
            "y": -0.5202563709143414,
            "z": -0.09436221430207979,
            "w": 0.8487552191800665
        }
    }
}