{
    "header": {
        "seq": 38886,
        "stamp": {
            "secs": 1678823469,
            "nsecs": 608051191
        },
        "frame_id": "atracsys"
    },
    "pose": {
        "position": {
            "x": 0.626921630859375,
            "y": -0.005416499137878418,
            "z": 0.29197622680664065
        },
        "orientation": {
            "x": -0.0064154500633608665,
            "y": -0.5203599236629558,
            "z": -0.094449068178677,
            "w": 0.8486835484243505
        }
    }
}