{
    "header": {
        "seq": 32663,
        "stamp": {
            "secs": 1678823406,
            "nsecs": 942592555
        },
        "frame_id": "atracsys"
    },
    "pose": {
        "position": {
            "x": 0.6268829956054688,
            "y": -0.005723653793334961,
            "z": 0.2919876708984375
        },
        "orientation": {
            "x": -0.006611964736994807,
            "y": -0.5203492276611542,
            "z": -0.09443053187028151,
            "w": 0.8486906608685244
        }
    }
}