{
    "header": {
        "seq": 34313,
        "stamp": {
            "secs": 1678823423,
            "nsecs": 572434078
        },
        "frame_id": "atracsys"
    },
    "pose": {
        "position": {
            "x": 0.6268058471679687,
            "y": -0.005574427127838135,
            "z": 0.2919065246582031
        },
        "orientation": {
            "x": -0.006516822405312171,
            "y": -0.5202979597337642,
            "z": -0.09445905513264743,
            "w": 0.8487196539647633
        }
    }
}