{
    "header": {
        "seq": 17311,
        "stamp": {
            "secs": 1678823252,
            "nsecs": 262306666
        },
        "frame_id": "atracsys"
    },
    "pose": {
        "position": {
            "x": 0.6271707153320313,
            "y": -0.005121965408325196,
            "z": 0.29159997558593753
        },
        "orientation": {
            "x": -0.006344700001842856,
            "y": -0.5203758218467754,
            "z": -0.09433958510779951,
            "w": 0.8486865095551289
        }
    }
}