{
    "header": {
        "seq": 12113,
        "stamp": {
            "secs": 1678823199,
            "nsecs": 889208077
        },
        "frame_id": "atracsys"
    },
    "pose": {
        "position": {
            "x": 0.6269744262695313,
            "y": -0.005197441577911377,
            "z": 0.29198220825195315
        },
        "orientation": {
            "x": -0.00634218491993178,
            "y": -0.5202689590105947,
            "z": -0.09430828407547438,
            "w": 0.84875552106317
        }
    }
}