{
    "header": {
        "seq": 14246,
        "stamp": {
            "secs": 1678823221,
            "nsecs": 384667928
        },
        "frame_id": "atracsys"
    },
    "pose": {
        "position": {
            "x": 0.6269972534179687,
            "y": -0.005382589340209961,
            "z": 0.292090576171875
        },
        "orientation": {
            "x": -0.0064579263488271,
            "y": -0.5203382945390225,
            "z": -0.09427387351489336,
            "w": 0.8487159661488597
        }
    }
}