{
    "header": {
        "seq": 25039,
        "stamp": {
            "secs": 1678823330,
            "nsecs": 127746278
        },
        "frame_id": "atracsys"
    },
    "pose": {
        "position": {
            "x": 0.6268500366210937,
            "y": -0.005670449256896973,
            "z": 0.2920645751953125
        },
        "orientation": {
            "x": -0.006599337716812289,
            "y": -0.5202956973005237,
            "z": -0.09438286316638375,
            "w": 0.8487288797094021
        }
    }
}