{
    "header": {
        "seq": 25192,
        "stamp": {
            "secs": 1678823331,
            "nsecs": 668149331
        },
        "frame_id": "atracsys"
    },
    "pose": {
        "position": {
            "x": 0.626917724609375,
            "y": -0.005626843929290771,
            "z": 0.2920875549316406
        },
        "orientation": {
            "x": -0.006578512632756455,
            "y": -0.5203301028854798,
            "z": -0.09435737112110883,
            "w": 0.8487107833165786
        }
    }
}