{
    "header": {
        "seq": 16609,
        "stamp": {
            "secs": 1678823245,
            "nsecs": 199565293
        },
        "frame_id": "atracsys"
    },
    "pose": {
        "position": {
            "x": 0.62710009765625,
            "y": -0.005224343299865723,
            "z": 0.29157574462890623
        },
        "orientation": {
            "x": -0.006407156810931888,
            "y": -0.5203402751717003,
            "z": -0.09434711323387748,
            "w": 0.8487069980860728
        }
    }
}