{
    "header": {
        "seq": 18172,
        "stamp": {
            "secs": 1678823260,
            "nsecs": 942905846
        },
        "frame_id": "atracsys"
    },
    "pose": {
        "position": {
            "x": 0.6270751953125,
            "y": -0.005094541072845459,
            "z": 0.2913664855957031
        },
        "orientation": {
            "x": -0.006340556368601189,
            "y": -0.5202756996596071,
            "z": -0.09439263317515068,
            "w": 0.8487420246994397
        }
    }
}