{
    "header": {
        "seq": 34980,
        "stamp": {
            "secs": 1678823430,
            "nsecs": 282724714
        },
        "frame_id": "atracsys"
    },
    "pose": {
        "position": {
            "x": 0.6268402709960937,
            "y": -0.005453174114227295,
            "z": 0.29188983154296877
        },
        "orientation": {
            "x": -0.006446761565322381,
            "y": -0.5203032999137084,
            "z": -0.09444638985655579,
            "w": 0.8487183247740614
        }
    }
}