{
    "header": {
        "seq": 28129,
        "stamp": {
            "secs": 1678823361,
            "nsecs": 244120769
        },
        "frame_id": "atracsys"
    },
    "pose": {
        "position": {
            "x": 0.6267698974609375,
            "y": -0.00569399356842041,
            "z": 0.2918888244628906
        },
        "orientation": {
            "x": -0.0066151771876102865,
            "y": -0.5202741893026515,
            "z": -0.09442280306466239,
            "w": 0.8487374986635488
        }
    }
}