{
    "header": {
        "seq": 25609,
        "stamp": {
            "secs": 1678823335,
            "nsecs": 865070978
        },
        "frame_id": "atracsys"
    },
    "pose": {
        "position": {
            "x": 0.62697509765625,
            "y": -0.005663286685943604,
            "z": 0.29215292358398437
        },
        "orientation": {
            "x": -0.006597581153033968,
            "y": -0.5203763123610352,
            "z": -0.09434382588199054,
            "w": 0.8486838091859702
        }
    }
}