{
    "header": {
        "seq": 6806,
        "stamp": {
            "secs": 1678823146,
            "nsecs": 345911444
        },
        "frame_id": "atracsys"
    },
    "pose": {
        "position": {
            "x": 0.6269616088867188,
            "y": -0.0051889953613281255,
            "z": 0.2917579040527344
        },
        "orientation": {
            "x": -0.00642456423590711,
            "y": -0.5201770876897581,
            "z": -0.09417258739893701,
            "w": 0.8488262756298075
        }
    }
}