{
    "header": {
        "seq": 37729,
        "stamp": {
            "secs": 1678823457,
            "nsecs": 969198630
        },
        "frame_id": "atracsys"
    },
    "pose": {
        "position": {
            "x": 0.6269381713867188,
            "y": -0.005472903728485108,
            "z": 0.29195962524414065
        },
        "orientation": {
            "x": -0.006458483435463927,
            "y": -0.5203669341997151,
            "z": -0.09440094325379039,
            "w": 0.848684277983337
        }
    }
}