{
    "header": {
        "seq": 28877,
        "stamp": {
            "secs": 1678823368,
            "nsecs": 793351195
        },
        "frame_id": "atracsys"
    },
    "pose": {
        "position": {
            "x": 0.6268026123046875,
            "y": -0.005438177585601806,
            "z": 0.2917877502441406
        },
        "orientation": {
            "x": -0.006475202112635955,
            "y": -0.5202614310369913,
            "z": -0.09439582395165681,
            "w": 0.8487493997367127
        }
    }
}