{
    "header": {
        "seq": 12442,
        "stamp": {
            "secs": 1678823203,
            "nsecs": 199621475
        },
        "frame_id": "atracsys"
    },
    "pose": {
        "position": {
            "x": 0.6269908447265625,
            "y": -0.005287714958190918,
            "z": 0.292048095703125
        },
        "orientation": {
            "x": -0.006391227094851179,
            "y": -0.5202921335716432,
            "z": -0.09430355371149181,
            "w": 0.8487414728390933
        }
    }
}