{
    "header": {
        "seq": 27431,
        "stamp": {
            "secs": 1678823354,
            "nsecs": 211366949
        },
        "frame_id": "atracsys"
    },
    "pose": {
        "position": {
            "x": 0.6268757934570313,
            "y": -0.005389363288879395,
            "z": 0.2919225463867188
        },
        "orientation": {
            "x": -0.006436719186539911,
            "y": -0.5202893639378244,
            "z": -0.09436297873179113,
            "w": 0.8487362220761827
        }
    }
}