{
    "header": {
        "seq": 25142,
        "stamp": {
            "secs": 1678823331,
            "nsecs": 166570461
        },
        "frame_id": "atracsys"
    },
    "pose": {
        "position": {
            "x": 0.6269055786132812,
            "y": -0.005580258846282959,
            "z": 0.2920734558105469
        },
        "orientation": {
            "x": -0.006549452642865528,
            "y": -0.5203181540769956,
            "z": -0.09436101853714873,
            "w": 0.8487179280471332
        }
    }
}