{
    "header": {
        "seq": 30554,
        "stamp": {
            "secs": 1678823385,
            "nsecs": 694801605
        },
        "frame_id": "atracsys"
    },
    "pose": {
        "position": {
            "x": 0.6268662109375001,
            "y": -0.005543388843536377,
            "z": 0.29189337158203127
        },
        "orientation": {
            "x": -0.006528958364337466,
            "y": -0.5203217480535308,
            "z": -0.09439061777644331,
            "w": 0.8487125912115221
        }
    }
}