{
    "header": {
        "seq": 7872,
        "stamp": {
            "secs": 1678823157,
            "nsecs": 83345844
        },
        "frame_id": "atracsys"
    },
    "pose": {
        "position": {
            "x": 0.6270126953125,
            "y": -0.005057229042053223,
            "z": 0.2917189636230469
        },
        "orientation": {
            "x": -0.006341276315950295,
            "y": -0.520195781940185,
            "z": -0.09418319664009905,
            "w": 0.8488142683396508
        }
    }
}