{
    "header": {
        "seq": 25635,
        "stamp": {
            "secs": 1678823336,
            "nsecs": 127750738
        },
        "frame_id": "atracsys"
    },
    "pose": {
        "position": {
            "x": 0.6269025268554688,
            "y": -0.005412200927734375,
            "z": 0.2920230712890625
        },
        "orientation": {
            "x": -0.0064478805371968465,
            "y": -0.5203047694477446,
            "z": -0.09438064663074978,
            "w": 0.8487247287949545
        }
    }
}