{
    "header": {
        "seq": 19007,
        "stamp": {
            "secs": 1678823269,
            "nsecs": 360733749
        },
        "frame_id": "atracsys"
    },
    "pose": {
        "position": {
            "x": 0.626939697265625,
            "y": -0.004951979637145996,
            "z": 0.2912063293457031
        },
        "orientation": {
            "x": -0.006277169574420198,
            "y": -0.5201835060830544,
            "z": -0.09433362914015916,
            "w": 0.8488055628673281
        }
    }
}