{
    "header": {
        "seq": 35680,
        "stamp": {
            "secs": 1678823437,
            "nsecs": 330580499
        },
        "frame_id": "atracsys"
    },
    "pose": {
        "position": {
            "x": 0.62680224609375,
            "y": -0.005545374393463135,
            "z": 0.2918876647949219
        },
        "orientation": {
            "x": -0.006500688200289129,
            "y": -0.5202887939588962,
            "z": -0.09446540708161663,
            "w": 0.8487246896365302
        }
    }
}