{
    "header": {
        "seq": 29670,
        "stamp": {
            "secs": 1678823376,
            "nsecs": 775524339
        },
        "frame_id": "atracsys"
    },
    "pose": {
        "position": {
            "x": 0.626862060546875,
            "y": -0.00551381540298462,
            "z": 0.2918633728027344
        },
        "orientation": {
            "x": -0.006519231639591287,
            "y": -0.5203070023088712,
            "z": -0.09437756550473106,
            "w": 0.848723157511674
        }
    }
}