{
    "header": {
        "seq": 27342,
        "stamp": {
            "secs": 1678823353,
            "nsecs": 315846491
        },
        "frame_id": "atracsys"
    },
    "pose": {
        "position": {
            "x": 0.6268348999023438,
            "y": -0.00560067081451416,
            "z": 0.2919385070800781
        },
        "orientation": {
            "x": -0.00655954433324918,
            "y": -0.5202932994591757,
            "z": -0.09439583605973519,
            "w": 0.8487292153865142
        }
    }
}