{
    "header": {
        "seq": 32528,
        "stamp": {
            "secs": 1678823405,
            "nsecs": 578325574
        },
        "frame_id": "atracsys"
    },
    "pose": {
        "position": {
            "x": 0.6268359985351563,
            "y": -0.005483941078186035,
            "z": 0.291875
        },
        "orientation": {
            "x": -0.006468188930953108,
            "y": -0.5202932789570034,
            "z": -0.09445195281106018,
            "w": 0.8487236859038992
        }
    }
}