{
    "header": {
        "seq": 8960,
        "stamp": {
            "secs": 1678823168,
            "nsecs": 77313575
        },
        "frame_id": "atracsys"
    },
    "pose": {
        "position": {
            "x": 0.627043701171875,
            "y": -0.005150603771209717,
            "z": 0.29198263549804687
        },
        "orientation": {
            "x": -0.00635115475253988,
            "y": -0.5202454747161831,
            "z": -0.09425334472887469,
            "w": 0.8487759515196354
        }
    }
}