{
    "header": {
        "seq": 35090,
        "stamp": {
            "secs": 1678823431,
            "nsecs": 390242050
        },
        "frame_id": "atracsys"
    },
    "pose": {
        "position": {
            "x": 0.626825439453125,
            "y": -0.005379499912261963,
            "z": 0.29184085083007816
        },
        "orientation": {
            "x": -0.0063999520944113455,
            "y": -0.5202872455699261,
            "z": -0.09447296573544822,
            "w": 0.8487255630977528
        }
    }
}