{
    "header": {
        "seq": 23341,
        "stamp": {
            "secs": 1678823313,
            "nsecs": 20434958
        },
        "frame_id": "atracsys"
    },
    "pose": {
        "position": {
            "x": 0.626960693359375,
            "y": -0.005571949005126953,
            "z": 0.29211187744140626
        },
        "orientation": {
            "x": -0.006559663894660563,
            "y": -0.5203395141019921,
            "z": -0.09430829978329999,
            "w": 0.8487106134988975
        }
    }
}