{
    "header": {
        "seq": 30230,
        "stamp": {
            "secs": 1678823382,
            "nsecs": 429141997
        },
        "frame_id": "atracsys"
    },
    "pose": {
        "position": {
            "x": 0.6267913208007813,
            "y": -0.005476539134979248,
            "z": 0.29177532958984376
        },
        "orientation": {
            "x": -0.006491058303740718,
            "y": -0.5202705494986974,
            "z": -0.09443262950974067,
            "w": 0.8487395949113585
        }
    }
}