{
    "header": {
        "seq": 28703,
        "stamp": {
            "secs": 1678823367,
            "nsecs": 38125796
        },
        "frame_id": "atracsys"
    },
    "pose": {
        "position": {
            "x": 0.6268406982421875,
            "y": -0.005462393283843995,
            "z": 0.2918472900390625
        },
        "orientation": {
            "x": -0.006489642406159916,
            "y": -0.5202867808185545,
            "z": -0.09437121017424538,
            "w": 0.8487364873370028
        }
    }
}