{
    "header": {
        "seq": 30587,
        "stamp": {
            "secs": 1678823386,
            "nsecs": 29123735
        },
        "frame_id": "atracsys"
    },
    "pose": {
        "position": {
            "x": 0.6268272705078125,
            "y": -0.00547402048110962,
            "z": 0.291811767578125
        },
        "orientation": {
            "x": -0.006493335245161339,
            "y": -0.5202877639830694,
            "z": -0.09438788978350549,
            "w": 0.8487340016218913
        }
    }
}