{
    "header": {
        "seq": 30391,
        "stamp": {
            "secs": 1678823384,
            "nsecs": 50017920
        },
        "frame_id": "atracsys"
    },
    "pose": {
        "position": {
            "x": 0.6268378295898438,
            "y": -0.005369307041168213,
            "z": 0.2917685241699219
        },
        "orientation": {
            "x": -0.006426437845758378,
            "y": -0.5202817288105112,
            "z": -0.09441143597065688,
            "w": 0.8487355915245448
        }
    }
}