{
    "header": {
        "seq": 10576,
        "stamp": {
            "secs": 1678823184,
            "nsecs": 378703411
        },
        "frame_id": "atracsys"
    },
    "pose": {
        "position": {
            "x": 0.6270606079101563,
            "y": -0.005331977367401123,
            "z": 0.29216729736328123
        },
        "orientation": {
            "x": -0.006437852156982078,
            "y": -0.5203072215541619,
            "z": -0.0942546288902891,
            "w": 0.8487373057612981
        }
    }
}