{
    "header": {
        "seq": 29997,
        "stamp": {
            "secs": 1678823380,
            "nsecs": 70929759
        },
        "frame_id": "atracsys"
    },
    "pose": {
        "position": {
            "x": 0.6268219604492188,
            "y": -0.005592700481414795,
            "z": 0.29185501098632816
        },
        "orientation": {
            "x": -0.006560838181640695,
            "y": -0.5202974665158331,
            "z": -0.09440740397350698,
            "w": 0.8487253641871102
        }
    }
}