{
    "header": {
        "seq": 36178,
        "stamp": {
            "secs": 1678823442,
            "nsecs": 342402886
        },
        "frame_id": "atracsys"
    },
    "pose": {
        "position": {
            "x": 0.6268840942382813,
            "y": -0.005394960403442383,
            "z": 0.2919020080566406
        },
        "orientation": {
            "x": -0.006409816111087885,
            "y": -0.5203240713725362,
            "z": -0.09443821531882224,
            "w": 0.8487067800454557
        }
    }
}