{
    "header": {
        "seq": 19264,
        "stamp": {
            "secs": 1678823271,
            "nsecs": 951755896
        },
        "frame_id": "atracsys"
    },
    "pose": {
        "position": {
            "x": 0.6267752075195313,
            "y": -0.005257877349853516,
            "z": 0.2911647644042969
        },
        "orientation": {
            "x": -0.006451862375720322,
            "y": -0.5201189118307633,
            "z": -0.09438010867790136,
            "w": 0.8488386690731137
        }
    }
}