{
    "header": {
        "seq": 7378,
        "stamp": {
            "secs": 1678823152,
            "nsecs": 104210595
        },
        "frame_id": "atracsys"
    },
    "pose": {
        "position": {
            "x": 0.6269124755859375,
            "y": -0.005090283393859863,
            "z": 0.29167349243164065
        },
        "orientation": {
            "x": -0.006361242541055757,
            "y": -0.5201418501072297,
            "z": -0.09421763785183371,
            "w": 0.8488433466064176
        }
    }
}