{
    "header": {
        "seq": 33540,
        "stamp": {
            "secs": 1678823415,
            "nsecs": 787224078
        },
        "frame_id": "atracsys"
    },
    "pose": {
        "position": {
            "x": 0.6268057861328125,
            "y": -0.005530063629150391,
            "z": 0.29185827636718753
        },
        "orientation": {
            "x": -0.0065031878590332964,
            "y": -0.5202802404998027,
            "z": -0.09443762871142376,
            "w": 0.848733005235746
        }
    }
}