{
    "header": {
        "seq": 23012,
        "stamp": {
            "secs": 1678823309,
            "nsecs": 698036987
        },
        "frame_id": "atracsys"
    },
    "pose": {
        "position": {
            "x": 0.6267821655273438,
            "y": -0.005595886707305909,
            "z": 0.2919477844238281
        },
        "orientation": {
            "x": -0.006577095547588663,
            "y": -0.5202293366989664,
            "z": -0.09435611709384219,
            "w": 0.8487727035071783
        }
    }
}