{
    "header": {
        "seq": 26979,
        "stamp": {
            "secs": 1678823349,
            "nsecs": 659060744
        },
        "frame_id": "atracsys"
    },
    "pose": {
        "position": {
            "x": 0.6268171997070313,
            "y": -0.005578599452972412,
            "z": 0.29193728637695315
        },
        "orientation": {
            "x": -0.006546078593535667,
            "y": -0.5202804281887008,
            "z": -0.09440433090767131,
            "w": 0.8487362648106327
        }
    }
}