{
    "header": {
        "seq": 29195,
        "stamp": {
            "secs": 1678823371,
            "nsecs": 996333323
        },
        "frame_id": "atracsys"
    },
    "pose": {
        "position": {
            "x": 0.626796875,
            "y": -0.005431455612182617,
            "z": 0.2917835693359375
        },
        "orientation": {
            "x": -0.006464521197245272,
            "y": -0.5202580485194788,
            "z": -0.09441263434030675,
            "w": 0.8487496847677279
        }
    }
}