{
    "header": {
        "seq": 18517,
        "stamp": {
            "secs": 1678823264,
            "nsecs": 420556531
        },
        "frame_id": "atracsys"
    },
    "pose": {
        "position": {
            "x": 0.6270733642578125,
            "y": -0.005219344139099121,
            "z": 0.29141265869140626
        },
        "orientation": {
            "x": -0.006412275332864249,
            "y": -0.520289448550243,
            "z": -0.09438466990514359,
            "w": 0.8487339433174783
        }
    }
}