{
    "header": {
        "seq": 28514,
        "stamp": {
            "secs": 1678823365,
            "nsecs": 133660776
        },
        "frame_id": "atracsys"
    },
    "pose": {
        "position": {
            "x": 0.6269005126953126,
            "y": -0.005309796810150147,
            "z": 0.29188702392578125
        },
        "orientation": {
            "x": -0.006379770183082546,
            "y": -0.5203165778846157,
            "z": -0.09441766048819886,
            "w": 0.8487138874195408
        }
    }
}