{
    "header": {
        "seq": 10962,
        "stamp": {
            "secs": 1678823188,
            "nsecs": 280192805
        },
        "frame_id": "atracsys"
    },
    "pose": {
        "position": {
            "x": 0.6270628051757813,
            "y": -0.00529724645614624,
            "z": 0.292157958984375
        },
        "orientation": {
            "x": -0.006408388644276334,
            "y": -0.5203119053286966,
            "z": -0.09428196086445188,
            "w": 0.8487316216471255
        }
    }
}