{
    "header": {
        "seq": 27487,
        "stamp": {
            "secs": 1678823354,
            "nsecs": 775561237
        },
        "frame_id": "atracsys"
    },
    "pose": {
        "position": {
            "x": 0.6269298095703125,
            "y": -0.005532383441925049,
            "z": 0.29202838134765624
        },
        "orientation": {
            "x": -0.006514613667038183,
            "y": -0.5203500968549598,
            "z": -0.09437898851450988,
            "w": 0.8486966142496276
        }
    }
}