{
    "header": {
        "seq": 27141,
        "stamp": {
            "secs": 1678823351,
            "nsecs": 288901209
        },
        "frame_id": "atracsys"
    },
    "pose": {
        "position": {
            "x": 0.62682568359375,
            "y": -0.0055351810455322266,
            "z": 0.2919108581542969
        },
        "orientation": {
            "x": -0.006521013090965615,
            "y": -0.5202836403017531,
            "z": -0.09440028559192115,
            "w": 0.8487349386603495
        }
    }
}