{
    "header": {
        "seq": 26030,
        "stamp": {
            "secs": 1678823340,
            "nsecs": 103880272
        },
        "frame_id": "atracsys"
    },
    "pose": {
        "position": {
            "x": 0.6267870483398438,
            "y": -0.005801408767700195,
            "z": 0.29201718139648436
        },
        "orientation": {
            "x": -0.006678408357083347,
            "y": -0.5202813880693439,
            "z": -0.09441403105815707,
            "w": 0.8487335664564012
        }
    }
}