{
    "header": {
        "seq": 28151,
        "stamp": {
            "secs": 1678823361,
            "nsecs": 465036034
        },
        "frame_id": "atracsys"
    },
    "pose": {
        "position": {
            "x": 0.6267988891601562,
            "y": -0.005550621032714844,
            "z": 0.29185333251953127
        },
        "orientation": {
            "x": -0.006532450057845007,
            "y": -0.5202720120383115,
            "z": -0.09441332696376924,
            "w": 0.8487405282402162
        }
    }
}