{
    "header": {
        "seq": 37895,
        "stamp": {
            "secs": 1678823459,
            "nsecs": 640850134
        },
        "frame_id": "atracsys"
    },
    "pose": {
        "position": {
            "x": 0.626757568359375,
            "y": -0.005500889301300049,
            "z": 0.2917886962890625
        },
        "orientation": {
            "x": -0.006479230381609073,
            "y": -0.5202633050188908,
            "z": -0.09446669141162342,
            "w": 0.8487403355786878
        }
    }
}