{
    "header": {
        "seq": 6876,
        "stamp": {
            "secs": 1678823147,
            "nsecs": 50389266
        },
        "frame_id": "atracsys"
    },
    "pose": {
        "position": {
            "x": 0.6269588012695313,
            "y": -0.0053528456687927245,
            "z": 0.29180422973632814
        },
        "orientation": {
            "x": -0.006516365273906263,
            "y": -0.5202016878735068,
            "z": -0.09418933333506431,
            "w": 0.8488086418051289
        }
    }
}