{
    "header": {
        "seq": 23916,
        "stamp": {
            "secs": 1678823318,
            "nsecs": 808387113
        },
        "frame_id": "atracsys"
    },
    "pose": {
        "position": {
            "x": 0.6268400268554688,
            "y": -0.005790508747100831,
            "z": 0.2920860900878906
        },
        "orientation": {
            "x": -0.006675155401985191,
            "y": -0.5203045957754792,
            "z": -0.09439105885026246,
            "w": 0.8487219202568064
        }
    }
}