{
    "header": {
        "seq": 34692,
        "stamp": {
            "secs": 1678823427,
            "nsecs": 384316005
        },
        "frame_id": "atracsys"
    },
    "pose": {
        "position": {
            "x": 0.6268140258789062,
            "y": -0.005595108985900879,
            "z": 0.29188583374023436
        },
        "orientation": {
            "x": -0.006536392133536772,
            "y": -0.5203025576811818,
            "z": -0.09444006566311505,
            "w": 0.8487187979807234
        }
    }
}