{
    "header": {
        "seq": 25213,
        "stamp": {
            "secs": 1678823331,
            "nsecs": 880099737
        },
        "frame_id": "atracsys"
    },
    "pose": {
        "position": {
            "x": 0.6268952026367187,
            "y": -0.005746438503265381,
            "z": 0.29210409545898436
        },
        "orientation": {
            "x": -0.006646625260912131,
            "y": -0.5203326846699227,
            "z": -0.09437203626232823,
            "w": 0.8487070392123148
        }
    }
}