{
    "header": {
        "seq": 34623,
        "stamp": {
            "secs": 1678823426,
            "nsecs": 688775861
        },
        "frame_id": "atracsys"
    },
    "pose": {
        "position": {
            "x": 0.6268760375976563,
            "y": -0.005424221992492676,
            "z": 0.291885009765625
        },
        "orientation": {
            "x": -0.006434022213338033,
            "y": -0.5203196133740964,
            "z": -0.09443605419274345,
            "w": 0.8487095704449752
        }
    }
}