{
    "header": {
        "seq": 33725,
        "stamp": {
            "secs": 1678823417,
            "nsecs": 649910491
        },
        "frame_id": "atracsys"
    },
    "pose": {
        "position": {
            "x": 0.6268679809570312,
            "y": -0.005294492721557617,
            "z": 0.2918390808105469
        },
        "orientation": {
            "x": -0.006355303501436152,
            "y": -0.5202927078798615,
            "z": -0.09444739575435507,
            "w": 0.8487253959200619
        }
    }
}