{
    "header": {
        "seq": 27278,
        "stamp": {
            "secs": 1678823352,
            "nsecs": 668143092
        },
        "frame_id": "atracsys"
    },
    "pose": {
        "position": {
            "x": 0.6269098510742188,
            "y": -0.005528980255126954,
            "z": 0.29198602294921877
        },
        "orientation": {
            "x": -0.0065121193319600725,
            "y": -0.5203352098430517,
            "z": -0.09439559387667733,
            "w": 0.8487039139511865
        }
    }
}