{
    "header": {
        "seq": 39432,
        "stamp": {
            "secs": 1678823475,
            "nsecs": 100530232
        },
        "frame_id": "atracsys"
    },
    "pose": {
        "position": {
            "x": 0.6267806396484376,
            "y": -0.005498951435089112,
            "z": 0.29181140136718753
        },
        "orientation": {
            "x": -0.0064738305537419966,
            "y": -0.5202475774291097,
            "z": -0.09445430986320014,
            "w": 0.8487513953127681
        }
    }
}