{
    "header": {
        "seq": 21679,
        "stamp": {
            "secs": 1678823296,
            "nsecs": 283119898
        },
        "frame_id": "atracsys"
    },
    "pose": {
        "position": {
            "x": 0.6269689331054688,
            "y": -0.005392593383789062,
            "z": 0.29198220825195315
        },
        "orientation": {
            "x": -0.006455844596419798,
            "y": -0.5203146386643981,
            "z": -0.09434093189075475,
            "w": 0.8487230334049312
        }
    }
}