{
    "header": {
        "seq": 25013,
        "stamp": {
            "secs": 1678823329,
            "nsecs": 868059767
        },
        "frame_id": "atracsys"
    },
    "pose": {
        "position": {
            "x": 0.6269734497070313,
            "y": -0.005616912841796875,
            "z": 0.2921643371582031
        },
        "orientation": {
            "x": -0.006568652628373811,
            "y": -0.5203677429445571,
            "z": -0.09433997439488298,
            "w": 0.8486897160544647
        }
    }
}