{
    "header": {
        "seq": 24025,
        "stamp": {
            "secs": 1678823319,
            "nsecs": 906879824
        },
        "frame_id": "atracsys"
    },
    "pose": {
        "position": {
            "x": 0.6269365234375001,
            "y": -0.00559794807434082,
            "z": 0.29210705566406253
        },
        "orientation": {
            "x": -0.0065624128453633706,
            "y": -0.5203351209054139,
            "z": -0.09435417508027091,
            "w": 0.8487081867962138
        }
    }
}