{
    "header": {
        "seq": 44029,
        "stamp": {
            "secs": 1666021935,
            "nsecs": 166384832
        },
        "frame_id": "atracsys"
    },
    "pose": {
        "position": {
            "x": 0.057691307067871095,
            "y": 0.058058162689208985,
            "z": 1.1693466796875
        },
        "orientation": {
            "x": 0.016856798618162153,
            "y": 0.2645768784583088,
            "z": 0.02597438452426373,
            "w": 0.9638673430893848
        }
    }
}