{
    "header": {
        "seq": 55765,
        "stamp": {
            "secs": 1666022053,
            "nsecs": 349878581
        },
        "frame_id": "atracsys"
    },
    "pose": {
        "position": {
            "x": 0.057676540374755864,
            "y": 0.05803645706176758,
            "z": 1.1693380126953126
        },
        "orientation": {
            "x": 0.016882355145498025,
            "y": 0.26455498185366905,
            "z": 0.025977572169744056,
            "w": 0.9638728201403503
        }
    }
}