{
    "header": {
        "seq": 60714,
        "stamp": {
            "secs": 1666022103,
            "nsecs": 215983540
        },
        "frame_id": "atracsys"
    },
    "pose": {
        "position": {
            "x": 0.057698783874511717,
            "y": 0.05801775741577148,
            "z": 1.169366455078125
        },
        "orientation": {
            "x": 0.01710010555932048,
            "y": 0.2648032436904735,
            "z": 0.02614782311907627,
            "w": 0.963796202455165
        }
    }
}