{
    "header": {
        "seq": 50921,
        "stamp": {
            "secs": 1666022004,
            "nsecs": 591070091
        },
        "frame_id": "atracsys"
    },
    "pose": {
        "position": {
            "x": 0.0576762809753418,
            "y": 0.05804916763305664,
            "z": 1.1693685302734376
        },
        "orientation": {
            "x": 0.016915965508836523,
            "y": 0.264520637613025,
            "z": 0.025999103203650197,
            "w": 0.9638810761812416
        }
    }
}