{
    "header": {
        "seq": 31725,
        "stamp": {
            "secs": 1666021811,
            "nsecs": 219612640
        },
        "frame_id": "atracsys"
    },
    "pose": {
        "position": {
            "x": 0.05764508819580078,
            "y": 0.058093906402587894,
            "z": 1.16933203125
        },
        "orientation": {
            "x": 0.016716025543385866,
            "y": 0.2643296141981224,
            "z": 0.025789703058018712,
            "w": 0.963942592047931
        }
    }
}