{
    "header": {
        "seq": 61012,
        "stamp": {
            "secs": 1666022106,
            "nsecs": 218986702
        },
        "frame_id": "atracsys"
    },
    "pose": {
        "position": {
            "x": 0.05769638442993164,
            "y": 0.05800728988647461,
            "z": 1.1693631591796876
        },
        "orientation": {
            "x": 0.01714568619409927,
            "y": 0.2648289498864669,
            "z": 0.026134920069132272,
            "w": 0.9637886794831868
        }
    }
}