{
    "header": {
        "seq": 52130,
        "stamp": {
            "secs": 1666022016,
            "nsecs": 746518739
        },
        "frame_id": "atracsys"
    },
    "pose": {
        "position": {
            "x": 0.057674255371093754,
            "y": 0.05802764892578125,
            "z": 1.1693438720703124
        },
        "orientation": {
            "x": 0.016868250456392314,
            "y": 0.2645920911191918,
            "z": 0.02596902172806019,
            "w": 0.9638631113151915
        }
    }
}