{
    "header": {
        "seq": 53832,
        "stamp": {
            "secs": 1666022033,
            "nsecs": 884002689
        },
        "frame_id": "atracsys"
    },
    "pose": {
        "position": {
            "x": 0.057662837982177736,
            "y": 0.058041942596435546,
            "z": 1.16934326171875
        },
        "orientation": {
            "x": 0.016869140403685052,
            "y": 0.26461107975072207,
            "z": 0.025961382747803494,
            "w": 0.9638580887148376
        }
    }
}