{
    "header": {
        "seq": 50992,
        "stamp": {
            "secs": 1666022005,
            "nsecs": 304590267
        },
        "frame_id": "atracsys"
    },
    "pose": {
        "position": {
            "x": 0.057680759429931644,
            "y": 0.058034770965576174,
            "z": 1.169346923828125
        },
        "orientation": {
            "x": 0.016815027590239874,
            "y": 0.2646137688109835,
            "z": 0.025947639091669028,
            "w": 0.9638586661063724
        }
    }
}