{
    "header": {
        "seq": 60458,
        "stamp": {
            "secs": 1666022100,
            "nsecs": 624854204
        },
        "frame_id": "atracsys"
    },
    "pose": {
        "position": {
            "x": 0.05769936752319336,
            "y": 0.058039352416992186,
            "z": 1.1693665771484376
        },
        "orientation": {
            "x": 0.01708042357944093,
            "y": 0.2648231207573467,
            "z": 0.02612857320074137,
            "w": 0.9637916120745087
        }
    }
}