{
    "header": {
        "seq": 56495,
        "stamp": {
            "secs": 1666022060,
            "nsecs": 705151423
        },
        "frame_id": "atracsys"
    },
    "pose": {
        "position": {
            "x": 0.05767372131347656,
            "y": 0.05803950119018555,
            "z": 1.1693459472656251
        },
        "orientation": {
            "x": 0.016921328269197657,
            "y": 0.26458601345425603,
            "z": 0.025949701073425334,
            "w": 0.9638643696849626
        }
    }
}