{
    "header": {
        "seq": 57843,
        "stamp": {
            "secs": 1666022074,
            "nsecs": 269456272
        },
        "frame_id": "atracsys"
    },
    "pose": {
        "position": {
            "x": 0.05766203308105469,
            "y": 0.058029094696044926,
            "z": 1.1693983154296874
        },
        "orientation": {
            "x": 0.01680937565776022,
            "y": 0.26483283108046807,
            "z": 0.025989583630067398,
            "w": 0.963797467321136
        }
    }
}