{
    "header": {
        "seq": 35468,
        "stamp": {
            "secs": 1666021848,
            "nsecs": 918244427
        },
        "frame_id": "atracsys"
    },
    "pose": {
        "position": {
            "x": 0.05761968231201172,
            "y": 0.05809311676025391,
            "z": 1.1693057861328124
        },
        "orientation": {
            "x": 0.0168006160468812,
            "y": 0.26433436110404224,
            "z": 0.025841964442452615,
            "w": 0.9639384200839378
        }
    }
}