{
    "header": {
        "seq": 31461,
        "stamp": {
            "secs": 1666021808,
            "nsecs": 556901595
        },
        "frame_id": "atracsys"
    },
    "pose": {
        "position": {
            "x": 0.057647861480712895,
            "y": 0.058093578338623046,
            "z": 1.1693299560546875
        },
        "orientation": {
            "x": 0.01672109679555116,
            "y": 0.264300010381782,
            "z": 0.02581745920029676,
            "w": 0.9639498784867316
        }
    }
}