{
    "header": {
        "seq": 42917,
        "stamp": {
            "secs": 1666021923,
            "nsecs": 963266641
        },
        "frame_id": "atracsys"
    },
    "pose": {
        "position": {
            "x": 0.05768843460083008,
            "y": 0.05805770874023437,
            "z": 1.1693341064453124
        },
        "orientation": {
            "x": 0.01687898147181799,
            "y": 0.2645560059475953,
            "z": 0.025985950303753474,
            "w": 0.9638723723026513
        }
    }
}