{
    "header": {
        "seq": 51194,
        "stamp": {
            "secs": 1666022007,
            "nsecs": 334381933
        },
        "frame_id": "atracsys"
    },
    "pose": {
        "position": {
            "x": 0.05767832946777344,
            "y": 0.058044883728027345,
            "z": 1.169347900390625
        },
        "orientation": {
            "x": 0.016835875793822095,
            "y": 0.2645964847222591,
            "z": 0.02594156426389296,
            "w": 0.9638632106281578
        }
    }
}