{
    "header": {
        "seq": 52538,
        "stamp": {
            "secs": 1666022020,
            "nsecs": 847960231
        },
        "frame_id": "atracsys"
    },
    "pose": {
        "position": {
            "x": 0.0576629753112793,
            "y": 0.05804467010498047,
            "z": 1.169342041015625
        },
        "orientation": {
            "x": 0.016897844780835433,
            "y": 0.2645586024365575,
            "z": 0.025960039242237252,
            "w": 0.9638720273361604
        }
    }
}