{
    "header": {
        "seq": 41082,
        "stamp": {
            "secs": 1666021905,
            "nsecs": 452690835
        },
        "frame_id": "atracsys"
    },
    "pose": {
        "position": {
            "x": 0.057677768707275395,
            "y": 0.058086441040039065,
            "z": 1.16935302734375
        },
        "orientation": {
            "x": 0.01690868563741408,
            "y": 0.2644846072545263,
            "z": 0.025982648679212073,
            "w": 0.963891534791673
        }
    }
}