{
    "header": {
        "seq": 36509,
        "stamp": {
            "secs": 1666021859,
            "nsecs": 401754968
        },
        "frame_id": "atracsys"
    },
    "pose": {
        "position": {
            "x": 0.05760647583007813,
            "y": 0.05808650588989258,
            "z": 1.1693760986328126
        },
        "orientation": {
            "x": 0.01674078260242872,
            "y": 0.26461831934519753,
            "z": 0.025845593491706034,
            "w": 0.963861450915972
        }
    }
}