{
    "header": {
        "seq": 56558,
        "stamp": {
            "secs": 1666022061,
            "nsecs": 337980154
        },
        "frame_id": "atracsys"
    },
    "pose": {
        "position": {
            "x": 0.05767643737792969,
            "y": 0.05802841567993164,
            "z": 1.169346923828125
        },
        "orientation": {
            "x": 0.016904859475923104,
            "y": 0.26457201981749423,
            "z": 0.026002257924883507,
            "w": 0.9638670834915978
        }
    }
}