{
    "header": {
        "seq": 61144,
        "stamp": {
            "secs": 1666022107,
            "nsecs": 550320702
        },
        "frame_id": "atracsys"
    },
    "pose": {
        "position": {
            "x": 0.05769964599609375,
            "y": 0.05802560043334961,
            "z": 1.1693623046875001
        },
        "orientation": {
            "x": 0.017082341433093347,
            "y": 0.26481369947009464,
            "z": 0.026130100906743794,
            "w": 0.9637941253248689
        }
    }
}