{
    "header": {
        "seq": 47638,
        "stamp": {
            "secs": 1666021971,
            "nsecs": 495295318
        },
        "frame_id": "atracsys"
    },
    "pose": {
        "position": {
            "x": 0.0576866569519043,
            "y": 0.058055946350097656,
            "z": 1.1693448486328126
        },
        "orientation": {
            "x": 0.016837392705865522,
            "y": 0.26456947038014367,
            "z": 0.025964269887721776,
            "w": 0.9638699882446992
        }
    }
}