{
    "header": {
        "seq": 40223,
        "stamp": {
            "secs": 1666021896,
            "nsecs": 795918757
        },
        "frame_id": "atracsys"
    },
    "pose": {
        "position": {
            "x": 0.05768987274169922,
            "y": 0.0580843734741211,
            "z": 1.169330810546875
        },
        "orientation": {
            "x": 0.017035182840703145,
            "y": 0.2645410772914779,
            "z": 0.02602042535763847,
            "w": 0.963872791625148
        }
    }
}