{
    "header": {
        "seq": 36987,
        "stamp": {
            "secs": 1666021864,
            "nsecs": 210782609
        },
        "frame_id": "atracsys"
    },
    "pose": {
        "position": {
            "x": 0.05761369323730469,
            "y": 0.05808592224121094,
            "z": 1.1693587646484376
        },
        "orientation": {
            "x": 0.016823030851695134,
            "y": 0.2646078929354385,
            "z": 0.025873112591776076,
            "w": 0.9638621429820987
        }
    }
}