{
    "header": {
        "seq": 56001,
        "stamp": {
            "secs": 1666022055,
            "nsecs": 728953201
        },
        "frame_id": "atracsys"
    },
    "pose": {
        "position": {
            "x": 0.05766948699951172,
            "y": 0.05804091262817383,
            "z": 1.1693415527343751
        },
        "orientation": {
            "x": 0.01691276778204711,
            "y": 0.2646092838468622,
            "z": 0.025965137313774908,
            "w": 0.9638577160723869
        }
    }
}