{
    "header": {
        "seq": 51382,
        "stamp": {
            "secs": 1666022009,
            "nsecs": 226973480
        },
        "frame_id": "atracsys"
    },
    "pose": {
        "position": {
            "x": 0.05767361450195312,
            "y": 0.058052066802978516,
            "z": 1.1693411865234375
        },
        "orientation": {
            "x": 0.01687349238268601,
            "y": 0.26457445669460056,
            "z": 0.025913490577130906,
            "w": 0.9638693548016128
        }
    }
}