{
    "header": {
        "seq": 38461,
        "stamp": {
            "secs": 1666021879,
            "nsecs": 61548782
        },
        "frame_id": "atracsys"
    },
    "pose": {
        "position": {
            "x": 0.05760772705078125,
            "y": 0.05807622528076172,
            "z": 1.1693753662109376
        },
        "orientation": {
            "x": 0.016754848168934192,
            "y": 0.2646318337168959,
            "z": 0.025832623838196046,
            "w": 0.9638578438712336
        }
    }
}