{
    "header": {
        "seq": 62631,
        "stamp": {
            "secs": 1666022126,
            "nsecs": 252070395
        },
        "frame_id": "atracsys"
    },
    "pose": {
        "position": {
            "x": 0.05773275375366211,
            "y": 0.05800758361816406,
            "z": 1.1694315185546875
        },
        "orientation": {
            "x": 0.016905273752006303,
            "y": 0.2649128888689466,
            "z": 0.02599815135330293,
            "w": 0.9637735569918328
        }
    }
}