{
    "header": {
        "seq": 63367,
        "stamp": {
            "secs": 1666022133,
            "nsecs": 658014044
        },
        "frame_id": "atracsys"
    },
    "pose": {
        "position": {
            "x": 0.057726959228515624,
            "y": 0.05801794815063477,
            "z": 1.169442626953125
        },
        "orientation": {
            "x": 0.01681240867193942,
            "y": 0.2649093383704142,
            "z": 0.025929234954387464,
            "w": 0.9637780139292852
        }
    }
}