{
    "header": {
        "seq": 32218,
        "stamp": {
            "secs": 1666021816,
            "nsecs": 180879553
        },
        "frame_id": "atracsys"
    },
    "pose": {
        "position": {
            "x": 0.05764111328125,
            "y": 0.05811055374145508,
            "z": 1.1693399658203125
        },
        "orientation": {
            "x": 0.0168228947550939,
            "y": 0.2644116041941438,
            "z": 0.02581646177799603,
            "w": 0.9639175297092609
        }
    }
}