{
    "header": {
        "seq": 40148,
        "stamp": {
            "secs": 1666021896,
            "nsecs": 40619348
        },
        "frame_id": "atracsys"
    },
    "pose": {
        "position": {
            "x": 0.05769382476806641,
            "y": 0.058077171325683595,
            "z": 1.1693250732421876
        },
        "orientation": {
            "x": 0.01702599698949653,
            "y": 0.2645243846478198,
            "z": 0.026010823318690385,
            "w": 0.9638777943409059
        }
    }
}