{
    "header": {
        "seq": 52926,
        "stamp": {
            "secs": 1666022024,
            "nsecs": 752513932
        },
        "frame_id": "atracsys"
    },
    "pose": {
        "position": {
            "x": 0.05766756820678711,
            "y": 0.05805013656616211,
            "z": 1.1693580322265624
        },
        "orientation": {
            "x": 0.01686391726638568,
            "y": 0.26462232921389,
            "z": 0.025928641583208307,
            "w": 0.9638559730174927
        }
    }
}