{
    "header": {
        "seq": 42967,
        "stamp": {
            "secs": 1666021924,
            "nsecs": 470774419
        },
        "frame_id": "atracsys"
    },
    "pose": {
        "position": {
            "x": 0.057689231872558595,
            "y": 0.058047988891601565,
            "z": 1.1693294677734376
        },
        "orientation": {
            "x": 0.01685782443012587,
            "y": 0.26456790475665376,
            "z": 0.025969663122729244,
            "w": 0.9638699155619752
        }
    }
}