{
    "header": {
        "seq": 49049,
        "stamp": {
            "secs": 1666021985,
            "nsecs": 716233637
        },
        "frame_id": "atracsys"
    },
    "pose": {
        "position": {
            "x": 0.05768074035644531,
            "y": 0.05805094146728516,
            "z": 1.169354248046875
        },
        "orientation": {
            "x": 0.016867914989030564,
            "y": 0.2645953530132364,
            "z": 0.025969713664549973,
            "w": 0.9638622031078431
        }
    }
}