{
    "header": {
        "seq": 45197,
        "stamp": {
            "secs": 1666021946,
            "nsecs": 921760244
        },
        "frame_id": "atracsys"
    },
    "pose": {
        "position": {
            "x": 0.05768928527832031,
            "y": 0.05806768417358399,
            "z": 1.1693328857421876
        },
        "orientation": {
            "x": 0.01688338849026158,
            "y": 0.2644681484505718,
            "z": 0.025956044978570975,
            "w": 0.9638972110019219
        }
    }
}