{
    "header": {
        "seq": 45313,
        "stamp": {
            "secs": 1666021948,
            "nsecs": 85954820
        },
        "frame_id": "atracsys"
    },
    "pose": {
        "position": {
            "x": 0.05768405914306641,
            "y": 0.05806208038330078,
            "z": 1.169349365234375
        },
        "orientation": {
            "x": 0.016804467063427014,
            "y": 0.26460659916871765,
            "z": 0.02593650735792543,
            "w": 0.9638611181851627
        }
    }
}