{
    "header": {
        "seq": 49840,
        "stamp": {
            "secs": 1666021993,
            "nsecs": 692544186
        },
        "frame_id": "atracsys"
    },
    "pose": {
        "position": {
            "x": 0.057677303314208984,
            "y": 0.05804085159301758,
            "z": 1.169350341796875
        },
        "orientation": {
            "x": 0.016833818687226852,
            "y": 0.2646530208497438,
            "z": 0.02596193092677938,
            "w": 0.9638471762920011
        }
    }
}