{
    "header": {
        "seq": 45921,
        "stamp": {
            "secs": 1666021954,
            "nsecs": 202539753
        },
        "frame_id": "atracsys"
    },
    "pose": {
        "position": {
            "x": 0.0576826057434082,
            "y": 0.0580599365234375,
            "z": 1.1693438720703124
        },
        "orientation": {
            "x": 0.01687370458569511,
            "y": 0.26457924467204363,
            "z": 0.025958236044057486,
            "w": 0.9638668327958
        }
    }
}