{
    "header": {
        "seq": 37576,
        "stamp": {
            "secs": 1666021870,
            "nsecs": 148126529
        },
        "frame_id": "atracsys"
    },
    "pose": {
        "position": {
            "x": 0.057609107971191405,
            "y": 0.0580700798034668,
            "z": 1.169379638671875
        },
        "orientation": {
            "x": 0.016662983260604326,
            "y": 0.2646186863963873,
            "z": 0.025817966687033303,
            "w": 0.9638634386648632
        }
    }
}