{
    "header": {
        "seq": 62736,
        "stamp": {
            "secs": 1666022127,
            "nsecs": 308706978
        },
        "frame_id": "atracsys"
    },
    "pose": {
        "position": {
            "x": 0.05773464965820312,
            "y": 0.05800326919555664,
            "z": 1.169431884765625
        },
        "orientation": {
            "x": 0.01690329502458098,
            "y": 0.26493690990929514,
            "z": 0.02597517851338493,
            "w": 0.9637676081329067
        }
    }
}