{
    "header": {
        "seq": 41722,
        "stamp": {
            "secs": 1666021911,
            "nsecs": 909413201
        },
        "frame_id": "atracsys"
    },
    "pose": {
        "position": {
            "x": 0.057686923980712894,
            "y": 0.05806560516357422,
            "z": 1.169345703125
        },
        "orientation": {
            "x": 0.016817020918466034,
            "y": 0.2645511814545873,
            "z": 0.025952052326583482,
            "w": 0.9638756928040296
        }
    }
}