{
    "header": {
        "seq": 56732,
        "stamp": {
            "secs": 1666022063,
            "nsecs": 90236220
        },
        "frame_id": "atracsys"
    },
    "pose": {
        "position": {
            "x": 0.05767992401123047,
            "y": 0.058043689727783204,
            "z": 1.16934716796875
        },
        "orientation": {
            "x": 0.01691518704161095,
            "y": 0.2645775492480323,
            "z": 0.025966107082789448,
            "w": 0.9638663590790051
        }
    }
}