{
    "header": {
        "seq": 35370,
        "stamp": {
            "secs": 1666021847,
            "nsecs": 930072045
        },
        "frame_id": "atracsys"
    },
    "pose": {
        "position": {
            "x": 0.05762335205078125,
            "y": 0.05808282470703125,
            "z": 1.169330322265625
        },
        "orientation": {
            "x": 0.01675151613244285,
            "y": 0.2644849101516171,
            "z": 0.025781010440705854,
            "w": 0.9638996101825189
        }
    }
}