{
    "header": {
        "seq": 56998,
        "stamp": {
            "secs": 1666022065,
            "nsecs": 767811900
        },
        "frame_id": "atracsys"
    },
    "pose": {
        "position": {
            "x": 0.05767913818359375,
            "y": 0.0580433349609375,
            "z": 1.1693447265625
        },
        "orientation": {
            "x": 0.016902486510827774,
            "y": 0.2645884469718546,
            "z": 0.02598194312584984,
            "w": 0.9638631636856855
        }
    }
}