{
    "header": {
        "seq": 55076,
        "stamp": {
            "secs": 1666022046,
            "nsecs": 412447353
        },
        "frame_id": "atracsys"
    },
    "pose": {
        "position": {
            "x": 0.05766563796997071,
            "y": 0.05802775573730469,
            "z": 1.1693458251953126
        },
        "orientation": {
            "x": 0.016821399284465775,
            "y": 0.26462386499960006,
            "z": 0.025930801814247666,
            "w": 0.9638562362282335
        }
    }
}