{
    "header": {
        "seq": 48041,
        "stamp": {
            "secs": 1666021975,
            "nsecs": 560943950
        },
        "frame_id": "atracsys"
    },
    "pose": {
        "position": {
            "x": 0.057678447723388676,
            "y": 0.05805411529541016,
            "z": 1.1693468017578126
        },
        "orientation": {
            "x": 0.01690875729671831,
            "y": 0.2646213913597228,
            "z": 0.025962271577211992,
            "w": 0.9638545396563095
        }
    }
}