{
    "header": {
        "seq": 33168,
        "stamp": {
            "secs": 1666021825,
            "nsecs": 742002180
        },
        "frame_id": "atracsys"
    },
    "pose": {
        "position": {
            "x": 0.05763034820556641,
            "y": 0.058082046508789065,
            "z": 1.1693330078125
        },
        "orientation": {
            "x": 0.016751071026746018,
            "y": 0.2643060262684789,
            "z": 0.025835699932979895,
            "w": 0.963947219875962
        }
    }
}