{
    "header": {
        "seq": 39008,
        "stamp": {
            "secs": 1666021884,
            "nsecs": 568996403
        },
        "frame_id": "atracsys"
    },
    "pose": {
        "position": {
            "x": 0.05761661529541016,
            "y": 0.058059253692626954,
            "z": 1.16939208984375
        },
        "orientation": {
            "x": 0.01674161319795362,
            "y": 0.26467971685171277,
            "z": 0.025861820157806876,
            "w": 0.963844143071354
        }
    }
}