{
    "header": {
        "seq": 41662,
        "stamp": {
            "secs": 1666021911,
            "nsecs": 306421112
        },
        "frame_id": "atracsys"
    },
    "pose": {
        "position": {
            "x": 0.05769347381591797,
            "y": 0.05807102203369141,
            "z": 1.1693385009765624
        },
        "orientation": {
            "x": 0.016854638162982685,
            "y": 0.26458338016511285,
            "z": 0.025962850695118802,
            "w": 0.9638659069064438
        }
    }
}