{
    "header": {
        "seq": 54846,
        "stamp": {
            "secs": 1666022044,
            "nsecs": 96040582
        },
        "frame_id": "atracsys"
    },
    "pose": {
        "position": {
            "x": 0.05765451431274414,
            "y": 0.05804171752929688,
            "z": 1.1693477783203126
        },
        "orientation": {
            "x": 0.01679616255117308,
            "y": 0.26458460067248935,
            "z": 0.025871175422473466,
            "w": 0.963869057648804
        }
    }
}