{
    "header": {
        "seq": 29781,
        "stamp": {
            "secs": 1666021791,
            "nsecs": 649501198
        },
        "frame_id": "atracsys"
    },
    "pose": {
        "position": {
            "x": 0.05766168594360352,
            "y": 0.05811399841308594,
            "z": 1.1693208007812501
        },
        "orientation": {
            "x": 0.016829837120111563,
            "y": 0.26431665501634466,
            "z": 0.02587093461223596,
            "w": 0.9639419885064507
        }
    }
}