{
    "header": {
        "seq": 41576,
        "stamp": {
            "secs": 1666021910,
            "nsecs": 440815765
        },
        "frame_id": "atracsys"
    },
    "pose": {
        "position": {
            "x": 0.05769451522827149,
            "y": 0.0580731086730957,
            "z": 1.1693446044921876
        },
        "orientation": {
            "x": 0.01687930446683738,
            "y": 0.2645905099515194,
            "z": 0.025979302648844932,
            "w": 0.9638630747975516
        }
    }
}