{
    "header": {
        "seq": 60400,
        "stamp": {
            "secs": 1666022100,
            "nsecs": 39773184
        },
        "frame_id": "atracsys"
    },
    "pose": {
        "position": {
            "x": 0.05770191955566406,
            "y": 0.058029026031494145,
            "z": 1.169366455078125
        },
        "orientation": {
            "x": 0.01707809237230907,
            "y": 0.26483962206201295,
            "z": 0.026108956956061444,
            "w": 0.9637876507372564
        }
    }
}