{
    "header": {
        "seq": 48328,
        "stamp": {
            "secs": 1666021978,
            "nsecs": 450481285
        },
        "frame_id": "atracsys"
    },
    "pose": {
        "position": {
            "x": 0.05768416595458985,
            "y": 0.058052139282226564,
            "z": 1.169352783203125
        },
        "orientation": {
            "x": 0.016831750997309478,
            "y": 0.26458644710812923,
            "z": 0.0259708558455179,
            "w": 0.9638652493018478
        }
    }
}