{
    "header": {
        "seq": 54186,
        "stamp": {
            "secs": 1666022037,
            "nsecs": 451125767
        },
        "frame_id": "atracsys"
    },
    "pose": {
        "position": {
            "x": 0.057667480468750004,
            "y": 0.05804367446899414,
            "z": 1.1693369140625
        },
        "orientation": {
            "x": 0.01690852652240133,
            "y": 0.26456775191872495,
            "z": 0.025974780178043423,
            "w": 0.9638689315307429
        }
    }
}