{
    "header": {
        "seq": 60776,
        "stamp": {
            "secs": 1666022103,
            "nsecs": 839792858
        },
        "frame_id": "atracsys"
    },
    "pose": {
        "position": {
            "x": 0.05771054458618164,
            "y": 0.05801588821411133,
            "z": 1.1693607177734375
        },
        "orientation": {
            "x": 0.017091251858185493,
            "y": 0.26480003336675717,
            "z": 0.026137138342519625,
            "w": 0.9637975313509308
        }
    }
}