{
    "header": {
        "seq": 51617,
        "stamp": {
            "secs": 1666022011,
            "nsecs": 588151039
        },
        "frame_id": "atracsys"
    },
    "pose": {
        "position": {
            "x": 0.05767308044433594,
            "y": 0.05804125595092773,
            "z": 1.169350830078125
        },
        "orientation": {
            "x": 0.01684231695416232,
            "y": 0.2645999414557742,
            "z": 0.025915885809788892,
            "w": 0.963862839933105
        }
    }
}