{
    "header": {
        "seq": 40752,
        "stamp": {
            "secs": 1666021902,
            "nsecs": 127289084
        },
        "frame_id": "atracsys"
    },
    "pose": {
        "position": {
            "x": 0.0576880989074707,
            "y": 0.05808089447021485,
            "z": 1.169336669921875
        },
        "orientation": {
            "x": 0.016971804105757864,
            "y": 0.2645914725301838,
            "z": 0.02597468799070091,
            "w": 0.9638613106217568
        }
    }
}