{
    "header": {
        "seq": 53051,
        "stamp": {
            "secs": 1666022026,
            "nsecs": 9227540
        },
        "frame_id": "atracsys"
    },
    "pose": {
        "position": {
            "x": 0.057673446655273436,
            "y": 0.058039867401123046,
            "z": 1.169351806640625
        },
        "orientation": {
            "x": 0.016836127491138855,
            "y": 0.2646067275430863,
            "z": 0.025946408443870233,
            "w": 0.963860263958892
        }
    }
}