{
    "header": {
        "seq": 44775,
        "stamp": {
            "secs": 1666021942,
            "nsecs": 676964823
        },
        "frame_id": "atracsys"
    },
    "pose": {
        "position": {
            "x": 0.057684005737304686,
            "y": 0.05804644775390625,
            "z": 1.1693514404296874
        },
        "orientation": {
            "x": 0.01685025666866452,
            "y": 0.26460272226712195,
            "z": 0.02596551633112849,
            "w": 0.9638606020481832
        }
    }
}