{
    "header": {
        "seq": 44830,
        "stamp": {
            "secs": 1666021943,
            "nsecs": 229179667
        },
        "frame_id": "atracsys"
    },
    "pose": {
        "position": {
            "x": 0.05768252563476563,
            "y": 0.058062664031982424,
            "z": 1.1693421630859375
        },
        "orientation": {
            "x": 0.016834505464641603,
            "y": 0.2646254144763411,
            "z": 0.025940330402584984,
            "w": 0.9638553256052437
        }
    }
}