{
    "header": {
        "seq": 54932,
        "stamp": {
            "secs": 1666022044,
            "nsecs": 961687950
        },
        "frame_id": "atracsys"
    },
    "pose": {
        "position": {
            "x": 0.057656841278076174,
            "y": 0.0580417594909668,
            "z": 1.1693509521484375
        },
        "orientation": {
            "x": 0.016835130100877928,
            "y": 0.2646140226169174,
            "z": 0.025918779011975066,
            "w": 0.9638590220169694
        }
    }
}