{
    "header": {
        "seq": 59749,
        "stamp": {
            "secs": 1666022093,
            "nsecs": 481552849
        },
        "frame_id": "atracsys"
    },
    "pose": {
        "position": {
            "x": 0.0577010498046875,
            "y": 0.05802900695800781,
            "z": 1.1693673095703125
        },
        "orientation": {
            "x": 0.017076191398299072,
            "y": 0.26481152623006465,
            "z": 0.026130896337853895,
            "w": 0.9637948098633924
        }
    }
}