{
    "header": {
        "seq": 54772,
        "stamp": {
            "secs": 1666022043,
            "nsecs": 352727146
        },
        "frame_id": "atracsys"
    },
    "pose": {
        "position": {
            "x": 0.05766179275512696,
            "y": 0.05804287338256836,
            "z": 1.1693482666015624
        },
        "orientation": {
            "x": 0.016808316142554392,
            "y": 0.2645785227153673,
            "z": 0.02592125881574333,
            "w": 0.9638691685947907
        }
    }
}