{
    "header": {
        "seq": 32893,
        "stamp": {
            "secs": 1666021822,
            "nsecs": 971929541
        },
        "frame_id": "atracsys"
    },
    "pose": {
        "position": {
            "x": 0.05763568878173828,
            "y": 0.05808907318115235,
            "z": 1.16934033203125
        },
        "orientation": {
            "x": 0.01680137272586784,
            "y": 0.26444117432112674,
            "z": 0.025834371874655728,
            "w": 0.9639093133838017
        }
    }
}