{
    "header": {
        "seq": 56617,
        "stamp": {
            "secs": 1666022061,
            "nsecs": 932047750
        },
        "frame_id": "atracsys"
    },
    "pose": {
        "position": {
            "x": 0.05767704010009766,
            "y": 0.05803545761108399,
            "z": 1.16934619140625
        },
        "orientation": {
            "x": 0.016925274806234944,
            "y": 0.2645599102128921,
            "z": 0.025982650211147384,
            "w": 0.9638705778624457
        }
    }
}