{
    "header": {
        "seq": 56417,
        "stamp": {
            "secs": 1666022059,
            "nsecs": 920059996
        },
        "frame_id": "atracsys"
    },
    "pose": {
        "position": {
            "x": 0.057672248840332035,
            "y": 0.058038459777832035,
            "z": 1.1693513183593751
        },
        "orientation": {
            "x": 0.016849433839232507,
            "y": 0.26459927597953864,
            "z": 0.02592837326782731,
            "w": 0.9638625623967795
        }
    }
}