{
    "header": {
        "seq": 62332,
        "stamp": {
            "secs": 1666022123,
            "nsecs": 240021070
        },
        "frame_id": "atracsys"
    },
    "pose": {
        "position": {
            "x": 0.05775260543823242,
            "y": 0.05800588989257813,
            "z": 1.169427734375
        },
        "orientation": {
            "x": 0.016838373046033733,
            "y": 0.26490982263330404,
            "z": 0.025953857865873158,
            "w": 0.9637767647787698
        }
    }
}