{
    "header": {
        "seq": 33835,
        "stamp": {
            "secs": 1666021832,
            "nsecs": 449536337
        },
        "frame_id": "atracsys"
    },
    "pose": {
        "position": {
            "x": 0.057623237609863286,
            "y": 0.05808051681518555,
            "z": 1.16932568359375
        },
        "orientation": {
            "x": 0.016748594742584024,
            "y": 0.2643455609835944,
            "z": 0.025814773549062857,
            "w": 0.9639369826026118
        }
    }
}