{
    "header": {
        "seq": 48218,
        "stamp": {
            "secs": 1666021977,
            "nsecs": 340047474
        },
        "frame_id": "atracsys"
    },
    "pose": {
        "position": {
            "x": 0.05768015670776367,
            "y": 0.05805973052978516,
            "z": 1.1693531494140625
        },
        "orientation": {
            "x": 0.016858598746669205,
            "y": 0.2645979923547971,
            "z": 0.025951577045884862,
            "w": 0.9638621300471044
        }
    }
}