{
    "header": {
        "seq": 60274,
        "stamp": {
            "secs": 1666022098,
            "nsecs": 768214295
        },
        "frame_id": "atracsys"
    },
    "pose": {
        "position": {
            "x": 0.057695587158203124,
            "y": 0.058021984100341796,
            "z": 1.1693546142578126
        },
        "orientation": {
            "x": 0.017140797761631202,
            "y": 0.26479533141574496,
            "z": 0.026162712301653953,
            "w": 0.963797249424142
        }
    }
}