{
    "header": {
        "seq": 53222,
        "stamp": {
            "secs": 1666022027,
            "nsecs": 731723840
        },
        "frame_id": "atracsys"
    },
    "pose": {
        "position": {
            "x": 0.05767259979248047,
            "y": 0.058053016662597656,
            "z": 1.16934423828125
        },
        "orientation": {
            "x": 0.016863231152455232,
            "y": 0.2645818492348573,
            "z": 0.025950583060583645,
            "w": 0.9638665072142396
        }
    }
}