{
    "header": {
        "seq": 45138,
        "stamp": {
            "secs": 1666021946,
            "nsecs": 327728128
        },
        "frame_id": "atracsys"
    },
    "pose": {
        "position": {
            "x": 0.05768796539306641,
            "y": 0.05806577301025391,
            "z": 1.16934521484375
        },
        "orientation": {
            "x": 0.01685027377237801,
            "y": 0.2645631002480043,
            "z": 0.02594081779145114,
            "w": 0.9638721430943376
        }
    }
}