{
    "header": {
        "seq": 53492,
        "stamp": {
            "secs": 1666022030,
            "nsecs": 451108724
        },
        "frame_id": "atracsys"
    },
    "pose": {
        "position": {
            "x": 0.05766946029663086,
            "y": 0.05804607391357422,
            "z": 1.1693505859375
        },
        "orientation": {
            "x": 0.016824753392980618,
            "y": 0.26458708393546454,
            "z": 0.02593092906121203,
            "w": 0.9638662716403221
        }
    }
}