{
    "header": {
        "seq": 39306,
        "stamp": {
            "secs": 1666021887,
            "nsecs": 565954380
        },
        "frame_id": "atracsys"
    },
    "pose": {
        "position": {
            "x": 0.05761661148071289,
            "y": 0.058067317962646484,
            "z": 1.16937841796875
        },
        "orientation": {
            "x": 0.016851261857873393,
            "y": 0.26463787446926607,
            "z": 0.025887787903053933,
            "w": 0.9638530244843727
        }
    }
}