{
    "header": {
        "seq": 42351,
        "stamp": {
            "secs": 1666021918,
            "nsecs": 252757563
        },
        "frame_id": "atracsys"
    },
    "pose": {
        "position": {
            "x": 0.05768634033203125,
            "y": 0.05806148910522461,
            "z": 1.169350341796875
        },
        "orientation": {
            "x": 0.016803013768985745,
            "y": 0.2645507479893562,
            "z": 0.025938269627953058,
            "w": 0.9638764270565283
        }
    }
}