{
    "header": {
        "seq": 35557,
        "stamp": {
            "secs": 1666021849,
            "nsecs": 813745768
        },
        "frame_id": "atracsys"
    },
    "pose": {
        "position": {
            "x": 0.05762057495117188,
            "y": 0.05807956695556641,
            "z": 1.169293701171875
        },
        "orientation": {
            "x": 0.01671751077967257,
            "y": 0.2643503969078176,
            "z": 0.025814592497607317,
            "w": 0.9639362008464012
        }
    }
}