{
    "header": {
        "seq": 53909,
        "stamp": {
            "secs": 1666022034,
            "nsecs": 657162336
        },
        "frame_id": "atracsys"
    },
    "pose": {
        "position": {
            "x": 0.05766253662109375,
            "y": 0.05803808212280274,
            "z": 1.1693415527343751
        },
        "orientation": {
            "x": 0.016865110063443715,
            "y": 0.26460186278404185,
            "z": 0.0259572234223292,
            "w": 0.9638608015818293
        }
    }
}