{
    "header": {
        "seq": 57241,
        "stamp": {
            "secs": 1666022068,
            "nsecs": 212621034
        },
        "frame_id": "atracsys"
    },
    "pose": {
        "position": {
            "x": 0.05768061447143555,
            "y": 0.05804131317138672,
            "z": 1.1693548583984374
        },
        "orientation": {
            "x": 0.016864739195794894,
            "y": 0.2645940089790736,
            "z": 0.02595164206140541,
            "w": 0.9638631143780514
        }
    }
}