{
    "header": {
        "seq": 32319,
        "stamp": {
            "secs": 1666021817,
            "nsecs": 198682159
        },
        "frame_id": "atracsys"
    },
    "pose": {
        "position": {
            "x": 0.057641204833984376,
            "y": 0.058088611602783204,
            "z": 1.169349609375
        },
        "orientation": {
            "x": 0.016791821226103232,
            "y": 0.2643701565481409,
            "z": 0.02581856867942618,
            "w": 0.9639293836054422
        }
    }
}