{
    "header": {
        "seq": 59340,
        "stamp": {
            "secs": 1666022089,
            "nsecs": 362136816
        },
        "frame_id": "atracsys"
    },
    "pose": {
        "position": {
            "x": 0.05770037841796875,
            "y": 0.05801837921142578,
            "z": 1.169355224609375
        },
        "orientation": {
            "x": 0.017063428464440943,
            "y": 0.2648224540335045,
            "z": 0.02611373990152121,
            "w": 0.9637924983299397
        }
    }
}