{
    "header": {
        "seq": 32512,
        "stamp": {
            "secs": 1666021819,
            "nsecs": 138983606
        },
        "frame_id": "atracsys"
    },
    "pose": {
        "position": {
            "x": 0.05763854217529297,
            "y": 0.05809271621704102,
            "z": 1.169333251953125
        },
        "orientation": {
            "x": 0.01680041962665065,
            "y": 0.2643785380575149,
            "z": 0.025822527682666442,
            "w": 0.9639268289548837
        }
    }
}