{
    "header": {
        "seq": 44721,
        "stamp": {
            "secs": 1666021942,
            "nsecs": 133758747
        },
        "frame_id": "atracsys"
    },
    "pose": {
        "position": {
            "x": 0.05768226623535156,
            "y": 0.05806266021728516,
            "z": 1.16933642578125
        },
        "orientation": {
            "x": 0.01686363844748004,
            "y": 0.26456189574810324,
            "z": 0.02596330126717691,
            "w": 0.9638716346089827
        }
    }
}