{
    "header": {
        "seq": 48541,
        "stamp": {
            "secs": 1666021980,
            "nsecs": 596772536
        },
        "frame_id": "atracsys"
    },
    "pose": {
        "position": {
            "x": 0.05768798828125,
            "y": 0.05804826736450196,
            "z": 1.1693304443359376
        },
        "orientation": {
            "x": 0.016895120168214043,
            "y": 0.2645534163851042,
            "z": 0.02597883877684163,
            "w": 0.9638729920115401
        }
    }
}