{
    "header": {
        "seq": 13197,
        "stamp": {
            "secs": 1681165391,
            "nsecs": 668976042
        },
        "frame_id": "atracsys"
    },
    "pose": {
        "position": {
            "x": 0.13273817443847657,
            "y": 0.0023923513889312744,
            "z": 1.02445556640625
        },
        "orientation": {
            "x": -0.08642449508080106,
            "y": 0.22251893023335936,
            "z": 0.9707863084310192,
            "w": -0.024291473827336985
        }
    }
}