{
    "header": {
        "seq": 4261,
        "stamp": {
            "secs": 1681165265,
            "nsecs": 689183572
        },
        "frame_id": "atracsys"
    },
    "pose": {
        "position": {
            "x": 0.35821908569335936,
            "y": -0.05544419097900391,
            "z": 0.854689453125
        },
        "orientation": {
            "x": 0.09716994665550185,
            "y": 0.17885874082068345,
            "z": 0.9786812139764787,
            "w": 0.027397695314250178
        }
    }
}