{
    "header": {
        "seq": 25627,
        "stamp": {
            "secs": 1681165516,
            "nsecs": 768162354
        },
        "frame_id": "atracsys"
    },
    "pose": {
        "position": {
            "x": 0.14270521545410156,
            "y": -0.020456727981567384,
            "z": 0.9597479248046875
        },
        "orientation": {
            "x": -0.15210403376116535,
            "y": 0.1912829443314425,
            "z": 0.9683717445262705,
            "w": 0.050312647760022686
        }
    }
}