{
    "header": {
        "seq": 28964,
        "stamp": {
            "secs": 1681165550,
            "nsecs": 338524184
        },
        "frame_id": "atracsys"
    },
    "pose": {
        "position": {
            "x": 0.1781971435546875,
            "y": -0.01369124412536621,
            "z": 0.9457029418945313
        },
        "orientation": {
            "x": -0.15207382414265375,
            "y": 0.2223190785716692,
            "z": 0.9611469732347256,
            "w": -0.060367832124391965
        }
    }
}