{
    "header": {
        "seq": 16288,
        "stamp": {
            "secs": 1681165422,
            "nsecs": 791637046
        },
        "frame_id": "atracsys"
    },
    "pose": {
        "position": {
            "x": 0.10828696441650391,
            "y": -0.00237580943107605,
            "z": 1.040732177734375
        },
        "orientation": {
            "x": -0.02074734089248644,
            "y": 0.3242798124306174,
            "z": 0.9456070108576324,
            "w": 0.015476825021575397
        }
    }
}