{
    "header": {
        "seq": 31438,
        "stamp": {
            "secs": 1681165575,
            "nsecs": 222279938
        },
        "frame_id": "atracsys"
    },
    "pose": {
        "position": {
            "x": 0.16942071533203126,
            "y": -0.009003622055053711,
            "z": 0.992330322265625
        },
        "orientation": {
            "x": -0.20343979876895563,
            "y": 0.15832625763837985,
            "z": 0.9651047617010199,
            "w": -0.04602003217175916
        }
    }
}