{
    "header": {
        "seq": 23688,
        "stamp": {
            "secs": 1681165497,
            "nsecs": 260606588
        },
        "frame_id": "atracsys"
    },
    "pose": {
        "position": {
            "x": 0.10616092681884766,
            "y": -0.02075650978088379,
            "z": 0.9569944458007813
        },
        "orientation": {
            "x": -0.1706479529764323,
            "y": 0.15396875861571857,
            "z": 0.9598086612209953,
            "w": 0.16105971364822677
        }
    }
}