{
    "header": {
        "seq": 37552,
        "stamp": {
            "secs": 1681165636,
            "nsecs": 825684854
        },
        "frame_id": "atracsys"
    },
    "pose": {
        "position": {
            "x": 0.16451126098632812,
            "y": -0.012024060249328613,
            "z": 0.9604795532226563
        },
        "orientation": {
            "x": -0.13091035723229233,
            "y": 0.06296406633188188,
            "z": 0.9780323032463177,
            "w": -0.14950190141590503
        }
    }
}