{
    "header": {
        "seq": 36871,
        "stamp": {
            "secs": 1681165629,
            "nsecs": 909124696
        },
        "frame_id": "atracsys"
    },
    "pose": {
        "position": {
            "x": 0.14859754943847656,
            "y": -0.012493280410766602,
            "z": 0.9928502197265625
        },
        "orientation": {
            "x": -0.27503523829727755,
            "y": 0.23261431266178087,
            "z": 0.9284914025606243,
            "w": -0.09027687749724128
        }
    }
}