{
    "header": {
        "seq": 32483,
        "stamp": {
            "secs": 1681165585,
            "nsecs": 741801273
        },
        "frame_id": "atracsys"
    },
    "pose": {
        "position": {
            "x": 0.12370757293701172,
            "y": -0.023352939605712893,
            "z": 0.993972412109375
        },
        "orientation": {
            "x": -0.16183846216303743,
            "y": 0.1571237069252285,
            "z": 0.9736857802724848,
            "w": 0.0325031411088296
        }
    }
}