{
    "header": {
        "seq": 20915,
        "stamp": {
            "secs": 1681165469,
            "nsecs": 352960828
        },
        "frame_id": "atracsys"
    },
    "pose": {
        "position": {
            "x": 0.0966761703491211,
            "y": -0.019247730255126952,
            "z": 0.9705250854492188
        },
        "orientation": {
            "x": -0.07959722667293392,
            "y": 0.13641566184130002,
            "z": 0.9850268646257494,
            "w": 0.06911674671122157
        }
    }
}