{
    "header": {
        "seq": 13174,
        "stamp": {
            "secs": 1681165391,
            "nsecs": 439114273
        },
        "frame_id": "atracsys"
    },
    "pose": {
        "position": {
            "x": 0.1338805389404297,
            "y": 0.0018955376148223878,
            "z": 1.0253712158203125
        },
        "orientation": {
            "x": -0.08916234705310101,
            "y": 0.2281276792067279,
            "z": 0.9691693904940247,
            "w": -0.026805416937164678
        }
    }
}