{
    "header": {
        "seq": 28120,
        "stamp": {
            "secs": 1681165541,
            "nsecs": 846013008
        },
        "frame_id": "atracsys"
    },
    "pose": {
        "position": {
            "x": 0.16234963989257814,
            "y": -0.01458540916442871,
            "z": 0.9387568359375
        },
        "orientation": {
            "x": -0.15739316511821838,
            "y": 0.24287888436588567,
            "z": 0.9570895109069433,
            "w": -0.014727770203274298
        }
    }
}