{
    "header": {
        "seq": 18592,
        "stamp": {
            "secs": 1681165445,
            "nsecs": 976699602
        },
        "frame_id": "atracsys"
    },
    "pose": {
        "position": {
            "x": 0.10615235137939454,
            "y": -0.024487085342407226,
            "z": 0.98025537109375
        },
        "orientation": {
            "x": -0.12095273265743749,
            "y": 0.1523913940512367,
            "z": 0.9783300191909772,
            "w": 0.07083553509081117
        }
    }
}