{
    "header": {
        "seq": 21901,
        "stamp": {
            "secs": 1681165479,
            "nsecs": 275414403
        },
        "frame_id": "atracsys"
    },
    "pose": {
        "position": {
            "x": 0.09073193359375001,
            "y": -0.01890690612792969,
            "z": 0.9630323486328125
        },
        "orientation": {
            "x": -0.06417422308033588,
            "y": 0.18340551206053962,
            "z": 0.9787382817492021,
            "w": 0.06569218428752487
        }
    }
}