{
    "header": {
        "seq": 3857,
        "stamp": {
            "secs": 1681165261,
            "nsecs": 626424344
        },
        "frame_id": "atracsys"
    },
    "pose": {
        "position": {
            "x": 0.34216058349609374,
            "y": -0.058031864166259765,
            "z": 0.8684943237304688
        },
        "orientation": {
            "x": 0.12486459111438784,
            "y": 0.1849097784637486,
            "z": 0.9741777743554674,
            "w": 0.034566915774371765
        }
    }
}