{
    "header": {
        "seq": 20300,
        "stamp": {
            "secs": 1681165463,
            "nsecs": 164955442
        },
        "frame_id": "atracsys"
    },
    "pose": {
        "position": {
            "x": 0.09868753814697266,
            "y": -0.022889030456542968,
            "z": 0.9671273193359375
        },
        "orientation": {
            "x": -0.09310650374478403,
            "y": 0.14518828574095266,
            "z": 0.982279946454584,
            "w": 0.07333244464222767
        }
    }
}