{
    "header": {
        "seq": 28207,
        "stamp": {
            "secs": 1681165542,
            "nsecs": 720680673
        },
        "frame_id": "atracsys"
    },
    "pose": {
        "position": {
            "x": 0.1737458953857422,
            "y": -0.012269896507263183,
            "z": 0.941183837890625
        },
        "orientation": {
            "x": -0.18040097815737355,
            "y": 0.24475657306442916,
            "z": 0.9512941410051036,
            "w": -0.05088383152811643
        }
    }
}