{
    "header": {
        "seq": 33351,
        "stamp": {
            "secs": 1681165594,
            "nsecs": 476137733
        },
        "frame_id": "atracsys"
    },
    "pose": {
        "position": {
            "x": 0.09906580352783204,
            "y": -0.02090258026123047,
            "z": 0.9644168701171876
        },
        "orientation": {
            "x": -0.10969046697071813,
            "y": 0.1752005383313532,
            "z": 0.9736612470255617,
            "w": 0.09621096021128935
        }
    }
}