{
    "header": {
        "seq": 35828,
        "stamp": {
            "secs": 1681165619,
            "nsecs": 407612485
        },
        "frame_id": "atracsys"
    },
    "pose": {
        "position": {
            "x": 0.09591523742675781,
            "y": 0.015583916664123535,
            "z": 1.0209950561523438
        },
        "orientation": {
            "x": -0.17568011237851916,
            "y": 0.21579375523101224,
            "z": 0.9591622411829956,
            "w": 0.050767592091626214
        }
    }
}