{
    "header": {
        "seq": 22428,
        "stamp": {
            "secs": 1681165484,
            "nsecs": 582980016
        },
        "frame_id": "atracsys"
    },
    "pose": {
        "position": {
            "x": 0.09027632141113281,
            "y": -0.019122797012329103,
            "z": 0.9604136352539062
        },
        "orientation": {
            "x": -0.08067693218978271,
            "y": 0.19045130492846354,
            "z": 0.9737262208433566,
            "w": 0.0952721360399011
        }
    }
}