{
    "header": {
        "seq": 26213,
        "stamp": {
            "secs": 1681165522,
            "nsecs": 663772702
        },
        "frame_id": "atracsys"
    },
    "pose": {
        "position": {
            "x": 0.14036802673339843,
            "y": -0.020947708129882812,
            "z": 0.9515922241210938
        },
        "orientation": {
            "x": -0.13003895074033253,
            "y": 0.1817468686870977,
            "z": 0.9729343470611941,
            "w": 0.05879373539244116
        }
    }
}