{
    "header": {
        "seq": 32560,
        "stamp": {
            "secs": 1681165586,
            "nsecs": 514833700
        },
        "frame_id": "atracsys"
    },
    "pose": {
        "position": {
            "x": 0.13709484863281252,
            "y": -0.022687393188476564,
            "z": 0.9867164306640626
        },
        "orientation": {
            "x": -0.18153219657133784,
            "y": 0.16045820084439422,
            "z": 0.9700580788583204,
            "w": 0.01692781827260035
        }
    }
}