{
    "header": {
        "seq": 35733,
        "stamp": {
            "secs": 1681165618,
            "nsecs": 446387747
        },
        "frame_id": "atracsys"
    },
    "pose": {
        "position": {
            "x": 0.09743029022216797,
            "y": 0.014887736320495606,
            "z": 1.021453125
        },
        "orientation": {
            "x": -0.18397801702935185,
            "y": 0.2334935343377867,
            "z": 0.9536464466116186,
            "w": 0.0468114680119064
        }
    }
}