{
    "header": {
        "seq": 32307,
        "stamp": {
            "secs": 1681165583,
            "nsecs": 971599988
        },
        "frame_id": "atracsys"
    },
    "pose": {
        "position": {
            "x": 0.11308391571044922,
            "y": -0.02504054641723633,
            "z": 0.993541259765625
        },
        "orientation": {
            "x": -0.1413514850333654,
            "y": 0.15739414568685078,
            "z": 0.9764010540034304,
            "w": 0.04344907735912563
        }
    }
}