{
    "header": {
        "seq": 28853,
        "stamp": {
            "secs": 1681165549,
            "nsecs": 225088392
        },
        "frame_id": "atracsys"
    },
    "pose": {
        "position": {
            "x": 0.19850228881835938,
            "y": -0.000574523389339447,
            "z": 0.9471237182617188
        },
        "orientation": {
            "x": -0.22108638895930316,
            "y": 0.17741384411224295,
            "z": 0.9561825421450463,
            "w": -0.07321258519741927
        }
    }
}