{
    "header": {
        "seq": 22553,
        "stamp": {
            "secs": 1681165485,
            "nsecs": 842605452
        },
        "frame_id": "atracsys"
    },
    "pose": {
        "position": {
            "x": 0.09103763580322266,
            "y": -0.019159440994262696,
            "z": 0.9602863159179688
        },
        "orientation": {
            "x": -0.077161660193919,
            "y": 0.2024227202037301,
            "z": 0.9717446571962083,
            "w": 0.09372001788339557
        }
    }
}