{
    "header": {
        "seq": 31066,
        "stamp": {
            "secs": 1681165571,
            "nsecs": 481918196
        },
        "frame_id": "atracsys"
    },
    "pose": {
        "position": {
            "x": 0.18238267517089843,
            "y": -0.003887537717819214,
            "z": 0.9871239013671875
        },
        "orientation": {
            "x": -0.2123231074448496,
            "y": 0.15890958650073317,
            "z": 0.9619648747209001,
            "w": -0.06549977989529222
        }
    }
}