{
    "header": {
        "seq": 35337,
        "stamp": {
            "secs": 1681165614,
            "nsecs": 461259030
        },
        "frame_id": "atracsys"
    },
    "pose": {
        "position": {
            "x": 0.09109263610839843,
            "y": 0.01868840217590332,
            "z": 1.0124758911132812
        },
        "orientation": {
            "x": -0.1460728616020619,
            "y": 0.2303268670838824,
            "z": 0.9604875129022428,
            "w": 0.05546161701188034
        }
    }
}