{
    "header": {
        "seq": 28633,
        "stamp": {
            "secs": 1681165547,
            "nsecs": 10151138
        },
        "frame_id": "atracsys"
    },
    "pose": {
        "position": {
            "x": 0.1754453582763672,
            "y": -0.013575470924377442,
            "z": 0.9430163574218751
        },
        "orientation": {
            "x": -0.1424183537237675,
            "y": 0.24109818613418885,
            "z": 0.9577610693718637,
            "w": -0.0654401341768209
        }
    }
}