{
    "header": {
        "seq": 3438,
        "stamp": {
            "secs": 1681165257,
            "nsecs": 408552603
        },
        "frame_id": "atracsys"
    },
    "pose": {
        "position": {
            "x": 0.3274040222167969,
            "y": -0.05530747222900391,
            "z": 0.8924325561523437
        },
        "orientation": {
            "x": 0.14932383148497366,
            "y": 0.1517417947339848,
            "z": 0.9759176436576875,
            "w": 0.04755600781376965
        }
    }
}