{
    "header": {
        "seq": 34666,
        "stamp": {
            "secs": 1681165607,
            "nsecs": 708954584
        },
        "frame_id": "atracsys"
    },
    "pose": {
        "position": {
            "x": 0.09974555969238282,
            "y": 0.019161773681640626,
            "z": 1.01656591796875
        },
        "orientation": {
            "x": -0.15833582795440312,
            "y": 0.24274957843302855,
            "z": 0.9570104648107466,
            "w": 0.011548939314898934
        }
    }
}