{
    "header": {
        "seq": 16768,
        "stamp": {
            "secs": 1681165427,
            "nsecs": 618520965
        },
        "frame_id": "atracsys"
    },
    "pose": {
        "position": {
            "x": 0.1177989273071289,
            "y": -0.006744656562805176,
            "z": 1.033861083984375
        },
        "orientation": {
            "x": -0.07304146524022803,
            "y": 0.34700651879023686,
            "z": 0.9347173792607826,
            "w": 0.02355506698135183
        }
    }
}