{
    "header": {
        "seq": 33183,
        "stamp": {
            "secs": 1681165592,
            "nsecs": 786583590
        },
        "frame_id": "atracsys"
    },
    "pose": {
        "position": {
            "x": 0.10935572814941406,
            "y": -0.02309575843811035,
            "z": 0.9635927124023438
        },
        "orientation": {
            "x": -0.13408062295028048,
            "y": 0.18263156672764633,
            "z": 0.9694175600347014,
            "w": 0.09432757645692107
        }
    }
}