{
    "header": {
        "seq": 28983,
        "stamp": {
            "secs": 1681165550,
            "nsecs": 529616561
        },
        "frame_id": "atracsys"
    },
    "pose": {
        "position": {
            "x": 0.17401089477539064,
            "y": -0.01513955307006836,
            "z": 0.9454124145507813
        },
        "orientation": {
            "x": -0.13829562895686398,
            "y": 0.22670172102668218,
            "z": 0.962218194175438,
            "w": -0.06013979957336858
        }
    }
}