{
    "header": {
        "seq": 10145,
        "stamp": {
            "secs": 1681165360,
            "nsecs": 919540456
        },
        "frame_id": "atracsys"
    },
    "pose": {
        "position": {
            "x": 0.22702896118164062,
            "y": 0.0067195377349853515,
            "z": 0.9194994506835937
        },
        "orientation": {
            "x": -0.2571760956100425,
            "y": 0.03825726792573854,
            "z": 0.9539437887230033,
            "w": -0.14962648580526905
        }
    }
}