{
    "header": {
        "seq": 35757,
        "stamp": {
            "secs": 1681165618,
            "nsecs": 691209091
        },
        "frame_id": "atracsys"
    },
    "pose": {
        "position": {
            "x": 0.09963371276855469,
            "y": 0.015070446014404297,
            "z": 1.02353759765625
        },
        "orientation": {
            "x": -0.19599935602279064,
            "y": 0.24098158974827608,
            "z": 0.9498791611807781,
            "w": 0.03523783471705601
        }
    }
}