{
    "header": {
        "seq": 35462,
        "stamp": {
            "secs": 1681165615,
            "nsecs": 718014608
        },
        "frame_id": "atracsys"
    },
    "pose": {
        "position": {
            "x": 0.09321455383300782,
            "y": 0.016253089904785155,
            "z": 1.0209533081054687
        },
        "orientation": {
            "x": -0.15305370494513187,
            "y": 0.21927071394519893,
            "z": 0.9629400140183764,
            "w": 0.0352341710675942
        }
    }
}