{
    "header": {
        "seq": 21167,
        "stamp": {
            "secs": 1681165471,
            "nsecs": 890386161
        },
        "frame_id": "atracsys"
    },
    "pose": {
        "position": {
            "x": 0.09979744720458984,
            "y": -0.017391195297241212,
            "z": 0.9713875732421875
        },
        "orientation": {
            "x": -0.07546998440487881,
            "y": 0.13046753365895153,
            "z": 0.9872260740915703,
            "w": 0.05164477464974699
        }
    }
}