{
    "header": {
        "seq": 26700,
        "stamp": {
            "secs": 1681165527,
            "nsecs": 562295039
        },
        "frame_id": "atracsys"
    },
    "pose": {
        "position": {
            "x": 0.18351744079589843,
            "y": -0.0031973755359649657,
            "z": 0.9751567993164063
        },
        "orientation": {
            "x": -0.22437349157465988,
            "y": 0.11869969709207547,
            "z": 0.9663703021554949,
            "w": -0.04117471676579158
        }
    }
}