{
    "header": {
        "seq": 19439,
        "stamp": {
            "secs": 1681165454,
            "nsecs": 505113659
        },
        "frame_id": "atracsys"
    },
    "pose": {
        "position": {
            "x": 0.136810546875,
            "y": -0.023595508575439454,
            "z": 0.9740339965820313
        },
        "orientation": {
            "x": -0.176661229875682,
            "y": 0.13788396254274457,
            "z": 0.9735895513726174,
            "w": 0.04361431176102756
        }
    }
}