{
    "header": {
        "seq": 33054,
        "stamp": {
            "secs": 1681165591,
            "nsecs": 488072080
        },
        "frame_id": "atracsys"
    },
    "pose": {
        "position": {
            "x": 0.1253613510131836,
            "y": -0.02339512825012207,
            "z": 0.9680956420898438
        },
        "orientation": {
            "x": -0.16248946543342765,
            "y": 0.17283260313566653,
            "z": 0.9692857984238087,
            "w": 0.064893034221154
        }
    }
}