{
    "header": {
        "seq": 18992,
        "stamp": {
            "secs": 1681165450,
            "nsecs": 701114
        },
        "frame_id": "atracsys"
    },
    "pose": {
        "position": {
            "x": 0.11761759185791015,
            "y": -0.024267301559448243,
            "z": 0.9847239990234375
        },
        "orientation": {
            "x": -0.15047736995120273,
            "y": 0.1258856050469969,
            "z": 0.9779830381504757,
            "w": 0.07112350289802573
        }
    }
}