{
    "header": {
        "seq": 3626,
        "stamp": {
            "secs": 1681165259,
            "nsecs": 301089488
        },
        "frame_id": "atracsys"
    },
    "pose": {
        "position": {
            "x": 0.33392431640625003,
            "y": -0.058019687652587894,
            "z": 0.8752719116210937
        },
        "orientation": {
            "x": 0.13907218813953268,
            "y": 0.1841116011556461,
            "z": 0.9722454445321285,
            "w": 0.03873810001162762
        }
    }
}