{
    "header": {
        "seq": 31677,
        "stamp": {
            "secs": 1681165577,
            "nsecs": 631187933
        },
        "frame_id": "atracsys"
    },
    "pose": {
        "position": {
            "x": 0.16673193359375,
            "y": -0.004317276000976563,
            "z": 0.9897288208007813
        },
        "orientation": {
            "x": -0.22035763243215048,
            "y": 0.10292754767376332,
            "z": 0.9695455123526934,
            "w": -0.028808561843934082
        }
    }
}