{
    "header": {
        "seq": 10808,
        "stamp": {
            "secs": 1681165367,
            "nsecs": 588376266
        },
        "frame_id": "atracsys"
    },
    "pose": {
        "position": {
            "x": 0.22665956115722657,
            "y": 0.010397099494934081,
            "z": 0.9420214233398437
        },
        "orientation": {
            "x": -0.2364839062932163,
            "y": 0.00043981158907858373,
            "z": 0.9574201262087709,
            "w": -0.16559550283884078
        }
    }
}