{
    "header": {
        "seq": 21981,
        "stamp": {
            "secs": 1681165480,
            "nsecs": 81380874
        },
        "frame_id": "atracsys"
    },
    "pose": {
        "position": {
            "x": 0.09898955535888672,
            "y": -0.01988876533508301,
            "z": 0.9657650146484376
        },
        "orientation": {
            "x": -0.08532437950704688,
            "y": 0.18055152826757076,
            "z": 0.9778183837365637,
            "w": 0.06318310160791613
        }
    }
}