{
    "header": {
        "seq": 11629,
        "stamp": {
            "secs": 1681165375,
            "nsecs": 856999306
        },
        "frame_id": "atracsys"
    },
    "pose": {
        "position": {
            "x": 0.19899612426757812,
            "y": 0.0026636290550231933,
            "z": 0.9810026245117188
        },
        "orientation": {
            "x": -0.18801691702121995,
            "y": 0.031153560657094476,
            "z": 0.9698125098686312,
            "w": -0.1521275460740976
        }
    }
}