{
    "header": {
        "seq": 36405,
        "stamp": {
            "secs": 1681165625,
            "nsecs": 219504638
        },
        "frame_id": "atracsys"
    },
    "pose": {
        "position": {
            "x": 0.12755963897705078,
            "y": -0.01696616744995117,
            "z": 0.9838103637695312
        },
        "orientation": {
            "x": -0.24529063997807038,
            "y": 0.20431581429566467,
            "z": 0.9466788953098008,
            "w": 0.04343522928296219
        }
    }
}