{
    "header": {
        "seq": 29491,
        "stamp": {
            "secs": 1681165555,
            "nsecs": 637060274
        },
        "frame_id": "atracsys"
    },
    "pose": {
        "position": {
            "x": 0.19596966552734377,
            "y": -0.0010790369510650635,
            "z": 0.9622977294921875
        },
        "orientation": {
            "x": -0.2340711896830313,
            "y": 0.1858412763577549,
            "z": 0.9506299736015977,
            "w": -0.08352455598395446
        }
    }
}