{
    "header": {
        "seq": 28142,
        "stamp": {
            "secs": 1681165542,
            "nsecs": 66851803
        },
        "frame_id": "atracsys"
    },
    "pose": {
        "position": {
            "x": 0.16658837890625,
            "y": -0.014199166297912598,
            "z": 0.9390748291015625
        },
        "orientation": {
            "x": -0.16130718741691408,
            "y": 0.2416986978508013,
            "z": 0.9562994154505122,
            "w": -0.032452407520555566
        }
    }
}