{
    "header": {
        "seq": 8067,
        "stamp": {
            "secs": 1681165340,
            "nsecs": 14909945
        },
        "frame_id": "atracsys"
    },
    "pose": {
        "position": {
            "x": 0.12033756256103516,
            "y": -0.028369691848754885,
            "z": 0.9411109008789063
        },
        "orientation": {
            "x": -0.1602913233099936,
            "y": 0.1389181206681471,
            "z": 0.9772438573365063,
            "w": 0.0017002116419328468
        }
    }
}