{
    "header": {
        "seq": 34542,
        "stamp": {
            "secs": 1681165606,
            "nsecs": 464177004
        },
        "frame_id": "atracsys"
    },
    "pose": {
        "position": {
            "x": 0.08862564086914063,
            "y": 0.017734964370727538,
            "z": 1.0148519287109374
        },
        "orientation": {
            "x": -0.11392517397011036,
            "y": 0.23230539047206403,
            "z": 0.9658619808295598,
            "w": 0.012879995399882495
        }
    }
}