{
    "header": {
        "seq": 9788,
        "stamp": {
            "secs": 1681165357,
            "nsecs": 325491022
        },
        "frame_id": "atracsys"
    },
    "pose": {
        "position": {
            "x": 0.2014349822998047,
            "y": -0.0018238922357559203,
            "z": 0.9095401611328126
        },
        "orientation": {
            "x": -0.2641334396819949,
            "y": 0.06563393445504728,
            "z": 0.9610291245061195,
            "w": -0.0484637446005754
        }
    }
}