{
    "header": {
        "seq": 37655,
        "stamp": {
            "secs": 1681165637,
            "nsecs": 864392187
        },
        "frame_id": "atracsys"
    },
    "pose": {
        "position": {
            "x": 0.15780096435546875,
            "y": -0.008073528289794922,
            "z": 0.9764632568359375
        },
        "orientation": {
            "x": -0.1480225811104465,
            "y": 0.15192281351277664,
            "z": 0.9643342346251156,
            "w": -0.15832958708263
        }
    }
}