{
    "header": {
        "seq": 10281,
        "stamp": {
            "secs": 1681165362,
            "nsecs": 286720764
        },
        "frame_id": "atracsys"
    },
    "pose": {
        "position": {
            "x": 0.2265883026123047,
            "y": 0.007912539482116699,
            "z": 0.9220590209960937
        },
        "orientation": {
            "x": -0.2519805564891957,
            "y": 0.020787621937333266,
            "z": 0.9567206220036102,
            "w": -0.14408096806522033
        }
    }
}