{
    "header": {
        "seq": 1454,
        "stamp": {
            "secs": 1681165236,
            "nsecs": 429325339
        },
        "frame_id": "atracsys"
    },
    "pose": {
        "position": {
            "x": 0.28506533813476564,
            "y": -0.057131702423095704,
            "z": 0.8854859619140625
        },
        "orientation": {
            "x": -0.01958768413566941,
            "y": 0.2287737416293324,
            "z": 0.9704089230916344,
            "w": 0.07473566588484494
        }
    }
}