{
    "header": {
        "seq": 9249,
        "stamp": {
            "secs": 1681165351,
            "nsecs": 901580344
        },
        "frame_id": "atracsys"
    },
    "pose": {
        "position": {
            "x": 0.18091238403320312,
            "y": -0.017590131759643555,
            "z": 0.9101959228515625
        },
        "orientation": {
            "x": -0.20736893643674564,
            "y": 0.11913991279551052,
            "z": 0.9698084725725022,
            "w": -0.0477004392722033
        }
    }
}