{
    "header": {
        "seq": 4318,
        "stamp": {
            "secs": 1681165266,
            "nsecs": 262352954
        },
        "frame_id": "atracsys"
    },
    "pose": {
        "position": {
            "x": 0.3617043762207031,
            "y": -0.05455505752563477,
            "z": 0.8518435058593751
        },
        "orientation": {
            "x": 0.09200126828456022,
            "y": 0.1796807521817604,
            "z": 0.9792709693589664,
            "w": 0.01670217052300469
        }
    }
}