{
    "header": {
        "seq": 31984,
        "stamp": {
            "secs": 1681165580,
            "nsecs": 720773235
        },
        "frame_id": "atracsys"
    },
    "pose": {
        "position": {
            "x": 0.15581568908691407,
            "y": -0.007049387931823731,
            "z": 0.9873870849609375
        },
        "orientation": {
            "x": -0.24096211618131125,
            "y": 0.11007370337348535,
            "z": 0.9642116548896431,
            "w": 0.010813092344287453
        }
    }
}