{
    "header": {
        "seq": 27989,
        "stamp": {
            "secs": 1681165540,
            "nsecs": 526517011
        },
        "frame_id": "atracsys"
    },
    "pose": {
        "position": {
            "x": 0.15743148803710938,
            "y": -0.016675836563110353,
            "z": 0.9402886962890625
        },
        "orientation": {
            "x": -0.14432419589365544,
            "y": 0.23054012947137192,
            "z": 0.9622913187158648,
            "w": 0.004146457169078443
        }
    }
}