{
    "header": {
        "seq": 16184,
        "stamp": {
            "secs": 1681165421,
            "nsecs": 743837977
        },
        "frame_id": "atracsys"
    },
    "pose": {
        "position": {
            "x": 0.10972637939453125,
            "y": -0.002102656126022339,
            "z": 1.0425113525390626
        },
        "orientation": {
            "x": -0.02964354282375609,
            "y": 0.3209424731341422,
            "z": 0.9464005359948241,
            "w": 0.02105266672197071
        }
    }
}