{
    "header": {
        "seq": 8798,
        "stamp": {
            "secs": 1681165347,
            "nsecs": 364221734
        },
        "frame_id": "atracsys"
    },
    "pose": {
        "position": {
            "x": 0.15800643920898438,
            "y": -0.026214616775512695,
            "z": 0.91906591796875
        },
        "orientation": {
            "x": -0.18166518221466654,
            "y": 0.1293286979107717,
            "z": 0.9744377548596893,
            "w": -0.02725640056251693
        }
    }
}