{
    "header": {
        "seq": 28890,
        "stamp": {
            "secs": 1681165549,
            "nsecs": 595344891
        },
        "frame_id": "atracsys"
    },
    "pose": {
        "position": {
            "x": 0.19366371154785156,
            "y": -0.004327577114105224,
            "z": 0.9468687744140625
        },
        "orientation": {
            "x": -0.20740086183072448,
            "y": 0.18990666581143711,
            "z": 0.9571388788402483,
            "w": -0.06932176717805662
        }
    }
}