{
    "header": {
        "seq": 12092,
        "stamp": {
            "secs": 1681165380,
            "nsecs": 519645472
        },
        "frame_id": "atracsys"
    },
    "pose": {
        "position": {
            "x": 0.17472309875488282,
            "y": -0.001014132261276245,
            "z": 0.9871007690429687
        },
        "orientation": {
            "x": -0.15141857603656056,
            "y": 0.04500823752764344,
            "z": 0.9802103530821731,
            "w": -0.11930774114129016
        }
    }
}