{
    "header": {
        "seq": 31025,
        "stamp": {
            "secs": 1681165571,
            "nsecs": 69993486
        },
        "frame_id": "atracsys"
    },
    "pose": {
        "position": {
            "x": 0.18880801391601562,
            "y": 0.0015266088247299194,
            "z": 0.9857122192382812
        },
        "orientation": {
            "x": -0.22816039971514335,
            "y": 0.14127079119426636,
            "z": 0.9607281911467088,
            "w": -0.07061684142713304
        }
    }
}