{
    "header": {
        "seq": 21059,
        "stamp": {
            "secs": 1681165470,
            "nsecs": 803785773
        },
        "frame_id": "atracsys"
    },
    "pose": {
        "position": {
            "x": 0.09715423583984376,
            "y": -0.016629037857055665,
            "z": 0.973320556640625
        },
        "orientation": {
            "x": -0.0686388378902569,
            "y": 0.11384714359193138,
            "z": 0.9892394063665332,
            "w": 0.061097747263072745
        }
    }
}