{
    "header": {
        "seq": 8151,
        "stamp": {
            "secs": 1681165340,
            "nsecs": 859701528
        },
        "frame_id": "atracsys"
    },
    "pose": {
        "position": {
            "x": 0.12506268310546875,
            "y": -0.0291435661315918,
            "z": 0.9383253173828126
        },
        "orientation": {
            "x": -0.17078347917046932,
            "y": 0.1416056396792585,
            "z": 0.9750797411037004,
            "w": 0.0005869775110230631
        }
    }
}