{
    "header": {
        "seq": 11864,
        "stamp": {
            "secs": 1681165378,
            "nsecs": 224227627
        },
        "frame_id": "atracsys"
    },
    "pose": {
        "position": {
            "x": 0.19091976928710938,
            "y": 7.001316547393799e-05,
            "z": 0.9834290161132813
        },
        "orientation": {
            "x": -0.18846198095958927,
            "y": 0.04799651937090167,
            "z": 0.973035254306835,
            "w": -0.12401939258478517
        }
    }
}