{
    "header": {
        "seq": 24116,
        "stamp": {
            "secs": 1681165501,
            "nsecs": 565099682
        },
        "frame_id": "atracsys"
    },
    "pose": {
        "position": {
            "x": 0.10252438354492188,
            "y": -0.01866230583190918,
            "z": 0.9526582641601563
        },
        "orientation": {
            "x": -0.1491842526623868,
            "y": 0.21416900968166397,
            "z": 0.9512806892398291,
            "w": 0.16413635894869935
        }
    }
}