{
    "header": {
        "seq": 35480,
        "stamp": {
            "secs": 1681165615,
            "nsecs": 900125954
        },
        "frame_id": "atracsys"
    },
    "pose": {
        "position": {
            "x": 0.09415512847900391,
            "y": 0.015879236221313476,
            "z": 1.0222267456054688
        },
        "orientation": {
            "x": -0.15883859584037063,
            "y": 0.2186552336676758,
            "z": 0.9622046496449196,
            "w": 0.03350226056389235
        }
    }
}