{
    "header": {
        "seq": 14918,
        "stamp": {
            "secs": 1681165409,
            "nsecs": 9391291
        },
        "frame_id": "atracsys"
    },
    "pose": {
        "position": {
            "x": 0.13427438354492188,
            "y": 0.01068433666229248,
            "z": 1.0374327392578124
        },
        "orientation": {
            "x": -0.04229400285665998,
            "y": 0.2954732391338629,
            "z": 0.9521555881356609,
            "w": -0.06562406768966307
        }
    }
}