{
    "header": {
        "seq": 31316,
        "stamp": {
            "secs": 1681165573,
            "nsecs": 995396132
        },
        "frame_id": "atracsys"
    },
    "pose": {
        "position": {
            "x": 0.17391729736328126,
            "y": -0.007912827968597413,
            "z": 0.9900610961914063
        },
        "orientation": {
            "x": -0.20075033015193106,
            "y": 0.16866326689373837,
            "z": 0.9634705309241274,
            "w": -0.05455770692947254
        }
    }
}