{
    "header": {
        "seq": 21879,
        "stamp": {
            "secs": 1681165479,
            "nsecs": 54588802
        },
        "frame_id": "atracsys"
    },
    "pose": {
        "position": {
            "x": 0.09052350616455078,
            "y": -0.018906002044677735,
            "z": 0.9629522705078125
        },
        "orientation": {
            "x": -0.0639526369567224,
            "y": 0.18285857624245147,
            "z": 0.9788311252263903,
            "w": 0.06604869119750965
        }
    }
}