{
    "header": {
        "seq": 15564,
        "stamp": {
            "secs": 1681165415,
            "nsecs": 507891550
        },
        "frame_id": "atracsys"
    },
    "pose": {
        "position": {
            "x": 0.1298726806640625,
            "y": 0.0014335663318634033,
            "z": 1.03728173828125
        },
        "orientation": {
            "x": -0.11711157742771884,
            "y": 0.3216549676339456,
            "z": 0.9395025597898231,
            "w": 0.012565841681593201
        }
    }
}