{
    "header": {
        "seq": 10609,
        "stamp": {
            "secs": 1681165365,
            "nsecs": 588252439
        },
        "frame_id": "atracsys"
    },
    "pose": {
        "position": {
            "x": 0.22557435607910156,
            "y": 0.010826285362243653,
            "z": 0.9348276977539063
        },
        "orientation": {
            "x": -0.23905896133774426,
            "y": 0.0006814679738326001,
            "z": 0.9594508249774588,
            "w": -0.1493467878984788
        }
    }
}