{
    "header": {
        "seq": 19537,
        "stamp": {
            "secs": 1681165455,
            "nsecs": 490180849
        },
        "frame_id": "atracsys"
    },
    "pose": {
        "position": {
            "x": 0.13967599487304688,
            "y": -0.022940044403076173,
            "z": 0.9708669433593751
        },
        "orientation": {
            "x": -0.1829265338861159,
            "y": 0.14017338705092883,
            "z": 0.9721906801462947,
            "w": 0.04164836371056178
        }
    }
}