{
    "header": {
        "seq": 12840,
        "stamp": {
            "secs": 1681165388,
            "nsecs": 75013160
        },
        "frame_id": "atracsys"
    },
    "pose": {
        "position": {
            "x": 0.1342324981689453,
            "y": 0.00454120922088623,
            "z": 1.0227102661132812
        },
        "orientation": {
            "x": -0.0747174529799239,
            "y": 0.2190760211233764,
            "z": 0.971551017506962,
            "w": -0.050116060999739566
        }
    }
}