{
    "header": {
        "seq": 18810,
        "stamp": {
            "secs": 1681165448,
            "nsecs": 167767931
        },
        "frame_id": "atracsys"
    },
    "pose": {
        "position": {
            "x": 0.10747734069824219,
            "y": -0.025769405364990235,
            "z": 0.9860418701171875
        },
        "orientation": {
            "x": -0.12947212876685565,
            "y": 0.1418720663365437,
            "z": 0.9784899836777377,
            "w": 0.0752770649555279
        }
    }
}