{
    "header": {
        "seq": 22001,
        "stamp": {
            "secs": 1681165480,
            "nsecs": 281385933
        },
        "frame_id": "atracsys"
    },
    "pose": {
        "position": {
            "x": 0.10042575836181641,
            "y": -0.020139711380004883,
            "z": 0.9664113159179688
        },
        "orientation": {
            "x": -0.088608140379655,
            "y": 0.1816658374444185,
            "z": 0.977472910503008,
            "w": 0.060768661305447134
        }
    }
}