{
    "header": {
        "seq": 29021,
        "stamp": {
            "secs": 1681165550,
            "nsecs": 911682279
        },
        "frame_id": "atracsys"
    },
    "pose": {
        "position": {
            "x": 0.16543194580078124,
            "y": -0.01805704689025879,
            "z": 0.94508837890625
        },
        "orientation": {
            "x": -0.096032855740139,
            "y": 0.23139579735262694,
            "z": 0.9666215906607215,
            "w": -0.05363185671289223
        }
    }
}