{
    "header": {
        "seq": 1691,
        "stamp": {
            "secs": 1681165238,
            "nsecs": 820359040
        },
        "frame_id": "atracsys"
    },
    "pose": {
        "position": {
            "x": 0.297971923828125,
            "y": -0.05634189605712891,
            "z": 0.8781428833007813
        },
        "orientation": {
            "x": -0.020535978836972366,
            "y": 0.22906929719731395,
            "z": 0.9704742935468645,
            "w": 0.07269921746105833
        }
    }
}