{
    "header": {
        "seq": 31525,
        "stamp": {
            "secs": 1681165576,
            "nsecs": 99952913
        },
        "frame_id": "atracsys"
    },
    "pose": {
        "position": {
            "x": 0.17559370422363282,
            "y": -0.0016977219581604003,
            "z": 0.9900293579101562
        },
        "orientation": {
            "x": -0.23735401362872888,
            "y": 0.10907152353531249,
            "z": 0.9644704275702505,
            "w": -0.0395382006479496
        }
    }
}