{
    "header": {
        "seq": 38857,
        "stamp": {
            "secs": 1681165649,
            "nsecs": 954010989
        },
        "frame_id": "atracsys"
    },
    "pose": {
        "position": {
            "x": 0.19448547363281252,
            "y": 0.007207070350646973,
            "z": 0.9423251342773438
        },
        "orientation": {
            "x": 0.0832594836620591,
            "y": -0.02658773311827654,
            "z": 0.9321923341514223,
            "w": -0.35125261988671597
        }
    }
}