{
    "header": {
        "seq": 23602,
        "stamp": {
            "secs": 1681165496,
            "nsecs": 395056223
        },
        "frame_id": "atracsys"
    },
    "pose": {
        "position": {
            "x": 0.09427183532714845,
            "y": -0.019741287231445314,
            "z": 0.9524772338867188
        },
        "orientation": {
            "x": -0.1409078001298468,
            "y": 0.18809919049478635,
            "z": 0.9569784484424565,
            "w": 0.1701644369850585
        }
    }
}