{
    "header": {
        "seq": 16911,
        "stamp": {
            "secs": 1681165429,
            "nsecs": 60252755
        },
        "frame_id": "atracsys"
    },
    "pose": {
        "position": {
            "x": 0.11763486480712891,
            "y": -0.0043497891426086425,
            "z": 1.0372120361328125
        },
        "orientation": {
            "x": -0.0753193308352502,
            "y": 0.3263804573149364,
            "z": 0.941554806396701,
            "w": 0.035739922169669265
        }
    }
}