{
    "header": {
        "seq": 35314,
        "stamp": {
            "secs": 1681165614,
            "nsecs": 228486649
        },
        "frame_id": "atracsys"
    },
    "pose": {
        "position": {
            "x": 0.09162449645996094,
            "y": 0.01895659637451172,
            "z": 1.0114912109375
        },
        "orientation": {
            "x": -0.14063236555152187,
            "y": 0.2322798254323849,
            "z": 0.9610319989748985,
            "w": 0.05182776671625471
        }
    }
}