{
    "header": {
        "seq": 4487,
        "stamp": {
            "secs": 1681165267,
            "nsecs": 963757462
        },
        "frame_id": "atracsys"
    },
    "pose": {
        "position": {
            "x": 0.3687338562011719,
            "y": -0.051385627746582035,
            "z": 0.8484052734375
        },
        "orientation": {
            "x": 0.05404029667052851,
            "y": 0.1904401655706536,
            "z": 0.9801837480544693,
            "w": 0.007211776693427698
        }
    }
}