{
    "header": {
        "seq": 17016,
        "stamp": {
            "secs": 1681165430,
            "nsecs": 117011805
        },
        "frame_id": "atracsys"
    },
    "pose": {
        "position": {
            "x": 0.10932023620605469,
            "y": -0.006408320426940918,
            "z": 1.035150146484375
        },
        "orientation": {
            "x": -0.04348920864919459,
            "y": 0.3450862296267316,
            "z": 0.9367352048734368,
            "w": 0.03938703852530868
        }
    }
}