{
    "header": {
        "seq": 31500,
        "stamp": {
            "secs": 1681165575,
            "nsecs": 846126228
        },
        "frame_id": "atracsys"
    },
    "pose": {
        "position": {
            "x": 0.17585922241210938,
            "y": -0.0024277110099792483,
            "z": 0.990918701171875
        },
        "orientation": {
            "x": -0.23346312797063162,
            "y": 0.12341245286097459,
            "z": 0.9635491883355816,
            "w": -0.04286369110154018
        }
    }
}