{
    "header": {
        "seq": 26417,
        "stamp": {
            "secs": 1681165524,
            "nsecs": 714586683
        },
        "frame_id": "atracsys"
    },
    "pose": {
        "position": {
            "x": 0.15976258850097658,
            "y": -0.013502717971801758,
            "z": 0.9685869750976562
        },
        "orientation": {
            "x": -0.18812940238956344,
            "y": 0.14793132446965093,
            "z": 0.97036478159671,
            "w": 0.033404218804967536
        }
    }
}