{
    "header": {
        "seq": 20276,
        "stamp": {
            "secs": 1681165462,
            "nsecs": 923188113
        },
        "frame_id": "atracsys"
    },
    "pose": {
        "position": {
            "x": 0.10202483367919922,
            "y": -0.023609378814697265,
            "z": 0.9672757568359375
        },
        "orientation": {
            "x": -0.09982407097712895,
            "y": 0.14773262218322636,
            "z": 0.9814148443864448,
            "w": 0.0709586528504562
        }
    }
}