{
    "header": {
        "seq": 36050,
        "stamp": {
            "secs": 1681165621,
            "nsecs": 643335159
        },
        "frame_id": "atracsys"
    },
    "pose": {
        "position": {
            "x": 0.08034361267089844,
            "y": 0.016623289108276366,
            "z": 1.0081834716796876
        },
        "orientation": {
            "x": -0.0966711722181054,
            "y": 0.21185977455853766,
            "z": 0.9711006948905397,
            "w": 0.05228346554211873
        }
    }
}