{
    "header": {
        "seq": 31457,
        "stamp": {
            "secs": 1681165575,
            "nsecs": 413279822
        },
        "frame_id": "atracsys"
    },
    "pose": {
        "position": {
            "x": 0.17110737609863283,
            "y": -0.007539357662200928,
            "z": 0.9924921264648437
        },
        "orientation": {
            "x": -0.21330126924675752,
            "y": 0.15018499009597777,
            "z": 0.9642402285827478,
            "w": -0.046774126077177326
        }
    }
}