{
    "header": {
        "seq": 36581,
        "stamp": {
            "secs": 1681165626,
            "nsecs": 989794804
        },
        "frame_id": "atracsys"
    },
    "pose": {
        "position": {
            "x": 0.12036393737792969,
            "y": -0.018772357940673827,
            "z": 0.98264208984375
        },
        "orientation": {
            "x": -0.2198277679638978,
            "y": 0.1439281190296956,
            "z": 0.964039298844928,
            "w": 0.039858239639551214
        }
    }
}