{
    "header": {
        "seq": 33268,
        "stamp": {
            "secs": 1681165593,
            "nsecs": 640282896
        },
        "frame_id": "atracsys"
    },
    "pose": {
        "position": {
            "x": 0.11054016876220703,
            "y": -0.023261482238769532,
            "z": 0.9652107543945313
        },
        "orientation": {
            "x": -0.14563922015510086,
            "y": 0.1846566658737365,
            "z": 0.967616419285559,
            "w": 0.09170386267765826
        }
    }
}