{
    "header": {
        "seq": 18402,
        "stamp": {
            "secs": 1681165444,
            "nsecs": 63349283
        },
        "frame_id": "atracsys"
    },
    "pose": {
        "position": {
            "x": 0.10582823944091797,
            "y": -0.024293209075927736,
            "z": 0.976367919921875
        },
        "orientation": {
            "x": -0.12525403539964275,
            "y": 0.1622717332909596,
            "z": 0.9762472570284887,
            "w": 0.07014701943207902
        }
    }
}