{
    "header": {
        "seq": 7902,
        "stamp": {
            "secs": 1681165338,
            "nsecs": 355192195
        },
        "frame_id": "atracsys"
    },
    "pose": {
        "position": {
            "x": 0.11521365356445312,
            "y": -0.02679069519042969,
            "z": 0.9444512329101563
        },
        "orientation": {
            "x": -0.1518185476386941,
            "y": 0.1365737164434239,
            "z": 0.9788876231561263,
            "w": 0.008818718810492718
        }
    }
}