{
    "header": {
        "seq": 27005,
        "stamp": {
            "secs": 1681165530,
            "nsecs": 630922386
        },
        "frame_id": "atracsys"
    },
    "pose": {
        "position": {
            "x": 0.15272483825683594,
            "y": -0.02016158676147461,
            "z": 0.9573688354492188
        },
        "orientation": {
            "x": -0.13297397187778054,
            "y": 0.18789048431059255,
            "z": 0.9730517278325911,
            "w": 0.01361703604266691
        }
    }
}