{
    "header": {
        "seq": 35561,
        "stamp": {
            "secs": 1681165616,
            "nsecs": 715065872
        },
        "frame_id": "atracsys"
    },
    "pose": {
        "position": {
            "x": 0.1020685272216797,
            "y": 0.016113771438598632,
            "z": 1.0236266479492189
        },
        "orientation": {
            "x": -0.19030213133383025,
            "y": 0.21869505473168407,
            "z": 0.9563521558797268,
            "w": 0.03671683251461315
        }
    }
}