{
    "header": {
        "seq": 10586,
        "stamp": {
            "secs": 1681165365,
            "nsecs": 355387990
        },
        "frame_id": "atracsys"
    },
    "pose": {
        "position": {
            "x": 0.22660249328613283,
            "y": 0.011141239166259765,
            "z": 0.9331435546875
        },
        "orientation": {
            "x": -0.23852057556083836,
            "y": -1.2641116752174397e-06,
            "z": 0.959236460310578,
            "w": -0.1515696151719119
        }
    }
}