{
    "header": {
        "seq": 27669,
        "stamp": {
            "secs": 1681165537,
            "nsecs": 308695130
        },
        "frame_id": "atracsys"
    },
    "pose": {
        "position": {
            "x": 0.15288735961914063,
            "y": -0.0181005802154541,
            "z": 0.9431190795898438
        },
        "orientation": {
            "x": -0.14643782502162173,
            "y": 0.2295082129189654,
            "z": 0.9622000934295749,
            "w": 0.007274875242722965
        }
    }
}