{
    "header": {
        "seq": 3979,
        "stamp": {
            "secs": 1681165262,
            "nsecs": 853253949
        },
        "frame_id": "atracsys"
    },
    "pose": {
        "position": {
            "x": 0.34486099243164064,
            "y": -0.057675296783447266,
            "z": 0.8662835083007813
        },
        "orientation": {
            "x": 0.11962882213319727,
            "y": 0.183701865509002,
            "z": 0.9749215258615028,
            "w": 0.03834824553243223
        }
    }
}