{
    "header": {
        "seq": 4243,
        "stamp": {
            "secs": 1681165265,
            "nsecs": 507076617
        },
        "frame_id": "atracsys"
    },
    "pose": {
        "position": {
            "x": 0.35590060424804687,
            "y": -0.05581705093383789,
            "z": 0.8559959106445313
        },
        "orientation": {
            "x": 0.1002608960179031,
            "y": 0.18123315401259027,
            "z": 0.9777493645228119,
            "w": 0.03329379509118097
        }
    }
}