{
    "header": {
        "seq": 12046,
        "stamp": {
            "secs": 1681165380,
            "nsecs": 57034063
        },
        "frame_id": "atracsys"
    },
    "pose": {
        "position": {
            "x": 0.17652691650390626,
            "y": -0.0009451879262924195,
            "z": 0.98675439453125
        },
        "orientation": {
            "x": -0.1580560242913021,
            "y": 0.04531516888057352,
            "z": 0.9796368382689967,
            "w": -0.1152236684057408
        }
    }
}