{
    "header": {
        "seq": 18223,
        "stamp": {
            "secs": 1681165442,
            "nsecs": 260302385
        },
        "frame_id": "atracsys"
    },
    "pose": {
        "position": {
            "x": 0.10506631469726563,
            "y": -0.024348594665527343,
            "z": 0.972139892578125
        },
        "orientation": {
            "x": -0.1276681368302308,
            "y": 0.1631653362542188,
            "z": 0.9758288440106457,
            "w": 0.06954126170980963
        }
    }
}