{
    "header": {
        "seq": 30221,
        "stamp": {
            "secs": 1681165562,
            "nsecs": 983386588
        },
        "frame_id": "atracsys"
    },
    "pose": {
        "position": {
            "x": 0.1878050079345703,
            "y": -0.003815319061279297,
            "z": 0.9760753173828125
        },
        "orientation": {
            "x": -0.23519017018853008,
            "y": 0.16431316683169742,
            "z": 0.9559262448875854,
            "w": -0.06238414371896961
        }
    }
}