{
    "header": {
        "seq": 15197,
        "stamp": {
            "secs": 1681165411,
            "nsecs": 815372082
        },
        "frame_id": "atracsys"
    },
    "pose": {
        "position": {
            "x": 0.14024987792968752,
            "y": 0.008430829048156738,
            "z": 1.0400567626953126
        },
        "orientation": {
            "x": -0.09916141459945228,
            "y": 0.30839616504508277,
            "z": 0.9443522100266747,
            "w": -0.05707646325637993
        }
    }
}