{
    "header": {
        "seq": 29579,
        "stamp": {
            "secs": 1681165556,
            "nsecs": 523766381
        },
        "frame_id": "atracsys"
    },
    "pose": {
        "position": {
            "x": 0.1971636657714844,
            "y": 0.00034993913769721985,
            "z": 0.9635202026367188
        },
        "orientation": {
            "x": -0.24486339849671965,
            "y": 0.17122222246353863,
            "z": 0.9510758033136694,
            "w": -0.07861095955744167
        }
    }
}