{
    "header": {
        "seq": 34745,
        "stamp": {
            "secs": 1681165608,
            "nsecs": 506067246
        },
        "frame_id": "atracsys"
    },
    "pose": {
        "position": {
            "x": 0.09022319793701172,
            "y": 0.018644773483276367,
            "z": 1.0128357543945312
        },
        "orientation": {
            "x": -0.1110715441958899,
            "y": 0.23900143662905288,
            "z": 0.9646013226279129,
            "w": 0.00925817172397841
        }
    }
}