{
    "header": {
        "seq": 23331,
        "stamp": {
            "secs": 1681165493,
            "nsecs": 669587954
        },
        "frame_id": "atracsys"
    },
    "pose": {
        "position": {
            "x": 0.09548979187011719,
            "y": -0.020820804595947266,
            "z": 0.9542944946289063
        },
        "orientation": {
            "x": -0.13837346836773004,
            "y": 0.16021174693967852,
            "z": 0.9636528357861005,
            "w": 0.16296684164525002
        }
    }
}