{
    "header": {
        "seq": 22751,
        "stamp": {
            "secs": 1681165487,
            "nsecs": 833720092
        },
        "frame_id": "atracsys"
    },
    "pose": {
        "position": {
            "x": 0.09583174133300781,
            "y": -0.020737001419067383,
            "z": 0.9608543090820313
        },
        "orientation": {
            "x": -0.1298932438347739,
            "y": 0.17265793164679993,
            "z": 0.9675064514530525,
            "w": 0.13133259398280064
        }
    }
}