{
    "header": {
        "seq": 26936,
        "stamp": {
            "secs": 1681165529,
            "nsecs": 935396415
        },
        "frame_id": "atracsys"
    },
    "pose": {
        "position": {
            "x": 0.15812120056152343,
            "y": -0.01887777519226074,
            "z": 0.9594277343750001
        },
        "orientation": {
            "x": -0.1490617059629028,
            "y": 0.17055892224948885,
            "z": 0.9738947869275437,
            "w": 0.014805602043687607
        }
    }
}