{
    "header": {
        "seq": 28375,
        "stamp": {
            "secs": 1681165544,
            "nsecs": 410183929
        },
        "frame_id": "atracsys"
    },
    "pose": {
        "position": {
            "x": 0.19903378295898438,
            "y": 0.0009108144640922547,
            "z": 0.9399030761718751
        },
        "orientation": {
            "x": -0.2685957884919546,
            "y": 0.19422458488652106,
            "z": 0.9394511065808628,
            "w": -0.08697546420707503
        }
    }
}