{
    "header": {
        "seq": 15920,
        "stamp": {
            "secs": 1681165419,
            "nsecs": 87014123
        },
        "frame_id": "atracsys"
    },
    "pose": {
        "position": {
            "x": 0.11880372619628907,
            "y": -0.0005828335285186768,
            "z": 1.0421365966796876
        },
        "orientation": {
            "x": -0.07603361321105172,
            "y": 0.3209870448504798,
            "z": 0.9438765333736663,
            "w": 0.016831412499803623
        }
    }
}