{
    "header": {
        "seq": 32194,
        "stamp": {
            "secs": 1681165582,
            "nsecs": 834188157
        },
        "frame_id": "atracsys"
    },
    "pose": {
        "position": {
            "x": 0.1226954574584961,
            "y": -0.022112024307250976,
            "z": 0.9891972045898437
        },
        "orientation": {
            "x": -0.1605470651333562,
            "y": 0.16666098176825495,
            "z": 0.971699838411178,
            "w": 0.04741498776545051
        }
    }
}