{
    "header": {
        "seq": 23216,
        "stamp": {
            "secs": 1681165492,
            "nsecs": 511432205
        },
        "frame_id": "atracsys"
    },
    "pose": {
        "position": {
            "x": 0.08526856994628906,
            "y": -0.019218557357788088,
            "z": 0.9494346313476563
        },
        "orientation": {
            "x": -0.09909187232591092,
            "y": 0.18712053168877263,
            "z": 0.9624802448998736,
            "w": 0.16970116569115173
        }
    }
}