{
    "header": {
        "seq": 25840,
        "stamp": {
            "secs": 1681165518,
            "nsecs": 911553676
        },
        "frame_id": "atracsys"
    },
    "pose": {
        "position": {
            "x": 0.1252576904296875,
            "y": -0.020309432983398438,
            "z": 0.9489271850585937
        },
        "orientation": {
            "x": -0.13758664694199269,
            "y": 0.24560702689465685,
            "z": 0.9568705926156221,
            "w": 0.07173403592894365
        }
    }
}