{
    "header": {
        "seq": 19612,
        "stamp": {
            "secs": 1681165456,
            "nsecs": 245513403
        },
        "frame_id": "atracsys"
    },
    "pose": {
        "position": {
            "x": 0.13937271118164063,
            "y": -0.02216219711303711,
            "z": 0.9678216552734376
        },
        "orientation": {
            "x": -0.17803849494614807,
            "y": 0.14763962383201976,
            "z": 0.9719680017403974,
            "w": 0.042226051021010215
        }
    }
}