{
    "header": {
        "seq": 26680,
        "stamp": {
            "secs": 1681165527,
            "nsecs": 359293487
        },
        "frame_id": "atracsys"
    },
    "pose": {
        "position": {
            "x": 0.18658409118652344,
            "y": -0.0007144443392753601,
            "z": 0.9755671386718751
        },
        "orientation": {
            "x": -0.23035093624943048,
            "y": 0.1125743905410017,
            "z": 0.9653613371853872,
            "w": -0.04840394024223543
        }
    }
}