{
    "header": {
        "seq": 18376,
        "stamp": {
            "secs": 1681165443,
            "nsecs": 803560293
        },
        "frame_id": "atracsys"
    },
    "pose": {
        "position": {
            "x": 0.10533407592773437,
            "y": -0.024271579742431642,
            "z": 0.9756189575195313
        },
        "orientation": {
            "x": -0.12608516440109985,
            "y": 0.16108597796170251,
            "z": 0.9762469931945152,
            "w": 0.07138380278983214
        }
    }
}