{
    "header": {
        "seq": 20340,
        "stamp": {
            "secs": 1681165463,
            "nsecs": 567863837
        },
        "frame_id": "atracsys"
    },
    "pose": {
        "position": {
            "x": 0.09645442962646485,
            "y": -0.022479269027709962,
            "z": 0.9676820678710938
        },
        "orientation": {
            "x": -0.08837041234185163,
            "y": 0.1448837758312381,
            "z": 0.9825672231080128,
            "w": 0.07590134252582777
        }
    }
}