{
    "header": {
        "seq": 27756,
        "stamp": {
            "secs": 1681165538,
            "nsecs": 183217262
        },
        "frame_id": "atracsys"
    },
    "pose": {
        "position": {
            "x": 0.153816650390625,
            "y": -0.01683909225463867,
            "z": 0.941572021484375
        },
        "orientation": {
            "x": -0.152443620572656,
            "y": 0.24947808394176907,
            "z": 0.956276456887165,
            "w": -0.007547594502488906
        }
    }
}