{
    "header": {
        "seq": 21819,
        "stamp": {
            "secs": 1681165478,
            "nsecs": 451540696
        },
        "frame_id": "atracsys"
    },
    "pose": {
        "position": {
            "x": 0.0955076904296875,
            "y": -0.019630449295043945,
            "z": 0.9648619384765625
        },
        "orientation": {
            "x": -0.08582518785277701,
            "y": 0.17239872552109425,
            "z": 0.9789150358951151,
            "w": 0.06810337045406656
        }
    }
}