{
    "header": {
        "seq": 35514,
        "stamp": {
            "secs": 1681165616,
            "nsecs": 240334009
        },
        "frame_id": "atracsys"
    },
    "pose": {
        "position": {
            "x": 0.09884716796875,
            "y": 0.016085216522216797,
            "z": 1.0232545776367188
        },
        "orientation": {
            "x": -0.17266241651418382,
            "y": 0.21871474408286423,
            "z": 0.959696787281172,
            "w": 0.03651885987330934
        }
    }
}