{
    "header": {
        "seq": 24262,
        "stamp": {
            "secs": 1681165503,
            "nsecs": 33767578
        },
        "frame_id": "atracsys"
    },
    "pose": {
        "position": {
            "x": 0.11498819732666016,
            "y": -0.018064693450927736,
            "z": 0.95611572265625
        },
        "orientation": {
            "x": -0.18759290362599804,
            "y": 0.17676801654506347,
            "z": 0.9531308712902371,
            "w": 0.1584408818121284
        }
    }
}