{
    "header": {
        "seq": 32580,
        "stamp": {
            "secs": 1681165586,
            "nsecs": 714830979
        },
        "frame_id": "atracsys"
    },
    "pose": {
        "position": {
            "x": 0.14092648315429687,
            "y": -0.022358558654785157,
            "z": 0.9847523193359375
        },
        "orientation": {
            "x": -0.1863668147974264,
            "y": 0.16308791121636748,
            "z": 0.9687843220026465,
            "w": 0.011255265399658296
        }
    }
}