{
    "header": {
        "seq": 26309,
        "stamp": {
            "secs": 1681165523,
            "nsecs": 627894646
        },
        "frame_id": "atracsys"
    },
    "pose": {
        "position": {
            "x": 0.1488138427734375,
            "y": -0.01855889892578125,
            "z": 0.9583827514648438
        },
        "orientation": {
            "x": -0.15980591057549431,
            "y": 0.16476985022269597,
            "z": 0.971653664799846,
            "w": 0.056587304969895835
        }
    }
}