{
    "header": {
        "seq": 31778,
        "stamp": {
            "secs": 1681165578,
            "nsecs": 646218621
        },
        "frame_id": "atracsys"
    },
    "pose": {
        "position": {
            "x": 0.16414036560058595,
            "y": -0.004354286670684815,
            "z": 0.990286376953125
        },
        "orientation": {
            "x": -0.23037103182325452,
            "y": 0.10107985977461927,
            "z": 0.9675656628373149,
            "w": -0.022994298050161746
        }
    }
}