{
    "header": {
        "seq": 34040,
        "stamp": {
            "secs": 1681165601,
            "nsecs": 410509746
        },
        "frame_id": "atracsys"
    },
    "pose": {
        "position": {
            "x": 0.09381949615478516,
            "y": 0.01993016242980957,
            "z": 1.0205478515625
        },
        "orientation": {
            "x": -0.14876133211280146,
            "y": 0.25402597346627215,
            "z": 0.9556886252598019,
            "w": 0.0003498879356703839
        }
    }
}