{
    "header": {
        "seq": 11141,
        "stamp": {
            "secs": 1681165370,
            "nsecs": 940516374
        },
        "frame_id": "atracsys"
    },
    "pose": {
        "position": {
            "x": 0.22272032165527345,
            "y": 0.00850959587097168,
            "z": 0.9508008422851563
        },
        "orientation": {
            "x": -0.23719963827420287,
            "y": 0.012805521127037587,
            "z": 0.9575706976694092,
            "w": -0.16318918222778545
        }
    }
}