{
    "header": {
        "seq": 32089,
        "stamp": {
            "secs": 1681165581,
            "nsecs": 777482390
        },
        "frame_id": "atracsys"
    },
    "pose": {
        "position": {
            "x": 0.13333883666992188,
            "y": -0.018827598571777345,
            "z": 0.986802734375
        },
        "orientation": {
            "x": -0.18684417294070368,
            "y": 0.14260936087358905,
            "z": 0.9705551399690828,
            "w": 0.05267395474923774
        }
    }
}