{
    "header": {
        "seq": 36559,
        "stamp": {
            "secs": 1681165626,
            "nsecs": 768864634
        },
        "frame_id": "atracsys"
    },
    "pose": {
        "position": {
            "x": 0.11721786499023437,
            "y": -0.01735215187072754,
            "z": 0.9832708740234375
        },
        "orientation": {
            "x": -0.22128034128717097,
            "y": 0.156311131397062,
            "z": 0.9610094141932584,
            "w": 0.055342086996551895
        }
    }
}