{
    "header": {
        "seq": 29512,
        "stamp": {
            "secs": 1681165555,
            "nsecs": 849046357
        },
        "frame_id": "atracsys"
    },
    "pose": {
        "position": {
            "x": 0.19432423400878907,
            "y": -0.0030034024715423586,
            "z": 0.9622367553710938
        },
        "orientation": {
            "x": -0.2226719083013841,
            "y": 0.1981703134385014,
            "z": 0.950597541857465,
            "w": -0.08666061123515809
        }
    }
}