{
    "header": {
        "seq": 37912,
        "stamp": {
            "secs": 1681165640,
            "nsecs": 446493442
        },
        "frame_id": "atracsys"
    },
    "pose": {
        "position": {
            "x": 0.1594491729736328,
            "y": -0.006958737373352051,
            "z": 0.9678818359375
        },
        "orientation": {
            "x": -0.09765819209363256,
            "y": 0.11207930110193227,
            "z": 0.976205448145565,
            "w": -0.15787346449743314
        }
    }
}