{
    "header": {
        "seq": 33470,
        "stamp": {
            "secs": 1681165595,
            "nsecs": 673048033
        },
        "frame_id": "atracsys"
    },
    "pose": {
        "position": {
            "x": 0.10055994415283204,
            "y": -0.021619049072265625,
            "z": 0.9757557373046876
        },
        "orientation": {
            "x": -0.11196784424740286,
            "y": 0.17990347491389116,
            "z": 0.974312156758191,
            "w": 0.07624803447760856
        }
    }
}