{
    "header": {
        "seq": 12888,
        "stamp": {
            "secs": 1681165388,
            "nsecs": 558525341
        },
        "frame_id": "atracsys"
    },
    "pose": {
        "position": {
            "x": 0.1357002868652344,
            "y": 0.007187792778015137,
            "z": 1.0209517211914063
        },
        "orientation": {
            "x": -0.07466624348999219,
            "y": 0.20781251321978456,
            "z": 0.973723761737738,
            "w": -0.05568614962159762
        }
    }
}