{
    "header": {
        "seq": 1521,
        "stamp": {
            "secs": 1681165237,
            "nsecs": 106902596
        },
        "frame_id": "atracsys"
    },
    "pose": {
        "position": {
            "x": 0.2886079406738281,
            "y": -0.056886455535888676,
            "z": 0.8831846923828125
        },
        "orientation": {
            "x": -0.022789392162322415,
            "y": 0.23104178324865443,
            "z": 0.9697449924744247,
            "w": 0.07546514141596605
        }
    }
}