{
    "header": {
        "seq": 29449,
        "stamp": {
            "secs": 1681165555,
            "nsecs": 216174480
        },
        "frame_id": "atracsys"
    },
    "pose": {
        "position": {
            "x": 0.20270393371582032,
            "y": 0.007925158023834228,
            "z": 0.9605356445312501
        },
        "orientation": {
            "x": -0.2657293652634238,
            "y": 0.13597225507063423,
            "z": 0.9511694147981586,
            "w": -0.0785887691736722
        }
    }
}