{
    "header": {
        "seq": 14967,
        "stamp": {
            "secs": 1681165409,
            "nsecs": 501901784
        },
        "frame_id": "atracsys"
    },
    "pose": {
        "position": {
            "x": 0.13495822143554687,
            "y": 0.010789993286132813,
            "z": 1.0367442626953125
        },
        "orientation": {
            "x": -0.055101922834804064,
            "y": 0.29400980777960556,
            "z": 0.9520255163336264,
            "w": -0.06457110250722767
        }
    }
}