{
    "header": {
        "seq": 33143,
        "stamp": {
            "secs": 1681165592,
            "nsecs": 383602106
        },
        "frame_id": "atracsys"
    },
    "pose": {
        "position": {
            "x": 0.11385979461669922,
            "y": -0.024245458602905275,
            "z": 0.9677836303710937
        },
        "orientation": {
            "x": -0.14682753776870447,
            "y": 0.17969728199426063,
            "z": 0.9690832749112301,
            "w": 0.0838341653741487
        }
    }
}