{
    "header": {
        "seq": 28671,
        "stamp": {
            "secs": 1681165547,
            "nsecs": 392242696
        },
        "frame_id": "atracsys"
    },
    "pose": {
        "position": {
            "x": 0.18128257751464844,
            "y": -0.01103557300567627,
            "z": 0.9437855224609375
        },
        "orientation": {
            "x": -0.16052865765405264,
            "y": 0.23417053983182307,
            "z": 0.9564856250678125,
            "w": -0.06730495810337113
        }
    }
}