{
    "header": {
        "seq": 19728,
        "stamp": {
            "secs": 1681165457,
            "nsecs": 412702233
        },
        "frame_id": "atracsys"
    },
    "pose": {
        "position": {
            "x": 0.13146218872070312,
            "y": -0.024529422760009766,
            "z": 0.9665962524414062
        },
        "orientation": {
            "x": -0.15327151234024347,
            "y": 0.15480971961952678,
            "z": 0.9746254883572298,
            "w": 0.05144853409660422
        }
    }
}