{
    "header": {
        "seq": 25568,
        "stamp": {
            "secs": 1681165516,
            "nsecs": 177234801
        },
        "frame_id": "atracsys"
    },
    "pose": {
        "position": {
            "x": 0.1484866180419922,
            "y": -0.018211688995361328,
            "z": 0.9616420288085937
        },
        "orientation": {
            "x": -0.17296413673937405,
            "y": 0.16309009848019548,
            "z": 0.9697148962981635,
            "w": 0.05601827449292963
        }
    }
}