{
    "header": {
        "seq": 20477,
        "stamp": {
            "secs": 1681165464,
            "nsecs": 947081240
        },
        "frame_id": "atracsys"
    },
    "pose": {
        "position": {
            "x": 0.09048322296142579,
            "y": -0.021046852111816408,
            "z": 0.9720814819335938
        },
        "orientation": {
            "x": -0.07322089669375989,
            "y": 0.13296569932902735,
            "z": 0.9856436892026349,
            "w": 0.07392794481334002
        }
    }
}