{
    "header": {
        "seq": 36519,
        "stamp": {
            "secs": 1681165626,
            "nsecs": 365794390
        },
        "frame_id": "atracsys"
    },
    "pose": {
        "position": {
            "x": 0.11978643035888673,
            "y": -0.017594552993774413,
            "z": 0.9849963989257813
        },
        "orientation": {
            "x": -0.23027214264940396,
            "y": 0.17937036481260352,
            "z": 0.9548143334903003,
            "w": 0.05595177484333885
        }
    }
}