{
    "header": {
        "seq": 38742,
        "stamp": {
            "secs": 1681165648,
            "nsecs": 798763464
        },
        "frame_id": "atracsys"
    },
    "pose": {
        "position": {
            "x": 0.19722232055664063,
            "y": 0.010362277984619141,
            "z": 0.9400291748046875
        },
        "orientation": {
            "x": 0.07815223654206345,
            "y": 0.0030601115916440045,
            "z": 0.9244466938245811,
            "w": -0.3732039307366968
        }
    }
}