{
    "header": {
        "seq": 32174,
        "stamp": {
            "secs": 1681165582,
            "nsecs": 631197919
        },
        "frame_id": "atracsys"
    },
    "pose": {
        "position": {
            "x": 0.12497722625732423,
            "y": -0.02250005340576172,
            "z": 0.9881367797851562
        },
        "orientation": {
            "x": -0.16781986731059106,
            "y": 0.17035780622210414,
            "z": 0.9693092185526835,
            "w": 0.05704690021231546
        }
    }
}