{
    "header": {
        "seq": 28558,
        "stamp": {
            "secs": 1681165546,
            "nsecs": 254977216
        },
        "frame_id": "atracsys"
    },
    "pose": {
        "position": {
            "x": 0.17063426208496094,
            "y": -0.015427755355834962,
            "z": 0.9386639404296875
        },
        "orientation": {
            "x": -0.12750481414448012,
            "y": 0.2348878612512697,
            "z": 0.9620868892090613,
            "w": -0.05439699089855278
        }
    }
}