{
    "header": {
        "seq": 18283,
        "stamp": {
            "secs": 1681165442,
            "nsecs": 866223225
        },
        "frame_id": "atracsys"
    },
    "pose": {
        "position": {
            "x": 0.10555439758300782,
            "y": -0.024374921798706053,
            "z": 0.9733622436523438
        },
        "orientation": {
            "x": -0.12873433060147382,
            "y": 0.16257004057070146,
            "z": 0.9757777847550105,
            "w": 0.06968621680099589
        }
    }
}