{
    "header": {
        "seq": 22236,
        "stamp": {
            "secs": 1681165482,
            "nsecs": 648673569
        },
        "frame_id": "atracsys"
    },
    "pose": {
        "position": {
            "x": 0.09663622283935547,
            "y": -0.019717399597167968,
            "z": 0.9633523559570313
        },
        "orientation": {
            "x": -0.08049710555121063,
            "y": 0.1875917996147254,
            "z": 0.9762266086305548,
            "w": 0.07287757760019006
        }
    }
}