{
    "header": {
        "seq": 38369,
        "stamp": {
            "secs": 1681165645,
            "nsecs": 46613462
        },
        "frame_id": "atracsys"
    },
    "pose": {
        "position": {
            "x": 0.15136997985839845,
            "y": -0.013795412063598633,
            "z": 0.98332177734375
        },
        "orientation": {
            "x": -0.1631022325715049,
            "y": 0.19323382224381835,
            "z": 0.9620944153106116,
            "w": -0.10214052917117533
        }
    }
}