{
    "header": {
        "seq": 32748,
        "stamp": {
            "secs": 1681165588,
            "nsecs": 407355776
        },
        "frame_id": "atracsys"
    },
    "pose": {
        "position": {
            "x": 0.14520542907714845,
            "y": -0.021422353744506836,
            "z": 0.9713603515625
        },
        "orientation": {
            "x": -0.18391979197492866,
            "y": 0.16940151755121527,
            "z": 0.9680917109985082,
            "w": 0.0165853871593421
        }
    }
}