{
    "header": {
        "seq": 4017,
        "stamp": {
            "secs": 1681165263,
            "nsecs": 235345040
        },
        "frame_id": "atracsys"
    },
    "pose": {
        "position": {
            "x": 0.34570697021484376,
            "y": -0.057588550567626955,
            "z": 0.8644263916015625
        },
        "orientation": {
            "x": 0.11958635085561241,
            "y": 0.18361896424793575,
            "z": 0.9750166300840681,
            "w": 0.03641087361024533
        }
    }
}