{
    "header": {
        "seq": 35588,
        "stamp": {
            "secs": 1681165616,
            "nsecs": 986692023
        },
        "frame_id": "atracsys"
    },
    "pose": {
        "position": {
            "x": 0.104750732421875,
            "y": 0.015299597740173341,
            "z": 1.0239274902343751
        },
        "orientation": {
            "x": -0.20325103200119196,
            "y": 0.22335933387518697,
            "z": 0.9523075939467721,
            "w": 0.04370208773723765
        }
    }
}