{
    "header": {
        "seq": 3417,
        "stamp": {
            "secs": 1681165257,
            "nsecs": 196606024
        },
        "frame_id": "atracsys"
    },
    "pose": {
        "position": {
            "x": 0.32689447021484375,
            "y": -0.054786033630371093,
            "z": 0.8917604370117188
        },
        "orientation": {
            "x": 0.15241394598340233,
            "y": 0.1566182716937693,
            "z": 0.9747666666635912,
            "w": 0.045504413005513486
        }
    }
}