{
    "header": {
        "seq": 22297,
        "stamp": {
            "secs": 1681165483,
            "nsecs": 263605645
        },
        "frame_id": "atracsys"
    },
    "pose": {
        "position": {
            "x": 0.10579823303222656,
            "y": -0.021957223892211913,
            "z": 0.967715087890625
        },
        "orientation": {
            "x": -0.11732987880547285,
            "y": 0.18706506463659367,
            "z": 0.9722247817968694,
            "w": 0.07758437208632747
        }
    }
}