{
    "header": {
        "seq": 31234,
        "stamp": {
            "secs": 1681165573,
            "nsecs": 171635544
        },
        "frame_id": "atracsys"
    },
    "pose": {
        "position": {
            "x": 0.18424185180664063,
            "y": 0.0005920072197914124,
            "z": 0.987258544921875
        },
        "orientation": {
            "x": -0.23788021307060964,
            "y": 0.12396693182734989,
            "z": 0.9615562552423417,
            "w": -0.05877730894758045
        }
    }
}