{
    "header": {
        "seq": 29002,
        "stamp": {
            "secs": 1681165550,
            "nsecs": 720612281
        },
        "frame_id": "atracsys"
    },
    "pose": {
        "position": {
            "x": 0.16978288269042968,
            "y": -0.016502349853515626,
            "z": 0.9450284423828125
        },
        "orientation": {
            "x": -0.11998608393345442,
            "y": 0.2291704207763209,
            "z": 0.9642044094545673,
            "w": -0.058259030989944574
        }
    }
}