{
    "header": {
        "seq": 17122,
        "stamp": {
            "secs": 1681165431,
            "nsecs": 185720470
        },
        "frame_id": "atracsys"
    },
    "pose": {
        "position": {
            "x": 0.11318460845947266,
            "y": -0.005214168071746826,
            "z": 1.037869384765625
        },
        "orientation": {
            "x": -0.06261439739765541,
            "y": 0.340076185664438,
            "z": 0.9375262662936263,
            "w": 0.03836828367268605
        }
    }
}