{
    "header": {
        "seq": 23621,
        "stamp": {
            "secs": 1681165496,
            "nsecs": 586018578
        },
        "frame_id": "atracsys"
    },
    "pose": {
        "position": {
            "x": 0.09794944763183594,
            "y": -0.019916791915893555,
            "z": 0.9535397338867188
        },
        "orientation": {
            "x": -0.15350901124110658,
            "y": 0.17871424020509025,
            "z": 0.9571839863169319,
            "w": 0.16821123670588353
        }
    }
}