{
    "header": {
        "seq": 27946,
        "stamp": {
            "secs": 1681165540,
            "nsecs": 96660867
        },
        "frame_id": "atracsys"
    },
    "pose": {
        "position": {
            "x": 0.15825776672363281,
            "y": -0.01635159683227539,
            "z": 0.942684326171875
        },
        "orientation": {
            "x": -0.14775757778344173,
            "y": 0.22708849059486816,
            "z": 0.9625748175179869,
            "w": 0.006945237730178614
        }
    }
}