{
    "header": {
        "seq": 8008,
        "stamp": {
            "secs": 1681165339,
            "nsecs": 420995705
        },
        "frame_id": "atracsys"
    },
    "pose": {
        "position": {
            "x": 0.11800125885009766,
            "y": -0.02773984718322754,
            "z": 0.943016845703125
        },
        "orientation": {
            "x": -0.15593042810658694,
            "y": 0.13880008526042723,
            "z": 0.9779472114409627,
            "w": 0.006284071692753901
        }
    }
}