{
    "header": {
        "seq": 11068,
        "stamp": {
            "secs": 1681165370,
            "nsecs": 206215089
        },
        "frame_id": "atracsys"
    },
    "pose": {
        "position": {
            "x": 0.21913803100585938,
            "y": 0.00785329818725586,
            "z": 0.9513812866210938
        },
        "orientation": {
            "x": -0.22282520999889252,
            "y": -0.006837647368199592,
            "z": 0.962574504058594,
            "w": -0.1541184495891701
        }
    }
}