{
    "header": {
        "seq": 21419,
        "stamp": {
            "secs": 1681165474,
            "nsecs": 424705164
        },
        "frame_id": "atracsys"
    },
    "pose": {
        "position": {
            "x": 0.10070162200927735,
            "y": -0.021602264404296877,
            "z": 0.9689564819335937
        },
        "orientation": {
            "x": -0.07857672387108541,
            "y": 0.16070158549626934,
            "z": 0.9820588356284004,
            "w": 0.05967530686023405
        }
    }
}