{
    "header": {
        "seq": 10827,
        "stamp": {
            "secs": 1681165367,
            "nsecs": 779405790
        },
        "frame_id": "atracsys"
    },
    "pose": {
        "position": {
            "x": 0.2263909912109375,
            "y": 0.010581093788146973,
            "z": 0.9425220947265626
        },
        "orientation": {
            "x": -0.23584535395596887,
            "y": -0.0025097185811249873,
            "z": 0.9576991924926059,
            "w": -0.16487245685389024
        }
    }
}