{
    "header": {
        "seq": 8709,
        "stamp": {
            "secs": 1681165346,
            "nsecs": 471784831
        },
        "frame_id": "atracsys"
    },
    "pose": {
        "position": {
            "x": 0.15151821899414064,
            "y": -0.027555200576782228,
            "z": 0.9230535278320313
        },
        "orientation": {
            "x": -0.18773349377663495,
            "y": 0.13893836164457862,
            "z": 0.9721856815969505,
            "w": -0.01752904663155148
        }
    }
}