{
    "header": {
        "seq": 30929,
        "stamp": {
            "secs": 1681165570,
            "nsecs": 102812382
        },
        "frame_id": "atracsys"
    },
    "pose": {
        "position": {
            "x": 0.18474765014648437,
            "y": -0.003233731269836426,
            "z": 0.9857529907226563
        },
        "orientation": {
            "x": -0.2077037986226821,
            "y": 0.17083192650232973,
            "z": 0.9599572483324613,
            "w": -0.07847079902218528
        }
    }
}