{
    "header": {
        "seq": 35874,
        "stamp": {
            "secs": 1681165619,
            "nsecs": 870343986
        },
        "frame_id": "atracsys"
    },
    "pose": {
        "position": {
            "x": 0.086142333984375,
            "y": 0.015074711799621582,
            "z": 1.0181423950195312
        },
        "orientation": {
            "x": -0.13573996908137093,
            "y": 0.21096139154493398,
            "z": 0.9664297482954376,
            "w": 0.05552921466066925
        }
    }
}