{
    "header": {
        "seq": 22707,
        "stamp": {
            "secs": 1681165487,
            "nsecs": 391879049
        },
        "frame_id": "atracsys"
    },
    "pose": {
        "position": {
            "x": 0.09880397796630859,
            "y": -0.022253162384033204,
            "z": 0.9637942504882813
        },
        "orientation": {
            "x": -0.13512014856662635,
            "y": 0.1673793564468125,
            "z": 0.9688587428960298,
            "w": 0.12263536521211353
        }
    }
}