{
    "header": {
        "seq": 21402,
        "stamp": {
            "secs": 1681165474,
            "nsecs": 251491922
        },
        "frame_id": "atracsys"
    },
    "pose": {
        "position": {
            "x": 0.09706147766113281,
            "y": -0.01969651985168457,
            "z": 0.9669198608398438
        },
        "orientation": {
            "x": -0.06765843287627975,
            "y": 0.15935081446795288,
            "z": 0.983448045364883,
            "w": 0.053475194783348674
        }
    }
}