{
    "header": {
        "seq": 16311,
        "stamp": {
            "secs": 1681165423,
            "nsecs": 21383107
        },
        "frame_id": "atracsys"
    },
    "pose": {
        "position": {
            "x": 0.10844384765625001,
            "y": -0.002322263240814209,
            "z": 1.03938671875
        },
        "orientation": {
            "x": -0.021236257415797846,
            "y": 0.3235126308251624,
            "z": 0.9458953565218171,
            "w": 0.013060382001176108
        }
    }
}