{
    "header": {
        "seq": 8318,
        "stamp": {
            "secs": 1681165342,
            "nsecs": 540296204
        },
        "frame_id": "atracsys"
    },
    "pose": {
        "position": {
            "x": 0.13118441772460937,
            "y": -0.02930388832092285,
            "z": 0.9353765258789063
        },
        "orientation": {
            "x": -0.1812279670118713,
            "y": 0.1435881140369699,
            "z": 0.972892469602415,
            "w": -0.0043726503363963895
        }
    }
}