{
    "header": {
        "seq": 16161,
        "stamp": {
            "secs": 1681165421,
            "nsecs": 510916596
        },
        "frame_id": "atracsys"
    },
    "pose": {
        "position": {
            "x": 0.1101409912109375,
            "y": -0.0018835202455520631,
            "z": 1.0429119873046875
        },
        "orientation": {
            "x": -0.032080268617281464,
            "y": 0.32257433335879243,
            "z": 0.9457929207756374,
            "w": 0.019809261325522822
        }
    }
}