{
    "header": {
        "seq": 16243,
        "stamp": {
            "secs": 1681165422,
            "nsecs": 337916521
        },
        "frame_id": "atracsys"
    },
    "pose": {
        "position": {
            "x": 0.10844974517822266,
            "y": -0.0024752397537231444,
            "z": 1.04153857421875
        },
        "orientation": {
            "x": -0.02421109420801705,
            "y": 0.31869352948058355,
            "z": 0.947270634820692,
            "w": 0.022947801438528696
        }
    }
}