{
    "header": {
        "seq": 4075,
        "stamp": {
            "secs": 1681165263,
            "nsecs": 817545376
        },
        "frame_id": "atracsys"
    },
    "pose": {
        "position": {
            "x": 0.34786294555664066,
            "y": -0.05734624099731445,
            "z": 0.8617908935546875
        },
        "orientation": {
            "x": 0.1171915311003315,
            "y": 0.18199705184068382,
            "z": 0.9755723150294173,
            "w": 0.03744163869013819
        }
    }
}