{
    "header": {
        "seq": 29283,
        "stamp": {
            "secs": 1681165553,
            "nsecs": 547526389
        },
        "frame_id": "atracsys"
    },
    "pose": {
        "position": {
            "x": 0.20295106506347657,
            "y": 0.004373547077178955,
            "z": 0.9573855590820313
        },
        "orientation": {
            "x": -0.2520111507326762,
            "y": 0.16348632943358776,
            "z": 0.9496735915950805,
            "w": -0.08878439852600797
        }
    }
}