{
    "header": {
        "seq": 26328,
        "stamp": {
            "secs": 1681165523,
            "nsecs": 819047596
        },
        "frame_id": "atracsys"
    },
    "pose": {
        "position": {
            "x": 0.1509528350830078,
            "y": -0.017152347564697266,
            "z": 0.9594912109375
        },
        "orientation": {
            "x": -0.16657480622221754,
            "y": 0.15908211005589612,
            "z": 0.9714785642745173,
            "w": 0.05634816188055375
        }
    }
}