{
    "header": {
        "seq": 38050,
        "stamp": {
            "secs": 1681165641,
            "nsecs": 834570308
        },
        "frame_id": "atracsys"
    },
    "pose": {
        "position": {
            "x": 0.1610178680419922,
            "y": -0.012154013633728028,
            "z": 0.9727874755859375
        },
        "orientation": {
            "x": -0.10875494443630733,
            "y": 0.11511834391483466,
            "z": 0.9770771012168116,
            "w": -0.1422689960346741
        }
    }
}