{
    "header": {
        "seq": 3777,
        "stamp": {
            "secs": 1681165260,
            "nsecs": 820491305
        },
        "frame_id": "atracsys"
    },
    "pose": {
        "position": {
            "x": 0.3396986694335938,
            "y": -0.05832994079589844,
            "z": 0.870076171875
        },
        "orientation": {
            "x": 0.13007083836602842,
            "y": 0.18327167456809515,
            "z": 0.9737822266779121,
            "w": 0.03523131155623133
        }
    }
}