{
    "header": {
        "seq": 11526,
        "stamp": {
            "secs": 1681165374,
            "nsecs": 818249223
        },
        "frame_id": "atracsys"
    },
    "pose": {
        "position": {
            "x": 0.21085183715820313,
            "y": 0.00489318323135376,
            "z": 0.9736973876953126
        },
        "orientation": {
            "x": -0.20547430860749172,
            "y": 0.02556289787198253,
            "z": 0.9641844873405755,
            "w": -0.16575620991821483
        }
    }
}