{
    "header": {
        "seq": 4134,
        "stamp": {
            "secs": 1681165264,
            "nsecs": 411571620
        },
        "frame_id": "atracsys"
    },
    "pose": {
        "position": {
            "x": 0.35022720336914065,
            "y": -0.05712815856933594,
            "z": 0.8601256103515625
        },
        "orientation": {
            "x": 0.11260627275110463,
            "y": 0.18110418708212367,
            "z": 0.9763041071323387,
            "w": 0.03676127248822748
        }
    }
}