{
    "header": {
        "seq": 12935,
        "stamp": {
            "secs": 1681165389,
            "nsecs": 30154743
        },
        "frame_id": "atracsys"
    },
    "pose": {
        "position": {
            "x": 0.13622061157226562,
            "y": 0.006218429565429688,
            "z": 1.0228983154296876
        },
        "orientation": {
            "x": -0.08214194716427228,
            "y": 0.21181355237829114,
            "z": 0.9727269386303107,
            "w": -0.046797675239853294
        }
    }
}