{
    "header": {
        "seq": 31750,
        "stamp": {
            "secs": 1681165578,
            "nsecs": 365530546
        },
        "frame_id": "atracsys"
    },
    "pose": {
        "position": {
            "x": 0.16265924072265625,
            "y": -0.006314066886901856,
            "z": 0.9908087768554688
        },
        "orientation": {
            "x": -0.21805903306692392,
            "y": 0.1147514644127058,
            "z": 0.9688642615903397,
            "w": -0.024174410562899366
        }
    }
}