{
    "header": {
        "seq": 26845,
        "stamp": {
            "secs": 1681165529,
            "nsecs": 19000346
        },
        "frame_id": "atracsys"
    },
    "pose": {
        "position": {
            "x": 0.1640260772705078,
            "y": -0.015423892021179199,
            "z": 0.963032958984375
        },
        "orientation": {
            "x": -0.17218394018989663,
            "y": 0.15778310094280523,
            "z": 0.9722999903718804,
            "w": 0.009482221279632799
        }
    }
}