{
    "header": {
        "seq": 8047,
        "stamp": {
            "secs": 1681165339,
            "nsecs": 811939510
        },
        "frame_id": "atracsys"
    },
    "pose": {
        "position": {
            "x": 0.11994068145751953,
            "y": -0.028259580612182617,
            "z": 0.9419013671875001
        },
        "orientation": {
            "x": -0.1595038728196852,
            "y": 0.13987725373003376,
            "z": 0.9772358624687953,
            "w": 0.0017139280425795874
        }
    }
}