{
    "header": {
        "seq": 17304,
        "stamp": {
            "secs": 1681165433,
            "nsecs": 15588887
        },
        "frame_id": "atracsys"
    },
    "pose": {
        "position": {
            "x": 0.1069462890625,
            "y": -0.005984879016876221,
            "z": 1.037672119140625
        },
        "orientation": {
            "x": -0.03948926491679475,
            "y": 0.3310470372987771,
            "z": 0.9415122261963471,
            "w": 0.0490222905914419
        }
    }
}