{
    "header": {
        "seq": 4036,
        "stamp": {
            "secs": 1681165263,
            "nsecs": 426496535
        },
        "frame_id": "atracsys"
    },
    "pose": {
        "position": {
            "x": 0.3461961669921875,
            "y": -0.05755608367919922,
            "z": 0.8636009521484376
        },
        "orientation": {
            "x": 0.11872635160494625,
            "y": 0.1830064791359305,
            "z": 0.9751942769565162,
            "w": 0.03753404081772593
        }
    }
}