{
    "header": {
        "seq": 8107,
        "stamp": {
            "secs": 1681165340,
            "nsecs": 417905678
        },
        "frame_id": "atracsys"
    },
    "pose": {
        "position": {
            "x": 0.12199945831298828,
            "y": -0.02875069236755371,
            "z": 0.9399827880859375
        },
        "orientation": {
            "x": -0.16415878725328784,
            "y": 0.13954353130660282,
            "z": 0.97651291813541,
            "w": 0.001419912912486709
        }
    }
}