{
    "header": {
        "seq": 23433,
        "stamp": {
            "secs": 1681165494,
            "nsecs": 693475605
        },
        "frame_id": "atracsys"
    },
    "pose": {
        "position": {
            "x": 0.09560331726074218,
            "y": -0.02054455375671387,
            "z": 0.9522339477539062
        },
        "orientation": {
            "x": -0.14839144095445478,
            "y": 0.17033377910660308,
            "z": 0.9596598470940241,
            "w": 0.16738984981831484
        }
    }
}