{
    "header": {
        "seq": 26061,
        "stamp": {
            "secs": 1681165521,
            "nsecs": 132357231
        },
        "frame_id": "atracsys"
    },
    "pose": {
        "position": {
            "x": 0.13288572692871095,
            "y": -0.020723131179809572,
            "z": 0.9474769897460937
        },
        "orientation": {
            "x": -0.13230753415289753,
            "y": 0.24249287940223113,
            "z": 0.9598590989075683,
            "w": 0.04860483607570304
        }
    }
}