{
    "header": {
        "seq": 7932,
        "stamp": {
            "secs": 1681165338,
            "nsecs": 656832457
        },
        "frame_id": "atracsys"
    },
    "pose": {
        "position": {
            "x": 0.11557530212402344,
            "y": -0.02702661895751953,
            "z": 0.9441951904296875
        },
        "orientation": {
            "x": -0.1516256439945344,
            "y": 0.13658824474114087,
            "z": 0.9789050916845752,
            "w": 0.009906409833555339
        }
    }
}