{
    "header": {
        "seq": 8750,
        "stamp": {
            "secs": 1681165346,
            "nsecs": 883630612
        },
        "frame_id": "atracsys"
    },
    "pose": {
        "position": {
            "x": 0.1567288360595703,
            "y": -0.02659840774536133,
            "z": 0.9202527465820313
        },
        "orientation": {
            "x": -0.18145488427259535,
            "y": 0.1294707088029495,
            "z": 0.974491565008677,
            "w": -0.02603171647472699
        }
    }
}