{
    "header": {
        "seq": 29325,
        "stamp": {
            "secs": 1681165553,
            "nsecs": 968397381
        },
        "frame_id": "atracsys"
    },
    "pose": {
        "position": {
            "x": 0.19588180541992187,
            "y": -0.0024773330688476563,
            "z": 0.9584635009765625
        },
        "orientation": {
            "x": -0.2253226532889323,
            "y": 0.196503124167743,
            "z": 0.9503314068377182,
            "w": -0.0865242236890654
        }
    }
}