{
    "header": {
        "seq": 16062,
        "stamp": {
            "secs": 1681165420,
            "nsecs": 516933338
        },
        "frame_id": "atracsys"
    },
    "pose": {
        "position": {
            "x": 0.11342310333251954,
            "y": -0.0014685001373291016,
            "z": 1.0431107177734376
        },
        "orientation": {
            "x": -0.045502449935945974,
            "y": 0.3161543476311425,
            "z": 0.9473720204436064,
            "w": 0.021499079151270542
        }
    }
}