{
    "header": {
        "seq": 23072,
        "stamp": {
            "secs": 1681165491,
            "nsecs": 63656791
        },
        "frame_id": "atracsys"
    },
    "pose": {
        "position": {
            "x": 0.09178902435302734,
            "y": -0.019600696563720703,
            "z": 0.9568483276367188
        },
        "orientation": {
            "x": -0.1488664432612211,
            "y": 0.1647465640982703,
            "z": 0.9595723487212713,
            "w": 0.17296895460778802
        }
    }
}