{
    "header": {
        "seq": 28871,
        "stamp": {
            "secs": 1681165549,
            "nsecs": 404208188
        },
        "frame_id": "atracsys"
    },
    "pose": {
        "position": {
            "x": 0.19544224548339845,
            "y": -0.003020221471786499,
            "z": 0.946994384765625
        },
        "orientation": {
            "x": -0.21218481778837328,
            "y": 0.18612054288508054,
            "z": 0.9566760078178997,
            "w": -0.07146861326403126
        }
    }
}