{
    "header": {
        "seq": 20125,
        "stamp": {
            "secs": 1681165461,
            "nsecs": 403736024
        },
        "frame_id": "atracsys"
    },
    "pose": {
        "position": {
            "x": 0.11034205627441407,
            "y": -0.026189323425292968,
            "z": 0.9677755126953125
        },
        "orientation": {
            "x": -0.11839669814395969,
            "y": 0.15697066451955935,
            "z": 0.9782497904955791,
            "w": 0.06610430957397259
        }
    }
}