{
    "header": {
        "seq": 19592,
        "stamp": {
            "secs": 1681165456,
            "nsecs": 42431893
        },
        "frame_id": "atracsys"
    },
    "pose": {
        "position": {
            "x": 0.13998681640625,
            "y": -0.021988508224487304,
            "z": 0.9686800537109376
        },
        "orientation": {
            "x": -0.1818914422768715,
            "y": 0.14684819148397862,
            "z": 0.9714791821047222,
            "w": 0.03974054128298143
        }
    }
}