{
    "header": {
        "seq": 25377,
        "stamp": {
            "secs": 1681165514,
            "nsecs": 254718882
        },
        "frame_id": "atracsys"
    },
    "pose": {
        "position": {
            "x": 0.17648715209960938,
            "y": -0.0007777236700057984,
            "z": 0.9694636840820313
        },
        "orientation": {
            "x": -0.25724494694472017,
            "y": 0.07895559747928488,
            "z": 0.9631043597588295,
            "w": 0.0045872771479779344
        }
    }
}