{
    "header": {
        "seq": 9569,
        "stamp": {
            "secs": 1681165355,
            "nsecs": 122508338
        },
        "frame_id": "atracsys"
    },
    "pose": {
        "position": {
            "x": 0.19471995544433593,
            "y": -0.008122313499450683,
            "z": 0.908915771484375
        },
        "orientation": {
            "x": -0.2327620603938264,
            "y": 0.09138591218668991,
            "z": 0.9667283175614534,
            "w": -0.05391473193691309
        }
    }
}