{
    "header": {
        "seq": 10257,
        "stamp": {
            "secs": 1681165362,
            "nsecs": 44918487
        },
        "frame_id": "atracsys"
    },
    "pose": {
        "position": {
            "x": 0.22639437866210937,
            "y": 0.007474016666412353,
            "z": 0.9218751831054688
        },
        "orientation": {
            "x": -0.25347541989097805,
            "y": 0.025035301528840696,
            "z": 0.9561450967943977,
            "w": -0.14460290130036832
        }
    }
}