{
    "header": {
        "seq": 9388,
        "stamp": {
            "secs": 1681165353,
            "nsecs": 301693218
        },
        "frame_id": "atracsys"
    },
    "pose": {
        "position": {
            "x": 0.18774653625488283,
            "y": -0.01362795925140381,
            "z": 0.9096796264648438
        },
        "orientation": {
            "x": -0.21744593006204987,
            "y": 0.10688390046188095,
            "z": 0.9687561929372372,
            "w": -0.05295788862157717
        }
    }
}