{
    "header": {
        "seq": 36479,
        "stamp": {
            "secs": 1681165625,
            "nsecs": 962878116
        },
        "frame_id": "atracsys"
    },
    "pose": {
        "position": {
            "x": 0.1215373764038086,
            "y": -0.01673313331604004,
            "z": 0.984338134765625
        },
        "orientation": {
            "x": -0.2332419874165315,
            "y": 0.1817546117536854,
            "z": 0.9537368072838678,
            "w": 0.0543096570070932
        }
    }
}