{
    "header": {
        "seq": 30711,
        "stamp": {
            "secs": 1681165567,
            "nsecs": 908797186
        },
        "frame_id": "atracsys"
    },
    "pose": {
        "position": {
            "x": 0.18980589294433595,
            "y": 0.0012278043031692504,
            "z": 0.983505859375
        },
        "orientation": {
            "x": -0.23707821630470718,
            "y": 0.1629326566489937,
            "z": 0.9548997761060658,
            "w": -0.0735750388628162
        }
    }
}