{
    "header": {
        "seq": 26882,
        "stamp": {
            "secs": 1681165529,
            "nsecs": 392106430
        },
        "frame_id": "atracsys"
    },
    "pose": {
        "position": {
            "x": 0.16129200744628908,
            "y": -0.01716879081726074,
            "z": 0.9615125732421875
        },
        "orientation": {
            "x": -0.16163594149076355,
            "y": 0.16374769555233842,
            "z": 0.973105508373053,
            "w": 0.011233173804200492
        }
    }
}