{
    "header": {
        "seq": 28927,
        "stamp": {
            "secs": 1681165549,
            "nsecs": 968371818
        },
        "frame_id": "atracsys"
    },
    "pose": {
        "position": {
            "x": 0.186491943359375,
            "y": -0.009127863883972168,
            "z": 0.9461382446289063
        },
        "orientation": {
            "x": -0.18068280379161988,
            "y": 0.2083136142655312,
            "z": 0.9588942247384864,
            "w": -0.0669404831832538
        }
    }
}