{
    "header": {
        "seq": 4280,
        "stamp": {
            "secs": 1681165265,
            "nsecs": 880228120
        },
        "frame_id": "atracsys"
    },
    "pose": {
        "position": {
            "x": 0.36040640258789064,
            "y": -0.05517173767089844,
            "z": 0.8535411376953125
        },
        "orientation": {
            "x": 0.09607449475296949,
            "y": 0.17866740346659676,
            "z": 0.9790182331488589,
            "w": 0.019260050845015118
        }
    }
}