{
    "header": {
        "seq": 31354,
        "stamp": {
            "secs": 1681165574,
            "nsecs": 377577614
        },
        "frame_id": "atracsys"
    },
    "pose": {
        "position": {
            "x": 0.17772676086425782,
            "y": -0.003558975458145142,
            "z": 0.9900984497070313
        },
        "orientation": {
            "x": -0.22269389632225145,
            "y": 0.14130448888016275,
            "z": 0.9632426835193133,
            "w": -0.051029428858672794
        }
    }
}