{
    "header": {
        "seq": 21477,
        "stamp": {
            "secs": 1681165475,
            "nsecs": 6829673
        },
        "frame_id": "atracsys"
    },
    "pose": {
        "position": {
            "x": 0.10464901733398438,
            "y": -0.022864938735961914,
            "z": 0.972560546875
        },
        "orientation": {
            "x": -0.09620079679138314,
            "y": 0.16929171414149055,
            "z": 0.9791468169960031,
            "w": 0.057941634308451194
        }
    }
}