{
    "header": {
        "seq": 14723,
        "stamp": {
            "secs": 1681165407,
            "nsecs": 45176965
        },
        "frame_id": "atracsys"
    },
    "pose": {
        "position": {
            "x": 0.12986985778808594,
            "y": 0.005825455665588379,
            "z": 1.027793212890625
        },
        "orientation": {
            "x": -0.07088307081696837,
            "y": 0.24118108398151206,
            "z": 0.966737617639187,
            "w": -0.04717683374675428
        }
    }
}