{
    "header": {
        "seq": 4430,
        "stamp": {
            "secs": 1681165267,
            "nsecs": 387636726
        },
        "frame_id": "atracsys"
    },
    "pose": {
        "position": {
            "x": 0.36662591552734375,
            "y": -0.05268685150146484,
            "z": 0.849361572265625
        },
        "orientation": {
            "x": 0.0698035491197363,
            "y": 0.18206626781932703,
            "z": 0.9807407175034939,
            "w": 0.011268703712571463
        }
    }
}