{
    "header": {
        "seq": 15171,
        "stamp": {
            "secs": 1681165411,
            "nsecs": 552716279
        },
        "frame_id": "atracsys"
    },
    "pose": {
        "position": {
            "x": 0.1388758087158203,
            "y": 0.008538022994995117,
            "z": 1.0399124755859375
        },
        "orientation": {
            "x": -0.09470174171551411,
            "y": 0.30624845026937136,
            "z": 0.9456622981452932,
            "w": -0.05446360886150496
        }
    }
}