{
    "header": {
        "seq": 20934,
        "stamp": {
            "secs": 1681165469,
            "nsecs": 546972645
        },
        "frame_id": "atracsys"
    },
    "pose": {
        "position": {
            "x": 0.09659818267822266,
            "y": -0.01890573310852051,
            "z": 0.9704429931640626
        },
        "orientation": {
            "x": -0.07706629272080791,
            "y": 0.13482181196088197,
            "z": 0.9855727770491496,
            "w": 0.06730651294995549
        }
    }
}