{
    "header": {
        "seq": 22153,
        "stamp": {
            "secs": 1681165481,
            "nsecs": 812843162
        },
        "frame_id": "atracsys"
    },
    "pose": {
        "position": {
            "x": 0.09197138977050781,
            "y": -0.019255105972290038,
            "z": 0.9622277832031251
        },
        "orientation": {
            "x": -0.07397863091840702,
            "y": 0.18364856202244176,
            "z": 0.9771360107186435,
            "w": 0.07749570563187641
        }
    }
}