{
    "header": {
        "seq": 16385,
        "stamp": {
            "secs": 1681165423,
            "nsecs": 764725033
        },
        "frame_id": "atracsys"
    },
    "pose": {
        "position": {
            "x": 0.10878925323486328,
            "y": -0.0029576356410980225,
            "z": 1.0383790283203125
        },
        "orientation": {
            "x": -0.02067190342124424,
            "y": 0.32177636135709625,
            "z": 0.9465177481878975,
            "w": 0.011696069683541224
        }
    }
}