{
    "header": {
        "seq": 34686,
        "stamp": {
            "secs": 1681165607,
            "nsecs": 912044325
        },
        "frame_id": "atracsys"
    },
    "pose": {
        "position": {
            "x": 0.09653277587890625,
            "y": 0.018888647079467774,
            "z": 1.0151532592773438
        },
        "orientation": {
            "x": -0.141573684933268,
            "y": 0.239690818538815,
            "z": 0.9603694668230822,
            "w": 0.013988939793913326
        }
    }
}