{
    "header": {
        "seq": 14654,
        "stamp": {
            "secs": 1681165406,
            "nsecs": 349778102
        },
        "frame_id": "atracsys"
    },
    "pose": {
        "position": {
            "x": 0.12831512451171875,
            "y": 0.006271007537841797,
            "z": 1.0268924560546875
        },
        "orientation": {
            "x": -0.06460958478513834,
            "y": 0.23294408232396302,
            "z": 0.9693337422865319,
            "w": -0.04421257885405532
        }
    }
}