{
    "header": {
        "seq": 16729,
        "stamp": {
            "secs": 1681165427,
            "nsecs": 227367182
        },
        "frame_id": "atracsys"
    },
    "pose": {
        "position": {
            "x": 0.11734113311767579,
            "y": -0.007082879066467285,
            "z": 1.0321822509765626
        },
        "orientation": {
            "x": -0.07083977304558577,
            "y": 0.352465654588676,
            "z": 0.9330051881682627,
            "w": 0.01584322383009687
        }
    }
}