{
    "header": {
        "seq": 32423,
        "stamp": {
            "secs": 1681165585,
            "nsecs": 138760308
        },
        "frame_id": "atracsys"
    },
    "pose": {
        "position": {
            "x": 0.11608932495117187,
            "y": -0.0245643367767334,
            "z": 0.995107421875
        },
        "orientation": {
            "x": -0.14368929442171616,
            "y": 0.15579565773601123,
            "z": 0.9766712724442004,
            "w": 0.03455901158048068
        }
    }
}