{
    "header": {
        "seq": 17225,
        "stamp": {
            "secs": 1681165432,
            "nsecs": 221540579
        },
        "frame_id": "atracsys"
    },
    "pose": {
        "position": {
            "x": 0.11184798431396485,
            "y": -0.004272438049316406,
            "z": 1.0373389892578124
        },
        "orientation": {
            "x": -0.061576200795524894,
            "y": 0.31490622954861736,
            "z": 0.9457100142604983,
            "w": 0.05172046997535106
        }
    }
}