{
    "header": {
        "seq": 15967,
        "stamp": {
            "secs": 1681165419,
            "nsecs": 558656255
        },
        "frame_id": "atracsys"
    },
    "pose": {
        "position": {
            "x": 0.11798171997070313,
            "y": -0.0006727840900421142,
            "z": 1.04260595703125
        },
        "orientation": {
            "x": -0.06899954926982393,
            "y": 0.3201456147098698,
            "z": 0.9447416301498527,
            "w": 0.014460285073259086
        }
    }
}