{
    "header": {
        "seq": 26235,
        "stamp": {
            "secs": 1681165522,
            "nsecs": 884718748
        },
        "frame_id": "atracsys"
    },
    "pose": {
        "position": {
            "x": 0.14200563049316406,
            "y": -0.020607229232788085,
            "z": 0.9526792602539063
        },
        "orientation": {
            "x": -0.13437868443535914,
            "y": 0.1741988972735444,
            "z": 0.9736217654743751,
            "w": 0.06047951018869445
        }
    }
}