{
    "header": {
        "seq": 9046,
        "stamp": {
            "secs": 1681165349,
            "nsecs": 859763172
        },
        "frame_id": "atracsys"
    },
    "pose": {
        "position": {
            "x": 0.17025247192382814,
            "y": -0.02227515983581543,
            "z": 0.9122351684570312
        },
        "orientation": {
            "x": -0.18706861264277624,
            "y": 0.12502370204551166,
            "z": 0.973785082611191,
            "w": -0.03342186372209095
        }
    }
}