{
    "header": {
        "seq": 21102,
        "stamp": {
            "secs": 1681165471,
            "nsecs": 236580946
        },
        "frame_id": "atracsys"
    },
    "pose": {
        "position": {
            "x": 0.09886000061035156,
            "y": -0.015016544342041017,
            "z": 0.9707033081054688
        },
        "orientation": {
            "x": -0.07204213673561506,
            "y": 0.11049311685688466,
            "z": 0.9894661456506351,
            "w": 0.059648539572182246
        }
    }
}