{
    "header": {
        "seq": 21323,
        "stamp": {
            "secs": 1681165473,
            "nsecs": 457464753
        },
        "frame_id": "atracsys"
    },
    "pose": {
        "position": {
            "x": 0.09112360382080079,
            "y": -0.017702407836914062,
            "z": 0.9630542602539063
        },
        "orientation": {
            "x": -0.04225543236562152,
            "y": 0.149943622659605,
            "z": 0.9863427045656349,
            "w": 0.05347389652397946
        }
    }
}