{
    "header": {
        "seq": 24794,
        "stamp": {
            "secs": 1681165508,
            "nsecs": 388997942
        },
        "frame_id": "atracsys"
    },
    "pose": {
        "position": {
            "x": 0.12941062927246094,
            "y": -0.01855032730102539,
            "z": 0.9580532836914063
        },
        "orientation": {
            "x": -0.17087442904206573,
            "y": 0.19339701922411856,
            "z": 0.9605366767752695,
            "w": 0.10377290120400093
        }
    }
}