{
    "header": {
        "seq": 26550,
        "stamp": {
            "secs": 1681165526,
            "nsecs": 51893400
        },
        "frame_id": "atracsys"
    },
    "pose": {
        "position": {
            "x": 0.18408378601074218,
            "y": 0.0006369785070419312,
            "z": 0.9765914306640625
        },
        "orientation": {
            "x": -0.236669678591493,
            "y": 0.10652507641847801,
            "z": 0.9650932113645754,
            "w": -0.03514206464406861
        }
    }
}