{
    "header": {
        "seq": 9545,
        "stamp": {
            "secs": 1681165354,
            "nsecs": 877718871
        },
        "frame_id": "atracsys"
    },
    "pose": {
        "position": {
            "x": 0.19396038818359376,
            "y": -0.008821682929992676,
            "z": 0.9089892578125001
        },
        "orientation": {
            "x": -0.2302632831080304,
            "y": 0.09356473556306913,
            "z": 0.9671000896027143,
            "w": -0.054239076335663584
        }
    }
}