{
    "header": {
        "seq": 20779,
        "stamp": {
            "secs": 1681165467,
            "nsecs": 985852348
        },
        "frame_id": "atracsys"
    },
    "pose": {
        "position": {
            "x": 0.09885493469238281,
            "y": -0.018795467376708983,
            "z": 0.9726024169921875
        },
        "orientation": {
            "x": -0.10367303000350837,
            "y": 0.12002472081441881,
            "z": 0.9836462824158081,
            "w": 0.085357836973958
        }
    }
}