{
    "header": {
        "seq": 14762,
        "stamp": {
            "secs": 1681165407,
            "nsecs": 442231753
        },
        "frame_id": "atracsys"
    },
    "pose": {
        "position": {
            "x": 0.13699671936035157,
            "y": 0.00815256118774414,
            "z": 1.0310916748046874
        },
        "orientation": {
            "x": -0.09488623391691142,
            "y": 0.2600492869953459,
            "z": 0.9577538971218852,
            "w": -0.07796437323623336
        }
    }
}