{
    "header": {
        "seq": 24328,
        "stamp": {
            "secs": 1681165503,
            "nsecs": 699442993
        },
        "frame_id": "atracsys"
    },
    "pose": {
        "position": {
            "x": 0.11672360992431641,
            "y": -0.017420013427734374,
            "z": 0.9571099243164063
        },
        "orientation": {
            "x": -0.19648667338361345,
            "y": 0.13563402079329576,
            "z": 0.9574038996372057,
            "w": 0.16240127014760744
        }
    }
}