{
    "header": {
        "seq": 33563,
        "stamp": {
            "secs": 1681165596,
            "nsecs": 610397436
        },
        "frame_id": "atracsys"
    },
    "pose": {
        "position": {
            "x": 0.10059330749511719,
            "y": -0.02158936882019043,
            "z": 0.9745665283203125
        },
        "orientation": {
            "x": -0.10875608627440264,
            "y": 0.18228944641839231,
            "z": 0.9741104255870479,
            "w": 0.07779171026125721
        }
    }
}