{
    "header": {
        "seq": 27087,
        "stamp": {
            "secs": 1681165531,
            "nsecs": 454820912
        },
        "frame_id": "atracsys"
    },
    "pose": {
        "position": {
            "x": 0.14916537475585936,
            "y": -0.01958487892150879,
            "z": 0.9526612548828125
        },
        "orientation": {
            "x": -0.1439818932465884,
            "y": 0.21754047932475962,
            "z": 0.9652122983834072,
            "w": 0.017623090583171765
        }
    }
}