{
    "header": {
        "seq": 14865,
        "stamp": {
            "secs": 1681165408,
            "nsecs": 478032317
        },
        "frame_id": "atracsys"
    },
    "pose": {
        "position": {
            "x": 0.13170230102539063,
            "y": 0.010943492889404298,
            "z": 1.035802490234375
        },
        "orientation": {
            "x": -0.03277053520044556,
            "y": 0.28643775876559413,
            "z": 0.9553296334088929,
            "w": -0.06499841464874354
        }
    }
}