{
    "header": {
        "seq": 22387,
        "stamp": {
            "secs": 1681165484,
            "nsecs": 168051010
        },
        "frame_id": "atracsys"
    },
    "pose": {
        "position": {
            "x": 0.0989609603881836,
            "y": -0.020271955490112306,
            "z": 0.9631729125976562
        },
        "orientation": {
            "x": -0.10231934031328027,
            "y": 0.19055207930362983,
            "z": 0.9728072036569659,
            "w": 0.08286617032319599
        }
    }
}