{
    "header": {
        "seq": 3875,
        "stamp": {
            "secs": 1681165261,
            "nsecs": 805494929
        },
        "frame_id": "atracsys"
    },
    "pose": {
        "position": {
            "x": 0.3430820617675781,
            "y": -0.05796015548706055,
            "z": 0.86839892578125
        },
        "orientation": {
            "x": 0.12197716114912488,
            "y": 0.18484267809738897,
            "z": 0.974576515168549,
            "w": 0.033990772184703456
        }
    }
}