{
    "header": {
        "seq": 10992,
        "stamp": {
            "secs": 1681165369,
            "nsecs": 442077396
        },
        "frame_id": "atracsys"
    },
    "pose": {
        "position": {
            "x": 0.22110610961914062,
            "y": 0.0076142878532409666,
            "z": 0.9495563354492188
        },
        "orientation": {
            "x": -0.22600726736266644,
            "y": -0.0017411012100795817,
            "z": 0.9610294435569235,
            "w": -0.1591857163268942
        }
    }
}