{
    "header": {
        "seq": 28164,
        "stamp": {
            "secs": 1681165542,
            "nsecs": 287758320
        },
        "frame_id": "atracsys"
    },
    "pose": {
        "position": {
            "x": 0.1679010009765625,
            "y": -0.01403346061706543,
            "z": 0.9394650268554687
        },
        "orientation": {
            "x": -0.16509227192052336,
            "y": 0.24212195378585452,
            "z": 0.9554022589071987,
            "w": -0.036442076258944384
        }
    }
}