{
    "header": {
        "seq": 18493,
        "stamp": {
            "secs": 1681165444,
            "nsecs": 979665896
        },
        "frame_id": "atracsys"
    },
    "pose": {
        "position": {
            "x": 0.10673186492919923,
            "y": -0.024752407073974608,
            "z": 0.9787078857421875
        },
        "orientation": {
            "x": -0.12438845760396687,
            "y": 0.16074923145499279,
            "z": 0.9765221611193392,
            "w": 0.07135590406091781
        }
    }
}