{
    "header": {
        "seq": 4354,
        "stamp": {
            "secs": 1681165266,
            "nsecs": 623540836
        },
        "frame_id": "atracsys"
    },
    "pose": {
        "position": {
            "x": 0.363366455078125,
            "y": -0.05386174392700195,
            "z": 0.8510623168945313
        },
        "orientation": {
            "x": 0.08676375129658327,
            "y": 0.18118869768096477,
            "z": 0.9794818104412779,
            "w": 0.016065189332757343
        }
    }
}