{
    "header": {
        "seq": 11368,
        "stamp": {
            "secs": 1681165373,
            "nsecs": 227126824
        },
        "frame_id": "atracsys"
    },
    "pose": {
        "position": {
            "x": 0.2155665283203125,
            "y": 0.006542757034301758,
            "z": 0.9664718627929688
        },
        "orientation": {
            "x": -0.2131221002928777,
            "y": 0.012700181123850152,
            "z": 0.9620156673688588,
            "w": -0.17012798565498635
        }
    }
}