{
    "header": {
        "seq": 13219,
        "stamp": {
            "secs": 1681165391,
            "nsecs": 889851743
        },
        "frame_id": "atracsys"
    },
    "pose": {
        "position": {
            "x": 0.13254690551757814,
            "y": 0.003192321538925171,
            "z": 1.0237420654296876
        },
        "orientation": {
            "x": -0.08421780166541047,
            "y": 0.2183668151962755,
            "z": 0.9718915927315073,
            "w": -0.025495644363210796
        }
    }
}