{
    "header": {
        "seq": 24733,
        "stamp": {
            "secs": 1681165507,
            "nsecs": 774110446
        },
        "frame_id": "atracsys"
    },
    "pose": {
        "position": {
            "x": 0.12183544921875,
            "y": -0.02002155303955078,
            "z": 0.9545682373046875
        },
        "orientation": {
            "x": -0.15408239344611183,
            "y": 0.20892337874320618,
            "z": 0.9594139566824421,
            "w": 0.11015669551771017
        }
    }
}