{
    "header": {
        "seq": 26082,
        "stamp": {
            "secs": 1681165521,
            "nsecs": 344326367
        },
        "frame_id": "atracsys"
    },
    "pose": {
        "position": {
            "x": 0.13364512634277345,
            "y": -0.020619998931884768,
            "z": 0.9482653808593751
        },
        "orientation": {
            "x": -0.1343746261562446,
            "y": 0.23959602136097596,
            "z": 0.9601629975703075,
            "w": 0.051227185069667516
        }
    }
}