{
    "header": {
        "seq": 25776,
        "stamp": {
            "secs": 1681165518,
            "nsecs": 266671103
        },
        "frame_id": "atracsys"
    },
    "pose": {
        "position": {
            "x": 0.12707870483398437,
            "y": -0.020717241287231444,
            "z": 0.9503848266601562
        },
        "orientation": {
            "x": -0.1384663598741977,
            "y": 0.23376018759145947,
            "z": 0.9594214497664296,
            "w": 0.07545676648569946
        }
    }
}