{
    "header": {
        "seq": 4187,
        "stamp": {
            "secs": 1681165264,
            "nsecs": 945924807
        },
        "frame_id": "atracsys"
    },
    "pose": {
        "position": {
            "x": 0.35335720825195316,
            "y": -0.05648139953613281,
            "z": 0.8579069213867188
        },
        "orientation": {
            "x": 0.10802538169899314,
            "y": 0.18250950761934306,
            "z": 0.97668391321347,
            "w": 0.0333066090641892
        }
    }
}