{
    "header": {
        "seq": 27342,
        "stamp": {
            "secs": 1681165534,
            "nsecs": 19033764
        },
        "frame_id": "atracsys"
    },
    "pose": {
        "position": {
            "x": 0.15032846069335937,
            "y": -0.017703632354736328,
            "z": 0.940853759765625
        },
        "orientation": {
            "x": -0.14786979770224365,
            "y": 0.24537247139304313,
            "z": 0.9580767328906533,
            "w": 0.003980842064142059
        }
    }
}