{
    "header": {
        "seq": 21187,
        "stamp": {
            "secs": 1681165472,
            "nsecs": 90392287
        },
        "frame_id": "atracsys"
    },
    "pose": {
        "position": {
            "x": 0.09689849853515625,
            "y": -0.018967010498046874,
            "z": 0.9718556518554687
        },
        "orientation": {
            "x": -0.0727171665687462,
            "y": 0.13325337824919403,
            "z": 0.9866547935941667,
            "w": 0.05889031456056739
        }
    }
}