{
    "header": {
        "seq": 37701,
        "stamp": {
            "secs": 1681165638,
            "nsecs": 324189579
        },
        "frame_id": "atracsys"
    },
    "pose": {
        "position": {
            "x": 0.16551142883300782,
            "y": -0.005864603996276856,
            "z": 0.9779794921875
        },
        "orientation": {
            "x": -0.139884583494861,
            "y": 0.15554086734965636,
            "z": 0.9568069033991746,
            "w": -0.2018907910041183
        }
    }
}