{
    "header": {
        "seq": 30863,
        "stamp": {
            "secs": 1681165569,
            "nsecs": 440111796
        },
        "frame_id": "atracsys"
    },
    "pose": {
        "position": {
            "x": 0.19208396911621095,
            "y": 0.0036875596046447756,
            "z": 0.9843141479492188
        },
        "orientation": {
            "x": -0.23901334821658352,
            "y": 0.14027053445574963,
            "z": 0.9577537444545802,
            "w": -0.07684114471445273
        }
    }
}