{
    "header": {
        "seq": 32521,
        "stamp": {
            "secs": 1681165586,
            "nsecs": 123863642
        },
        "frame_id": "atracsys"
    },
    "pose": {
        "position": {
            "x": 0.1308204345703125,
            "y": -0.022882095336914064,
            "z": 0.9909653930664063
        },
        "orientation": {
            "x": -0.17261639400284315,
            "y": 0.16221497522412878,
            "z": 0.9712133066368221,
            "w": 0.025191175956291258
        }
    }
}