{
    "header": {
        "seq": 24856,
        "stamp": {
            "secs": 1681165509,
            "nsecs": 12929433
        },
        "frame_id": "atracsys"
    },
    "pose": {
        "position": {
            "x": 0.13777589416503908,
            "y": -0.018323781967163087,
            "z": 0.9632931518554688
        },
        "orientation": {
            "x": -0.1806291673545929,
            "y": 0.1883890843424752,
            "z": 0.9616344561855479,
            "w": 0.08450934550755894
        }
    }
}