{
    "header": {
        "seq": 30659,
        "stamp": {
            "secs": 1681165567,
            "nsecs": 386370798
        },
        "frame_id": "atracsys"
    },
    "pose": {
        "position": {
            "x": 0.19504351806640624,
            "y": 0.0066052784919738775,
            "z": 0.9825735473632813
        },
        "orientation": {
            "x": -0.26533007410149856,
            "y": 0.14575048423174447,
            "z": 0.9496586328687499,
            "w": -0.08065500072135705
        }
    }
}