{
    "header": {
        "seq": 22064,
        "stamp": {
            "secs": 1681165480,
            "nsecs": 917200541
        },
        "frame_id": "atracsys"
    },
    "pose": {
        "position": {
            "x": 0.10601221466064453,
            "y": -0.022381235122680664,
            "z": 0.968859375
        },
        "orientation": {
            "x": -0.11225867564738701,
            "y": 0.1804288928482467,
            "z": 0.9747723006257715,
            "w": 0.06828152239216269
        }
    }
}