{
    "header": {
        "seq": 30174,
        "stamp": {
            "secs": 1681165562,
            "nsecs": 508747173
        },
        "frame_id": "atracsys"
    },
    "pose": {
        "position": {
            "x": 0.18046858215332032,
            "y": -0.01000925636291504,
            "z": 0.9746846923828125
        },
        "orientation": {
            "x": -0.1955920293796316,
            "y": 0.20375734327016234,
            "z": 0.9568586600997379,
            "w": -0.06817776542815684
        }
    }
}