{
    "header": {
        "seq": 37155,
        "stamp": {
            "secs": 1681165632,
            "nsecs": 807717057
        },
        "frame_id": "atracsys"
    },
    "pose": {
        "position": {
            "x": 0.19016365051269532,
            "y": 0.0002055409848690033,
            "z": 0.9507537841796875
        },
        "orientation": {
            "x": -0.11428980003640808,
            "y": -0.009807584275968487,
            "z": 0.9438079111591892,
            "w": -0.30994883405432544
        }
    }
}