{
    "header": {
        "seq": 1589,
        "stamp": {
            "secs": 1681165237,
            "nsecs": 790441484
        },
        "frame_id": "atracsys"
    },
    "pose": {
        "position": {
            "x": 0.2933803405761719,
            "y": -0.05633263397216797,
            "z": 0.8804403686523438
        },
        "orientation": {
            "x": -0.023070538134118895,
            "y": 0.22937489484302115,
            "z": 0.9699677730709277,
            "w": 0.07757207674015329
        }
    }
}