{
    "header": {
        "seq": 10463,
        "stamp": {
            "secs": 1681165364,
            "nsecs": 116573767
        },
        "frame_id": "atracsys"
    },
    "pose": {
        "position": {
            "x": 0.225275146484375,
            "y": 0.009091547012329101,
            "z": 0.92897314453125
        },
        "orientation": {
            "x": -0.2452371777374253,
            "y": 0.007926442702568731,
            "z": 0.9589217543797416,
            "w": -0.14235507415875245
        }
    }
}