{
    "header": {
        "seq": 25606,
        "stamp": {
            "secs": 1681165516,
            "nsecs": 559205929
        },
        "frame_id": "atracsys"
    },
    "pose": {
        "position": {
            "x": 0.1452857208251953,
            "y": -0.019991167068481447,
            "z": 0.9607396240234375
        },
        "orientation": {
            "x": -0.15645702665070008,
            "y": 0.18035831932347518,
            "z": 0.9695917011333081,
            "w": 0.05370296598746966
        }
    }
}