{
    "header": {
        "seq": 18263,
        "stamp": {
            "secs": 1681165442,
            "nsecs": 666235036
        },
        "frame_id": "atracsys"
    },
    "pose": {
        "position": {
            "x": 0.10555522918701173,
            "y": -0.024317852020263674,
            "z": 0.9731675415039063
        },
        "orientation": {
            "x": -0.12814617981545864,
            "y": 0.16334262466677088,
            "z": 0.9758362250245816,
            "w": 0.06812786137439487
        }
    }
}