{
    "header": {
        "seq": 33421,
        "stamp": {
            "secs": 1681165595,
            "nsecs": 180663409
        },
        "frame_id": "atracsys"
    },
    "pose": {
        "position": {
            "x": 0.09566433715820313,
            "y": -0.02053084182739258,
            "z": 0.9695414428710938
        },
        "orientation": {
            "x": -0.10395161893329652,
            "y": 0.16930758596613055,
            "z": 0.975512300420745,
            "w": 0.0943650040178791
        }
    }
}