{
    "header": {
        "seq": 11648,
        "stamp": {
            "secs": 1681165376,
            "nsecs": 48065852
        },
        "frame_id": "atracsys"
    },
    "pose": {
        "position": {
            "x": 0.19727188110351562,
            "y": 0.0026768972873687743,
            "z": 0.982373291015625
        },
        "orientation": {
            "x": -0.1862741289384008,
            "y": 0.03326102381431259,
            "z": 0.9704537098280458,
            "w": -0.1497172343587964
        }
    }
}