{
    "header": {
        "seq": 11775,
        "stamp": {
            "secs": 1681165377,
            "nsecs": 328590570
        },
        "frame_id": "atracsys"
    },
    "pose": {
        "position": {
            "x": 0.2008423309326172,
            "y": 0.0027477240562438967,
            "z": 0.981265380859375
        },
        "orientation": {
            "x": -0.20383462314202166,
            "y": 0.04329740569337697,
            "z": 0.9677273198879336,
            "w": -0.14170608812358865
        }
    }
}