{
    "header": {
        "seq": 26805,
        "stamp": {
            "secs": 1681165528,
            "nsecs": 615987872
        },
        "frame_id": "atracsys"
    },
    "pose": {
        "position": {
            "x": 0.1676956787109375,
            "y": -0.01289314365386963,
            "z": 0.966732666015625
        },
        "orientation": {
            "x": -0.1896061737131338,
            "y": 0.14625501460550305,
            "z": 0.9708675351154794,
            "w": 0.008671727129154242
        }
    }
}