{
    "header": {
        "seq": 8428,
        "stamp": {
            "secs": 1681165343,
            "nsecs": 644907048
        },
        "frame_id": "atracsys"
    },
    "pose": {
        "position": {
            "x": 0.13707618713378908,
            "y": -0.029043514251708986,
            "z": 0.9331083374023438
        },
        "orientation": {
            "x": -0.18739153706247333,
            "y": 0.14339067725488414,
            "z": 0.9717395766501981,
            "w": -0.006761707287610433
        }
    }
}