{
    "header": {
        "seq": 19353,
        "stamp": {
            "secs": 1681165453,
            "nsecs": 636541561
        },
        "frame_id": "atracsys"
    },
    "pose": {
        "position": {
            "x": 0.1317880096435547,
            "y": -0.02395717239379883,
            "z": 0.9778292846679688
        },
        "orientation": {
            "x": -0.17048706547126471,
            "y": 0.13780606475965482,
            "z": 0.9744005445117241,
            "w": 0.049872115231965775
        }
    }
}