{
    "header": {
        "seq": 30196,
        "stamp": {
            "secs": 1681165562,
            "nsecs": 729757419
        },
        "frame_id": "atracsys"
    },
    "pose": {
        "position": {
            "x": 0.18337547302246093,
            "y": -0.008160086631774902,
            "z": 0.9758001708984375
        },
        "orientation": {
            "x": -0.2134710724618779,
            "y": 0.19611945194442876,
            "z": 0.9546218007494157,
            "w": -0.06829699352779353
        }
    }
}