{
    "header": {
        "seq": 21696,
        "stamp": {
            "secs": 1681165477,
            "nsecs": 212700342
        },
        "frame_id": "atracsys"
    },
    "pose": {
        "position": {
            "x": 0.10181703948974609,
            "y": -0.020608602523803712,
            "z": 0.9686626586914062
        },
        "orientation": {
            "x": -0.08671931703730969,
            "y": 0.17320334117122588,
            "z": 0.9797508132237398,
            "w": 0.050682409642078256
        }
    }
}