{
    "header": {
        "seq": 20630,
        "stamp": {
            "secs": 1681165466,
            "nsecs": 487389720
        },
        "frame_id": "atracsys"
    },
    "pose": {
        "position": {
            "x": 0.09537815856933594,
            "y": -0.016146291732788087,
            "z": 0.9750264892578125
        },
        "orientation": {
            "x": -0.08722906516848762,
            "y": 0.1132659088114192,
            "z": 0.9869868080184456,
            "w": 0.07361361890652408
        }
    }
}