{
    "header": {
        "seq": 26918,
        "stamp": {
            "secs": 1681165529,
            "nsecs": 753303849
        },
        "frame_id": "atracsys"
    },
    "pose": {
        "position": {
            "x": 0.15891795349121093,
            "y": -0.018385446548461915,
            "z": 0.9599046020507813
        },
        "orientation": {
            "x": -0.15363216304309574,
            "y": 0.16841124690633408,
            "z": 0.9735573439124662,
            "w": 0.014862991228473305
        }
    }
}