{
    "header": {
        "seq": 14591,
        "stamp": {
            "secs": 1681165405,
            "nsecs": 713841456
        },
        "frame_id": "atracsys"
    },
    "pose": {
        "position": {
            "x": 0.131408447265625,
            "y": 0.007174198627471924,
            "z": 1.02604833984375
        },
        "orientation": {
            "x": -0.07759242666137417,
            "y": 0.23450757160100705,
            "z": 0.9677361960030056,
            "w": -0.04972191802646052
        }
    }
}