{
    "header": {
        "seq": 14524,
        "stamp": {
            "secs": 1681165405,
            "nsecs": 39260921
        },
        "frame_id": "atracsys"
    },
    "pose": {
        "position": {
            "x": 0.12824884033203127,
            "y": 0.007546825885772705,
            "z": 1.0243179931640625
        },
        "orientation": {
            "x": -0.07052018670588352,
            "y": 0.22095744182687732,
            "z": 0.9719772143220549,
            "w": -0.03827540995244734
        }
    }
}