{
    "header": {
        "seq": 15851,
        "stamp": {
            "secs": 1681165418,
            "nsecs": 394563302
        },
        "frame_id": "atracsys"
    },
    "pose": {
        "position": {
            "x": 0.12055277252197266,
            "y": -0.00046373829245567323,
            "z": 1.0416153564453126
        },
        "orientation": {
            "x": -0.08566189966843346,
            "y": 0.325493531164476,
            "z": 0.9415439801201068,
            "w": 0.01452355379593574
        }
    }
}