{
    "header": {
        "seq": 31634,
        "stamp": {
            "secs": 1681165577,
            "nsecs": 198369815
        },
        "frame_id": "atracsys"
    },
    "pose": {
        "position": {
            "x": 0.17047743225097656,
            "y": -0.003273522615432739,
            "z": 0.9910684204101563
        },
        "orientation": {
            "x": -0.23367770059286916,
            "y": 0.11297874362776943,
            "z": 0.9651400693888612,
            "w": -0.03369246494373184
        }
    }
}