{
    "header": {
        "seq": 3698,
        "stamp": {
            "secs": 1681165260,
            "nsecs": 26438612
        },
        "frame_id": "atracsys"
    },
    "pose": {
        "position": {
            "x": 0.3361598815917969,
            "y": -0.05824071502685547,
            "z": 0.8730220336914063
        },
        "orientation": {
            "x": 0.13533141490290537,
            "y": 0.1831220087113412,
            "z": 0.9730515151563478,
            "w": 0.036366013224397406
        }
    }
}