{
    "header": {
        "seq": 12792,
        "stamp": {
            "secs": 1681165387,
            "nsecs": 591407239
        },
        "frame_id": "atracsys"
    },
    "pose": {
        "position": {
            "x": 0.13527365112304687,
            "y": 0.0033260180950164795,
            "z": 1.0244384765625
        },
        "orientation": {
            "x": -0.07899242566800059,
            "y": 0.2273348373934331,
            "z": 0.9692765797654395,
            "w": -0.050813190340682546
        }
    }
}