{
    "header": {
        "seq": 8407,
        "stamp": {
            "secs": 1681165343,
            "nsecs": 432955237
        },
        "frame_id": "atracsys"
    },
    "pose": {
        "position": {
            "x": 0.13721612548828124,
            "y": -0.028594139099121094,
            "z": 0.9335065307617187
        },
        "orientation": {
            "x": -0.1889132551463131,
            "y": 0.13781380660330625,
            "z": 0.9722462267671591,
            "w": -0.007510744074490511
        }
    }
}