{
    "header": {
        "seq": 25043,
        "stamp": {
            "secs": 1681165510,
            "nsecs": 893504522
        },
        "frame_id": "atracsys"
    },
    "pose": {
        "position": {
            "x": 0.15485302734375,
            "y": -0.010682372093200684,
            "z": 0.9699251098632813
        },
        "orientation": {
            "x": -0.22570599233015484,
            "y": 0.13654872533153065,
            "z": 0.9627713834875644,
            "w": 0.05901282719914035
        }
    }
}