{
    "header": {
        "seq": 19750,
        "stamp": {
            "secs": 1681165457,
            "nsecs": 633515573
        },
        "frame_id": "atracsys"
    },
    "pose": {
        "position": {
            "x": 0.13138372802734374,
            "y": -0.024537342071533203,
            "z": 0.9668800048828126
        },
        "orientation": {
            "x": -0.1537670661441419,
            "y": 0.15595760595519245,
            "z": 0.974384219988277,
            "w": 0.0510715806685619
        }
    }
}