{
    "header": {
        "seq": 22173,
        "stamp": {
            "secs": 1681165482,
            "nsecs": 15814424
        },
        "frame_id": "atracsys"
    },
    "pose": {
        "position": {
            "x": 0.08946772766113281,
            "y": -0.01909929084777832,
            "z": 0.9615950317382813
        },
        "orientation": {
            "x": -0.06633818872463101,
            "y": 0.18608394896481809,
            "z": 0.9769569913663968,
            "w": 0.0807901335232984
        }
    }
}