{
    "header": {
        "seq": 25732,
        "stamp": {
            "secs": 1681165517,
            "nsecs": 825000536
        },
        "frame_id": "atracsys"
    },
    "pose": {
        "position": {
            "x": 0.13013729858398437,
            "y": -0.02067373275756836,
            "z": 0.9520610351562501
        },
        "orientation": {
            "x": -0.14309349191842705,
            "y": 0.22473664526023598,
            "z": 0.9609765284695002,
            "w": 0.0744432977404537
        }
    }
}