{
    "header": {
        "seq": 37757,
        "stamp": {
            "secs": 1681165638,
            "nsecs": 888339757
        },
        "frame_id": "atracsys"
    },
    "pose": {
        "position": {
            "x": 0.16889208984375,
            "y": -0.002583643913269043,
            "z": 0.957639892578125
        },
        "orientation": {
            "x": -0.08888627800418397,
            "y": 0.05386051034358086,
            "z": 0.9726793692659135,
            "w": -0.20758882342880783
        }
    }
}