{
    "header": {
        "seq": 34204,
        "stamp": {
            "secs": 1681165603,
            "nsecs": 61209317
        },
        "frame_id": "atracsys"
    },
    "pose": {
        "position": {
            "x": 0.0907087173461914,
            "y": 0.01700169563293457,
            "z": 1.021577392578125
        },
        "orientation": {
            "x": -0.12917193161201224,
            "y": 0.23063476278333425,
            "z": 0.9642950750225485,
            "w": 0.01603828440807228
        }
    }
}