{
    "header": {
        "seq": 34317,
        "stamp": {
            "secs": 1681165604,
            "nsecs": 198466066
        },
        "frame_id": "atracsys"
    },
    "pose": {
        "position": {
            "x": 0.08803284454345703,
            "y": 0.017472524642944336,
            "z": 1.0182136840820313
        },
        "orientation": {
            "x": -0.11617679342886522,
            "y": 0.2381570233922573,
            "z": 0.9642210734093725,
            "w": 0.007868066522612967
        }
    }
}