{
    "header": {
        "seq": 26863,
        "stamp": {
            "secs": 1681165529,
            "nsecs": 201060122
        },
        "frame_id": "atracsys"
    },
    "pose": {
        "position": {
            "x": 0.16273892211914062,
            "y": -0.016286216735839843,
            "z": 0.9622041625976563
        },
        "orientation": {
            "x": -0.16697954549763755,
            "y": 0.16199629991245051,
            "z": 0.9725197310711194,
            "w": 0.008966765160048606
        }
    }
}