{
    "header": {
        "seq": 29425,
        "stamp": {
            "secs": 1681165554,
            "nsecs": 974371415
        },
        "frame_id": "atracsys"
    },
    "pose": {
        "position": {
            "x": 0.20277929687500001,
            "y": 0.008486306190490723,
            "z": 0.9614342041015626
        },
        "orientation": {
            "x": -0.2712200638417178,
            "y": 0.14207235082826178,
            "z": 0.9486045243948384,
            "w": -0.08002862236392726
        }
    }
}