{
    "header": {
        "seq": 18905,
        "stamp": {
            "secs": 1681165449,
            "nsecs": 123073963
        },
        "frame_id": "atracsys"
    },
    "pose": {
        "position": {
            "x": 0.11089632415771485,
            "y": -0.02478026008605957,
            "z": 0.987213134765625
        },
        "orientation": {
            "x": -0.13910626733743667,
            "y": 0.12748715553597564,
            "z": 0.9791455686217372,
            "w": 0.07530223774368644
        }
    }
}