{
    "header": {
        "seq": 13065,
        "stamp": {
            "secs": 1681165390,
            "nsecs": 337632035
        },
        "frame_id": "atracsys"
    },
    "pose": {
        "position": {
            "x": 0.13915316772460937,
            "y": 0.0023703858852386476,
            "z": 1.026208740234375
        },
        "orientation": {
            "x": -0.10118179718832529,
            "y": 0.23028144344639248,
            "z": 0.9671187611178332,
            "w": -0.03760322613678207
        }
    }
}