{
    "header": {
        "seq": 22617,
        "stamp": {
            "secs": 1681165486,
            "nsecs": 487392101
        },
        "frame_id": "atracsys"
    },
    "pose": {
        "position": {
            "x": 0.09672496032714845,
            "y": -0.02017706298828125,
            "z": 0.9622465209960938
        },
        "orientation": {
            "x": -0.09931545387297734,
            "y": 0.18412963253350564,
            "z": 0.9726211439280297,
            "w": 0.1011969833009447
        }
    }
}