{
    "header": {
        "seq": 26459,
        "stamp": {
            "secs": 1681165525,
            "nsecs": 138373140
        },
        "frame_id": "atracsys"
    },
    "pose": {
        "position": {
            "x": 0.1661761474609375,
            "y": -0.008686318397521972,
            "z": 0.9709733276367187
        },
        "orientation": {
            "x": -0.20492027487817932,
            "y": 0.13053350775942865,
            "z": 0.9697664054520019,
            "w": 0.02284301102250465
        }
    }
}