{
    "header": {
        "seq": 38512,
        "stamp": {
            "secs": 1681165646,
            "nsecs": 485329785
        },
        "frame_id": "atracsys"
    },
    "pose": {
        "position": {
            "x": 0.18150660705566407,
            "y": -0.0022284584045410157,
            "z": 0.9696781616210938
        },
        "orientation": {
            "x": -0.10112217863969047,
            "y": 0.1043672181096984,
            "z": 0.9494564659271062,
            "w": -0.2782340886383533
        }
    }
}