{
    "header": {
        "seq": 30394,
        "stamp": {
            "secs": 1681165564,
            "nsecs": 720690335
        },
        "frame_id": "atracsys"
    },
    "pose": {
        "position": {
            "x": 0.17737770080566406,
            "y": -0.00982009792327881,
            "z": 0.9813236694335937
        },
        "orientation": {
            "x": -0.2158321571910787,
            "y": 0.1855171442369114,
            "z": 0.9570852212112769,
            "w": -0.054660300542420714
        }
    }
}