{
    "header": {
        "seq": 12911,
        "stamp": {
            "secs": 1681165388,
            "nsecs": 788376539
        },
        "frame_id": "atracsys"
    },
    "pose": {
        "position": {
            "x": 0.13549488830566406,
            "y": 0.007153987407684326,
            "z": 1.0212401733398437
        },
        "orientation": {
            "x": -0.0783025902376983,
            "y": 0.2076415340060033,
            "z": 0.9737080595725434,
            "w": -0.05144232149867679
        }
    }
}