{
    "header": {
        "seq": 4336,
        "stamp": {
            "secs": 1681165266,
            "nsecs": 444409335
        },
        "frame_id": "atracsys"
    },
    "pose": {
        "position": {
            "x": 0.3622433776855469,
            "y": -0.05428369140625,
            "z": 0.8514676513671875
        },
        "orientation": {
            "x": 0.09133901552618555,
            "y": 0.18091935941290177,
            "z": 0.9791102900747946,
            "w": 0.016383207927143553
        }
    }
}