{
    "header": {
        "seq": 27362,
        "stamp": {
            "secs": 1681165534,
            "nsecs": 219038334
        },
        "frame_id": "atracsys"
    },
    "pose": {
        "position": {
            "x": 0.15039735412597657,
            "y": -0.01753001594543457,
            "z": 0.9418729858398438
        },
        "orientation": {
            "x": -0.15325513148513387,
            "y": 0.24628506110893436,
            "z": 0.9569974825322587,
            "w": 0.0035145092064147324
        }
    }
}