{
    "header": {
        "seq": 35850,
        "stamp": {
            "secs": 1681165619,
            "nsecs": 628465730
        },
        "frame_id": "atracsys"
    },
    "pose": {
        "position": {
            "x": 0.09093798065185547,
            "y": 0.014489489555358887,
            "z": 1.0200764770507813
        },
        "orientation": {
            "x": -0.1536838402343949,
            "y": 0.20730879060119067,
            "z": 0.9645539433670314,
            "w": 0.0551364935899109
        }
    }
}