{
    "header": {
        "seq": 20571,
        "stamp": {
            "secs": 1681165465,
            "nsecs": 893356843
        },
        "frame_id": "atracsys"
    },
    "pose": {
        "position": {
            "x": 0.0929406967163086,
            "y": -0.016673463821411133,
            "z": 0.9736774291992187
        },
        "orientation": {
            "x": -0.07998693002123074,
            "y": 0.11447591436272347,
            "z": 0.9874730661507062,
            "w": 0.07344589630142886
        }
    }
}