{
    "header": {
        "seq": 21798,
        "stamp": {
            "secs": 1681165478,
            "nsecs": 239669587
        },
        "frame_id": "atracsys"
    },
    "pose": {
        "position": {
            "x": 0.09872226715087891,
            "y": -0.020265281677246096,
            "z": 0.9663353271484375
        },
        "orientation": {
            "x": -0.09366401643035048,
            "y": 0.17309432408334183,
            "z": 0.9782800848991584,
            "w": 0.0650652171744745
        }
    }
}