{
    "header": {
        "seq": 3756,
        "stamp": {
            "secs": 1681165260,
            "nsecs": 608570883
        },
        "frame_id": "atracsys"
    },
    "pose": {
        "position": {
            "x": 0.3383580322265625,
            "y": -0.05817435455322266,
            "z": 0.8705203857421875
        },
        "orientation": {
            "x": 0.13332930567176302,
            "y": 0.18456974892453062,
            "z": 0.9731881788144393,
            "w": 0.03258945606873859
        }
    }
}