{
    "header": {
        "seq": 37021,
        "stamp": {
            "secs": 1681165631,
            "nsecs": 416700954
        },
        "frame_id": "atracsys"
    },
    "pose": {
        "position": {
            "x": 0.15291639709472657,
            "y": -0.011334708213806152,
            "z": 0.9908748168945313
        },
        "orientation": {
            "x": -0.18702110495163796,
            "y": 0.22147582208766917,
            "z": 0.9427908557094794,
            "w": -0.164672307701833
        }
    }
}