{
    "header": {
        "seq": 24835,
        "stamp": {
            "secs": 1681165508,
            "nsecs": 800949672
        },
        "frame_id": "atracsys"
    },
    "pose": {
        "position": {
            "x": 0.13479965209960937,
            "y": -0.018853900909423828,
            "z": 0.9618223876953125
        },
        "orientation": {
            "x": -0.17617527741219932,
            "y": 0.18977544077458197,
            "z": 0.9615269586177915,
            "w": 0.09172492332385854
        }
    }
}