{
    "header": {
        "seq": 25463,
        "stamp": {
            "secs": 1681165515,
            "nsecs": 120510243
        },
        "frame_id": "atracsys"
    },
    "pose": {
        "position": {
            "x": 0.1682960968017578,
            "y": -0.009300949096679688,
            "z": 0.9684902954101563
        },
        "orientation": {
            "x": -0.224861891454956,
            "y": 0.11043425954864812,
            "z": 0.9680429851859782,
            "w": 0.011583735211988374
        }
    }
}