{
    "header": {
        "seq": 11753,
        "stamp": {
            "secs": 1681165377,
            "nsecs": 104808297
        },
        "frame_id": "atracsys"
    },
    "pose": {
        "position": {
            "x": 0.20142550659179687,
            "y": 0.0035160140991210937,
            "z": 0.9817218627929688
        },
        "orientation": {
            "x": -0.1999371655532671,
            "y": 0.04093370158205545,
            "z": 0.9678789544698124,
            "w": -0.14683286893519262
        }
    }
}