{
    "header": {
        "seq": 8493,
        "stamp": {
            "secs": 1681165344,
            "nsecs": 298626821
        },
        "frame_id": "atracsys"
    },
    "pose": {
        "position": {
            "x": 0.1406311492919922,
            "y": -0.028578115463256837,
            "z": 0.9298524169921876
        },
        "orientation": {
            "x": -0.18736696166655137,
            "y": 0.1411048404318447,
            "z": 0.9720622766001404,
            "w": -0.00883040732361735
        }
    }
}