{
    "header": {
        "seq": 10301,
        "stamp": {
            "secs": 1681165362,
            "nsecs": 486712414
        },
        "frame_id": "atracsys"
    },
    "pose": {
        "position": {
            "x": 0.22672720336914062,
            "y": 0.008327383041381836,
            "z": 0.9224437866210937
        },
        "orientation": {
            "x": -0.25328473239737953,
            "y": 0.018958954463167803,
            "z": 0.9564264677398651,
            "w": -0.14399935481347306
        }
    }
}