{
    "header": {
        "seq": 15123,
        "stamp": {
            "secs": 1681165411,
            "nsecs": 72189076
        },
        "frame_id": "atracsys"
    },
    "pose": {
        "position": {
            "x": 0.13710528564453126,
            "y": 0.008510423660278321,
            "z": 1.0398363037109375
        },
        "orientation": {
            "x": -0.08770110174936466,
            "y": 0.30493660994563787,
            "z": 0.9470076129451753,
            "w": -0.049987615373115836
        }
    }
}