{
    "header": {
        "seq": 28354,
        "stamp": {
            "secs": 1681165544,
            "nsecs": 201204796
        },
        "frame_id": "atracsys"
    },
    "pose": {
        "position": {
            "x": 0.19465235900878908,
            "y": -0.0012929288148880004,
            "z": 0.9401591796875001
        },
        "orientation": {
            "x": -0.25707148819568254,
            "y": 0.20385600454677624,
            "z": 0.941351671966985,
            "w": -0.07882898611579227
        }
    }
}