{
    "header": {
        "seq": 24752,
        "stamp": {
            "secs": 1681165507,
            "nsecs": 965246078
        },
        "frame_id": "atracsys"
    },
    "pose": {
        "position": {
            "x": 0.1239676284790039,
            "y": -0.019429927825927736,
            "z": 0.9551701049804687
        },
        "orientation": {
            "x": -0.157750783827279,
            "y": 0.2005346853487795,
            "z": 0.9607279722607757,
            "w": 0.1090976328324469
        }
    }
}