{
    "header": {
        "seq": 34583,
        "stamp": {
            "secs": 1681165606,
            "nsecs": 876100237
        },
        "frame_id": "atracsys"
    },
    "pose": {
        "position": {
            "x": 0.08778392791748046,
            "y": 0.017697568893432616,
            "z": 1.0146448364257812
        },
        "orientation": {
            "x": -0.10737025745717893,
            "y": 0.23491341789999812,
            "z": 0.9660209960523161,
            "w": 0.009526231689987596
        }
    }
}