{
    "header": {
        "seq": 35803,
        "stamp": {
            "secs": 1681165619,
            "nsecs": 153861562
        },
        "frame_id": "atracsys"
    },
    "pose": {
        "position": {
            "x": 0.10193754577636718,
            "y": 0.014790909767150879,
            "z": 1.0232702026367189
        },
        "orientation": {
            "x": -0.2078138778195049,
            "y": 0.22897964472795096,
            "z": 0.9496032476945873,
            "w": 0.051336015172332335
        }
    }
}