{
    "header": {
        "seq": 34112,
        "stamp": {
            "secs": 1681165602,
            "nsecs": 135886944
        },
        "frame_id": "atracsys"
    },
    "pose": {
        "position": {
            "x": 0.09574717712402343,
            "y": 0.01784407615661621,
            "z": 1.0245064697265625
        },
        "orientation": {
            "x": -0.15832724352906213,
            "y": 0.2395672879810206,
            "z": 0.9578182985056231,
            "w": 0.011140266320910185
        }
    }
}