{
    "header": {
        "seq": 22817,
        "stamp": {
            "secs": 1681165488,
            "nsecs": 496513149
        },
        "frame_id": "atracsys"
    },
    "pose": {
        "position": {
            "x": 0.0849769744873047,
            "y": -0.017973140716552736,
            "z": 0.9554533081054688
        },
        "orientation": {
            "x": -0.1054684454692313,
            "y": 0.19166847283178934,
            "z": 0.9626259763155337,
            "w": 0.15965848945546018
        }
    }
}