{
    "header": {
        "seq": 24243,
        "stamp": {
            "secs": 1681165502,
            "nsecs": 842756649
        },
        "frame_id": "atracsys"
    },
    "pose": {
        "position": {
            "x": 0.11503507995605469,
            "y": -0.017693572998046875,
            "z": 0.9553967285156251
        },
        "orientation": {
            "x": -0.18399833003544358,
            "y": 0.1789733834860492,
            "z": 0.9536874213521067,
            "w": 0.1568229731336991
        }
    }
}