{
    "header": {
        "seq": 28098,
        "stamp": {
            "secs": 1681165541,
            "nsecs": 625118343
        },
        "frame_id": "atracsys"
    },
    "pose": {
        "position": {
            "x": 0.15966500854492188,
            "y": -0.015460710525512695,
            "z": 0.9387468872070313
        },
        "orientation": {
            "x": -0.15177560108343086,
            "y": 0.24494135191387204,
            "z": 0.957514044068865,
            "w": -0.01160846455203875
        }
    }
}