{
    "header": {
        "seq": 15543,
        "stamp": {
            "secs": 1681165415,
            "nsecs": 296055086
        },
        "frame_id": "atracsys"
    },
    "pose": {
        "position": {
            "x": 0.13091690063476563,
            "y": 0.001946056127548218,
            "z": 1.0368856201171874
        },
        "orientation": {
            "x": -0.11874994394227041,
            "y": 0.32022538691507657,
            "z": 0.9397900870919711,
            "w": 0.012196089228205798
        }
    }
}