{
    "header": {
        "seq": 12724,
        "stamp": {
            "secs": 1681165386,
            "nsecs": 907721747
        },
        "frame_id": "atracsys"
    },
    "pose": {
        "position": {
            "x": 0.1309821319580078,
            "y": 0.00042664048075675965,
            "z": 1.0240836181640625
        },
        "orientation": {
            "x": -0.08343675166339574,
            "y": 0.23289661327459243,
            "z": 0.9686649363061678,
            "w": -0.022038991992688932
        }
    }
}