{
    "header": {
        "seq": 35164,
        "stamp": {
            "secs": 1681165612,
            "nsecs": 721006890
        },
        "frame_id": "atracsys"
    },
    "pose": {
        "position": {
            "x": 0.08517311096191406,
            "y": 0.02022243881225586,
            "z": 1.0078626708984375
        },
        "orientation": {
            "x": -0.11023427372496884,
            "y": 0.2460833731001061,
            "z": 0.9622012549806961,
            "w": 0.038211559685208646
        }
    }
}