{
    "header": {
        "seq": 11215,
        "stamp": {
            "secs": 1681165371,
            "nsecs": 686882364
        },
        "frame_id": "atracsys"
    },
    "pose": {
        "position": {
            "x": 0.21734376525878907,
            "y": 0.007000418663024903,
            "z": 0.95562255859375
        },
        "orientation": {
            "x": -0.22315935943846932,
            "y": 0.001122815750268179,
            "z": 0.9625102002764502,
            "w": -0.15418415594214288
        }
    }
}