{
    "header": {
        "seq": 28054,
        "stamp": {
            "secs": 1681165541,
            "nsecs": 183249657
        },
        "frame_id": "atracsys"
    },
    "pose": {
        "position": {
            "x": 0.15808013916015626,
            "y": -0.01614540481567383,
            "z": 0.9388467407226563
        },
        "orientation": {
            "x": -0.14587874983777752,
            "y": 0.2393581172621708,
            "z": 0.9599037329523683,
            "w": -0.0034504362890312983
        }
    }
}