{
    "header": {
        "seq": 7873,
        "stamp": {
            "secs": 1681165338,
            "nsecs": 62660220
        },
        "frame_id": "atracsys"
    },
    "pose": {
        "position": {
            "x": 0.11380915832519531,
            "y": -0.026287960052490233,
            "z": 0.945789794921875
        },
        "orientation": {
            "x": -0.15144535132754655,
            "y": 0.13927278184524372,
            "z": 0.9785382624555397,
            "w": 0.01141344421534175
        }
    }
}