{
    "header": {
        "seq": 22640,
        "stamp": {
            "secs": 1681165486,
            "nsecs": 717275086
        },
        "frame_id": "atracsys"
    },
    "pose": {
        "position": {
            "x": 0.09874598693847657,
            "y": -0.020954656600952148,
            "z": 0.9633070678710938
        },
        "orientation": {
            "x": -0.10990267609055872,
            "y": 0.17717044327634338,
            "z": 0.9726452722546186,
            "w": 0.10243637136357647
        }
    }
}