{
    "header": {
        "seq": 18200,
        "stamp": {
            "secs": 1681165442,
            "nsecs": 30479930
        },
        "frame_id": "atracsys"
    },
    "pose": {
        "position": {
            "x": 0.10465620422363281,
            "y": -0.02442780303955078,
            "z": 0.9710851440429688
        },
        "orientation": {
            "x": -0.12856894321327617,
            "y": 0.16480031189626096,
            "z": 0.975340910649419,
            "w": 0.0708589588794449
        }
    }
}