{
    "header": {
        "seq": 9021,
        "stamp": {
            "secs": 1681165349,
            "nsecs": 609024235
        },
        "frame_id": "atracsys"
    },
    "pose": {
        "position": {
            "x": 0.16864012145996093,
            "y": -0.02300089454650879,
            "z": 0.9127403564453125
        },
        "orientation": {
            "x": -0.18520409011876326,
            "y": 0.12650023201824293,
            "z": 0.9739725308581131,
            "w": -0.032781785132198475
        }
    }
}