{
    "header": {
        "seq": 11606,
        "stamp": {
            "secs": 1681165375,
            "nsecs": 624122759
        },
        "frame_id": "atracsys"
    },
    "pose": {
        "position": {
            "x": 0.2025338134765625,
            "y": 0.0031178920269012453,
            "z": 0.9789763793945313
        },
        "orientation": {
            "x": -0.1917229512802033,
            "y": 0.02737074954955697,
            "z": 0.9685509693614016,
            "w": -0.1562119450317214
        }
    }
}