{
    "header": {
        "seq": 27732,
        "stamp": {
            "secs": 1681165537,
            "nsecs": 944515259
        },
        "frame_id": "atracsys"
    },
    "pose": {
        "position": {
            "x": 0.15308612060546875,
            "y": -0.017452062606811525,
            "z": 0.9414739990234375
        },
        "orientation": {
            "x": -0.15040485031807155,
            "y": 0.24200136889666085,
            "z": 0.9585473667407296,
            "w": -0.0008149646336124049
        }
    }
}