{
    "header": {
        "seq": 28614,
        "stamp": {
            "secs": 1681165546,
            "nsecs": 819215714
        },
        "frame_id": "atracsys"
    },
    "pose": {
        "position": {
            "x": 0.1730719757080078,
            "y": -0.01443439769744873,
            "z": 0.9416421508789062
        },
        "orientation": {
            "x": -0.1329789353474021,
            "y": 0.23892804207869572,
            "z": 0.9599377287358939,
            "w": -0.061233572586333516
        }
    }
}