{
    "header": {
        "seq": 19690,
        "stamp": {
            "secs": 1681165457,
            "nsecs": 30485902
        },
        "frame_id": "atracsys"
    },
    "pose": {
        "position": {
            "x": 0.13532511901855468,
            "y": -0.023316726684570313,
            "z": 0.9662261962890625
        },
        "orientation": {
            "x": -0.16118345166577697,
            "y": 0.15017449146814377,
            "z": 0.9741183805086155,
            "w": 0.05060531371963694
        }
    }
}