{
    "header": {
        "seq": 22044,
        "stamp": {
            "secs": 1681165480,
            "nsecs": 714315049
        },
        "frame_id": "atracsys"
    },
    "pose": {
        "position": {
            "x": 0.10734989929199219,
            "y": -0.022733867645263674,
            "z": 0.97001171875
        },
        "orientation": {
            "x": -0.11530311932337034,
            "y": 0.18049048651238153,
            "z": 0.9745691849228098,
            "w": 0.06590355644208103
        }
    }
}