{
    "header": {
        "seq": 10348,
        "stamp": {
            "secs": 1681165362,
            "nsecs": 958402379
        },
        "frame_id": "atracsys"
    },
    "pose": {
        "position": {
            "x": 0.22683882141113282,
            "y": 0.008736227989196777,
            "z": 0.9243700561523438
        },
        "orientation": {
            "x": -0.2494880478637036,
            "y": 0.014167617463127342,
            "z": 0.9572432390624797,
            "w": -0.14574077623557952
        }
    }
}