{
    "header": {
        "seq": 16597,
        "stamp": {
            "secs": 1681165425,
            "nsecs": 899027567
        },
        "frame_id": "atracsys"
    },
    "pose": {
        "position": {
            "x": 0.11043067169189454,
            "y": -0.006027833938598633,
            "z": 1.0295465087890625
        },
        "orientation": {
            "x": -0.039157900651392484,
            "y": 0.33793300037929663,
            "z": 0.9402097583987467,
            "w": 0.016539536964273426
        }
    }
}