{
    "header": {
        "seq": 22366,
        "stamp": {
            "secs": 1681165483,
            "nsecs": 956109689
        },
        "frame_id": "atracsys"
    },
    "pose": {
        "position": {
            "x": 0.10338024139404298,
            "y": -0.02120725440979004,
            "z": 0.9653311767578125
        },
        "orientation": {
            "x": -0.11269040118405722,
            "y": 0.18970149933723976,
            "z": 0.9718964709580628,
            "w": 0.0820455018233359
        }
    }
}