{
    "header": {
        "seq": 12998,
        "stamp": {
            "secs": 1681165389,
            "nsecs": 665964424
        },
        "frame_id": "atracsys"
    },
    "pose": {
        "position": {
            "x": 0.13706724548339844,
            "y": 0.004114163875579834,
            "z": 1.025091552734375
        },
        "orientation": {
            "x": -0.08817006093721565,
            "y": 0.2211096843642506,
            "z": 0.9703015677932493,
            "w": -0.04302807656207359
        }
    }
}