{
    "header": {
        "seq": 23818,
        "stamp": {
            "secs": 1681165498,
            "nsecs": 568190824
        },
        "frame_id": "atracsys"
    },
    "pose": {
        "position": {
            "x": 0.11189447021484375,
            "y": -0.01848615074157715,
            "z": 0.952775146484375
        },
        "orientation": {
            "x": -0.18540024785446174,
            "y": 0.18493730440985093,
            "z": 0.9523584608704664,
            "w": 0.15632755208714363
        }
    }
}