{
    "header": {
        "seq": 36332,
        "stamp": {
            "secs": 1681165624,
            "nsecs": 482178560
        },
        "frame_id": "atracsys"
    },
    "pose": {
        "position": {
            "x": 0.1317563171386719,
            "y": -0.01635268020629883,
            "z": 0.9818175659179688
        },
        "orientation": {
            "x": -0.2621415071586098,
            "y": 0.2085640464194743,
            "z": 0.9417537968796723,
            "w": 0.029709507375067935
        }
    }
}