{
    "header": {
        "seq": 18304,
        "stamp": {
            "secs": 1681165443,
            "nsecs": 78197769
        },
        "frame_id": "atracsys"
    },
    "pose": {
        "position": {
            "x": 0.1054580307006836,
            "y": -0.02437409210205078,
            "z": 0.9738517456054687
        },
        "orientation": {
            "x": -0.12874220064419292,
            "y": 0.1626221885357963,
            "z": 0.9756518939656125,
            "w": 0.07129411876467462
        }
    }
}