{
    "header": {
        "seq": 25303,
        "stamp": {
            "secs": 1681165513,
            "nsecs": 511439291
        },
        "frame_id": "atracsys"
    },
    "pose": {
        "position": {
            "x": 0.16539707946777343,
            "y": -0.008526742935180664,
            "z": 0.971521240234375
        },
        "orientation": {
            "x": -0.22543776057533424,
            "y": 0.12199124039249735,
            "z": 0.9664507131124476,
            "w": 0.016400381054107065
        }
    }
}