{
    "header": {
        "seq": 26438,
        "stamp": {
            "secs": 1681165524,
            "nsecs": 926423453
        },
        "frame_id": "atracsys"
    },
    "pose": {
        "position": {
            "x": 0.1622019500732422,
            "y": -0.01189329719543457,
            "z": 0.9697601318359376
        },
        "orientation": {
            "x": -0.19571467915215918,
            "y": 0.14204718819239867,
            "z": 0.9698375944441321,
            "w": 0.03055161360419256
        }
    }
}