{
    "header": {
        "seq": 36027,
        "stamp": {
            "secs": 1681165621,
            "nsecs": 410615751
        },
        "frame_id": "atracsys"
    },
    "pose": {
        "position": {
            "x": 0.07912781524658204,
            "y": 0.015973488807678224,
            "z": 1.009398193359375
        },
        "orientation": {
            "x": -0.09589769229213022,
            "y": 0.2043821590064184,
            "z": 0.972483049894106,
            "w": 0.057517678687310184
        }
    }
}