{
    "header": {
        "seq": 32541,
        "stamp": {
            "secs": 1681165586,
            "nsecs": 323778687
        },
        "frame_id": "atracsys"
    },
    "pose": {
        "position": {
            "x": 0.1342972869873047,
            "y": -0.022531896591186523,
            "z": 0.9889693603515625
        },
        "orientation": {
            "x": -0.17827206844353727,
            "y": 0.1618435759147772,
            "z": 0.9703351135085161,
            "w": 0.021805825836133327
        }
    }
}