{
    "header": {
        "seq": 21737,
        "stamp": {
            "secs": 1681165477,
            "nsecs": 624753595
        },
        "frame_id": "atracsys"
    },
    "pose": {
        "position": {
            "x": 0.10706244659423829,
            "y": -0.022010255813598632,
            "z": 0.9713360595703125
        },
        "orientation": {
            "x": -0.1084871546472104,
            "y": 0.17711121993118728,
            "z": 0.9769247416180632,
            "w": 0.04980162914523594
        }
    }
}