{
    "header": {
        "seq": 12770,
        "stamp": {
            "secs": 1681165387,
            "nsecs": 370432752
        },
        "frame_id": "atracsys"
    },
    "pose": {
        "position": {
            "x": 0.1339459991455078,
            "y": 0.001818055033683777,
            "z": 1.0249002685546875
        },
        "orientation": {
            "x": -0.08058871468689115,
            "y": 0.2316063080308494,
            "z": 0.9685856064856676,
            "w": -0.04130254295107652
        }
    }
}