{
    "header": {
        "seq": 12160,
        "stamp": {
            "secs": 1681165381,
            "nsecs": 206269401
        },
        "frame_id": "atracsys"
    },
    "pose": {
        "position": {
            "x": 0.16898013305664064,
            "y": -0.0019834187030792236,
            "z": 0.987260986328125
        },
        "orientation": {
            "x": -0.14180126131568832,
            "y": 0.0458816728143543,
            "z": 0.9826465418795322,
            "w": -0.11042213601100649
        }
    }
}