{
    "header": {
        "seq": 30286,
        "stamp": {
            "secs": 1681165563,
            "nsecs": 637190506
        },
        "frame_id": "atracsys"
    },
    "pose": {
        "position": {
            "x": 0.1802663269042969,
            "y": -0.009612632751464845,
            "z": 0.9771243286132812
        },
        "orientation": {
            "x": -0.2049336613915493,
            "y": 0.18818358850703087,
            "z": 0.9587160840014639,
            "w": -0.05875884377834808
        }
    }
}