{
    "header": {
        "seq": 20361,
        "stamp": {
            "secs": 1681165463,
            "nsecs": 779805072
        },
        "frame_id": "atracsys"
    },
    "pose": {
        "position": {
            "x": 0.09445567321777344,
            "y": -0.022203926086425782,
            "z": 0.9688670043945312
        },
        "orientation": {
            "x": -0.08448201542936863,
            "y": 0.14267823025015336,
            "z": 0.983205747660349,
            "w": 0.0762375855423718
        }
    }
}