{
    "header": {
        "seq": 20697,
        "stamp": {
            "secs": 1681165467,
            "nsecs": 161980589
        },
        "frame_id": "atracsys"
    },
    "pose": {
        "position": {
            "x": 0.0955827865600586,
            "y": -0.018047658920288086,
            "z": 0.9759658813476563
        },
        "orientation": {
            "x": -0.095905523030579,
            "y": 0.11711157939475263,
            "z": 0.9847024971388071,
            "w": 0.08630180040123964
        }
    }
}