{
    "header": {
        "seq": 20611,
        "stamp": {
            "secs": 1681165466,
            "nsecs": 296337139
        },
        "frame_id": "atracsys"
    },
    "pose": {
        "position": {
            "x": 0.09394375610351563,
            "y": -0.016294448852539063,
            "z": 0.9746041870117188
        },
        "orientation": {
            "x": -0.08451967535413235,
            "y": 0.11463459899658222,
            "z": 0.9869529363189151,
            "w": 0.07509483792110187
        }
    }
}