{
    "header": {
        "seq": 34948,
        "stamp": {
            "secs": 1681165610,
            "nsecs": 547859268
        },
        "frame_id": "atracsys"
    },
    "pose": {
        "position": {
            "x": 0.09233036804199218,
            "y": 0.01978441619873047,
            "z": 1.0115243530273437
        },
        "orientation": {
            "x": -0.1320215519246637,
            "y": 0.2445861205085391,
            "z": 0.9603200393985672,
            "w": 0.023094618670159682
        }
    }
}