{
    "header": {
        "seq": 919,
        "stamp": {
            "secs": 1681165231,
            "nsecs": 44111968
        },
        "frame_id": "atracsys"
    },
    "pose": {
        "position": {
            "x": 0.2698871765136719,
            "y": -0.052836914062500004,
            "z": 0.8999278564453125
        },
        "orientation": {
            "x": -0.07207818470671343,
            "y": 0.2308609313977335,
            "z": 0.9690052628282572,
            "w": 0.05036632063885725
        }
    }
}