{
    "header": {
        "seq": 16994,
        "stamp": {
            "secs": 1681165429,
            "nsecs": 896100110
        },
        "frame_id": "atracsys"
    },
    "pose": {
        "position": {
            "x": 0.11034364318847656,
            "y": -0.006481734275817871,
            "z": 1.0351182861328125
        },
        "orientation": {
            "x": -0.054817301754985504,
            "y": 0.34557903219001956,
            "z": 0.935885710584256,
            "w": 0.04108689162147262
        }
    }
}