{
    "header": {
        "seq": 35229,
        "stamp": {
            "secs": 1681165613,
            "nsecs": 374732502
        },
        "frame_id": "atracsys"
    },
    "pose": {
        "position": {
            "x": 0.09096739959716797,
            "y": 0.021006467819213868,
            "z": 1.0092230224609375
        },
        "orientation": {
            "x": -0.13232463728469637,
            "y": 0.25381526228117157,
            "z": 0.9576571018804722,
            "w": 0.030998035720168238
        }
    }
}