{
    "header": {
        "seq": 34380,
        "stamp": {
            "secs": 1681165604,
            "nsecs": 834394062
        },
        "frame_id": "atracsys"
    },
    "pose": {
        "position": {
            "x": 0.09291163635253906,
            "y": 0.018252126693725588,
            "z": 1.0181763916015625
        },
        "orientation": {
            "x": -0.13847798746949,
            "y": 0.23777113903017472,
            "z": 0.9613713602292724,
            "w": 0.0073375855437433826
        }
    }
}