{
    "header": {
        "seq": 13131,
        "stamp": {
            "secs": 1681165391,
            "nsecs": 3275766
        },
        "frame_id": "atracsys"
    },
    "pose": {
        "position": {
            "x": 0.1368081512451172,
            "y": 0.001279634475708008,
            "z": 1.0257493896484375
        },
        "orientation": {
            "x": -0.09764089443028356,
            "y": 0.23361698375640014,
            "z": 0.966953728181097,
            "w": -0.029830323365553895
        }
    }
}