{
    "header": {
        "seq": 34645,
        "stamp": {
            "secs": 1681165607,
            "nsecs": 500010225
        },
        "frame_id": "atracsys"
    },
    "pose": {
        "position": {
            "x": 0.0985295639038086,
            "y": 0.019155399322509765,
            "z": 1.0164019775390625
        },
        "orientation": {
            "x": -0.14549593650144302,
            "y": 0.24322719128178658,
            "z": 0.9589932040577368,
            "w": 0.0018709499772446225
        }
    }
}