{
    "header": {
        "seq": 24716,
        "stamp": {
            "secs": 1681165507,
            "nsecs": 604053377
        },
        "frame_id": "atracsys"
    },
    "pose": {
        "position": {
            "x": 0.11928621673583985,
            "y": -0.020398569107055665,
            "z": 0.9538485107421876
        },
        "orientation": {
            "x": -0.14955024412202078,
            "y": 0.21651427091207373,
            "z": 0.9584784210084065,
            "w": 0.10988817696043901
        }
    }
}