{
    "header": {
        "seq": 20211,
        "stamp": {
            "secs": 1681165462,
            "nsecs": 269437823
        },
        "frame_id": "atracsys"
    },
    "pose": {
        "position": {
            "x": 0.10653919219970703,
            "y": -0.024767993927001953,
            "z": 0.9671012573242188
        },
        "orientation": {
            "x": -0.10892400743023965,
            "y": 0.15318655129621153,
            "z": 0.9798779219572982,
            "w": 0.06714684778869108
        }
    }
}