{
    "header": {
        "seq": 14941,
        "stamp": {
            "secs": 1681165409,
            "nsecs": 242196010
        },
        "frame_id": "atracsys"
    },
    "pose": {
        "position": {
            "x": 0.13523123168945314,
            "y": 0.011197805404663086,
            "z": 1.0368892822265625
        },
        "orientation": {
            "x": -0.051917203750878216,
            "y": 0.2944226214276753,
            "z": 0.9518732718051147,
            "w": -0.06750702459279223
        }
    }
}