{
    "header": {
        "seq": 27230,
        "stamp": {
            "secs": 1681165532,
            "nsecs": 893652338
        },
        "frame_id": "atracsys"
    },
    "pose": {
        "position": {
            "x": 0.14806765747070313,
            "y": -0.01925752258300781,
            "z": 0.9448292236328125
        },
        "orientation": {
            "x": -0.14504158999012803,
            "y": 0.23417183956245247,
            "z": 0.9612369915419114,
            "w": 0.012244705816310961
        }
    }
}