{
    "header": {
        "seq": 18885,
        "stamp": {
            "secs": 1681165448,
            "nsecs": 923056016
        },
        "frame_id": "atracsys"
    },
    "pose": {
        "position": {
            "x": 0.10969709777832032,
            "y": -0.02513811492919922,
            "z": 0.987166259765625
        },
        "orientation": {
            "x": -0.1358910460511317,
            "y": 0.13006839136750642,
            "z": 0.9792560234009576,
            "w": 0.07532249201361756
        }
    }
}