{
    "header": {
        "seq": 31090,
        "stamp": {
            "secs": 1681165571,
            "nsecs": 723748641
        },
        "frame_id": "atracsys"
    },
    "pose": {
        "position": {
            "x": 0.1852637176513672,
            "y": -0.0006843556761741639,
            "z": 0.9867774658203126
        },
        "orientation": {
            "x": -0.2281878058795264,
            "y": 0.14171883988031525,
            "z": 0.9610471160833578,
            "w": -0.06507331510478045
        }
    }
}