{
    "header": {
        "seq": 29061,
        "stamp": {
            "secs": 1681165551,
            "nsecs": 314674373
        },
        "frame_id": "atracsys"
    },
    "pose": {
        "position": {
            "x": 0.17160134887695314,
            "y": -0.015385357856750489,
            "z": 0.9478694458007813
        },
        "orientation": {
            "x": -0.12020272652136758,
            "y": 0.23676793205146873,
            "z": 0.96185569634995,
            "w": -0.06577134853454925
        }
    }
}