{
    "header": {
        "seq": 25694,
        "stamp": {
            "secs": 1681165517,
            "nsecs": 442801009
        },
        "frame_id": "atracsys"
    },
    "pose": {
        "position": {
            "x": 0.13288723754882814,
            "y": -0.020765493392944336,
            "z": 0.9541079711914062
        },
        "orientation": {
            "x": -0.14408435862032665,
            "y": 0.21451247900468925,
            "z": 0.9635420959337666,
            "w": 0.0693593779945875
        }
    }
}