{
    "header": {
        "seq": 17102,
        "stamp": {
            "secs": 1681165430,
            "nsecs": 982700417
        },
        "frame_id": "atracsys"
    },
    "pose": {
        "position": {
            "x": 0.11244152069091796,
            "y": -0.00556466007232666,
            "z": 1.0375189208984374
        },
        "orientation": {
            "x": -0.06069863701110771,
            "y": 0.34205032612899067,
            "z": 0.9369462914065468,
            "w": 0.038064378092426555
        }
    }
}