{
    "header": {
        "seq": 23519,
        "stamp": {
            "secs": 1681165495,
            "nsecs": 559208198
        },
        "frame_id": "atracsys"
    },
    "pose": {
        "position": {
            "x": 0.08935794067382813,
            "y": -0.019120691299438476,
            "z": 0.9503826904296875
        },
        "orientation": {
            "x": -0.10962682653176564,
            "y": 0.2089090269038409,
            "z": 0.9580582944522069,
            "w": 0.16267538785567057
        }
    }
}