{
    "header": {
        "seq": 21961,
        "stamp": {
            "secs": 1681165479,
            "nsecs": 881374468
        },
        "frame_id": "atracsys"
    },
    "pose": {
        "position": {
            "x": 0.09721807861328126,
            "y": -0.019510637283325197,
            "z": 0.9651106567382812
        },
        "orientation": {
            "x": -0.08013972962089425,
            "y": 0.18172334011116867,
            "z": 0.9780282506323803,
            "w": 0.06336396736392383
        }
    }
}