{
    "header": {
        "seq": 20955,
        "stamp": {
            "secs": 1681165469,
            "nsecs": 755932542
        },
        "frame_id": "atracsys"
    },
    "pose": {
        "position": {
            "x": 0.09594025421142578,
            "y": -0.01899931526184082,
            "z": 0.9705211791992188
        },
        "orientation": {
            "x": -0.07314133423895201,
            "y": 0.1314782643211337,
            "z": 0.9863604249244409,
            "w": 0.06676019307734418
        }
    }
}