{
    "header": {
        "seq": 9523,
        "stamp": {
            "secs": 1681165354,
            "nsecs": 659800518
        },
        "frame_id": "atracsys"
    },
    "pose": {
        "position": {
            "x": 0.19337533569335938,
            "y": -0.009138875007629395,
            "z": 0.9089248657226563
        },
        "orientation": {
            "x": -0.22887711214306794,
            "y": 0.09423828442889479,
            "z": 0.9674059739200801,
            "w": -0.053479855167058464
        }
    }
}