{
    "header": {
        "seq": 35376,
        "stamp": {
            "secs": 1681165614,
            "nsecs": 852346738
        },
        "frame_id": "atracsys"
    },
    "pose": {
        "position": {
            "x": 0.0892602767944336,
            "y": 0.017464084625244142,
            "z": 1.0147147827148437
        },
        "orientation": {
            "x": -0.14058957206305292,
            "y": 0.21973263697018777,
            "z": 0.9635975487738335,
            "w": 0.05858245875955401
        }
    }
}