{
    "header": {
        "seq": 31864,
        "stamp": {
            "secs": 1681165579,
            "nsecs": 511813907
        },
        "frame_id": "atracsys"
    },
    "pose": {
        "position": {
            "x": 0.15499008178710938,
            "y": -0.006547355175018311,
            "z": 0.9902513427734375
        },
        "orientation": {
            "x": -0.21748188590844228,
            "y": 0.091912533011021,
            "z": 0.9715000776461011,
            "w": -0.021007491778524397
        }
    }
}