{
    "header": {
        "seq": 10856,
        "stamp": {
            "secs": 1681165368,
            "nsecs": 71944784
        },
        "frame_id": "atracsys"
    },
    "pose": {
        "position": {
            "x": 0.22538980102539063,
            "y": 0.01006993293762207,
            "z": 0.9433829345703125
        },
        "orientation": {
            "x": -0.23570827607958703,
            "y": -0.00280905149680466,
            "z": 0.9581273618033112,
            "w": -0.16255976249092086
        }
    }
}