{
    "header": {
        "seq": 33332,
        "stamp": {
            "secs": 1681165594,
            "nsecs": 285115592
        },
        "frame_id": "atracsys"
    },
    "pose": {
        "position": {
            "x": 0.10245195007324219,
            "y": -0.021561283111572266,
            "z": 0.9630347290039063
        },
        "orientation": {
            "x": -0.11547883281971032,
            "y": 0.1815164586774975,
            "z": 0.9718728630232597,
            "w": 0.09580998131066439
        }
    }
}