{
    "header": {
        "seq": 16518,
        "stamp": {
            "secs": 1681165425,
            "nsecs": 104990233
        },
        "frame_id": "atracsys"
    },
    "pose": {
        "position": {
            "x": 0.1095333251953125,
            "y": -0.005275218963623047,
            "z": 1.0326737060546876
        },
        "orientation": {
            "x": -0.03184506144931172,
            "y": 0.3317179702814528,
            "z": 0.9427039731526561,
            "w": 0.016071691131902033
        }
    }
}