{
    "header": {
        "seq": 27107,
        "stamp": {
            "secs": 1681165531,
            "nsecs": 657794746
        },
        "frame_id": "atracsys"
    },
    "pose": {
        "position": {
            "x": 0.14829641723632814,
            "y": -0.019609540939331056,
            "z": 0.9519770507812501
        },
        "orientation": {
            "x": -0.14300661719653268,
            "y": 0.22391683250793107,
            "z": 0.9639021878786228,
            "w": 0.017404934944545043
        }
    }
}