{
    "header": {
        "seq": 25398,
        "stamp": {
            "secs": 1681165514,
            "nsecs": 466657285
        },
        "frame_id": "atracsys"
    },
    "pose": {
        "position": {
            "x": 0.17594114685058593,
            "y": -0.0015958105325698854,
            "z": 0.9690231323242188
        },
        "orientation": {
            "x": -0.25087124261859134,
            "y": 0.07977654749779087,
            "z": 0.9647135170858744,
            "w": 0.005210762721416949
        }
    }
}