{
    "header": {
        "seq": 13018,
        "stamp": {
            "secs": 1681165389,
            "nsecs": 865963131
        },
        "frame_id": "atracsys"
    },
    "pose": {
        "position": {
            "x": 0.1380262451171875,
            "y": 0.003454415559768677,
            "z": 1.0258331298828125
        },
        "orientation": {
            "x": -0.0933011109301279,
            "y": 0.22420396609408605,
            "z": 0.969216916462096,
            "w": -0.040571580331466184
        }
    }
}