{
    "header": {
        "seq": 1198,
        "stamp": {
            "secs": 1681165233,
            "nsecs": 853101193
        },
        "frame_id": "atracsys"
    },
    "pose": {
        "position": {
            "x": 0.2764650573730469,
            "y": -0.055221458435058594,
            "z": 0.894140380859375
        },
        "orientation": {
            "x": -0.0558831774269707,
            "y": 0.22811795848972902,
            "z": 0.9701738138342328,
            "w": 0.06001698464171337
        }
    }
}