{
    "header": {
        "seq": 27208,
        "stamp": {
            "secs": 1681165532,
            "nsecs": 672731669
        },
        "frame_id": "atracsys"
    },
    "pose": {
        "position": {
            "x": 0.14795675659179688,
            "y": -0.019617828369140625,
            "z": 0.9461754150390626
        },
        "orientation": {
            "x": -0.1416433302201124,
            "y": 0.23057852527495398,
            "z": 0.9625915383980845,
            "w": 0.013720090764743852
        }
    }
}