{
    "header": {
        "seq": 23024,
        "stamp": {
            "secs": 1681165490,
            "nsecs": 579971080
        },
        "frame_id": "atracsys"
    },
    "pose": {
        "position": {
            "x": 0.09281301116943359,
            "y": -0.020740898132324218,
            "z": 0.9585519409179688
        },
        "orientation": {
            "x": -0.1495704671300539,
            "y": 0.15330435576741372,
            "z": 0.9616833414337396,
            "w": 0.1711478912346662
        }
    }
}