{
    "header": {
        "seq": 38259,
        "stamp": {
            "secs": 1681165643,
            "nsecs": 939134461
        },
        "frame_id": "atracsys"
    },
    "pose": {
        "position": {
            "x": 0.14438613891601562,
            "y": -0.01754926681518555,
            "z": 0.9780784301757812
        },
        "orientation": {
            "x": -0.10440738966987555,
            "y": 0.10749285261797065,
            "z": 0.9862533102283724,
            "w": -0.06963326562751254
        }
    }
}