{
    "header": {
        "seq": 22885,
        "stamp": {
            "secs": 1681165489,
            "nsecs": 183081570
        },
        "frame_id": "atracsys"
    },
    "pose": {
        "position": {
            "x": 0.0846746826171875,
            "y": -0.018020257949829102,
            "z": 0.9552788696289063
        },
        "orientation": {
            "x": -0.09655335753884207,
            "y": 0.19908302056432176,
            "z": 0.9628080499359983,
            "w": 0.15506146861616663
        }
    }
}