{
    "header": {
        "seq": 30006,
        "stamp": {
            "secs": 1681165560,
            "nsecs": 819269260
        },
        "frame_id": "atracsys"
    },
    "pose": {
        "position": {
            "x": 0.19079615783691406,
            "y": -0.004302142143249512,
            "z": 0.9714873657226563
        },
        "orientation": {
            "x": -0.22298991880065416,
            "y": 0.1751686089906721,
            "z": 0.956150038101414,
            "w": -0.07327045227249238
        }
    }
}