{
    "header": {
        "seq": 31611,
        "stamp": {
            "secs": 1681165576,
            "nsecs": 965618871
        },
        "frame_id": "atracsys"
    },
    "pose": {
        "position": {
            "x": 0.17088235473632812,
            "y": -0.0044505963325500485,
            "z": 0.9920698852539063
        },
        "orientation": {
            "x": -0.22497541061159565,
            "y": 0.12526264572050066,
            "z": 0.9655446355049664,
            "w": -0.03766817031428498
        }
    }
}