{
    "header": {
        "seq": 31654,
        "stamp": {
            "secs": 1681165577,
            "nsecs": 398356795
        },
        "frame_id": "atracsys"
    },
    "pose": {
        "position": {
            "x": 0.16983506774902343,
            "y": -0.002695746183395386,
            "z": 0.9897662963867188
        },
        "orientation": {
            "x": -0.22954500936632796,
            "y": 0.09934933498769981,
            "z": 0.9677170194657191,
            "w": -0.031025288860854407
        }
    }
}