{
    "header": {
        "seq": 33246,
        "stamp": {
            "secs": 1681165593,
            "nsecs": 419431185
        },
        "frame_id": "atracsys"
    },
    "pose": {
        "position": {
            "x": 0.11463767242431641,
            "y": -0.023132127761840822,
            "z": 0.964265625
        },
        "orientation": {
            "x": -0.15139069449330406,
            "y": 0.19189835505285607,
            "z": 0.9655222542295453,
            "w": 0.08956927785988121
        }
    }
}