{
    "header": {
        "seq": 20102,
        "stamp": {
            "secs": 1681165461,
            "nsecs": 173817688
        },
        "frame_id": "atracsys"
    },
    "pose": {
        "position": {
            "x": 0.11094091796875,
            "y": -0.02628992462158203,
            "z": 0.9676500244140626
        },
        "orientation": {
            "x": -0.1198191902990898,
            "y": 0.15716030490332375,
            "z": 0.9780685320345396,
            "w": 0.06577193050660617
        }
    }
}