{
    "header": {
        "seq": 24156,
        "stamp": {
            "secs": 1681165501,
            "nsecs": 968098396
        },
        "frame_id": "atracsys"
    },
    "pose": {
        "position": {
            "x": 0.10893097686767578,
            "y": -0.017864761352539064,
            "z": 0.9535676879882813
        },
        "orientation": {
            "x": -0.1725589368409713,
            "y": 0.1938927455289932,
            "z": 0.9514617036585475,
            "w": 0.1653772747952897
        }
    }
}