{
    "header": {
        "seq": 23187,
        "stamp": {
            "secs": 1681165492,
            "nsecs": 218916073
        },
        "frame_id": "atracsys"
    },
    "pose": {
        "position": {
            "x": 0.08553233337402344,
            "y": -0.019152685165405275,
            "z": 0.9493505859375
        },
        "orientation": {
            "x": -0.10394531018552836,
            "y": 0.1826663941313715,
            "z": 0.9622643910684906,
            "w": 0.17284560343573682
        }
    }
}