{
    "header": {
        "seq": 32130,
        "stamp": {
            "secs": 1681165582,
            "nsecs": 189411906
        },
        "frame_id": "atracsys"
    },
    "pose": {
        "position": {
            "x": 0.12946835327148437,
            "y": -0.021489151000976564,
            "z": 0.9869969482421875
        },
        "orientation": {
            "x": -0.17495301772743482,
            "y": 0.1683407099946178,
            "z": 0.968579975737483,
            "w": 0.053904336995724444
        }
    }
}