{
    "header": {
        "seq": 26371,
        "stamp": {
            "secs": 1681165524,
            "nsecs": 251886918
        },
        "frame_id": "atracsys"
    },
    "pose": {
        "position": {
            "x": 0.15235955810546875,
            "y": -0.015850116729736328,
            "z": 0.9622405395507813
        },
        "orientation": {
            "x": -0.17630047542804667,
            "y": 0.15303340806350804,
            "z": 0.9707075733680013,
            "w": 0.05679546976933301
        }
    }
}