{
    "header": {
        "seq": 9898,
        "stamp": {
            "secs": 1681165358,
            "nsecs": 432944150
        },
        "frame_id": "atracsys"
    },
    "pose": {
        "position": {
            "x": 0.20272651672363282,
            "y": -0.0007379359602928162,
            "z": 0.9097569580078125
        },
        "orientation": {
            "x": -0.26335171844154026,
            "y": 0.05567894432242286,
            "z": 0.96197795986685,
            "w": -0.046304776032732003
        }
    }
}