{
    "header": {
        "seq": 15587,
        "stamp": {
            "secs": 1681165415,
            "nsecs": 737805839
        },
        "frame_id": "atracsys"
    },
    "pose": {
        "position": {
            "x": 0.1286172637939453,
            "y": 0.0008193949460983277,
            "z": 1.038213623046875
        },
        "orientation": {
            "x": -0.1124885022777632,
            "y": 0.3245559767094045,
            "z": 0.9390716607379894,
            "w": 0.012416554928985975
        }
    }
}