{
    "header": {
        "seq": 13553,
        "stamp": {
            "secs": 1681165395,
            "nsecs": 254060292
        },
        "frame_id": "atracsys"
    },
    "pose": {
        "position": {
            "x": 0.1337361297607422,
            "y": 0.0009887938499450683,
            "z": 1.0247647705078125
        },
        "orientation": {
            "x": -0.08500406011508672,
            "y": 0.22925937097860086,
            "z": 0.9692544194144082,
            "w": -0.027573919345746465
        }
    }
}