{
    "header": {
        "seq": 30330,
        "stamp": {
            "secs": 1681165564,
            "nsecs": 78935196
        },
        "frame_id": "atracsys"
    },
    "pose": {
        "position": {
            "x": 0.17262010192871094,
            "y": -0.013305923461914063,
            "z": 0.9777884521484376
        },
        "orientation": {
            "x": -0.18146572454158183,
            "y": 0.20444600496004683,
            "z": 0.96021282362501,
            "w": -0.05712578418333231
        }
    }
}