{
    "header": {
        "seq": 19419,
        "stamp": {
            "secs": 1681165454,
            "nsecs": 302156423
        },
        "frame_id": "atracsys"
    },
    "pose": {
        "position": {
            "x": 0.1353536376953125,
            "y": -0.02384116554260254,
            "z": 0.9748058471679688
        },
        "orientation": {
            "x": -0.17495598103602733,
            "y": 0.13804643634728256,
            "z": 0.9737988646818548,
            "w": 0.04526982721269866
        }
    }
}