{
    "header": {
        "seq": 17264,
        "stamp": {
            "secs": 1681165432,
            "nsecs": 615579913
        },
        "frame_id": "atracsys"
    },
    "pose": {
        "position": {
            "x": 0.10927507019042969,
            "y": -0.005655381679534912,
            "z": 1.0379295654296876
        },
        "orientation": {
            "x": -0.051173182913024626,
            "y": 0.3268775471335894,
            "z": 0.9423381274337929,
            "w": 0.05031131199890292
        }
    }
}