{
    "header": {
        "seq": 27128,
        "stamp": {
            "secs": 1681165531,
            "nsecs": 866823498
        },
        "frame_id": "atracsys"
    },
    "pose": {
        "position": {
            "x": 0.14760247802734375,
            "y": -0.019804985046386718,
            "z": 0.9510875244140625
        },
        "orientation": {
            "x": -0.14394264264218784,
            "y": 0.2266453776955062,
            "z": 0.9631217328185954,
            "w": 0.017576011235520068
        }
    }
}