{
    "header": {
        "seq": 22345,
        "stamp": {
            "secs": 1681165483,
            "nsecs": 747171151
        },
        "frame_id": "atracsys"
    },
    "pose": {
        "position": {
            "x": 0.10594981384277344,
            "y": -0.022219463348388674,
            "z": 0.9672049560546875
        },
        "orientation": {
            "x": -0.12155162017650667,
            "y": 0.1868937798506951,
            "z": 0.9712298038022535,
            "w": 0.08371730341943963
        }
    }
}