{
    "header": {
        "seq": 19460,
        "stamp": {
            "secs": 1681165454,
            "nsecs": 714066192
        },
        "frame_id": "atracsys"
    },
    "pose": {
        "position": {
            "x": 0.1381165008544922,
            "y": -0.023475204467773438,
            "z": 0.973041748046875
        },
        "orientation": {
            "x": -0.17789856554893765,
            "y": 0.1380965922468815,
            "z": 0.9734548962612134,
            "w": 0.04082886883687972
        }
    }
}