{
    "header": {
        "seq": 24960,
        "stamp": {
            "secs": 1681165510,
            "nsecs": 60679822
        },
        "frame_id": "atracsys"
    },
    "pose": {
        "position": {
            "x": 0.14765228271484376,
            "y": -0.013996773719787598,
            "z": 0.9686514282226563
        },
        "orientation": {
            "x": -0.20595047627165722,
            "y": 0.16364653674303326,
            "z": 0.9621903806221743,
            "w": 0.07066741663343773
        }
    }
}