{
    "header": {
        "seq": 29668,
        "stamp": {
            "secs": 1681165557,
            "nsecs": 419178617
        },
        "frame_id": "atracsys"
    },
    "pose": {
        "position": {
            "x": 0.19635284423828125,
            "y": -0.0012918508052825928,
            "z": 0.9649049072265625
        },
        "orientation": {
            "x": -0.23220039547273974,
            "y": 0.1718954838663768,
            "z": 0.9538766068760214,
            "w": -0.08157412471694538
        }
    }
}