{
    "header": {
        "seq": 23374,
        "stamp": {
            "secs": 1681165494,
            "nsecs": 102473364
        },
        "frame_id": "atracsys"
    },
    "pose": {
        "position": {
            "x": 0.09541253662109375,
            "y": -0.02159930992126465,
            "z": 0.9540241088867187
        },
        "orientation": {
            "x": -0.14843923156259584,
            "y": 0.13762093329931493,
            "z": 0.9641827447518517,
            "w": 0.1713998482313126
        }
    }
}