{
    "header": {
        "seq": 37314,
        "stamp": {
            "secs": 1681165634,
            "nsecs": 428627172
        },
        "frame_id": "atracsys"
    },
    "pose": {
        "position": {
            "x": 0.18483786010742187,
            "y": -0.005212162017822266,
            "z": 0.9480960083007812
        },
        "orientation": {
            "x": -0.08576039306982526,
            "y": -0.027783665618120925,
            "z": 0.9567566635601712,
            "w": -0.2765680922278252
        }
    }
}