{
    "header": {
        "seq": 30416,
        "stamp": {
            "secs": 1681165564,
            "nsecs": 941590096
        },
        "frame_id": "atracsys"
    },
    "pose": {
        "position": {
            "x": 0.17942291259765625,
            "y": -0.007719226837158203,
            "z": 0.981554443359375
        },
        "orientation": {
            "x": -0.22740848276598624,
            "y": 0.17365595804916464,
            "z": 0.9566434335265832,
            "w": -0.05442730280446549
        }
    }
}