{
    "header": {
        "seq": 16972,
        "stamp": {
            "secs": 1681165429,
            "nsecs": 675211679
        },
        "frame_id": "atracsys"
    },
    "pose": {
        "position": {
            "x": 0.11214531707763672,
            "y": -0.0062412133216857915,
            "z": 1.03572314453125
        },
        "orientation": {
            "x": -0.06328623925892668,
            "y": 0.34322156558216393,
            "z": 0.936219648080657,
            "w": 0.041067984945950944
        }
    }
}