{
    "header": {
        "seq": 22132,
        "stamp": {
            "secs": 1681165481,
            "nsecs": 600779544
        },
        "frame_id": "atracsys"
    },
    "pose": {
        "position": {
            "x": 0.0969620819091797,
            "y": -0.019797306060791015,
            "z": 0.9638692626953125
        },
        "orientation": {
            "x": -0.08703483166754815,
            "y": 0.18442717144616394,
            "z": 0.97644288672079,
            "w": 0.07050422314542056
        }
    }
}