{
    "header": {
        "seq": 25220,
        "stamp": {
            "secs": 1681165512,
            "nsecs": 675639277
        },
        "frame_id": "atracsys"
    },
    "pose": {
        "position": {
            "x": 0.17546138000488282,
            "y": -0.001247273087501526,
            "z": 0.97631787109375
        },
        "orientation": {
            "x": -0.2534954291942202,
            "y": 0.10507341060367188,
            "z": 0.9616047011361532,
            "w": -0.004005560460153167
        }
    }
}