{
    "header": {
        "seq": 20456,
        "stamp": {
            "secs": 1681165464,
            "nsecs": 735127820
        },
        "frame_id": "atracsys"
    },
    "pose": {
        "position": {
            "x": 0.09109767150878906,
            "y": -0.021390857696533202,
            "z": 0.971727294921875
        },
        "orientation": {
            "x": -0.07282175160697357,
            "y": 0.13441727290344915,
            "z": 0.9855606510652066,
            "w": 0.07279555144387714
        }
    }
}