{
    "header": {
        "seq": 13600,
        "stamp": {
            "secs": 1681165395,
            "nsecs": 725796905
        },
        "frame_id": "atracsys"
    },
    "pose": {
        "position": {
            "x": 0.13597506713867188,
            "y": 0.000960811734199524,
            "z": 1.025114990234375
        },
        "orientation": {
            "x": -0.09005689579359363,
            "y": 0.23036430356013052,
            "z": 0.9685008251664913,
            "w": -0.028778374121959858
        }
    }
}