{
    "header": {
        "seq": 29944,
        "stamp": {
            "secs": 1681165560,
            "nsecs": 195323777
        },
        "frame_id": "atracsys"
    },
    "pose": {
        "position": {
            "x": 0.1911217041015625,
            "y": -0.0039833407402038576,
            "z": 0.9700361328125
        },
        "orientation": {
            "x": -0.22464712947463203,
            "y": 0.1733761127409953,
            "z": 0.9561612575614337,
            "w": -0.07231901747235835
        }
    }
}