{
    "header": {
        "seq": 11936,
        "stamp": {
            "secs": 1681165378,
            "nsecs": 949497657
        },
        "frame_id": "atracsys"
    },
    "pose": {
        "position": {
            "x": 0.18675546264648438,
            "y": -0.00015962591767311097,
            "z": 0.9847935180664062
        },
        "orientation": {
            "x": -0.17807189657749697,
            "y": 0.043708403743486744,
            "z": 0.9753602395259683,
            "w": -0.12268813407716095
        }
    }
}