{
    "header": {
        "seq": 16122,
        "stamp": {
            "secs": 1681165421,
            "nsecs": 120006134
        },
        "frame_id": "atracsys"
    },
    "pose": {
        "position": {
            "x": 0.11159757232666016,
            "y": -0.0015079321861267091,
            "z": 1.0432537841796876
        },
        "orientation": {
            "x": -0.03742192232171161,
            "y": 0.31849016582953815,
            "z": 0.9469471715261129,
            "w": 0.02132295332067103
        }
    }
}