{
    "header": {
        "seq": 29624,
        "stamp": {
            "secs": 1681165556,
            "nsecs": 977495128
        },
        "frame_id": "atracsys"
    },
    "pose": {
        "position": {
            "x": 0.2007163543701172,
            "y": 0.00538400411605835,
            "z": 0.9639322509765625
        },
        "orientation": {
            "x": -0.2584860271809985,
            "y": 0.13758879566678225,
            "z": 0.952977888723197,
            "w": -0.07802205241998253
        }
    }
}