{
    "header": {
        "seq": 33205,
        "stamp": {
            "secs": 1681165593,
            "nsecs": 7482447
        },
        "frame_id": "atracsys"
    },
    "pose": {
        "position": {
            "x": 0.10971024322509766,
            "y": -0.02276711654663086,
            "z": 0.9619878540039063
        },
        "orientation": {
            "x": -0.128304271046158,
            "y": 0.19218349562785939,
            "z": 0.9684274567033849,
            "w": 0.09355094410311506
        }
    }
}