{
    "header": {
        "seq": 4152,
        "stamp": {
            "secs": 1681165264,
            "nsecs": 593685773
        },
        "frame_id": "atracsys"
    },
    "pose": {
        "position": {
            "x": 0.35129428100585935,
            "y": -0.05685818481445313,
            "z": 0.8590594482421875
        },
        "orientation": {
            "x": 0.11121840734201126,
            "y": 0.1818828059850599,
            "z": 0.9763673790310864,
            "w": 0.035438001062059965
        }
    }
}