{
    "header": {
        "seq": 30264,
        "stamp": {
            "secs": 1681165563,
            "nsecs": 413343247
        },
        "frame_id": "atracsys"
    },
    "pose": {
        "position": {
            "x": 0.1858214874267578,
            "y": -0.004929326057434082,
            "z": 0.9757930297851563
        },
        "orientation": {
            "x": -0.22476748017223366,
            "y": 0.1623595079427312,
            "z": 0.9591005446078091,
            "w": -0.05696591411206066
        }
    }
}