{
    "header": {
        "seq": 10902,
        "stamp": {
            "secs": 1681165368,
            "nsecs": 534626344
        },
        "frame_id": "atracsys"
    },
    "pose": {
        "position": {
            "x": 0.22486694335937502,
            "y": 0.009829961776733398,
            "z": 0.9453353271484375
        },
        "orientation": {
            "x": -0.23469973770297906,
            "y": -0.002654088079370589,
            "z": 0.9580970024522885,
            "w": -0.16419233487151444
        }
    }
}