{
    "header": {
        "seq": 3676,
        "stamp": {
            "secs": 1681165259,
            "nsecs": 805458096
        },
        "frame_id": "atracsys"
    },
    "pose": {
        "position": {
            "x": 0.3362143249511719,
            "y": -0.05814975357055664,
            "z": 0.8738482055664063
        },
        "orientation": {
            "x": 0.13548299763894642,
            "y": 0.1853649144731308,
            "z": 0.9726520689659183,
            "w": 0.03510211631017131
        }
    }
}