{
    "header": {
        "seq": 9152,
        "stamp": {
            "secs": 1681165350,
            "nsecs": 925443225
        },
        "frame_id": "atracsys"
    },
    "pose": {
        "position": {
            "x": 0.17530726623535156,
            "y": -0.020517301559448243,
            "z": 0.9118755493164062
        },
        "orientation": {
            "x": -0.191122376264796,
            "y": 0.12680072597134798,
            "z": 0.9725575969503316,
            "w": -0.03905808236758818
        }
    }
}