{
    "header": {
        "seq": 28771,
        "stamp": {
            "secs": 1681165548,
            "nsecs": 398240621
        },
        "frame_id": "atracsys"
    },
    "pose": {
        "position": {
            "x": 0.19746945190429688,
            "y": -0.0009531031250953674,
            "z": 0.9463695678710937
        },
        "orientation": {
            "x": -0.21924900452948606,
            "y": 0.19181766102469397,
            "z": 0.9536311439903441,
            "w": -0.07565381777222216
        }
    }
}