{
    "header": {
        "seq": 29473,
        "stamp": {
            "secs": 1681165555,
            "nsecs": 457958702
        },
        "frame_id": "atracsys"
    },
    "pose": {
        "position": {
            "x": 0.19956610107421877,
            "y": 0.0027573153972625733,
            "z": 0.9616229248046875
        },
        "orientation": {
            "x": -0.24909375321317184,
            "y": 0.16115475126755,
            "z": 0.9516509696293092,
            "w": -0.07963592316075217
        }
    }
}