{
    "header": {
        "seq": 30111,
        "stamp": {
            "secs": 1681165561,
            "nsecs": 875901222
        },
        "frame_id": "atracsys"
    },
    "pose": {
        "position": {
            "x": 0.19037918090820313,
            "y": -0.0017988353967666626,
            "z": 0.9730667724609375
        },
        "orientation": {
            "x": -0.24009348342461048,
            "y": 0.15295378748463306,
            "z": 0.9565834026254914,
            "w": -0.06251761297889755
        }
    }
}