{
    "header": {
        "seq": 8588,
        "stamp": {
            "secs": 1681165345,
            "nsecs": 253810454
        },
        "frame_id": "atracsys"
    },
    "pose": {
        "position": {
            "x": 0.14485862731933594,
            "y": -0.02835515594482422,
            "z": 0.92812890625
        },
        "orientation": {
            "x": -0.19438736225991363,
            "y": 0.14476710105222013,
            "z": 0.9700902145472317,
            "w": -0.013454199577653984
        }
    }
}