{
    "header": {
        "seq": 10440,
        "stamp": {
            "secs": 1681165363,
            "nsecs": 886748023
        },
        "frame_id": "atracsys"
    },
    "pose": {
        "position": {
            "x": 0.22591885375976564,
            "y": 0.009240556716918945,
            "z": 0.9278005981445313
        },
        "orientation": {
            "x": -0.24524511987707592,
            "y": 0.00801941097961612,
            "z": 0.9586917756269061,
            "w": -0.14387702933181748
        }
    }
}