{
    "header": {
        "seq": 20038,
        "stamp": {
            "secs": 1681165460,
            "nsecs": 529059561
        },
        "frame_id": "atracsys"
    },
    "pose": {
        "position": {
            "x": 0.11461907958984376,
            "y": -0.02745464515686035,
            "z": 0.96924267578125
        },
        "orientation": {
            "x": -0.12616798377595617,
            "y": 0.16056931033518104,
            "z": 0.9768554943442228,
            "w": 0.06365908904389486
        }
    }
}