{
    "header": {
        "seq": 8272,
        "stamp": {
            "secs": 1681165342,
            "nsecs": 77641299
        },
        "frame_id": "atracsys"
    },
    "pose": {
        "position": {
            "x": 0.12961151123046874,
            "y": -0.029345121383666992,
            "z": 0.936366943359375
        },
        "orientation": {
            "x": -0.18002982559887046,
            "y": 0.14485337126016493,
            "z": 0.9729352840203248,
            "w": -0.00192245616210468
        }
    }
}