{
    "header": {
        "seq": 21382,
        "stamp": {
            "secs": 1681165474,
            "nsecs": 51502037
        },
        "frame_id": "atracsys"
    },
    "pose": {
        "position": {
            "x": 0.09565137481689454,
            "y": -0.018769447326660155,
            "z": 0.9654684448242188
        },
        "orientation": {
            "x": -0.06046182459385739,
            "y": 0.1551107000421117,
            "z": 0.9846526861362362,
            "w": 0.05238440783212536
        }
    }
}