{
    "header": {
        "seq": 25419,
        "stamp": {
            "secs": 1681165514,
            "nsecs": 678742543
        },
        "frame_id": "atracsys"
    },
    "pose": {
        "position": {
            "x": 0.17369288635253907,
            "y": -0.004603073596954345,
            "z": 0.9685774536132813
        },
        "orientation": {
            "x": -0.24200608729694537,
            "y": 0.08929311444298711,
            "z": 0.9661360549163366,
            "w": 0.006396625281524606
        }
    }
}