{
    "header": {
        "seq": 38784,
        "stamp": {
            "secs": 1681165649,
            "nsecs": 219682336
        },
        "frame_id": "atracsys"
    },
    "pose": {
        "position": {
            "x": 0.1974661407470703,
            "y": 0.009492110252380372,
            "z": 0.9410635375976563
        },
        "orientation": {
            "x": 0.07597757506130078,
            "y": -0.0018537548111017563,
            "z": 0.9254888235549299,
            "w": -0.3710719730130755
        }
    }
}