{
    "header": {
        "seq": 34094,
        "stamp": {
            "secs": 1681165601,
            "nsecs": 953690938
        },
        "frame_id": "atracsys"
    },
    "pose": {
        "position": {
            "x": 0.09409491729736329,
            "y": 0.018569143295288085,
            "z": 1.0230230102539062
        },
        "orientation": {
            "x": -0.14951350455778473,
            "y": 0.24417241068934517,
            "z": 0.9581207026394253,
            "w": 0.0055013622619560255
        }
    }
}