{
    "header": {
        "seq": 28448,
        "stamp": {
            "secs": 1681165545,
            "nsecs": 147447231
        },
        "frame_id": "atracsys"
    },
    "pose": {
        "position": {
            "x": 0.19679084777832032,
            "y": -0.001066557765007019,
            "z": 0.9394107666015625
        },
        "orientation": {
            "x": -0.2501471394975587,
            "y": 0.19727716462314837,
            "z": 0.9442206823926745,
            "w": -0.08339923177915019
        }
    }
}