{
    "header": {
        "seq": 20893,
        "stamp": {
            "secs": 1681165469,
            "nsecs": 132053245
        },
        "frame_id": "atracsys"
    },
    "pose": {
        "position": {
            "x": 0.0966351318359375,
            "y": -0.019668617248535157,
            "z": 0.9699094848632813
        },
        "orientation": {
            "x": -0.08727168995148228,
            "y": 0.13407907193224428,
            "z": 0.9836484042856585,
            "w": 0.0827180231211928
        }
    }
}