{
    "header": {
        "seq": 12815,
        "stamp": {
            "secs": 1681165387,
            "nsecs": 824141196
        },
        "frame_id": "atracsys"
    },
    "pose": {
        "position": {
            "x": 0.13462632751464845,
            "y": 0.003933587551116943,
            "z": 1.0235841064453126
        },
        "orientation": {
            "x": -0.07554991447350456,
            "y": 0.2238581451471359,
            "z": 0.970348248221874,
            "w": -0.051029584037796664
        }
    }
}