{
    "header": {
        "seq": 33028,
        "stamp": {
            "secs": 1681165591,
            "nsecs": 228371506
        },
        "frame_id": "atracsys"
    },
    "pose": {
        "position": {
            "x": 0.1305796661376953,
            "y": -0.022723466873168945,
            "z": 0.968082275390625
        },
        "orientation": {
            "x": -0.16976296194098234,
            "y": 0.16743064467727647,
            "z": 0.9694947235606775,
            "w": 0.0568110637462618
        }
    }
}