{
    "header": {
        "seq": 16142,
        "stamp": {
            "secs": 1681165421,
            "nsecs": 319998535
        },
        "frame_id": "atracsys"
    },
    "pose": {
        "position": {
            "x": 0.11066900634765625,
            "y": -0.0017335324287414552,
            "z": 1.04320068359375
        },
        "orientation": {
            "x": -0.03473417793995468,
            "y": 0.32155608302811156,
            "z": 0.9460380416515087,
            "w": 0.020180339408248624
        }
    }
}