{
    "header": {
        "seq": 25069,
        "stamp": {
            "secs": 1681165511,
            "nsecs": 156174659
        },
        "frame_id": "atracsys"
    },
    "pose": {
        "position": {
            "x": 0.1589892578125,
            "y": -0.009099506378173828,
            "z": 0.9712819213867188
        },
        "orientation": {
            "x": -0.23065089160727992,
            "y": 0.12938548625372137,
            "z": 0.9633252398428374,
            "w": 0.04543175573753439
        }
    }
}