{
    "header": {
        "seq": 17161,
        "stamp": {
            "secs": 1681165431,
            "nsecs": 576805904
        },
        "frame_id": "atracsys"
    },
    "pose": {
        "position": {
            "x": 0.1144642562866211,
            "y": -0.0038893942832946777,
            "z": 1.037760009765625
        },
        "orientation": {
            "x": -0.07048103407224103,
            "y": 0.32359594637006317,
            "z": 0.9424995078043557,
            "w": 0.04486385089934181
        }
    }
}