{
    "header": {
        "seq": 23960,
        "stamp": {
            "secs": 1681165499,
            "nsecs": 995085202
        },
        "frame_id": "atracsys"
    },
    "pose": {
        "position": {
            "x": 0.09127291870117188,
            "y": -0.018628999710083007,
            "z": 0.9503668823242187
        },
        "orientation": {
            "x": -0.1344928774532968,
            "y": 0.19996042585088444,
            "z": 0.9531833891299155,
            "w": 0.1826716198391903
        }
    }
}