{
    "header": {
        "seq": 4300,
        "stamp": {
            "secs": 1681165266,
            "nsecs": 80236122
        },
        "frame_id": "atracsys"
    },
    "pose": {
        "position": {
            "x": 0.3615668640136719,
            "y": -0.05475575637817383,
            "z": 0.8523372802734375
        },
        "orientation": {
            "x": 0.09266787244885383,
            "y": 0.17974807488306066,
            "z": 0.9792105135637283,
            "w": 0.015813447375443764
        }
    }
}