{
    "header": {
        "seq": 28230,
        "stamp": {
            "secs": 1681165542,
            "nsecs": 953514673
        },
        "frame_id": "atracsys"
    },
    "pose": {
        "position": {
            "x": 0.17627748107910157,
            "y": -0.011312751770019532,
            "z": 0.94097265625
        },
        "orientation": {
            "x": -0.18677136355473517,
            "y": 0.24168271408799125,
            "z": 0.9505226831834332,
            "w": -0.05667938091346585
        }
    }
}