{
    "header": {
        "seq": 18571,
        "stamp": {
            "secs": 1681165445,
            "nsecs": 764751630
        },
        "frame_id": "atracsys"
    },
    "pose": {
        "position": {
            "x": 0.106164306640625,
            "y": -0.024621545791625978,
            "z": 0.9800968627929688
        },
        "orientation": {
            "x": -0.12208622346081839,
            "y": 0.15688067768053066,
            "z": 0.9774213373190968,
            "w": 0.07163055468807386
        }
    }
}