{
    "header": {
        "seq": 23542,
        "stamp": {
            "secs": 1681165495,
            "nsecs": 792050841
        },
        "frame_id": "atracsys"
    },
    "pose": {
        "position": {
            "x": 0.08881539154052735,
            "y": -0.018965242385864257,
            "z": 0.950228515625
        },
        "orientation": {
            "x": -0.10730996871779877,
            "y": 0.2082289100394295,
            "z": 0.9580326059445182,
            "w": 0.16522353822846156
        }
    }
}