{
    "header": {
        "seq": 32256,
        "stamp": {
            "secs": 1681165583,
            "nsecs": 455181600
        },
        "frame_id": "atracsys"
    },
    "pose": {
        "position": {
            "x": 0.11789830017089845,
            "y": -0.02334758758544922,
            "z": 0.9926706542968751
        },
        "orientation": {
            "x": -0.15473184225613443,
            "y": 0.15820326042234467,
            "z": 0.9741721645265037,
            "w": 0.04492637583323381
        }
    }
}