{
    "header": {
        "seq": 3718,
        "stamp": {
            "secs": 1681165260,
            "nsecs": 226416525
        },
        "frame_id": "atracsys"
    },
    "pose": {
        "position": {
            "x": 0.3364519958496094,
            "y": -0.058272232055664064,
            "z": 0.87224658203125
        },
        "orientation": {
            "x": 0.13491129675967628,
            "y": 0.18335619894578206,
            "z": 0.9730734687250928,
            "w": 0.03615896539024611
        }
    }
}