{
    "header": {
        "seq": 23352,
        "stamp": {
            "secs": 1681165493,
            "nsecs": 881532980
        },
        "frame_id": "atracsys"
    },
    "pose": {
        "position": {
            "x": 0.09534436798095704,
            "y": -0.021070556640625,
            "z": 0.9543286132812501
        },
        "orientation": {
            "x": -0.1442837845507047,
            "y": 0.1491501647280677,
            "z": 0.9636900693804239,
            "w": 0.16804126890400986
        }
    }
}