{
    "header": {
        "seq": 9875,
        "stamp": {
            "secs": 1681165358,
            "nsecs": 200128438
        },
        "frame_id": "atracsys"
    },
    "pose": {
        "position": {
            "x": 0.20258093261718751,
            "y": -0.0009660604000091553,
            "z": 0.909754638671875
        },
        "orientation": {
            "x": -0.2630725203793774,
            "y": 0.056758895079432374,
            "z": 0.9619776862937467,
            "w": -0.04658549048291621
        }
    }
}