{
    "header": {
        "seq": 3282,
        "stamp": {
            "secs": 1681165255,
            "nsecs": 838411629
        },
        "frame_id": "atracsys"
    },
    "pose": {
        "position": {
            "x": 0.31937335205078127,
            "y": -0.05407025909423828,
            "z": 0.8865086669921876
        },
        "orientation": {
            "x": 0.16295957627415494,
            "y": 0.17009747448627627,
            "z": 0.9710850380061667,
            "w": 0.038792713677958134
        }
    }
}