{
    "header": {
        "seq": 24345,
        "stamp": {
            "secs": 1681165503,
            "nsecs": 869618249
        },
        "frame_id": "atracsys"
    },
    "pose": {
        "position": {
            "x": 0.11678307342529297,
            "y": -0.01759389305114746,
            "z": 0.9574949340820312
        },
        "orientation": {
            "x": -0.19692713120233188,
            "y": 0.13611520125281878,
            "z": 0.9576978848641301,
            "w": 0.15970948096808701
        }
    }
}