{
    "header": {
        "seq": 12640,
        "stamp": {
            "secs": 1681165386,
            "nsecs": 62966624
        },
        "frame_id": "atracsys"
    },
    "pose": {
        "position": {
            "x": 0.12968411254882814,
            "y": -0.0006548823118209839,
            "z": 1.024160888671875
        },
        "orientation": {
            "x": -0.09091186618139062,
            "y": 0.23558754603236987,
            "z": 0.9675692750990522,
            "w": -0.006575608424916307
        }
    }
}