{
    "header": {
        "seq": 33098,
        "stamp": {
            "secs": 1681165591,
            "nsecs": 929773946
        },
        "frame_id": "atracsys"
    },
    "pose": {
        "position": {
            "x": 0.12276856994628907,
            "y": -0.023735864639282227,
            "z": 0.9678392944335937
        },
        "orientation": {
            "x": -0.15926458734878923,
            "y": 0.17340524735245688,
            "z": 0.9691235569956889,
            "w": 0.073245769046935
        }
    }
}