{
    "header": {
        "seq": 10393,
        "stamp": {
            "secs": 1681165363,
            "nsecs": 412102111
        },
        "frame_id": "atracsys"
    },
    "pose": {
        "position": {
            "x": 0.22650485229492187,
            "y": 0.009382413864135743,
            "z": 0.9258975219726563
        },
        "orientation": {
            "x": -0.24875885104455775,
            "y": 0.009310398737837646,
            "z": 0.9577397194926602,
            "w": -0.1441075300199632
        }
    }
}