{
    "header": {
        "seq": 26900,
        "stamp": {
            "secs": 1681165529,
            "nsecs": 574194057
        },
        "frame_id": "atracsys"
    },
    "pose": {
        "position": {
            "x": 0.1601917419433594,
            "y": -0.01773565673828125,
            "z": 0.9606997070312501
        },
        "orientation": {
            "x": -0.15748557037173305,
            "y": 0.165400939342162,
            "z": 0.9734786489888851,
            "w": 0.01342178647555783
        }
    }
}