{
    "header": {
        "seq": 33375,
        "stamp": {
            "secs": 1681165594,
            "nsecs": 717912584
        },
        "frame_id": "atracsys"
    },
    "pose": {
        "position": {
            "x": 0.097615234375,
            "y": -0.020671215057373047,
            "z": 0.9664995727539063
        },
        "orientation": {
            "x": -0.10744937261120936,
            "y": 0.1740074479945212,
            "z": 0.974058257818868,
            "w": 0.09688421307294197
        }
    }
}