{
    "header": {
        "seq": 33930,
        "stamp": {
            "secs": 1681165600,
            "nsecs": 303039766
        },
        "frame_id": "atracsys"
    },
    "pose": {
        "position": {
            "x": 0.09573409271240235,
            "y": 0.024250104904174806,
            "z": 1.0169295654296875
        },
        "orientation": {
            "x": -0.1721531891363813,
            "y": 0.2856287286624073,
            "z": 0.9426585990426183,
            "w": -0.013201306142907416
        }
    }
}