{
    "header": {
        "seq": 20874,
        "stamp": {
            "secs": 1681165468,
            "nsecs": 941011368
        },
        "frame_id": "atracsys"
    },
    "pose": {
        "position": {
            "x": 0.09764646148681641,
            "y": -0.019564279556274416,
            "z": 0.969818115234375
        },
        "orientation": {
            "x": -0.091433955166202,
            "y": 0.13303670644656018,
            "z": 0.9833722928804685,
            "w": 0.0831865384273608
        }
    }
}