{
    "header": {
        "seq": 38839,
        "stamp": {
            "secs": 1681165649,
            "nsecs": 774904161
        },
        "frame_id": "atracsys"
    },
    "pose": {
        "position": {
            "x": 0.19560821533203127,
            "y": 0.008303571701049804,
            "z": 0.9408832397460938
        },
        "orientation": {
            "x": 0.08250244861055347,
            "y": -0.032110874122470275,
            "z": 0.9293969458264406,
            "w": -0.35830650960433047
        }
    }
}