{
    "header": {
        "seq": 4056,
        "stamp": {
            "secs": 1681165263,
            "nsecs": 626390907
        },
        "frame_id": "atracsys"
    },
    "pose": {
        "position": {
            "x": 0.3476072692871094,
            "y": -0.05741020965576172,
            "z": 0.8623984375
        },
        "orientation": {
            "x": 0.11782861950544174,
            "y": 0.18189817332188896,
            "z": 0.975546990904426,
            "w": 0.03657238719200696
        }
    }
}