{
    "header": {
        "seq": 11956,
        "stamp": {
            "secs": 1681165379,
            "nsecs": 149489840
        },
        "frame_id": "atracsys"
    },
    "pose": {
        "position": {
            "x": 0.18591978454589844,
            "y": -0.0002461453527212143,
            "z": 0.9857235717773438
        },
        "orientation": {
            "x": -0.17803060534214352,
            "y": 0.04812002618402556,
            "z": 0.975443955484902,
            "w": -0.12041036645375312
        }
    }
}