{
    "header": {
        "seq": 20169,
        "stamp": {
            "secs": 1681165461,
            "nsecs": 848512667
        },
        "frame_id": "atracsys"
    },
    "pose": {
        "position": {
            "x": 0.10743238830566407,
            "y": -0.025164417266845703,
            "z": 0.9667653198242188
        },
        "orientation": {
            "x": -0.11134001770573046,
            "y": 0.15362339142774495,
            "z": 0.9794484267212119,
            "w": 0.0684399989543278
        }
    }
}