{
    "header": {
        "seq": 16788,
        "stamp": {
            "secs": 1681165427,
            "nsecs": 821491485
        },
        "frame_id": "atracsys"
    },
    "pose": {
        "position": {
            "x": 0.11980533599853516,
            "y": -0.00545719575881958,
            "z": 1.0353427734375
        },
        "orientation": {
            "x": -0.08119059042449953,
            "y": 0.3388134021794246,
            "z": 0.9369707896911433,
            "w": 0.026444390627880544
        }
    }
}