{
    "header": {
        "seq": 3837,
        "stamp": {
            "secs": 1681165261,
            "nsecs": 423497348
        },
        "frame_id": "atracsys"
    },
    "pose": {
        "position": {
            "x": 0.34131210327148437,
            "y": -0.05811174774169922,
            "z": 0.8687394409179687
        },
        "orientation": {
            "x": 0.12581099574944324,
            "y": 0.18417931910916377,
            "z": 0.9741682175193799,
            "w": 0.0352966816589373
        }
    }
}