{
    "header": {
        "seq": 785,
        "stamp": {
            "secs": 1681165229,
            "nsecs": 697911887
        },
        "frame_id": "atracsys"
    },
    "pose": {
        "position": {
            "x": 0.26911480712890623,
            "y": -0.05261119842529297,
            "z": 0.9010498657226562
        },
        "orientation": {
            "x": -0.08323269934461872,
            "y": 0.22790845401767224,
            "z": 0.9691657549145827,
            "w": 0.042985972687960505
        }
    }
}