{
    "header": {
        "seq": 19817,
        "stamp": {
            "secs": 1681165458,
            "nsecs": 308125716
        },
        "frame_id": "atracsys"
    },
    "pose": {
        "position": {
            "x": 0.1260461654663086,
            "y": -0.0260650634765625,
            "z": 0.9676068115234375
        },
        "orientation": {
            "x": -0.14728256041155208,
            "y": 0.15489630969340556,
            "z": 0.9752459831286299,
            "w": 0.056659094887356605
        }
    }
}