{
    "header": {
        "seq": 23931,
        "stamp": {
            "secs": 1681165499,
            "nsecs": 705539809
        },
        "frame_id": "atracsys"
    },
    "pose": {
        "position": {
            "x": 0.09447444152832031,
            "y": -0.017994892120361327,
            "z": 0.94938134765625
        },
        "orientation": {
            "x": -0.1486749050836851,
            "y": 0.18873053945573537,
            "z": 0.9522532860783355,
            "w": 0.1883885220179723
        }
    }
}