{
    "header": {
        "seq": 28652,
        "stamp": {
            "secs": 1681165547,
            "nsecs": 201186316
        },
        "frame_id": "atracsys"
    },
    "pose": {
        "position": {
            "x": 0.17921690368652343,
            "y": -0.012096348762512208,
            "z": 0.9434813232421875
        },
        "orientation": {
            "x": -0.155372459754221,
            "y": 0.23579009536163859,
            "z": 0.9570432606963195,
            "w": -0.06580749831918035
        }
    }
}