{
    "header": {
        "seq": 9478,
        "stamp": {
            "secs": 1681165354,
            "nsecs": 206127756
        },
        "frame_id": "atracsys"
    },
    "pose": {
        "position": {
            "x": 0.1912957000732422,
            "y": -0.010836488723754882,
            "z": 0.9091376342773437
        },
        "orientation": {
            "x": -0.2250910897489812,
            "y": 0.09592357670638997,
            "z": 0.968108468134993,
            "w": -0.05383922986807094
        }
    }
}