{
    "header": {
        "seq": 11301,
        "stamp": {
            "secs": 1681165372,
            "nsecs": 552464030
        },
        "frame_id": "atracsys"
    },
    "pose": {
        "position": {
            "x": 0.21431845092773438,
            "y": 0.006172098159790039,
            "z": 0.9618506469726563
        },
        "orientation": {
            "x": -0.21768173910298722,
            "y": 0.0054575891367174435,
            "z": 0.963765666150567,
            "w": -0.15407990112687545
        }
    }
}