{
    "header": {
        "seq": 23477,
        "stamp": {
            "secs": 1681165495,
            "nsecs": 138297842
        },
        "frame_id": "atracsys"
    },
    "pose": {
        "position": {
            "x": 0.09175102996826172,
            "y": -0.019791881561279298,
            "z": 0.95068359375
        },
        "orientation": {
            "x": -0.12660005450099637,
            "y": 0.19813782496418994,
            "z": 0.9580474135314982,
            "w": 0.1638871012142544
        }
    }
}