{
    "header": {
        "seq": 37237,
        "stamp": {
            "secs": 1681165633,
            "nsecs": 634601767
        },
        "frame_id": "atracsys"
    },
    "pose": {
        "position": {
            "x": 0.19202578735351564,
            "y": 0.0013691929578781127,
            "z": 0.9492019653320313
        },
        "orientation": {
            "x": -0.09344968035703012,
            "y": -0.051172139048342585,
            "z": 0.9442496781149038,
            "w": -0.31151422889859554
        }
    }
}