{
    "header": {
        "seq": 34503,
        "stamp": {
            "secs": 1681165606,
            "nsecs": 70137950
        },
        "frame_id": "atracsys"
    },
    "pose": {
        "position": {
            "x": 0.09527555847167969,
            "y": 0.01792918395996094,
            "z": 1.017157470703125
        },
        "orientation": {
            "x": -0.14180143894594882,
            "y": 0.23292454830916767,
            "z": 0.9619148915884211,
            "w": 0.01892744167246556
        }
    }
}