{
    "header": {
        "seq": 25197,
        "stamp": {
            "secs": 1681165512,
            "nsecs": 442880601
        },
        "frame_id": "atracsys"
    },
    "pose": {
        "position": {
            "x": 0.1769569091796875,
            "y": 0.000607022225856781,
            "z": 0.9767826538085937
        },
        "orientation": {
            "x": -0.26569113718124165,
            "y": 0.09653491364973699,
            "z": 0.9591929168806392,
            "w": -0.006178857174891359
        }
    }
}