{
    "header": {
        "seq": 23864,
        "stamp": {
            "secs": 1681165499,
            "nsecs": 30904031
        },
        "frame_id": "atracsys"
    },
    "pose": {
        "position": {
            "x": 0.10643272399902344,
            "y": -0.019773488998413087,
            "z": 0.9535997924804688
        },
        "orientation": {
            "x": -0.16816030790227543,
            "y": 0.18946102990921113,
            "z": 0.9541855393198846,
            "w": 0.15923751299481523
        }
    }
}