{
    "header": {
        "seq": 28689,
        "stamp": {
            "secs": 1681165547,
            "nsecs": 574356303
        },
        "frame_id": "atracsys"
    },
    "pose": {
        "position": {
            "x": 0.18374795532226562,
            "y": -0.009721590995788574,
            "z": 0.9444617309570312
        },
        "orientation": {
            "x": -0.16731149151719038,
            "y": 0.23091541885808886,
            "z": 0.9559560040742295,
            "w": -0.06952015833064668
        }
    }
}