{
    "header": {
        "seq": 31398,
        "stamp": {
            "secs": 1681165574,
            "nsecs": 819346854
        },
        "frame_id": "atracsys"
    },
    "pose": {
        "position": {
            "x": 0.17693635559082033,
            "y": -0.002785820960998535,
            "z": 0.9893544921875
        },
        "orientation": {
            "x": -0.22693248147565648,
            "y": 0.12359473038788928,
            "z": 0.9650183510383581,
            "w": -0.04433479029897463
        }
    }
}