{
    "header": {
        "seq": 34604,
        "stamp": {
            "secs": 1681165607,
            "nsecs": 88040342
        },
        "frame_id": "atracsys"
    },
    "pose": {
        "position": {
            "x": 0.09225938415527343,
            "y": 0.01823041534423828,
            "z": 1.0153263549804687
        },
        "orientation": {
            "x": -0.12188757281985327,
            "y": 0.23648834763311039,
            "z": 0.9639408448920662,
            "w": 0.005893095503697053
        }
    }
}