{
    "header": {
        "seq": 13317,
        "stamp": {
            "secs": 1681165392,
            "nsecs": 877903126
        },
        "frame_id": "atracsys"
    },
    "pose": {
        "position": {
            "x": 0.1296248474121094,
            "y": 0.0039310998916625975,
            "z": 1.02196826171875
        },
        "orientation": {
            "x": -0.07586648901108332,
            "y": 0.2135926263143041,
            "z": 0.9737171678529293,
            "w": -0.022301185120073997
        }
    }
}