{
    "header": {
        "seq": 16808,
        "stamp": {
            "secs": 1681165428,
            "nsecs": 21501121
        },
        "frame_id": "atracsys"
    },
    "pose": {
        "position": {
            "x": 0.12106060028076172,
            "y": -0.004330807685852051,
            "z": 1.0362286376953125
        },
        "orientation": {
            "x": -0.08406567744154392,
            "y": 0.33485197272039696,
            "z": 0.9381136724086552,
            "w": 0.02738349651704994
        }
    }
}