{
    "header": {
        "seq": 32108,
        "stamp": {
            "secs": 1681165581,
            "nsecs": 968519565
        },
        "frame_id": "atracsys"
    },
    "pose": {
        "position": {
            "x": 0.13057437133789063,
            "y": -0.020691326141357422,
            "z": 0.9870595092773438
        },
        "orientation": {
            "x": -0.1787281076815988,
            "y": 0.15573352635117546,
            "z": 0.9699283800869533,
            "w": 0.05515677471246311
        }
    }
}