{
    "header": {
        "seq": 16268,
        "stamp": {
            "secs": 1681165422,
            "nsecs": 588648065
        },
        "frame_id": "atracsys"
    },
    "pose": {
        "position": {
            "x": 0.10818043518066406,
            "y": -0.0023319993019104003,
            "z": 1.0412694091796875
        },
        "orientation": {
            "x": -0.01976320518987916,
            "y": 0.3220263280204964,
            "z": 0.9463509434353364,
            "w": 0.018120475747267592
        }
    }
}