{
    "header": {
        "seq": 10326,
        "stamp": {
            "secs": 1681165362,
            "nsecs": 737452976
        },
        "frame_id": "atracsys"
    },
    "pose": {
        "position": {
            "x": 0.2263665008544922,
            "y": 0.008230691909790038,
            "z": 0.92378955078125
        },
        "orientation": {
            "x": -0.2512497475406984,
            "y": 0.017832511017698508,
            "z": 0.9570188662918974,
            "w": -0.14377223470792466
        }
    }
}