{
    "header": {
        "seq": 36379,
        "stamp": {
            "secs": 1681165624,
            "nsecs": 956802393
        },
        "frame_id": "atracsys"
    },
    "pose": {
        "position": {
            "x": 0.1299178466796875,
            "y": -0.01625913619995117,
            "z": 0.983156982421875
        },
        "orientation": {
            "x": -0.2524402713251555,
            "y": 0.21049129429944477,
            "z": 0.9436886833737504,
            "w": 0.03766952760181716
        }
    }
}