{
    "header": {
        "seq": 25282,
        "stamp": {
            "secs": 1681165513,
            "nsecs": 299481316
        },
        "frame_id": "atracsys"
    },
    "pose": {
        "position": {
            "x": 0.1673616485595703,
            "y": -0.007666615009307862,
            "z": 0.972076904296875
        },
        "orientation": {
            "x": -0.23302162354221564,
            "y": 0.1189244142151653,
            "z": 0.9650446096176674,
            "w": 0.01571012772749054
        }
    }
}