{
    "header": {
        "seq": 11258,
        "stamp": {
            "secs": 1681165372,
            "nsecs": 119723416
        },
        "frame_id": "atracsys"
    },
    "pose": {
        "position": {
            "x": 0.21489730834960938,
            "y": 0.006955931186676026,
            "z": 0.9589573364257813
        },
        "orientation": {
            "x": -0.22063903103378255,
            "y": 0.0005134480709165409,
            "z": 0.9638485760106515,
            "w": -0.14937897066786615
        }
    }
}