{
    "header": {
        "seq": 15672,
        "stamp": {
            "secs": 1681165416,
            "nsecs": 594447288
        },
        "frame_id": "atracsys"
    },
    "pose": {
        "position": {
            "x": 0.12323988342285157,
            "y": -0.0008123790621757508,
            "z": 1.039677001953125
        },
        "orientation": {
            "x": -0.09564151599929104,
            "y": 0.3282360916762872,
            "z": 0.9395574906280799,
            "w": 0.018587370526753952
        }
    }
}