{
    "header": {
        "seq": 19501,
        "stamp": {
            "secs": 1681165455,
            "nsecs": 129085895
        },
        "frame_id": "atracsys"
    },
    "pose": {
        "position": {
            "x": 0.13949046325683595,
            "y": -0.023100595474243164,
            "z": 0.9717117309570312
        },
        "orientation": {
            "x": -0.18042147483871507,
            "y": 0.1382234979173517,
            "z": 0.9729852973262572,
            "w": 0.040521194792966245
        }
    }
}