{
    "header": {
        "seq": 29757,
        "stamp": {
            "secs": 1681165558,
            "nsecs": 314710413
        },
        "frame_id": "atracsys"
    },
    "pose": {
        "position": {
            "x": 0.19212664794921874,
            "y": -0.003457499980926514,
            "z": 0.9662894287109375
        },
        "orientation": {
            "x": -0.22328940680777917,
            "y": 0.18453386609788683,
            "z": 0.9540868343804857,
            "w": -0.07620633524990393
        }
    }
}