{
    "header": {
        "seq": 20498,
        "stamp": {
            "secs": 1681165465,
            "nsecs": 156006731
        },
        "frame_id": "atracsys"
    },
    "pose": {
        "position": {
            "x": 0.0915922088623047,
            "y": -0.01924282646179199,
            "z": 0.97267822265625
        },
        "orientation": {
            "x": -0.07519082503148508,
            "y": 0.12536615320528688,
            "z": 0.9865145663712958,
            "w": 0.07361166890410409
        }
    }
}