{
    "header": {
        "seq": 14426,
        "stamp": {
            "secs": 1681165404,
            "nsecs": 54105084
        },
        "frame_id": "atracsys"
    },
    "pose": {
        "position": {
            "x": 0.1311233367919922,
            "y": 0.009047011375427245,
            "z": 1.023606689453125
        },
        "orientation": {
            "x": -0.08374582226930666,
            "y": 0.21941761057383788,
            "z": 0.971006444672057,
            "w": -0.04459858549143614
        }
    }
}