{
    "header": {
        "seq": 38280,
        "stamp": {
            "secs": 1681165644,
            "nsecs": 151070534
        },
        "frame_id": "atracsys"
    },
    "pose": {
        "position": {
            "x": 0.14579171752929687,
            "y": -0.018269649505615236,
            "z": 0.9785731201171876
        },
        "orientation": {
            "x": -0.10093519231207032,
            "y": 0.10575010803916654,
            "z": 0.9862172782254836,
            "w": -0.07748859098053872
        }
    }
}