{
    "header": {
        "seq": 34563,
        "stamp": {
            "secs": 1681165606,
            "nsecs": 673117713
        },
        "frame_id": "atracsys"
    },
    "pose": {
        "position": {
            "x": 0.08718592071533203,
            "y": 0.017587215423583984,
            "z": 1.0144951171875
        },
        "orientation": {
            "x": -0.10798218507568431,
            "y": 0.23172996770840024,
            "z": 0.9666361468960343,
            "w": 0.015988410994626612
        }
    }
}