{
    "header": {
        "seq": 35938,
        "stamp": {
            "secs": 1681165620,
            "nsecs": 515070018
        },
        "frame_id": "atracsys"
    },
    "pose": {
        "position": {
            "x": 0.07894783020019532,
            "y": 0.014701498985290528,
            "z": 1.0159360961914063
        },
        "orientation": {
            "x": -0.09512803767726949,
            "y": 0.19458841793188023,
            "z": 0.9739401921603563,
            "w": 0.06727931442195506
        }
    }
}