{
    "header": {
        "seq": 22193,
        "stamp": {
            "secs": 1681165482,
            "nsecs": 215816946
        },
        "frame_id": "atracsys"
    },
    "pose": {
        "position": {
            "x": 0.08963818359375,
            "y": -0.01900711250305176,
            "z": 0.9618284301757812
        },
        "orientation": {
            "x": -0.06371663756894498,
            "y": 0.18844924482552688,
            "z": 0.9768440599135487,
            "w": 0.07875757000575624
        }
    }
}