{
    "header": {
        "seq": 33163,
        "stamp": {
            "secs": 1681165592,
            "nsecs": 583595188
        },
        "frame_id": "atracsys"
    },
    "pose": {
        "position": {
            "x": 0.11110457611083985,
            "y": -0.0237863712310791,
            "z": 0.9659297485351562
        },
        "orientation": {
            "x": -0.141491907429219,
            "y": 0.17895155071869961,
            "z": 0.9694609454160905,
            "w": 0.0900103212990272
        }
    }
}