{
    "header": {
        "seq": 34150,
        "stamp": {
            "secs": 1681165602,
            "nsecs": 517991704
        },
        "frame_id": "atracsys"
    },
    "pose": {
        "position": {
            "x": 0.09491574859619141,
            "y": 0.017389324188232424,
            "z": 1.023789306640625
        },
        "orientation": {
            "x": -0.1561439375662071,
            "y": 0.2342410069320603,
            "z": 0.9593512933998085,
            "w": 0.019882587479738093
        }
    }
}