{
    "header": {
        "seq": 10879,
        "stamp": {
            "secs": 1681165368,
            "nsecs": 304701799
        },
        "frame_id": "atracsys"
    },
    "pose": {
        "position": {
            "x": 0.22568035888671875,
            "y": 0.010352288246154785,
            "z": 0.944293701171875
        },
        "orientation": {
            "x": -0.23430131515379607,
            "y": -0.005291144479103897,
            "z": 0.9578937729672695,
            "w": -0.16587470336923557
        }
    }
}