{
    "header": {
        "seq": 31045,
        "stamp": {
            "secs": 1681165571,
            "nsecs": 269999047
        },
        "frame_id": "atracsys"
    },
    "pose": {
        "position": {
            "x": 0.18534072875976562,
            "y": -0.001742784857749939,
            "z": 0.9863530883789062
        },
        "orientation": {
            "x": -0.21652686024941523,
            "y": 0.15219532843841146,
            "z": 0.9619467587267253,
            "w": -0.06790533239151028
        }
    }
}