{
    "header": {
        "seq": 19162,
        "stamp": {
            "secs": 1681165451,
            "nsecs": 714119330
        },
        "frame_id": "atracsys"
    },
    "pose": {
        "position": {
            "x": 0.12407993316650391,
            "y": -0.024399288177490236,
            "z": 0.9823157348632813
        },
        "orientation": {
            "x": -0.15997690428702854,
            "y": 0.13163671483569375,
            "z": 0.9764040120114803,
            "w": 0.060945637496790835
        }
    }
}