{
    "header": {
        "seq": 11818,
        "stamp": {
            "secs": 1681165377,
            "nsecs": 761536855
        },
        "frame_id": "atracsys"
    },
    "pose": {
        "position": {
            "x": 0.194119140625,
            "y": -0.0005911727547645569,
            "z": 0.98223974609375
        },
        "orientation": {
            "x": -0.18949476136061055,
            "y": 0.05399143991831249,
            "z": 0.9712688463034352,
            "w": -0.13346717960917004
        }
    }
}