{
    "header": {
        "seq": 19033,
        "stamp": {
            "secs": 1681165450,
            "nsecs": 412626468
        },
        "frame_id": "atracsys"
    },
    "pose": {
        "position": {
            "x": 0.11795938873291016,
            "y": -0.02450594711303711,
            "z": 0.9836383056640625
        },
        "orientation": {
            "x": -0.14898097498300145,
            "y": 0.1302529883706871,
            "z": 0.9781010561748329,
            "w": 0.06447598020423097
        }
    }
}