{
    "header": {
        "seq": 37298,
        "stamp": {
            "secs": 1681165634,
            "nsecs": 270381716
        },
        "frame_id": "atracsys"
    },
    "pose": {
        "position": {
            "x": 0.1845784454345703,
            "y": -0.005708870887756348,
            "z": 0.9492940063476563
        },
        "orientation": {
            "x": -0.09049660902403225,
            "y": -0.02829063158496595,
            "z": 0.9578125416439749,
            "w": -0.2713026704424127
        }
    }
}