{
    "header": {
        "seq": 20756,
        "stamp": {
            "secs": 1681165467,
            "nsecs": 755949563
        },
        "frame_id": "atracsys"
    },
    "pose": {
        "position": {
            "x": 0.09819831085205079,
            "y": -0.01836680603027344,
            "z": 0.9734885864257813
        },
        "orientation": {
            "x": -0.1023001559057015,
            "y": 0.11863038714935108,
            "z": 0.9838692254874154,
            "w": 0.08638782602460586
        }
    }
}