{
    "header": {
        "seq": 24199,
        "stamp": {
            "secs": 1681165502,
            "nsecs": 400965944
        },
        "frame_id": "atracsys"
    },
    "pose": {
        "position": {
            "x": 0.1136214828491211,
            "y": -0.017445198059082033,
            "z": 0.9542998046875
        },
        "orientation": {
            "x": -0.1808601494658622,
            "y": 0.1808295417644863,
            "z": 0.9534830491456544,
            "w": 0.15956302250940735
        }
    }
}