{
    "header": {
        "seq": 29384,
        "stamp": {
            "secs": 1681165554,
            "nsecs": 562460189
        },
        "frame_id": "atracsys"
    },
    "pose": {
        "position": {
            "x": 0.19860618591308593,
            "y": 0.001722394585609436,
            "z": 0.9608128051757813
        },
        "orientation": {
            "x": -0.2446808395521299,
            "y": 0.179171787493655,
            "z": 0.9493988774488905,
            "w": -0.08167330543806789
        }
    }
}