{
    "header": {
        "seq": 11887,
        "stamp": {
            "secs": 1681165378,
            "nsecs": 454044100
        },
        "frame_id": "atracsys"
    },
    "pose": {
        "position": {
            "x": 0.1895436706542969,
            "y": -0.00014235372841358185,
            "z": 0.9839390258789062
        },
        "orientation": {
            "x": -0.18510313184686705,
            "y": 0.04745071212081126,
            "z": 0.9738289791469585,
            "w": -0.12305437770880812
        }
    }
}