{
    "header": {
        "seq": 18743,
        "stamp": {
            "secs": 1681165447,
            "nsecs": 496102302
        },
        "frame_id": "atracsys"
    },
    "pose": {
        "position": {
            "x": 0.10673187255859375,
            "y": -0.025324913024902345,
            "z": 0.9843317260742188
        },
        "orientation": {
            "x": -0.125205164059298,
            "y": 0.14758327932185358,
            "z": 0.9785167661313984,
            "w": 0.07104773717186269
        }
    }
}