{
    "header": {
        "seq": 20191,
        "stamp": {
            "secs": 1681165462,
            "nsecs": 69360434
        },
        "frame_id": "atracsys"
    },
    "pose": {
        "position": {
            "x": 0.10701207733154297,
            "y": -0.024906618118286133,
            "z": 0.966891357421875
        },
        "orientation": {
            "x": -0.10991858513334647,
            "y": 0.15357170420821853,
            "z": 0.9796750361051669,
            "w": 0.06760517688170474
        }
    }
}