{
    "header": {
        "seq": 37735,
        "stamp": {
            "secs": 1681165638,
            "nsecs": 667497416
        },
        "frame_id": "atracsys"
    },
    "pose": {
        "position": {
            "x": 0.17225515747070314,
            "y": -0.00048494559526443483,
            "z": 0.9641334838867188
        },
        "orientation": {
            "x": -0.11651617781082421,
            "y": 0.07811987663150635,
            "z": 0.9635884607593042,
            "w": -0.22763686756531726
        }
    }
}