{
    "header": {
        "seq": 28465,
        "stamp": {
            "secs": 1681165545,
            "nsecs": 320703042
        },
        "frame_id": "atracsys"
    },
    "pose": {
        "position": {
            "x": 0.19430068969726563,
            "y": -0.002636894464492798,
            "z": 0.9384114379882813
        },
        "orientation": {
            "x": -0.236789071182217,
            "y": 0.2046330228245793,
            "z": 0.9462262399576958,
            "w": -0.0819278008606315
        }
    }
}