{
    "header": {
        "seq": 22930,
        "stamp": {
            "secs": 1681165489,
            "nsecs": 633824414
        },
        "frame_id": "atracsys"
    },
    "pose": {
        "position": {
            "x": 0.08934171295166016,
            "y": -0.01882346343994141,
            "z": 0.9568311157226562
        },
        "orientation": {
            "x": -0.11620807451614519,
            "y": 0.1873308548098961,
            "z": 0.9631507732273039,
            "w": 0.154089007671185
        }
    }
}