{
    "header": {
        "seq": 20254,
        "stamp": {
            "secs": 1681165462,
            "nsecs": 702257118
        },
        "frame_id": "atracsys"
    },
    "pose": {
        "position": {
            "x": 0.10341976165771484,
            "y": -0.02398396873474121,
            "z": 0.96726171875
        },
        "orientation": {
            "x": -0.10353766274803476,
            "y": 0.14959041709166987,
            "z": 0.9808050042602503,
            "w": 0.07017266650958225
        }
    }
}