{
    "header": {
        "seq": 27401,
        "stamp": {
            "secs": 1681165534,
            "nsecs": 613036204
        },
        "frame_id": "atracsys"
    },
    "pose": {
        "position": {
            "x": 0.15091879272460937,
            "y": -0.01838783645629883,
            "z": 0.9439496459960938
        },
        "orientation": {
            "x": -0.15232900172685776,
            "y": 0.23398241715683143,
            "z": 0.9602093701413246,
            "w": 0.006787428610764777
        }
    }
}