{
    "header": {
        "seq": 12865,
        "stamp": {
            "secs": 1681165388,
            "nsecs": 325674723
        },
        "frame_id": "atracsys"
    },
    "pose": {
        "position": {
            "x": 0.13446510314941407,
            "y": 0.005352850914001465,
            "z": 1.0222628173828125
        },
        "orientation": {
            "x": -0.07433146821842129,
            "y": 0.21625338159036445,
            "z": 0.9720943437780165,
            "w": -0.05236310321222008
        }
    }
}