{
    "header": {
        "seq": 33583,
        "stamp": {
            "secs": 1677532136,
            "nsecs": 848636015
        },
        "frame_id": "atracsys"
    },
    "pose": {
        "position": {
            "x": 0.196530517578125,
            "y": 0.19011012268066407,
            "z": 1.0392244873046874
        },
        "orientation": {
            "x": -0.015730992608081754,
            "y": 0.08713091959353905,
            "z": -0.026916186869186072,
            "w": 0.9957089221287373
        }
    }
}