{
    "header": {
        "seq": 29175,
        "stamp": {
            "secs": 1677532092,
            "nsecs": 448542344
        },
        "frame_id": "atracsys"
    },
    "pose": {
        "position": {
            "x": 0.19653620910644531,
            "y": 0.1901315155029297,
            "z": 1.0392208251953126
        },
        "orientation": {
            "x": -0.015758742279558254,
            "y": 0.0870984060023587,
            "z": -0.02687643844031634,
            "w": 0.995712401635321
        }
    }
}