{
    "header": {
        "seq": 12178,
        "stamp": {
            "secs": 1677531921,
            "nsecs": 325847230
        },
        "frame_id": "atracsys"
    },
    "pose": {
        "position": {
            "x": 0.19656297302246095,
            "y": 0.19011358642578124,
            "z": 1.0392264404296876
        },
        "orientation": {
            "x": -0.01574060753726611,
            "y": 0.08710371661876784,
            "z": -0.026789586051123047,
            "w": 0.9957145644735567
        }
    }
}