{
    "header": {
        "seq": 22249,
        "stamp": {
            "secs": 1677532022,
            "nsecs": 729034531
        },
        "frame_id": "atracsys"
    },
    "pose": {
        "position": {
            "x": 0.19653408813476564,
            "y": 0.19010391235351562,
            "z": 1.039222900390625
        },
        "orientation": {
            "x": -0.015748663028837102,
            "y": 0.08712536830916362,
            "z": -0.026916416128465556,
            "w": 0.995709122360841
        }
    }
}