{
    "header": {
        "seq": 35031,
        "stamp": {
            "secs": 1677532151,
            "nsecs": 430898288
        },
        "frame_id": "atracsys"
    },
    "pose": {
        "position": {
            "x": 0.19654208374023438,
            "y": 0.1901031494140625,
            "z": 1.03921337890625
        },
        "orientation": {
            "x": -0.015689636166056307,
            "y": 0.08709649689659206,
            "z": -0.02681669138133321,
            "w": 0.9957152708524044
        }
    }
}