{
    "header": {
        "seq": 35450,
        "stamp": {
            "secs": 1677532155,
            "nsecs": 654639851
        },
        "frame_id": "atracsys"
    },
    "pose": {
        "position": {
            "x": 0.19653656005859377,
            "y": 0.19011299133300782,
            "z": 1.0392197265625
        },
        "orientation": {
            "x": -0.015736705467178962,
            "y": 0.08709228462627898,
            "z": -0.026882582479988232,
            "w": 0.9957131197382211
        }
    }
}