{
    "header": {
        "seq": 34414,
        "stamp": {
            "secs": 1677532145,
            "nsecs": 212836641
        },
        "frame_id": "atracsys"
    },
    "pose": {
        "position": {
            "x": 0.196507080078125,
            "y": 0.19011456298828125,
            "z": 1.039208984375
        },
        "orientation": {
            "x": -0.015672714502880793,
            "y": 0.08713519007545689,
            "z": -0.027087791041098767,
            "w": 0.995704813811372
        }
    }
}