{
    "header": {
        "seq": 33079,
        "stamp": {
            "secs": 1677532131,
            "nsecs": 774062119
        },
        "frame_id": "atracsys"
    },
    "pose": {
        "position": {
            "x": 0.19652723693847657,
            "y": 0.19010850524902345,
            "z": 1.0392188720703126
        },
        "orientation": {
            "x": -0.015728821042295307,
            "y": 0.0871223318991696,
            "z": -0.02691377730697141,
            "w": 0.9957097730082501
        }
    }
}