{
    "header": {
        "seq": 38640,
        "stamp": {
            "secs": 1677532187,
            "nsecs": 768262975
        },
        "frame_id": "atracsys"
    },
    "pose": {
        "position": {
            "x": 0.19652429199218752,
            "y": 0.19010932922363283,
            "z": 1.039218505859375
        },
        "orientation": {
            "x": -0.015710388643874872,
            "y": 0.08709159939093249,
            "z": -0.026912135890779374,
            "w": 0.9957127969178584
        }
    }
}