{
    "header": {
        "seq": 38859,
        "stamp": {
            "secs": 1677532189,
            "nsecs": 971264075
        },
        "frame_id": "atracsys"
    },
    "pose": {
        "position": {
            "x": 0.19654330444335938,
            "y": 0.19010623168945312,
            "z": 1.0392242431640626
        },
        "orientation": {
            "x": -0.015811245597008406,
            "y": 0.08713522238442405,
            "z": -0.026810630084312996,
            "w": 0.9957101222982371
        }
    }
}