{
    "header": {
        "seq": 40934,
        "stamp": {
            "secs": 1677532210,
            "nsecs": 875714530
        },
        "frame_id": "atracsys"
    },
    "pose": {
        "position": {
            "x": 0.19651560974121093,
            "y": 0.19009928894042968,
            "z": 1.0392137451171874
        },
        "orientation": {
            "x": -0.015754964204423724,
            "y": 0.08713793696539272,
            "z": -0.02690107354749624,
            "w": 0.9957083374594815
        }
    }
}