{
    "header": {
        "seq": 20559,
        "stamp": {
            "secs": 1677532005,
            "nsecs": 702137061
        },
        "frame_id": "atracsys"
    },
    "pose": {
        "position": {
            "x": 0.19653355407714845,
            "y": 0.1901153564453125,
            "z": 1.039234375
        },
        "orientation": {
            "x": -0.015826627659180838,
            "y": 0.08710889962322534,
            "z": -0.026938782226619006,
            "w": 0.9957087222052017
        }
    }
}