{
    "header": {
        "seq": 22008,
        "stamp": {
            "secs": 1677532020,
            "nsecs": 296230127
        },
        "frame_id": "atracsys"
    },
    "pose": {
        "position": {
            "x": 0.19653366088867188,
            "y": 0.19012117004394533,
            "z": 1.0392261962890625
        },
        "orientation": {
            "x": -0.015761631618651285,
            "y": 0.087097354912013,
            "z": -0.026935159207458127,
            "w": 0.9957108611110546
        }
    }
}