{
    "header": {
        "seq": 29114,
        "stamp": {
            "secs": 1677532091,
            "nsecs": 833582964
        },
        "frame_id": "atracsys"
    },
    "pose": {
        "position": {
            "x": 0.1965307159423828,
            "y": 0.19012225341796876,
            "z": 1.0392252197265626
        },
        "orientation": {
            "x": -0.015770881771843173,
            "y": 0.08711446842749815,
            "z": -0.02691719291358257,
            "w": 0.9957097033796477
        }
    }
}