{
    "header": {
        "seq": 26092,
        "stamp": {
            "secs": 1677532061,
            "nsecs": 406666615
        },
        "frame_id": "atracsys"
    },
    "pose": {
        "position": {
            "x": 0.19653613281250001,
            "y": 0.19012442016601563,
            "z": 1.039220947265625
        },
        "orientation": {
            "x": -0.015726153356603042,
            "y": 0.08709555279811715,
            "z": -0.02686734780699611,
            "w": 0.9957134117833369
        }
    }
}