{
    "header": {
        "seq": 5033,
        "stamp": {
            "secs": 1677531849,
            "nsecs": 355357372
        },
        "frame_id": "atracsys"
    },
    "pose": {
        "position": {
            "x": 0.19654946899414064,
            "y": 0.19011431884765626,
            "z": 1.039245361328125
        },
        "orientation": {
            "x": -0.015687515214723342,
            "y": 0.08708381186805199,
            "z": -0.026855959464456042,
            "w": 0.99571535541949
        }
    }
}