{
    "header": {
        "seq": 35884,
        "stamp": {
            "secs": 1677532160,
            "nsecs": 27882795
        },
        "frame_id": "atracsys"
    },
    "pose": {
        "position": {
            "x": 0.1965419158935547,
            "y": 0.19012023925781252,
            "z": 1.0391923828125
        },
        "orientation": {
            "x": -0.015673792829145144,
            "y": 0.08710788323195263,
            "z": -0.026857830501339126,
            "w": 0.995713415515709
        }
    }
}