{
    "header": {
        "seq": 34063,
        "stamp": {
            "secs": 1677532141,
            "nsecs": 681491934
        },
        "frame_id": "atracsys"
    },
    "pose": {
        "position": {
            "x": 0.1965338897705078,
            "y": 0.19010723876953126,
            "z": 1.0392230224609376
        },
        "orientation": {
            "x": -0.015759727637757827,
            "y": 0.08711201722887076,
            "z": -0.026881210836769934,
            "w": 0.995711066496225
        }
    }
}