{
    "header": {
        "seq": 24445,
        "stamp": {
            "secs": 1677532044,
            "nsecs": 827635495
        },
        "frame_id": "atracsys"
    },
    "pose": {
        "position": {
            "x": 0.19654562377929688,
            "y": 0.19011598205566407,
            "z": 1.03923486328125
        },
        "orientation": {
            "x": -0.015757931632654022,
            "y": 0.08708969615323259,
            "z": -0.026826327403898412,
            "w": 0.9957145276496758
        }
    }
}