{
    "header": {
        "seq": 18439,
        "stamp": {
            "secs": 1677531984,
            "nsecs": 355745182
        },
        "frame_id": "atracsys"
    },
    "pose": {
        "position": {
            "x": 0.19653065490722657,
            "y": 0.19011329650878905,
            "z": 1.039247802734375
        },
        "orientation": {
            "x": -0.0158349286169385,
            "y": 0.0871291498616027,
            "z": -0.026976330277772465,
            "w": 0.9957058018736435
        }
    }
}