{
    "header": {
        "seq": 40313,
        "stamp": {
            "secs": 1677532204,
            "nsecs": 619261816
        },
        "frame_id": "atracsys"
    },
    "pose": {
        "position": {
            "x": 0.1965236053466797,
            "y": 0.19011541748046876,
            "z": 1.0392099609375
        },
        "orientation": {
            "x": -0.01565502090468515,
            "y": 0.08712269781895422,
            "z": -0.0268627110136625,
            "w": 0.995712283042756
        }
    }
}