{
    "header": {
        "seq": 34559,
        "stamp": {
            "secs": 1677532146,
            "nsecs": 675580186
        },
        "frame_id": "atracsys"
    },
    "pose": {
        "position": {
            "x": 0.19653327941894533,
            "y": 0.1901046600341797,
            "z": 1.0392086181640625
        },
        "orientation": {
            "x": -0.015676319528186673,
            "y": 0.08714780320469385,
            "z": -0.02688809118708015,
            "w": 0.9957090659198407
        }
    }
}