{
    "header": {
        "seq": 34953,
        "stamp": {
            "secs": 1677532150,
            "nsecs": 642795410
        },
        "frame_id": "atracsys"
    },
    "pose": {
        "position": {
            "x": 0.19653843688964845,
            "y": 0.19011627197265626,
            "z": 1.0392518310546874
        },
        "orientation": {
            "x": -0.0159902880381829,
            "y": 0.08711777242014619,
            "z": -0.026914961804080654,
            "w": 0.9957059752999841
        }
    }
}