{
    "header": {
        "seq": 26534,
        "stamp": {
            "secs": 1677532065,
            "nsecs": 857389225
        },
        "frame_id": "atracsys"
    },
    "pose": {
        "position": {
            "x": 0.19652766418457032,
            "y": 0.19012066650390624,
            "z": 1.0392315673828125
        },
        "orientation": {
            "x": -0.01580328318853261,
            "y": 0.08713482509594035,
            "z": -0.026962201725279585,
            "w": 0.9957061906878397
        }
    }
}