{
    "header": {
        "seq": 40233,
        "stamp": {
            "secs": 1677532203,
            "nsecs": 813088342
        },
        "frame_id": "atracsys"
    },
    "pose": {
        "position": {
            "x": 0.19652142333984376,
            "y": 0.19012564086914063,
            "z": 1.03921337890625
        },
        "orientation": {
            "x": -0.01568631954133556,
            "y": 0.08710574535857067,
            "z": -0.026864060418903456,
            "w": 0.9957132372136992
        }
    }
}