{
    "header": {
        "seq": 39262,
        "stamp": {
            "secs": 1677532194,
            "nsecs": 27883573
        },
        "frame_id": "atracsys"
    },
    "pose": {
        "position": {
            "x": 0.1965732879638672,
            "y": 0.19012091064453127,
            "z": 1.0392420654296874
        },
        "orientation": {
            "x": -0.015705986299860898,
            "y": 0.08717315783578103,
            "z": -0.026592208634885053,
            "w": 0.9957143249884505
        }
    }
}