{
    "header": {
        "seq": 17181,
        "stamp": {
            "secs": 1677531971,
            "nsecs": 693135408
        },
        "frame_id": "atracsys"
    },
    "pose": {
        "position": {
            "x": 0.19655143737792968,
            "y": 0.1901033172607422,
            "z": 1.039252197265625
        },
        "orientation": {
            "x": -0.015846728503283936,
            "y": 0.08710580587098739,
            "z": -0.026852864808120026,
            "w": 0.9957109939289142
        }
    }
}