{
    "header": {
        "seq": 30548,
        "stamp": {
            "secs": 1677532106,
            "nsecs": 278490054
        },
        "frame_id": "atracsys"
    },
    "pose": {
        "position": {
            "x": 0.19652650451660156,
            "y": 0.19011578369140625,
            "z": 1.0392122802734376
        },
        "orientation": {
            "x": -0.01568091598651472,
            "y": 0.08709600558673887,
            "z": -0.02689575337039271,
            "w": 0.9957133187495776
        }
    }
}