{
    "header": {
        "seq": 36478,
        "stamp": {
            "secs": 1677532166,
            "nsecs": 6992526
        },
        "frame_id": "atracsys"
    },
    "pose": {
        "position": {
            "x": 0.19654058837890626,
            "y": 0.1901067352294922,
            "z": 1.0392039794921875
        },
        "orientation": {
            "x": -0.01567582953353922,
            "y": 0.08709245637856428,
            "z": -0.026824986057491666,
            "w": 0.9957156183034386
        }
    }
}