{
    "header": {
        "seq": 29435,
        "stamp": {
            "secs": 1677532095,
            "nsecs": 66453483
        },
        "frame_id": "atracsys"
    },
    "pose": {
        "position": {
            "x": 0.19653021240234375,
            "y": 0.19011154174804687,
            "z": 1.0392266845703124
        },
        "orientation": {
            "x": -0.015760061229283695,
            "y": 0.08708998363355552,
            "z": -0.02688691364750667,
            "w": 0.9957128346542831
        }
    }
}