{
    "header": {
        "seq": 34242,
        "stamp": {
            "secs": 1677532143,
            "nsecs": 484463767
        },
        "frame_id": "atracsys"
    },
    "pose": {
        "position": {
            "x": 0.19652442932128908,
            "y": 0.19011007690429688,
            "z": 1.039226318359375
        },
        "orientation": {
            "x": -0.01581071291656212,
            "y": 0.08714015229728188,
            "z": -0.026992620556245437,
            "w": 0.9957047823778808
        }
    }
}