{
    "header": {
        "seq": 37438,
        "stamp": {
            "secs": 1677532175,
            "nsecs": 669631204
        },
        "frame_id": "atracsys"
    },
    "pose": {
        "position": {
            "x": 0.19653334045410156,
            "y": 0.1901128387451172,
            "z": 1.03920166015625
        },
        "orientation": {
            "x": -0.015653021620335696,
            "y": 0.0871070799868255,
            "z": -0.02686208134309839,
            "w": 0.9957136978651238
        }
    }
}