{
    "header": {
        "seq": 31429,
        "stamp": {
            "secs": 1677532115,
            "nsecs": 153043919
        },
        "frame_id": "atracsys"
    },
    "pose": {
        "position": {
            "x": 0.1965353240966797,
            "y": 0.19011344909667968,
            "z": 1.0392491455078126
        },
        "orientation": {
            "x": -0.0160451215620603,
            "y": 0.0871164967334992,
            "z": -0.026951075965320023,
            "w": 0.9957042279589118
        }
    }
}