{
    "header": {
        "seq": 20632,
        "stamp": {
            "secs": 1677532006,
            "nsecs": 439559049
        },
        "frame_id": "atracsys"
    },
    "pose": {
        "position": {
            "x": 0.19652542114257812,
            "y": 0.19011497497558594,
            "z": 1.0392147216796874
        },
        "orientation": {
            "x": -0.015663518345539085,
            "y": 0.08711352786421386,
            "z": -0.026955615059792708,
            "w": 0.995710440978118
        }
    }
}