{
    "header": {
        "seq": 34704,
        "stamp": {
            "secs": 1677532148,
            "nsecs": 135338746
        },
        "frame_id": "atracsys"
    },
    "pose": {
        "position": {
            "x": 0.19654220581054688,
            "y": 0.1901094970703125,
            "z": 1.03922998046875
        },
        "orientation": {
            "x": -0.015786415584335328,
            "y": 0.0870877079152787,
            "z": -0.026837252753069987,
            "w": 0.9957139559520746
        }
    }
}