{
    "header": {
        "seq": 29554,
        "stamp": {
            "secs": 1677532096,
            "nsecs": 269523461
        },
        "frame_id": "atracsys"
    },
    "pose": {
        "position": {
            "x": 0.19653790283203126,
            "y": 0.19010624694824219,
            "z": 1.0392220458984376
        },
        "orientation": {
            "x": -0.015782327278924105,
            "y": 0.08709151558059716,
            "z": -0.026828359529515965,
            "w": 0.9957139273830062
        }
    }
}