{
    "header": {
        "seq": 9125,
        "stamp": {
            "secs": 1677531890,
            "nsecs": 573487645
        },
        "frame_id": "atracsys"
    },
    "pose": {
        "position": {
            "x": 0.19655148315429688,
            "y": 0.19010386657714845,
            "z": 1.0392288818359374
        },
        "orientation": {
            "x": -0.01573185924784732,
            "y": 0.08711697677901509,
            "z": -0.026871072857477096,
            "w": 0.9957113469299115
        }
    }
}