{
    "header": {
        "seq": 12248,
        "stamp": {
            "secs": 1677531922,
            "nsecs": 33214281
        },
        "frame_id": "atracsys"
    },
    "pose": {
        "position": {
            "x": 0.19656101989746094,
            "y": 0.19011940002441408,
            "z": 1.039233642578125
        },
        "orientation": {
            "x": -0.015760711602604276,
            "y": 0.0871234876483325,
            "z": -0.02682207510224559,
            "w": 0.9957116420716291
        }
    }
}