{
    "header": {
        "seq": 28419,
        "stamp": {
            "secs": 1677532084,
            "nsecs": 830646107
        },
        "frame_id": "atracsys"
    },
    "pose": {
        "position": {
            "x": 0.19652264404296876,
            "y": 0.190123291015625,
            "z": 1.0392203369140625
        },
        "orientation": {
            "x": -0.015770907063938782,
            "y": 0.08712302527742362,
            "z": -0.02695334702582016,
            "w": 0.9957079762867204
        }
    }
}