{
    "header": {
        "seq": 29935,
        "stamp": {
            "secs": 1677532100,
            "nsecs": 102373748
        },
        "frame_id": "atracsys"
    },
    "pose": {
        "position": {
            "x": 0.19653402709960938,
            "y": 0.19012091064453127,
            "z": 1.039232177734375
        },
        "orientation": {
            "x": -0.01579181230373868,
            "y": 0.0870962109657105,
            "z": -0.02688401294151153,
            "w": 0.9957118652239415
        }
    }
}