{
    "header": {
        "seq": 36600,
        "stamp": {
            "secs": 1677532167,
            "nsecs": 233877279
        },
        "frame_id": "atracsys"
    },
    "pose": {
        "position": {
            "x": 0.19653225708007813,
            "y": 0.1901094665527344,
            "z": 1.03921484375
        },
        "orientation": {
            "x": -0.015723613465814357,
            "y": 0.0871144586971506,
            "z": -0.026917360568972072,
            "w": 0.9957104472513484
        }
    }
}