{
    "header": {
        "seq": 5393,
        "stamp": {
            "secs": 1677531852,
            "nsecs": 979170559
        },
        "frame_id": "atracsys"
    },
    "pose": {
        "position": {
            "x": 0.19654945373535157,
            "y": 0.1901103057861328,
            "z": 1.0392408447265624
        },
        "orientation": {
            "x": -0.01574993175589743,
            "y": 0.0871009707680135,
            "z": -0.02689106819660888,
            "w": 0.9957119216882961
        }
    }
}