{
    "header": {
        "seq": 15937,
        "stamp": {
            "secs": 1677531959,
            "nsecs": 164668195
        },
        "frame_id": "atracsys"
    },
    "pose": {
        "position": {
            "x": 0.19655484008789062,
            "y": 0.19010638427734375,
            "z": 1.039251220703125
        },
        "orientation": {
            "x": -0.015896371163532944,
            "y": 0.087046698338352,
            "z": -0.02681939087020009,
            "w": 0.9957162738278283
        }
    }
}