{
    "header": {
        "seq": 16833,
        "stamp": {
            "secs": 1677531968,
            "nsecs": 191667418
        },
        "frame_id": "atracsys"
    },
    "pose": {
        "position": {
            "x": 0.19656137084960937,
            "y": 0.19008891296386718,
            "z": 1.0392623291015626
        },
        "orientation": {
            "x": -0.01593042845074028,
            "y": 0.08708596756596257,
            "z": -0.02675739583075132,
            "w": 0.9957139636817556
        }
    }
}