{
    "header": {
        "seq": 37598,
        "stamp": {
            "secs": 1677532177,
            "nsecs": 278682340
        },
        "frame_id": "atracsys"
    },
    "pose": {
        "position": {
            "x": 0.19653346252441406,
            "y": 0.19009861755371094,
            "z": 1.039207763671875
        },
        "orientation": {
            "x": -0.01577973256196023,
            "y": 0.08713881008823852,
            "z": -0.026904667591807194,
            "w": 0.9957077717274548
        }
    }
}