{
    "header": {
        "seq": 13626,
        "stamp": {
            "secs": 1677531935,
            "nsecs": 919887197
        },
        "frame_id": "atracsys"
    },
    "pose": {
        "position": {
            "x": 0.19657131958007812,
            "y": 0.19011883544921876,
            "z": 1.0392352294921876
        },
        "orientation": {
            "x": -0.01579247324366056,
            "y": 0.08709512974759322,
            "z": -0.026781962294958283,
            "w": 0.9957146994288724
        }
    }
}