{
    "header": {
        "seq": 14532,
        "stamp": {
            "secs": 1677531945,
            "nsecs": 36339310
        },
        "frame_id": "atracsys"
    },
    "pose": {
        "position": {
            "x": 0.19658563232421875,
            "y": 0.19011216735839845,
            "z": 1.0392047119140626
        },
        "orientation": {
            "x": -0.015743936332812434,
            "y": 0.08707810880028295,
            "z": -0.026847845013562934,
            "w": 0.9957151824968034
        }
    }
}