{
    "header": {
        "seq": 11269,
        "stamp": {
            "secs": 1677531912,
            "nsecs": 176570426
        },
        "frame_id": "atracsys"
    },
    "pose": {
        "position": {
            "x": 0.19655303955078127,
            "y": 0.19011560058593752,
            "z": 1.039221923828125
        },
        "orientation": {
            "x": -0.015764405700113157,
            "y": 0.08713655768576936,
            "z": -0.02687199132588698,
            "w": 0.9957090940178154
        }
    }
}