{
    "header": {
        "seq": 10221,
        "stamp": {
            "secs": 1677531901,
            "nsecs": 603324972
        },
        "frame_id": "atracsys"
    },
    "pose": {
        "position": {
            "x": 0.19654312133789062,
            "y": 0.1901147003173828,
            "z": 1.039233642578125
        },
        "orientation": {
            "x": -0.015753641890715108,
            "y": 0.08708083041161935,
            "z": -0.026906649607789487,
            "w": 0.9957132036630254
        }
    }
}