{
    "header": {
        "seq": 35132,
        "stamp": {
            "secs": 1677532152,
            "nsecs": 448757711
        },
        "frame_id": "atracsys"
    },
    "pose": {
        "position": {
            "x": 0.19654135131835937,
            "y": 0.19011502075195313,
            "z": 1.03921533203125
        },
        "orientation": {
            "x": -0.01571504855002157,
            "y": 0.08710259699291542,
            "z": -0.026847269311897192,
            "w": 0.9957135125007869
        }
    }
}