{
    "header": {
        "seq": 30667,
        "stamp": {
            "secs": 1677532107,
            "nsecs": 478396773
        },
        "frame_id": "atracsys"
    },
    "pose": {
        "position": {
            "x": 0.19652777099609375,
            "y": 0.19010865783691408,
            "z": 1.0392119140625
        },
        "orientation": {
            "x": -0.01570688478598893,
            "y": 0.08712248779753445,
            "z": -0.02688878907216501,
            "w": 0.9957107807553962
        }
    }
}