{
    "header": {
        "seq": 14784,
        "stamp": {
            "secs": 1677531947,
            "nsecs": 570660954
        },
        "frame_id": "atracsys"
    },
    "pose": {
        "position": {
            "x": 0.19657269287109375,
            "y": 0.1901190643310547,
            "z": 1.039226318359375
        },
        "orientation": {
            "x": -0.01577166457247982,
            "y": 0.08707907538523933,
            "z": -0.026850617990986963,
            "w": 0.9957145843765507
        }
    }
}