{
    "header": {
        "seq": 4942,
        "stamp": {
            "secs": 1677531848,
            "nsecs": 435906456
        },
        "frame_id": "atracsys"
    },
    "pose": {
        "position": {
            "x": 0.1965506591796875,
            "y": 0.19011489868164064,
            "z": 1.039232177734375
        },
        "orientation": {
            "x": -0.01563852350734488,
            "y": 0.0871117715864633,
            "z": -0.02685476610662965,
            "w": 0.9957137125554395
        }
    }
}