{
    "header": {
        "seq": 34451,
        "stamp": {
            "secs": 1677532145,
            "nsecs": 586053593
        },
        "frame_id": "atracsys"
    },
    "pose": {
        "position": {
            "x": 0.19651312255859377,
            "y": 0.19011042785644533,
            "z": 1.039201171875
        },
        "orientation": {
            "x": -0.015611541727797692,
            "y": 0.08711068565111335,
            "z": -0.02698621543766743,
            "w": 0.9957106770476181
        }
    }
}