{
    "header": {
        "seq": 5869,
        "stamp": {
            "secs": 1677531857,
            "nsecs": 773306487
        },
        "frame_id": "atracsys"
    },
    "pose": {
        "position": {
            "x": 0.19655101013183593,
            "y": 0.1901243133544922,
            "z": 1.0392337646484375
        },
        "orientation": {
            "x": -0.015713039207592174,
            "y": 0.08710577208894128,
            "z": -0.026880764390510542,
            "w": 0.9957123627702089
        }
    }
}