{
    "header": {
        "seq": 11399,
        "stamp": {
            "secs": 1677531913,
            "nsecs": 486930541
        },
        "frame_id": "atracsys"
    },
    "pose": {
        "position": {
            "x": 0.19655209350585937,
            "y": 0.19010198974609374,
            "z": 1.039220703125
        },
        "orientation": {
            "x": -0.015772121145831732,
            "y": 0.08713699259711588,
            "z": -0.02687089511424811,
            "w": 0.9957089633579937
        }
    }
}