{
    "header": {
        "seq": 35265,
        "stamp": {
            "secs": 1677532153,
            "nsecs": 792047606
        },
        "frame_id": "atracsys"
    },
    "pose": {
        "position": {
            "x": 0.19651979064941408,
            "y": 0.19011395263671876,
            "z": 1.039205810546875
        },
        "orientation": {
            "x": -0.015708723529411377,
            "y": 0.0871411745896973,
            "z": -0.026999029169729013,
            "w": 0.9957061334149231
        }
    }
}