{
    "header": {
        "seq": 16241,
        "stamp": {
            "secs": 1677531962,
            "nsecs": 224365868
        },
        "frame_id": "atracsys"
    },
    "pose": {
        "position": {
            "x": 0.19653416442871094,
            "y": 0.19010667419433594,
            "z": 1.0392169189453124
        },
        "orientation": {
            "x": -0.015678135530217727,
            "y": 0.08710087921560208,
            "z": -0.02691719491689713,
            "w": 0.995712356819966
        }
    }
}