{
    "header": {
        "seq": 15824,
        "stamp": {
            "secs": 1677531958,
            "nsecs": 27373540
        },
        "frame_id": "atracsys"
    },
    "pose": {
        "position": {
            "x": 0.1965534362792969,
            "y": 0.19009579467773438,
            "z": 1.039235107421875
        },
        "orientation": {
            "x": -0.015883171020517506,
            "y": 0.08710456536520486,
            "z": -0.02685852807065436,
            "w": 0.9957103690535466
        }
    }
}