{
    "header": {
        "seq": 38466,
        "stamp": {
            "secs": 1677532186,
            "nsecs": 16026509
        },
        "frame_id": "atracsys"
    },
    "pose": {
        "position": {
            "x": 0.19654864501953126,
            "y": 0.19010888671875,
            "z": 1.0391768798828125
        },
        "orientation": {
            "x": -0.015478422364636217,
            "y": 0.08712341646021311,
            "z": -0.026731032884242462,
            "w": 0.9957185247982202
        }
    }
}