{
    "header": {
        "seq": 11678,
        "stamp": {
            "secs": 1677531916,
            "nsecs": 295925917
        },
        "frame_id": "atracsys"
    },
    "pose": {
        "position": {
            "x": 0.1965521240234375,
            "y": 0.1901094207763672,
            "z": 1.0392227783203125
        },
        "orientation": {
            "x": -0.015684967506049044,
            "y": 0.08712009192582151,
            "z": -0.026831194143507545,
            "w": 0.9957128895409579
        }
    }
}