{
    "header": {
        "seq": 10480,
        "stamp": {
            "secs": 1677531904,
            "nsecs": 212249259
        },
        "frame_id": "atracsys"
    },
    "pose": {
        "position": {
            "x": 0.19654266357421876,
            "y": 0.19011787414550782,
            "z": 1.0392283935546875
        },
        "orientation": {
            "x": -0.015711702421395045,
            "y": 0.08711852250868393,
            "z": -0.02690674595136893,
            "w": 0.9957105666132272
        }
    }
}