{
    "header": {
        "seq": 29886,
        "stamp": {
            "secs": 1677532099,
            "nsecs": 609795795
        },
        "frame_id": "atracsys"
    },
    "pose": {
        "position": {
            "x": 0.19653956604003905,
            "y": 0.19011219787597658,
            "z": 1.0392230224609376
        },
        "orientation": {
            "x": -0.015771245761131595,
            "y": 0.087132821929612,
            "z": -0.02685997560551589,
            "w": 0.9957096368219982
        }
    }
}