{
    "header": {
        "seq": 37698,
        "stamp": {
            "secs": 1677532178,
            "nsecs": 284561758
        },
        "frame_id": "atracsys"
    },
    "pose": {
        "position": {
            "x": 0.19653221130371093,
            "y": 0.1901083984375,
            "z": 1.0392252197265626
        },
        "orientation": {
            "x": -0.015747178451073825,
            "y": 0.08716949738536417,
            "z": -0.026871809418803395,
            "w": 0.9957064883563693
        }
    }
}