{
    "header": {
        "seq": 20332,
        "stamp": {
            "secs": 1677532003,
            "nsecs": 415578103
        },
        "frame_id": "atracsys"
    },
    "pose": {
        "position": {
            "x": 0.19652601623535157,
            "y": 0.19012124633789063,
            "z": 1.0392410888671875
        },
        "orientation": {
            "x": -0.0158220954951497,
            "y": 0.0871278957039701,
            "z": -0.026979568927761738,
            "w": 0.9957060278740973
        }
    }
}