{
    "header": {
        "seq": 19604,
        "stamp": {
            "secs": 1677531996,
            "nsecs": 84201918
        },
        "frame_id": "atracsys"
    },
    "pose": {
        "position": {
            "x": 0.19652772521972656,
            "y": 0.19011213684082032,
            "z": 1.03923388671875
        },
        "orientation": {
            "x": -0.015759552545191666,
            "y": 0.08713183056137334,
            "z": -0.02696847713270021,
            "w": 0.9957069758958921
        }
    }
}