{
    "header": {
        "seq": 25680,
        "stamp": {
            "secs": 1677532057,
            "nsecs": 257369437
        },
        "frame_id": "atracsys"
    },
    "pose": {
        "position": {
            "x": 0.19654022216796876,
            "y": 0.19012548828125,
            "z": 1.0392189941406251
        },
        "orientation": {
            "x": -0.015743798939211462,
            "y": 0.08712517315470682,
            "z": -0.026846665414764857,
            "w": 0.9957110994429217
        }
    }
}