{
    "header": {
        "seq": 38736,
        "stamp": {
            "secs": 1677532188,
            "nsecs": 732365538
        },
        "frame_id": "atracsys"
    },
    "pose": {
        "position": {
            "x": 0.19653689575195313,
            "y": 0.19009873962402343,
            "z": 1.0392432861328125
        },
        "orientation": {
            "x": -0.01603244241333413,
            "y": 0.08717531480613036,
            "z": -0.026925013959266914,
            "w": 0.9956999894054477
        }
    }
}