{
    "header": {
        "seq": 10857,
        "stamp": {
            "secs": 1677531908,
            "nsecs": 12290763
        },
        "frame_id": "atracsys"
    },
    "pose": {
        "position": {
            "x": 0.19655616760253908,
            "y": 0.19011419677734376,
            "z": 1.039244140625
        },
        "orientation": {
            "x": -0.015864849549864043,
            "y": 0.08711814747187922,
            "z": -0.02685053850599557,
            "w": 0.9957096883689373
        }
    }
}