{
    "header": {
        "seq": 35851,
        "stamp": {
            "secs": 1677532159,
            "nsecs": 693540062
        },
        "frame_id": "atracsys"
    },
    "pose": {
        "position": {
            "x": 0.19653608703613282,
            "y": 0.19011557006835939,
            "z": 1.039201904296875
        },
        "orientation": {
            "x": -0.01567016307518812,
            "y": 0.08708157545733321,
            "z": -0.026877547600446642,
            "w": 0.995715241743367
        }
    }
}