{
    "header": {
        "seq": 22531,
        "stamp": {
            "secs": 1677532025,
            "nsecs": 570833904
        },
        "frame_id": "atracsys"
    },
    "pose": {
        "position": {
            "x": 0.19652273559570313,
            "y": 0.1901160430908203,
            "z": 1.0392213134765624
        },
        "orientation": {
            "x": -0.015713271119075427,
            "y": 0.08710048774348772,
            "z": -0.026966609215524316,
            "w": 0.9957105001620713
        }
    }
}