{
    "header": {
        "seq": 11538,
        "stamp": {
            "secs": 1677531914,
            "nsecs": 887001482
        },
        "frame_id": "atracsys"
    },
    "pose": {
        "position": {
            "x": 0.1965460205078125,
            "y": 0.19010076904296874,
            "z": 1.0392318115234376
        },
        "orientation": {
            "x": -0.015694823381644005,
            "y": 0.08703715599172145,
            "z": -0.026821629057924918,
            "w": 0.9957202449536571
        }
    }
}