{
    "header": {
        "seq": 40106,
        "stamp": {
            "secs": 1677532202,
            "nsecs": 532383868
        },
        "frame_id": "atracsys"
    },
    "pose": {
        "position": {
            "x": 0.19648989868164063,
            "y": 0.19009295654296876,
            "z": 1.0392440185546876
        },
        "orientation": {
            "x": -0.0159044984951161,
            "y": 0.08711644088683214,
            "z": -0.027098064608606705,
            "w": 0.9957024995194588
        }
    }
}