{
    "header": {
        "seq": 26734,
        "stamp": {
            "secs": 1677532067,
            "nsecs": 869358263
        },
        "frame_id": "atracsys"
    },
    "pose": {
        "position": {
            "x": 0.19650994873046876,
            "y": 0.1901318054199219,
            "z": 1.0392120361328125
        },
        "orientation": {
            "x": -0.01573363628706559,
            "y": 0.08714058235547152,
            "z": -0.027029937791732628,
            "w": 0.9957049533164485
        }
    }
}