{
    "header": {
        "seq": 19874,
        "stamp": {
            "secs": 1677531998,
            "nsecs": 803523687
        },
        "frame_id": "atracsys"
    },
    "pose": {
        "position": {
            "x": 0.19653501892089845,
            "y": 0.19012933349609376,
            "z": 1.039234130859375
        },
        "orientation": {
            "x": -0.01576309573546421,
            "y": 0.08710918431765838,
            "z": -0.026927240196538586,
            "w": 0.9957100173020982
        }
    }
}