{
    "header": {
        "seq": 39328,
        "stamp": {
            "secs": 1677532194,
            "nsecs": 690624529
        },
        "frame_id": "atracsys"
    },
    "pose": {
        "position": {
            "x": 0.19657217407226563,
            "y": 0.19011358642578124,
            "z": 1.039209716796875
        },
        "orientation": {
            "x": -0.01565256983598472,
            "y": 0.0871475945778262,
            "z": -0.026602477454891388,
            "w": 0.9957171295152507
        }
    }
}