{
    "header": {
        "seq": 14299,
        "stamp": {
            "secs": 1677531942,
            "nsecs": 693063598
        },
        "frame_id": "atracsys"
    },
    "pose": {
        "position": {
            "x": 0.19658302307128905,
            "y": 0.19011683654785155,
            "z": 1.03922216796875
        },
        "orientation": {
            "x": -0.015703441045067715,
            "y": 0.0871148895908378,
            "z": -0.026801333941483763,
            "w": 0.9957138577171041
        }
    }
}