{
    "header": {
        "seq": 24321,
        "stamp": {
            "secs": 1677532043,
            "nsecs": 579750695
        },
        "frame_id": "atracsys"
    },
    "pose": {
        "position": {
            "x": 0.19653450012207033,
            "y": 0.19011585998535158,
            "z": 1.0392515869140626
        },
        "orientation": {
            "x": -0.015869306218703538,
            "y": 0.08711796058636138,
            "z": -0.026923092627185355,
            "w": 0.9957076745444912
        }
    }
}