{
    "header": {
        "seq": 35229,
        "stamp": {
            "secs": 1677532153,
            "nsecs": 427759194
        },
        "frame_id": "atracsys"
    },
    "pose": {
        "position": {
            "x": 0.19653668212890626,
            "y": 0.1901182861328125,
            "z": 1.0392235107421874
        },
        "orientation": {
            "x": -0.01579528116883606,
            "y": 0.08710624281025402,
            "z": -0.026901945345993515,
            "w": 0.9957104483196306
        }
    }
}