{
    "header": {
        "seq": 37040,
        "stamp": {
            "secs": 1677532171,
            "nsecs": 666716149
        },
        "frame_id": "atracsys"
    },
    "pose": {
        "position": {
            "x": 0.1965475769042969,
            "y": 0.19010873413085938,
            "z": 1.0392188720703126
        },
        "orientation": {
            "x": -0.015765824134978436,
            "y": 0.08710962828425962,
            "z": -0.026816220454163025,
            "w": 0.9957129314064757
        }
    }
}