{
    "header": {
        "seq": 22430,
        "stamp": {
            "secs": 1677532024,
            "nsecs": 552920331
        },
        "frame_id": "atracsys"
    },
    "pose": {
        "position": {
            "x": 0.19651898193359377,
            "y": 0.19011810302734375,
            "z": 1.03921728515625
        },
        "orientation": {
            "x": -0.015672922633633915,
            "y": 0.08712269830918994,
            "z": -0.026991302668767512,
            "w": 0.9957085238741752
        }
    }
}