{
    "header": {
        "seq": 35520,
        "stamp": {
            "secs": 1677532156,
            "nsecs": 359145865
        },
        "frame_id": "atracsys"
    },
    "pose": {
        "position": {
            "x": 0.1965303955078125,
            "y": 0.19011210632324219,
            "z": 1.0392252197265626
        },
        "orientation": {
            "x": -0.01580893107332524,
            "y": 0.08713387366966203,
            "z": -0.02695785909132653,
            "w": 0.995706301873625
        }
    }
}