{
    "header": {
        "seq": 17050,
        "stamp": {
            "secs": 1677531970,
            "nsecs": 373740667
        },
        "frame_id": "atracsys"
    },
    "pose": {
        "position": {
            "x": 0.19655332946777343,
            "y": 0.1900960693359375,
            "z": 1.039259033203125
        },
        "orientation": {
            "x": -0.015885770029094484,
            "y": 0.08710949605425115,
            "z": -0.026838862316929373,
            "w": 0.9957104265183176
        }
    }
}