{
    "header": {
        "seq": 38335,
        "stamp": {
            "secs": 1677532184,
            "nsecs": 699502190
        },
        "frame_id": "atracsys"
    },
    "pose": {
        "position": {
            "x": 0.19655046081542968,
            "y": 0.19010671997070314,
            "z": 1.03921630859375
        },
        "orientation": {
            "x": -0.015756682677029774,
            "y": 0.08709048112056895,
            "z": -0.02675817674257168,
            "w": 0.9957163125241127
        }
    }
}