{
    "header": {
        "seq": 23481,
        "stamp": {
            "secs": 1677532035,
            "nsecs": 132057945
        },
        "frame_id": "atracsys"
    },
    "pose": {
        "position": {
            "x": 0.19651722717285156,
            "y": 0.19010159301757812,
            "z": 1.0392266845703124
        },
        "orientation": {
            "x": -0.01573550694185322,
            "y": 0.08712125355431398,
            "z": -0.027010349382415352,
            "w": 0.9957071467186766
        }
    }
}