{
    "header": {
        "seq": 13357,
        "stamp": {
            "secs": 1677531933,
            "nsecs": 209434120
        },
        "frame_id": "atracsys"
    },
    "pose": {
        "position": {
            "x": 0.19655862426757814,
            "y": 0.19010733032226562,
            "z": 1.0392017822265625
        },
        "orientation": {
            "x": -0.01572456618409224,
            "y": 0.08711194257344872,
            "z": -0.02678453380479871,
            "w": 0.9957142342199704
        }
    }
}