{
    "header": {
        "seq": 34665,
        "stamp": {
            "secs": 1677532147,
            "nsecs": 741220100
        },
        "frame_id": "atracsys"
    },
    "pose": {
        "position": {
            "x": 0.19653192138671877,
            "y": 0.19010862731933595,
            "z": 1.0392247314453125
        },
        "orientation": {
            "x": -0.015750131599152502,
            "y": 0.0871033133936234,
            "z": -0.026880754007002863,
            "w": 0.995711992101369
        }
    }
}