{
    "header": {
        "seq": 37551,
        "stamp": {
            "secs": 1677532176,
            "nsecs": 803994123
        },
        "frame_id": "atracsys"
    },
    "pose": {
        "position": {
            "x": 0.1965193328857422,
            "y": 0.19011003112792968,
            "z": 1.0391956787109375
        },
        "orientation": {
            "x": -0.015665938202258714,
            "y": 0.08710924839762807,
            "z": -0.026978818731012443,
            "w": 0.9957101488705047
        }
    }
}