{
    "header": {
        "seq": 29999,
        "stamp": {
            "secs": 1677532100,
            "nsecs": 747078274
        },
        "frame_id": "atracsys"
    },
    "pose": {
        "position": {
            "x": 0.19653617858886718,
            "y": 0.19011682128906252,
            "z": 1.0392232666015626
        },
        "orientation": {
            "x": -0.015689448841705665,
            "y": 0.08710805792501532,
            "z": -0.02683703173742333,
            "w": 0.9957137144616922
        }
    }
}