{
    "header": {
        "seq": 16665,
        "stamp": {
            "secs": 1677531966,
            "nsecs": 499016708
        },
        "frame_id": "atracsys"
    },
    "pose": {
        "position": {
            "x": 0.1965605926513672,
            "y": 0.19008106994628907,
            "z": 1.039250244140625
        },
        "orientation": {
            "x": -0.015944811274621183,
            "y": 0.087116857783027,
            "z": -0.026792173621379457,
            "w": 0.995710096120387
        }
    }
}