{
    "header": {
        "seq": 32359,
        "stamp": {
            "secs": 1677532124,
            "nsecs": 517347968
        },
        "frame_id": "atracsys"
    },
    "pose": {
        "position": {
            "x": 0.19653826904296876,
            "y": 0.19010711669921876,
            "z": 1.039244384765625
        },
        "orientation": {
            "x": -0.01590313933960084,
            "y": 0.08711257496360046,
            "z": -0.026923696734296752,
            "w": 0.9957075896047575
        }
    }
}