{
    "header": {
        "seq": 21088,
        "stamp": {
            "secs": 1677532011,
            "nsecs": 30508839
        },
        "frame_id": "atracsys"
    },
    "pose": {
        "position": {
            "x": 0.19653761291503907,
            "y": 0.19011277770996093,
            "z": 1.0392322998046875
        },
        "orientation": {
            "x": -0.015793384747667772,
            "y": 0.08708935072642292,
            "z": -0.026880198368772014,
            "w": 0.9957125433195656
        }
    }
}