{
    "header": {
        "seq": 35198,
        "stamp": {
            "secs": 1677532153,
            "nsecs": 114359506
        },
        "frame_id": "atracsys"
    },
    "pose": {
        "position": {
            "x": 0.19653741455078125,
            "y": 0.19011154174804687,
            "z": 1.039223876953125
        },
        "orientation": {
            "x": -0.01578011258398971,
            "y": 0.08713047297701783,
            "z": -0.02689650245090492,
            "w": 0.9957087158810785
        }
    }
}