{
    "header": {
        "seq": 22749,
        "stamp": {
            "secs": 1677532027,
            "nsecs": 764859144
        },
        "frame_id": "atracsys"
    },
    "pose": {
        "position": {
            "x": 0.1965216064453125,
            "y": 0.1901148681640625,
            "z": 1.039224853515625
        },
        "orientation": {
            "x": -0.015728160477166058,
            "y": 0.08712933281132743,
            "z": -0.026998261069749264,
            "w": 0.9957068836917153
        }
    }
}