{
    "header": {
        "seq": 5596,
        "stamp": {
            "secs": 1677531855,
            "nsecs": 23956737
        },
        "frame_id": "atracsys"
    },
    "pose": {
        "position": {
            "x": 0.19654747009277343,
            "y": 0.19010955810546876,
            "z": 1.039238037109375
        },
        "orientation": {
            "x": -0.015725978645346597,
            "y": 0.0870846568327216,
            "z": -0.026905633814632738,
            "w": 0.9957133337507369
        }
    }
}