{
    "header": {
        "seq": 34139,
        "stamp": {
            "secs": 1677532142,
            "nsecs": 445655496
        },
        "frame_id": "atracsys"
    },
    "pose": {
        "position": {
            "x": 0.19652761840820313,
            "y": 0.19011477661132814,
            "z": 1.0392314453125
        },
        "orientation": {
            "x": -0.015829516115562374,
            "y": 0.08712567971684987,
            "z": -0.026942730334840757,
            "w": 0.9957071013282611
        }
    }
}