{
    "header": {
        "seq": 11851,
        "stamp": {
            "secs": 1677531918,
            "nsecs": 36238329
        },
        "frame_id": "atracsys"
    },
    "pose": {
        "position": {
            "x": 0.19655000305175782,
            "y": 0.19011322021484375,
            "z": 1.03923876953125
        },
        "orientation": {
            "x": -0.015752128183180364,
            "y": 0.08712424374287571,
            "z": -0.02686479828839248,
            "w": 0.9957105599635151
        }
    }
}