{
    "header": {
        "seq": 23965,
        "stamp": {
            "secs": 1677532040,
            "nsecs": 667934
        },
        "frame_id": "atracsys"
    },
    "pose": {
        "position": {
            "x": 0.19654263305664063,
            "y": 0.19011112976074218,
            "z": 1.0392130126953125
        },
        "orientation": {
            "x": -0.015643582754921375,
            "y": 0.0870879435227236,
            "z": -0.02680510290831643,
            "w": 0.9957170556285794
        }
    }
}