{
    "header": {
        "seq": 20504,
        "stamp": {
            "secs": 1677532005,
            "nsecs": 146910959
        },
        "frame_id": "atracsys"
    },
    "pose": {
        "position": {
            "x": 0.19653929138183593,
            "y": 0.19011862182617187,
            "z": 1.0392379150390625
        },
        "orientation": {
            "x": -0.015852681002592264,
            "y": 0.08708585521822632,
            "z": -0.026885107802448124,
            "w": 0.9957117742119911
        }
    }
}