{
    "header": {
        "seq": 25188,
        "stamp": {
            "secs": 1677532052,
            "nsecs": 302230722
        },
        "frame_id": "atracsys"
    },
    "pose": {
        "position": {
            "x": 0.19654306030273438,
            "y": 0.1901087646484375,
            "z": 1.0392352294921876
        },
        "orientation": {
            "x": -0.015852445755146324,
            "y": 0.08710409903347854,
            "z": -0.026841964310159856,
            "w": 0.9957113461476265
        }
    }
}