{
    "header": {
        "seq": 6485,
        "stamp": {
            "secs": 1677531863,
            "nsecs": 985260730
        },
        "frame_id": "atracsys"
    },
    "pose": {
        "position": {
            "x": 0.19654541015625002,
            "y": 0.19011093139648438,
            "z": 1.039236083984375
        },
        "orientation": {
            "x": -0.015688566169463004,
            "y": 0.08710621877899206,
            "z": -0.026898762246054385,
            "w": 0.9957122235521682
        }
    }
}