{
    "header": {
        "seq": 30930,
        "stamp": {
            "secs": 1677532110,
            "nsecs": 126268894
        },
        "frame_id": "atracsys"
    },
    "pose": {
        "position": {
            "x": 0.19654010009765627,
            "y": 0.19010282897949218,
            "z": 1.039199462890625
        },
        "orientation": {
            "x": -0.01575159856628983,
            "y": 0.08714489192164161,
            "z": -0.02688178331766416,
            "w": 0.9957083030085839
        }
    }
}