{
    "header": {
        "seq": 21016,
        "stamp": {
            "secs": 1677532010,
            "nsecs": 308023271
        },
        "frame_id": "atracsys"
    },
    "pose": {
        "position": {
            "x": 0.19652862548828126,
            "y": 0.1901077423095703,
            "z": 1.0392359619140625
        },
        "orientation": {
            "x": -0.015837715938465505,
            "y": 0.08712780209120415,
            "z": -0.02696608064862904,
            "w": 0.9957061531149942
        }
    }
}