{
    "header": {
        "seq": 14647,
        "stamp": {
            "secs": 1677531946,
            "nsecs": 194535587
        },
        "frame_id": "atracsys"
    },
    "pose": {
        "position": {
            "x": 0.19658135986328126,
            "y": 0.19012168884277345,
            "z": 1.0392276611328126
        },
        "orientation": {
            "x": -0.015752064434124392,
            "y": 0.08708489886448192,
            "z": -0.02682534896725971,
            "w": 0.9957150664264405
        }
    }
}