{
    "header": {
        "seq": 26034,
        "stamp": {
            "secs": 1677532060,
            "nsecs": 824596351
        },
        "frame_id": "atracsys"
    },
    "pose": {
        "position": {
            "x": 0.19653681945800783,
            "y": 0.19011138916015624,
            "z": 1.0392486572265625
        },
        "orientation": {
            "x": -0.015866726307999922,
            "y": 0.08711507770644292,
            "z": -0.02686841817958751,
            "w": 0.9957094447362617
        }
    }
}