{
    "header": {
        "seq": 22902,
        "stamp": {
            "secs": 1677532029,
            "nsecs": 308058928
        },
        "frame_id": "atracsys"
    },
    "pose": {
        "position": {
            "x": 0.19654721069335937,
            "y": 0.19012132263183595,
            "z": 1.039205322265625
        },
        "orientation": {
            "x": -0.015583561705752346,
            "y": 0.08711941816309651,
            "z": -0.026790315598804026,
            "w": 0.9957156414225916
        }
    }
}