{
    "header": {
        "seq": 38140,
        "stamp": {
            "secs": 1677532182,
            "nsecs": 735326436
        },
        "frame_id": "atracsys"
    },
    "pose": {
        "position": {
            "x": 0.19654377746582033,
            "y": 0.19010467529296876,
            "z": 1.0392286376953126
        },
        "orientation": {
            "x": -0.015885101318482635,
            "y": 0.08710905752445622,
            "z": -0.026862101651363813,
            "w": 0.9957098488757526
        }
    }
}