{
    "header": {
        "seq": 36331,
        "stamp": {
            "secs": 1677532164,
            "nsecs": 526416888
        },
        "frame_id": "atracsys"
    },
    "pose": {
        "position": {
            "x": 0.1965398712158203,
            "y": 0.19011854553222657,
            "z": 1.0392081298828124
        },
        "orientation": {
            "x": -0.015646759399968835,
            "y": 0.08707779190813791,
            "z": -0.026858451057011637,
            "w": 0.995716455967009
        }
    }
}