{
    "header": {
        "seq": 28029,
        "stamp": {
            "secs": 1677532080,
            "nsecs": 902215725
        },
        "frame_id": "atracsys"
    },
    "pose": {
        "position": {
            "x": 0.19652568054199218,
            "y": 0.19012342834472656,
            "z": 1.0392000732421875
        },
        "orientation": {
            "x": -0.015633098152151092,
            "y": 0.0870930530652966,
            "z": -0.026897331855440895,
            "w": 0.9957142862734213
        }
    }
}