{
    "header": {
        "seq": 30585,
        "stamp": {
            "secs": 1677532106,
            "nsecs": 651628656
        },
        "frame_id": "atracsys"
    },
    "pose": {
        "position": {
            "x": 0.19652687072753908,
            "y": 0.19010935974121093,
            "z": 1.0392110595703126
        },
        "orientation": {
            "x": -0.015680288479417076,
            "y": 0.0871002462144593,
            "z": -0.026881583396229907,
            "w": 0.9957133403428391
        }
    }
}