{
    "header": {
        "seq": 14073,
        "stamp": {
            "secs": 1677531940,
            "nsecs": 421311415
        },
        "frame_id": "atracsys"
    },
    "pose": {
        "position": {
            "x": 0.19657916259765626,
            "y": 0.19012550354003907,
            "z": 1.0392309570312501
        },
        "orientation": {
            "x": -0.015770850131466257,
            "y": 0.0870969364175745,
            "z": -0.026777869534108885,
            "w": 0.9957149941906158
        }
    }
}