{
    "header": {
        "seq": 30461,
        "stamp": {
            "secs": 1677532152,
            "nsecs": 99422561
        },
        "frame_id": "atracsys"
    },
    "pose": {
        "position": {
            "x": 0.7551360473632812,
            "y": 0.3178893737792969,
            "z": 0.7075891723632812
        },
        "orientation": {
            "x": 0.4064185408982969,
            "y": -0.529889681172047,
            "z": -0.08525100132465428,
            "w": 0.7394411147445276
        }
    }
}