{
    "header": {
        "seq": 4650,
        "stamp": {
            "secs": 1677531892,
            "nsecs": 286869786
        },
        "frame_id": "atracsys"
    },
    "pose": {
        "position": {
            "x": 0.5447712402343751,
            "y": 0.36983642578125003,
            "z": 0.49535910034179687
        },
        "orientation": {
            "x": 0.3992544319434773,
            "y": -0.35636230882234804,
            "z": -0.03028649803376813,
            "w": 0.844206450734148
        }
    }
}