{
    "header": {
        "seq": 14814,
        "stamp": {
            "secs": 1677531994,
            "nsecs": 552874027
        },
        "frame_id": "atracsys"
    },
    "pose": {
        "position": {
            "x": 0.7575416870117188,
            "y": 0.1901715545654297,
            "z": 0.5414600219726563
        },
        "orientation": {
            "x": 0.3081949141629124,
            "y": -0.4997759083287401,
            "z": -0.0770170602066624,
            "w": 0.805796691961081
        }
    }
}