{
    "header": {
        "seq": 7965,
        "stamp": {
            "secs": 1677531925,
            "nsecs": 642172251
        },
        "frame_id": "atracsys"
    },
    "pose": {
        "position": {
            "x": 0.35378045654296875,
            "y": 0.3796318359375,
            "z": 0.38713894653320313
        },
        "orientation": {
            "x": 0.37957231233371935,
            "y": -0.2587703240152439,
            "z": -0.19213879165778633,
            "w": 0.8672055487939205
        }
    }
}