{
    "header": {
        "seq": 19974,
        "stamp": {
            "secs": 1677532046,
            "nsecs": 520097186
        },
        "frame_id": "atracsys"
    },
    "pose": {
        "position": {
            "x": 0.8296250610351563,
            "y": 0.18643661499023437,
            "z": 0.6126435546875
        },
        "orientation": {
            "x": 0.3098086572561859,
            "y": -0.5414125272491043,
            "z": -0.06326978753559781,
            "w": 0.7790301696417523
        }
    }
}