{
    "header": {
        "seq": 28037,
        "stamp": {
            "secs": 1677532127,
            "nsecs": 684431771
        },
        "frame_id": "atracsys"
    },
    "pose": {
        "position": {
            "x": 0.7876437377929688,
            "y": 0.26576361083984373,
            "z": 0.700502685546875
        },
        "orientation": {
            "x": 0.3878601854994027,
            "y": -0.5380778852255313,
            "z": -0.10577084213868497,
            "w": 0.7408435697830293
        }
    }
}