{
    "header": {
        "seq": 32801,
        "stamp": {
            "secs": 1677532175,
            "nsecs": 666622418
        },
        "frame_id": "atracsys"
    },
    "pose": {
        "position": {
            "x": 0.7245611572265626,
            "y": 0.30690655517578125,
            "z": 0.6199583129882813
        },
        "orientation": {
            "x": 0.3987097958007536,
            "y": -0.4971007491667127,
            "z": -0.12593607208231414,
            "w": 0.7603035246918776
        }
    }
}