{
    "header": {
        "seq": 32581,
        "stamp": {
            "secs": 1677532173,
            "nsecs": 448840037
        },
        "frame_id": "atracsys"
    },
    "pose": {
        "position": {
            "x": 0.7335259399414062,
            "y": 0.3007983093261719,
            "z": 0.6238984985351562
        },
        "orientation": {
            "x": 0.4002082665653566,
            "y": -0.49835273756601506,
            "z": -0.13400116838347098,
            "w": 0.7573120751744791
        }
    }
}