{
    "header": {
        "seq": 22581,
        "stamp": {
            "secs": 1677532072,
            "nsecs": 767861873
        },
        "frame_id": "atracsys"
    },
    "pose": {
        "position": {
            "x": 0.8031755981445313,
            "y": 0.14054080200195312,
            "z": 0.6162506713867187
        },
        "orientation": {
            "x": 0.2830240325338577,
            "y": -0.5414258355965279,
            "z": -0.059944315689559505,
            "w": 0.7894061949170311
        }
    }
}