{
    "header": {
        "seq": 8494,
        "stamp": {
            "secs": 1677531930,
            "nsecs": 967551879
        },
        "frame_id": "atracsys"
    },
    "pose": {
        "position": {
            "x": 0.3330549621582031,
            "y": 0.3793177490234375,
            "z": 0.3654964904785156
        },
        "orientation": {
            "x": 0.3749400639147878,
            "y": -0.2440263432514473,
            "z": -0.20296243343278775,
            "w": 0.8710208624860503
        }
    }
}