{
    "header": {
        "seq": 15285,
        "stamp": {
            "secs": 1677531999,
            "nsecs": 290099222
        },
        "frame_id": "atracsys"
    },
    "pose": {
        "position": {
            "x": 0.7335662231445312,
            "y": 0.21261421203613282,
            "z": 0.5108192138671875
        },
        "orientation": {
            "x": 0.31655794262018366,
            "y": -0.4847612129039315,
            "z": -0.07909030210221053,
            "w": 0.8115062288986862
        }
    }
}