{
    "header": {
        "seq": 24475,
        "stamp": {
            "secs": 1677532091,
            "nsecs": 842539954
        },
        "frame_id": "atracsys"
    },
    "pose": {
        "position": {
            "x": 0.7867275390625,
            "y": 0.18132907104492188,
            "z": 0.6127958374023438
        },
        "orientation": {
            "x": 0.30876437545753543,
            "y": -0.536905920607976,
            "z": -0.06121111991281281,
            "w": 0.7827194846580982
        }
    }
}