{
    "header": {
        "seq": 2250,
        "stamp": {
            "secs": 1677531857,
            "nsecs": 770322813
        },
        "frame_id": "atracsys"
    },
    "pose": {
        "position": {
            "x": 0.29727615356445314,
            "y": -0.10317785644531251,
            "z": 0.3239733581542969
        },
        "orientation": {
            "x": 0.09822563179811729,
            "y": -0.20271723626788113,
            "z": -0.038724993514403186,
            "w": 0.9735285420854811
        }
    }
}