{
    "header": {
        "seq": 35019,
        "stamp": {
            "secs": 1677532198,
            "nsecs": 12977196
        },
        "frame_id": "atracsys"
    },
    "pose": {
        "position": {
            "x": 0.6708827514648438,
            "y": -0.058564327239990235,
            "z": 0.46129751586914064
        },
        "orientation": {
            "x": 0.16075094229077777,
            "y": -0.48799565205703377,
            "z": -0.16816512328086847,
            "w": 0.8412727675599561
        }
    }
}