{
    "header": {
        "seq": 8570,
        "stamp": {
            "secs": 1677531931,
            "nsecs": 731798668
        },
        "frame_id": "atracsys"
    },
    "pose": {
        "position": {
            "x": 0.3168572082519531,
            "y": 0.3959736633300781,
            "z": 0.3635107421875
        },
        "orientation": {
            "x": 0.3822009221130925,
            "y": -0.2325852641126758,
            "z": -0.20285784483881317,
            "w": 0.8710196581254013
        }
    }
}