{
    "header": {
        "seq": 30814,
        "stamp": {
            "secs": 1677532155,
            "nsecs": 654639942
        },
        "frame_id": "atracsys"
    },
    "pose": {
        "position": {
            "x": 0.719526611328125,
            "y": 0.35398489379882814,
            "z": 0.6660908813476563
        },
        "orientation": {
            "x": 0.4102050996208077,
            "y": -0.5095320368517158,
            "z": -0.07566516890271849,
            "w": 0.7525846542959457
        }
    }
}