{
    "header": {
        "seq": 8986,
        "stamp": {
            "secs": 1677531935,
            "nsecs": 919887863
        },
        "frame_id": "atracsys"
    },
    "pose": {
        "position": {
            "x": 0.32061663818359376,
            "y": 0.39832574462890624,
            "z": 0.34923251342773437
        },
        "orientation": {
            "x": 0.38167364490486044,
            "y": -0.23118782810637542,
            "z": -0.21500354090412024,
            "w": 0.8687064488762507
        }
    }
}