{
    "header": {
        "seq": 2492,
        "stamp": {
            "secs": 1677531860,
            "nsecs": 206156365
        },
        "frame_id": "atracsys"
    },
    "pose": {
        "position": {
            "x": 0.3003730773925781,
            "y": -0.12716173553466797,
            "z": 0.3349919738769531
        },
        "orientation": {
            "x": 0.08434706671999122,
            "y": -0.2100500444958885,
            "z": -0.0408239404591575,
            "w": 0.9731895791819782
        }
    }
}