{
    "header": {
        "seq": 30845,
        "stamp": {
            "secs": 1677532155,
            "nsecs": 971057689
        },
        "frame_id": "atracsys"
    },
    "pose": {
        "position": {
            "x": 0.716833984375,
            "y": 0.35985177612304686,
            "z": 0.6654171142578125
        },
        "orientation": {
            "x": 0.4126904352447709,
            "y": -0.5075721029551955,
            "z": -0.07449781209085304,
            "w": 0.7526667529211037
        }
    }
}