{
    "header": {
        "seq": 2363,
        "stamp": {
            "secs": 1677531858,
            "nsecs": 907624159
        },
        "frame_id": "atracsys"
    },
    "pose": {
        "position": {
            "x": 0.2989398498535156,
            "y": -0.11815327453613282,
            "z": 0.33011492919921875
        },
        "orientation": {
            "x": 0.0894601552235103,
            "y": -0.20536965812345978,
            "z": -0.03594200374163795,
            "w": 0.9739242047082898
        }
    }
}