{
    "header": {
        "seq": 36520,
        "stamp": {
            "secs": 1677532213,
            "nsecs": 132404251
        },
        "frame_id": "atracsys"
    },
    "pose": {
        "position": {
            "x": 0.6595639038085938,
            "y": 0.10985994720458984,
            "z": 0.4427057800292969
        },
        "orientation": {
            "x": 0.2504982279906426,
            "y": -0.4482852889429065,
            "z": -0.1369793707507224,
            "w": 0.8470700027032353
        }
    }
}