{
    "header": {
        "seq": 17448,
        "stamp": {
            "secs": 1677532021,
            "nsecs": 81275197
        },
        "frame_id": "atracsys"
    },
    "pose": {
        "position": {
            "x": 0.775027099609375,
            "y": 0.19935092163085938,
            "z": 0.5765184326171875
        },
        "orientation": {
            "x": 0.3174725789588521,
            "y": -0.5140791137056392,
            "z": -0.07099897797584785,
            "w": 0.7936579688929137
        }
    }
}