{
    "header": {
        "seq": 36462,
        "stamp": {
            "secs": 1677532212,
            "nsecs": 547352842
        },
        "frame_id": "atracsys"
    },
    "pose": {
        "position": {
            "x": 0.6760985107421875,
            "y": 0.1069887924194336,
            "z": 0.45281033325195313
        },
        "orientation": {
            "x": 0.24959459492977282,
            "y": -0.45771529750803425,
            "z": -0.1366112237618071,
            "w": 0.8423399658993249
        }
    }
}