{
    "header": {
        "seq": 5364,
        "stamp": {
            "secs": 1677531899,
            "nsecs": 466059193
        },
        "frame_id": "atracsys"
    },
    "pose": {
        "position": {
            "x": 0.5461913452148438,
            "y": 0.4036105041503906,
            "z": 0.5283736572265625
        },
        "orientation": {
            "x": 0.41887908168750654,
            "y": -0.36476128328694385,
            "z": -0.02077620421383058,
            "w": 0.8312989056157588
        }
    }
}