{
    "header": {
        "seq": 29701,
        "stamp": {
            "secs": 1677532144,
            "nsecs": 439773503
        },
        "frame_id": "atracsys"
    },
    "pose": {
        "position": {
            "x": 0.727734375,
            "y": 0.3378397827148438,
            "z": 0.6613810424804688
        },
        "orientation": {
            "x": 0.4092327960965703,
            "y": -0.5058867496233274,
            "z": -0.08601507347198667,
            "w": 0.754459092522674
        }
    }
}