{
    "header": {
        "seq": 18056,
        "stamp": {
            "secs": 1677532027,
            "nsecs": 206669681
        },
        "frame_id": "atracsys"
    },
    "pose": {
        "position": {
            "x": 0.7806951293945312,
            "y": 0.20933181762695313,
            "z": 0.5494271850585938
        },
        "orientation": {
            "x": 0.31092887580453227,
            "y": -0.5085291672206558,
            "z": -0.06249516459124036,
            "w": 0.8005096343452152
        }
    }
}