{
    "header": {
        "seq": 33785,
        "stamp": {
            "secs": 1677532185,
            "nsecs": 574223241
        },
        "frame_id": "atracsys"
    },
    "pose": {
        "position": {
            "x": 0.7711988525390625,
            "y": 0.3100219421386719,
            "z": 0.6998693237304687
        },
        "orientation": {
            "x": 0.41126997705781443,
            "y": -0.5334152341487626,
            "z": -0.11232086604271942,
            "w": 0.730554047966541
        }
    }
}