{
    "header": {
        "seq": 33419,
        "stamp": {
            "secs": 1677532181,
            "nsecs": 887549153
        },
        "frame_id": "atracsys"
    },
    "pose": {
        "position": {
            "x": 0.7740277709960938,
            "y": 0.2915531311035156,
            "z": 0.7154506225585938
        },
        "orientation": {
            "x": 0.3981014720667551,
            "y": -0.546558745118692,
            "z": -0.1014925179113098,
            "w": 0.7297177707035687
        }
    }
}