{
    "header": {
        "seq": 9710,
        "stamp": {
            "secs": 1677531943,
            "nsecs": 203524093
        },
        "frame_id": "atracsys"
    },
    "pose": {
        "position": {
            "x": 0.3303299560546875,
            "y": 0.4273674011230469,
            "z": 0.33462164306640624
        },
        "orientation": {
            "x": 0.39599657107015607,
            "y": -0.22129919643961848,
            "z": -0.23113243664083757,
            "w": 0.8606922667761848
        }
    }
}