{
    "header": {
        "seq": 11184,
        "stamp": {
            "secs": 1677531958,
            "nsecs": 27373677
        },
        "frame_id": "atracsys"
    },
    "pose": {
        "position": {
            "x": 0.5998348999023437,
            "y": 0.6125023803710937,
            "z": 0.5874451904296875
        },
        "orientation": {
            "x": 0.559459959291262,
            "y": -0.34092819453640677,
            "z": -0.2115584099157717,
            "w": 0.7252693012349797
        }
    }
}