{
    "header": {
        "seq": 22767,
        "stamp": {
            "secs": 1677532074,
            "nsecs": 639526444
        },
        "frame_id": "atracsys"
    },
    "pose": {
        "position": {
            "x": 0.7879190063476562,
            "y": 0.1508470001220703,
            "z": 0.5907874145507812
        },
        "orientation": {
            "x": 0.2858901578527746,
            "y": -0.5311810022936426,
            "z": -0.05815267964166095,
            "w": 0.7954444206201532
        }
    }
}