{
    "header": {
        "seq": 9101,
        "stamp": {
            "secs": 1677531937,
            "nsecs": 78102810
        },
        "frame_id": "atracsys"
    },
    "pose": {
        "position": {
            "x": 0.3093528137207031,
            "y": 0.3996293029785156,
            "z": 0.33916845703125
        },
        "orientation": {
            "x": 0.37998393783966694,
            "y": -0.22255155054339512,
            "z": -0.22060765339697416,
            "w": 0.8702960861668122
        }
    }
}