{
    "header": {
        "seq": 17611,
        "stamp": {
            "secs": 1677532022,
            "nsecs": 726058286
        },
        "frame_id": "atracsys"
    },
    "pose": {
        "position": {
            "x": 0.7770401611328125,
            "y": 0.19637445068359374,
            "z": 0.56929052734375
        },
        "orientation": {
            "x": 0.31424852477718035,
            "y": -0.5137989240662862,
            "z": -0.07171145944394587,
            "w": 0.7950572286874145
        }
    }
}