{
    "header": {
        "seq": 10007,
        "stamp": {
            "secs": 1677531946,
            "nsecs": 191590330
        },
        "frame_id": "atracsys"
    },
    "pose": {
        "position": {
            "x": 0.34193484497070314,
            "y": 0.43106185913085937,
            "z": 0.33531448364257815
        },
        "orientation": {
            "x": 0.39851144144103595,
            "y": -0.22369950368097918,
            "z": -0.237568065033443,
            "w": 0.8571514321108826
        }
    }
}