{
    "header": {
        "seq": 23249,
        "stamp": {
            "secs": 1677532079,
            "nsecs": 496278440
        },
        "frame_id": "atracsys"
    },
    "pose": {
        "position": {
            "x": 0.766795166015625,
            "y": 0.1835392608642578,
            "z": 0.5807144775390625
        },
        "orientation": {
            "x": 0.30910520545205983,
            "y": -0.5156393062395986,
            "z": -0.07050268981044706,
            "w": 0.7959896032943378
        }
    }
}