{
    "header": {
        "seq": 26890,
        "stamp": {
            "secs": 1677532116,
            "nsecs": 144195592
        },
        "frame_id": "atracsys"
    },
    "pose": {
        "position": {
            "x": 0.787433349609375,
            "y": 0.28260833740234376,
            "z": 0.7016521606445313
        },
        "orientation": {
            "x": 0.39582568878979296,
            "y": -0.5378490667109417,
            "z": -0.09821214788780544,
            "w": 0.7378311321295128
        }
    }
}