{
    "header": {
        "seq": 23389,
        "stamp": {
            "secs": 1677532080,
            "nsecs": 902215306
        },
        "frame_id": "atracsys"
    },
    "pose": {
        "position": {
            "x": 0.7628367919921876,
            "y": 0.17878144836425783,
            "z": 0.5728154907226563
        },
        "orientation": {
            "x": 0.305328956333034,
            "y": -0.514694024430613,
            "z": -0.06916768977771079,
            "w": 0.7981729889759577
        }
    }
}