{
    "header": {
        "seq": 7036,
        "stamp": {
            "secs": 1677531916,
            "nsecs": 290001908
        },
        "frame_id": "atracsys"
    },
    "pose": {
        "position": {
            "x": 0.34841839599609375,
            "y": 0.3178077087402344,
            "z": 0.3913576965332031
        },
        "orientation": {
            "x": 0.3486332597832744,
            "y": -0.2611289069615065,
            "z": -0.20060033579545122,
            "w": 0.8775112816372955
        }
    }
}