{
    "header": {
        "seq": 7736,
        "stamp": {
            "secs": 1677531923,
            "nsecs": 337790727
        },
        "frame_id": "atracsys"
    },
    "pose": {
        "position": {
            "x": 0.32479522705078123,
            "y": 0.37212768554687503,
            "z": 0.37761663818359376
        },
        "orientation": {
            "x": 0.3712920158144957,
            "y": -0.24283614669642803,
            "z": -0.19787573627942512,
            "w": 0.8740812535696637
        }
    }
}