{
    "header": {
        "seq": 24949,
        "stamp": {
            "secs": 1677532096,
            "nsecs": 609740288
        },
        "frame_id": "atracsys"
    },
    "pose": {
        "position": {
            "x": 0.7800863647460937,
            "y": 0.21096044921875,
            "z": 0.6346167602539062
        },
        "orientation": {
            "x": 0.33332964635087786,
            "y": -0.5376911446721839,
            "z": -0.07484726400863369,
            "w": 0.7708290776009536
        }
    }
}