{
    "header": {
        "seq": 26202,
        "stamp": {
            "secs": 1677532109,
            "nsecs": 218824753
        },
        "frame_id": "atracsys"
    },
    "pose": {
        "position": {
            "x": 0.7548807373046875,
            "y": 0.27911700439453124,
            "z": 0.6313623657226562
        },
        "orientation": {
            "x": 0.378583701533421,
            "y": -0.5179777795672618,
            "z": -0.09353211750788659,
            "w": 0.7613311656580951
        }
    }
}