{
    "header": {
        "seq": 10883,
        "stamp": {
            "secs": 1677531955,
            "nsecs": 558674
        },
        "frame_id": "atracsys"
    },
    "pose": {
        "position": {
            "x": 0.3848570861816406,
            "y": 0.477792724609375,
            "z": 0.358323974609375
        },
        "orientation": {
            "x": 0.428245692656035,
            "y": -0.22493174775178465,
            "z": -0.25882994654263747,
            "w": 0.8360731991563991
        }
    }
}