{
    "header": {
        "seq": 28150,
        "stamp": {
            "secs": 1677532128,
            "nsecs": 824726521
        },
        "frame_id": "atracsys"
    },
    "pose": {
        "position": {
            "x": 0.7829175415039062,
            "y": 0.2728212585449219,
            "z": 0.6977066650390625
        },
        "orientation": {
            "x": 0.38987962500047446,
            "y": -0.5380189999297315,
            "z": -0.10287754549485667,
            "w": 0.7402335066430422
        }
    }
}