{
    "header": {
        "seq": 25947,
        "stamp": {
            "secs": 1677532106,
            "nsecs": 654620905
        },
        "frame_id": "atracsys"
    },
    "pose": {
        "position": {
            "x": 0.788915283203125,
            "y": 0.24519508361816406,
            "z": 0.6603010864257812
        },
        "orientation": {
            "x": 0.36918757136964553,
            "y": -0.5326917197020717,
            "z": -0.10178319267350155,
            "w": 0.7547054064972777
        }
    }
}