{
    "header": {
        "seq": 11601,
        "stamp": {
            "secs": 1677531962,
            "nsecs": 224365899
        },
        "frame_id": "atracsys"
    },
    "pose": {
        "position": {
            "x": 0.5585680541992187,
            "y": 0.6366578369140625,
            "z": 0.5714388427734375
        },
        "orientation": {
            "x": 0.568159772186395,
            "y": -0.30230922755558315,
            "z": -0.22631674202223648,
            "w": 0.7311527449748726
        }
    }
}