{
    "header": {
        "seq": 34290,
        "stamp": {
            "secs": 1677532190,
            "nsecs": 663789285
        },
        "frame_id": "atracsys"
    },
    "pose": {
        "position": {
            "x": 0.7656749877929687,
            "y": 0.28944570922851565,
            "z": 0.686199951171875
        },
        "orientation": {
            "x": 0.40037881994266705,
            "y": -0.5299905636833427,
            "z": -0.12209419982652088,
            "w": 0.7374956334220913
        }
    }
}