{
    "header": {
        "seq": 32005,
        "stamp": {
            "secs": 1677532167,
            "nsecs": 651799234
        },
        "frame_id": "atracsys"
    },
    "pose": {
        "position": {
            "x": 0.7402063598632813,
            "y": 0.339890625,
            "z": 0.7161011352539063
        },
        "orientation": {
            "x": 0.40617148681707765,
            "y": -0.5304066804736984,
            "z": -0.06881029129290471,
            "w": 0.7409174180823812
        }
    }
}