{
    "header": {
        "seq": 27897,
        "stamp": {
            "secs": 1677532126,
            "nsecs": 275527822
        },
        "frame_id": "atracsys"
    },
    "pose": {
        "position": {
            "x": 0.693097900390625,
            "y": 0.4060170593261719,
            "z": 0.6273794555664063
        },
        "orientation": {
            "x": 0.42941968599271,
            "y": -0.4864929902169023,
            "z": -0.07934312286738206,
            "w": 0.7567218594737375
        }
    }
}