{
    "header": {
        "seq": 24679,
        "stamp": {
            "secs": 1677532093,
            "nsecs": 896354929
        },
        "frame_id": "atracsys"
    },
    "pose": {
        "position": {
            "x": 0.8111251831054688,
            "y": 0.18745167541503907,
            "z": 0.6805537109375001
        },
        "orientation": {
            "x": 0.32865872046263156,
            "y": -0.5578192625537653,
            "z": -0.07630365447968133,
            "w": 0.7582867980526132
        }
    }
}