{
    "header": {
        "seq": 14408,
        "stamp": {
            "secs": 1677531990,
            "nsecs": 466295672
        },
        "frame_id": "atracsys"
    },
    "pose": {
        "position": {
            "x": 0.7684634399414063,
            "y": 0.18543177795410157,
            "z": 0.5463380737304687
        },
        "orientation": {
            "x": 0.30028160277973787,
            "y": -0.5078352006262904,
            "z": -0.0628534249760516,
            "w": 0.8049744188517216
        }
    }
}