{
    "header": {
        "seq": 28809,
        "stamp": {
            "secs": 1677532135,
            "nsecs": 457824814
        },
        "frame_id": "atracsys"
    },
    "pose": {
        "position": {
            "x": 0.706280517578125,
            "y": 0.3560097961425781,
            "z": 0.618638916015625
        },
        "orientation": {
            "x": 0.4095058478273831,
            "y": -0.49334523562591676,
            "z": -0.08960895533323388,
            "w": 0.7621585623769317
        }
    }
}