{
    "header": {
        "seq": 27678,
        "stamp": {
            "secs": 1677532124,
            "nsecs": 72565982
        },
        "frame_id": "atracsys"
    },
    "pose": {
        "position": {
            "x": 0.708497802734375,
            "y": 0.37440951538085937,
            "z": 0.6269429321289063
        },
        "orientation": {
            "x": 0.42137814770466564,
            "y": -0.49340156898562415,
            "z": -0.09013608607919817,
            "w": 0.7555599475526962
        }
    }
}