{
    "header": {
        "seq": 31492,
        "stamp": {
            "secs": 1677532162,
            "nsecs": 487586786
        },
        "frame_id": "atracsys"
    },
    "pose": {
        "position": {
            "x": 0.7188027954101562,
            "y": 0.3638441467285156,
            "z": 0.6765992431640625
        },
        "orientation": {
            "x": 0.41279492530082346,
            "y": -0.5125166231641705,
            "z": -0.07260132996260306,
            "w": 0.7494371938421156
        }
    }
}