{
    "header": {
        "seq": 21597,
        "stamp": {
            "secs": 1677532062,
            "nsecs": 866452701
        },
        "frame_id": "atracsys"
    },
    "pose": {
        "position": {
            "x": 0.8438425903320312,
            "y": 0.09443887329101562,
            "z": 0.6432430419921875
        },
        "orientation": {
            "x": 0.2448405555822162,
            "y": -0.5632864720783022,
            "z": -0.03488731301935776,
            "w": 0.7883808268255013
        }
    }
}