{
    "header": {
        "seq": 28324,
        "stamp": {
            "secs": 1677532130,
            "nsecs": 577060239
        },
        "frame_id": "atracsys"
    },
    "pose": {
        "position": {
            "x": 0.7608062133789063,
            "y": 0.2956116333007813,
            "z": 0.6695925903320312
        },
        "orientation": {
            "x": 0.3967793669490952,
            "y": -0.5231162826876296,
            "z": -0.10264051385952554,
            "w": 0.7472485621700479
        }
    }
}