{
    "header": {
        "seq": 2043,
        "stamp": {
            "secs": 1677531855,
            "nsecs": 689601521
        },
        "frame_id": "atracsys"
    },
    "pose": {
        "position": {
            "x": 0.28957537841796877,
            "y": -0.12576673126220703,
            "z": 0.3257471923828125
        },
        "orientation": {
            "x": 0.08268820267628597,
            "y": -0.19578594168524796,
            "z": -0.036786312774466465,
            "w": 0.9764616189943388
        }
    }
}