{
    "header": {
        "seq": 31632,
        "stamp": {
            "secs": 1677532163,
            "nsecs": 899491641
        },
        "frame_id": "atracsys"
    },
    "pose": {
        "position": {
            "x": 0.7569932861328125,
            "y": 0.32937332153320314,
            "z": 0.7361290283203125
        },
        "orientation": {
            "x": 0.4062369474507927,
            "y": -0.5421037100817384,
            "z": -0.07051265919286329,
            "w": 0.732204257659724
        }
    }
}