{
    "header": {
        "seq": 31138,
        "stamp": {
            "secs": 1677532158,
            "nsecs": 920425032
        },
        "frame_id": "atracsys"
    },
    "pose": {
        "position": {
            "x": 0.7446971435546875,
            "y": 0.33853836059570314,
            "z": 0.7162711791992188
        },
        "orientation": {
            "x": 0.41333737302245843,
            "y": -0.5265652452675864,
            "z": -0.07717947276859931,
            "w": 0.738867097333709
        }
    }
}