{
    "header": {
        "seq": 25360,
        "stamp": {
            "secs": 1677532100,
            "nsecs": 744094681
        },
        "frame_id": "atracsys"
    },
    "pose": {
        "position": {
            "x": 0.7283607788085937,
            "y": 0.27974639892578124,
            "z": 0.5848317260742187
        },
        "orientation": {
            "x": 0.3561267674518746,
            "y": -0.5066341444714731,
            "z": -0.07026784520679301,
            "w": 0.7820217382464065
        }
    }
}