{
    "header": {
        "seq": 17792,
        "stamp": {
            "secs": 1677532024,
            "nsecs": 549936241
        },
        "frame_id": "atracsys"
    },
    "pose": {
        "position": {
            "x": 0.7704705200195313,
            "y": 0.20717103576660156,
            "z": 0.5735242309570313
        },
        "orientation": {
            "x": 0.32251504273354664,
            "y": -0.5107423218226327,
            "z": -0.07132146170241838,
            "w": 0.7937503241009954
        }
    }
}