{
    "header": {
        "seq": 15022,
        "stamp": {
            "secs": 1677531996,
            "nsecs": 645401477
        },
        "frame_id": "atracsys"
    },
    "pose": {
        "position": {
            "x": 0.7375314331054688,
            "y": 0.20257847595214845,
            "z": 0.5163292236328125
        },
        "orientation": {
            "x": 0.31340896802668805,
            "y": -0.48518074081939694,
            "z": -0.08112076885471131,
            "w": 0.8122769776121986
        }
    }
}