{
    "header": {
        "seq": 20787,
        "stamp": {
            "secs": 1677532054,
            "nsecs": 708322486
        },
        "frame_id": "atracsys"
    },
    "pose": {
        "position": {
            "x": 0.8156109008789063,
            "y": 0.19575140380859377,
            "z": 0.6113012084960938
        },
        "orientation": {
            "x": 0.3117324652457496,
            "y": -0.5362713867489206,
            "z": -0.055917493122927445,
            "w": 0.7823740178642467
        }
    }
}