{
    "header": {
        "seq": 11653,
        "stamp": {
            "secs": 1677531962,
            "nsecs": 746861400
        },
        "frame_id": "atracsys"
    },
    "pose": {
        "position": {
            "x": 0.5598778686523438,
            "y": 0.6395386352539063,
            "z": 0.5744330444335938
        },
        "orientation": {
            "x": 0.5706967508473699,
            "y": -0.3028053841364164,
            "z": -0.22897216423635852,
            "w": 0.7281386309729557
        }
    }
}