{
    "header": {
        "seq": 19050,
        "stamp": {
            "secs": 1677532037,
            "nsecs": 215538352
        },
        "frame_id": "atracsys"
    },
    "pose": {
        "position": {
            "x": 0.7903582153320313,
            "y": 0.22192689514160158,
            "z": 0.5782178955078126
        },
        "orientation": {
            "x": 0.3225398151619407,
            "y": -0.5202502658419449,
            "z": -0.05866408996768477,
            "w": 0.7885849688365549
        }
    }
}