{
    "header": {
        "seq": 24024,
        "stamp": {
            "secs": 1677532087,
            "nsecs": 302332091
        },
        "frame_id": "atracsys"
    },
    "pose": {
        "position": {
            "x": 0.788182373046875,
            "y": 0.19426020812988282,
            "z": 0.6409715576171875
        },
        "orientation": {
            "x": 0.31917753502560464,
            "y": -0.5437322350200883,
            "z": -0.0590827339181897,
            "w": 0.7739445640921516
        }
    }
}