{
    "header": {
        "seq": 8925,
        "stamp": {
            "secs": 1677531935,
            "nsecs": 307865389
        },
        "frame_id": "atracsys"
    },
    "pose": {
        "position": {
            "x": 0.32008132934570316,
            "y": 0.39032022094726565,
            "z": 0.3486840515136719
        },
        "orientation": {
            "x": 0.37710312551852404,
            "y": -0.23268136889853983,
            "z": -0.21210640374830664,
            "w": 0.8710129085040142
        }
    }
}