{
    "header": {
        "seq": 25909,
        "stamp": {
            "secs": 1677532106,
            "nsecs": 272445626
        },
        "frame_id": "atracsys"
    },
    "pose": {
        "position": {
            "x": 0.7929805297851563,
            "y": 0.24398979187011718,
            "z": 0.666472900390625
        },
        "orientation": {
            "x": 0.36916850602714896,
            "y": -0.5346416537785142,
            "z": -0.10068184159669342,
            "w": 0.7534826361472149
        }
    }
}