{
    "header": {
        "seq": 10206,
        "stamp": {
            "secs": 1677531948,
            "nsecs": 191587049
        },
        "frame_id": "atracsys"
    },
    "pose": {
        "position": {
            "x": 0.3511873779296875,
            "y": 0.43503857421875003,
            "z": 0.33889556884765626
        },
        "orientation": {
            "x": 0.4020358675709837,
            "y": -0.22587367776289907,
            "z": -0.24336340946131674,
            "w": 0.8533009397719378
        }
    }
}