{
    "header": {
        "seq": 20436,
        "stamp": {
            "secs": 1677532051,
            "nsecs": 173793222
        },
        "frame_id": "atracsys"
    },
    "pose": {
        "position": {
            "x": 0.8172080078125,
            "y": 0.1946554870605469,
            "z": 0.6060656127929688
        },
        "orientation": {
            "x": 0.3135086535528982,
            "y": -0.5357948595285666,
            "z": -0.06286611751259806,
            "w": 0.7814627591376987
        }
    }
}