{
    "header": {
        "seq": 21159,
        "stamp": {
            "secs": 1677532058,
            "nsecs": 454335597
        },
        "frame_id": "atracsys"
    },
    "pose": {
        "position": {
            "x": 0.8372616577148437,
            "y": 0.07810164642333985,
            "z": 0.6216458740234375
        },
        "orientation": {
            "x": 0.22378579771823615,
            "y": -0.5570640285414774,
            "z": -0.021931521036479617,
            "w": 0.79944893097044
        }
    }
}