{
    "header": {
        "seq": 7341,
        "stamp": {
            "secs": 1677531919,
            "nsecs": 358565242
        },
        "frame_id": "atracsys"
    },
    "pose": {
        "position": {
            "x": 0.33912832641601565,
            "y": 0.3484691162109375,
            "z": 0.38758755493164065
        },
        "orientation": {
            "x": 0.3625088940998517,
            "y": -0.2538833363502865,
            "z": -0.1995237790597359,
            "w": 0.8742544336815635
        }
    }
}