{
    "header": {
        "seq": 18448,
        "stamp": {
            "secs": 1677532031,
            "nsecs": 152955904
        },
        "frame_id": "atracsys"
    },
    "pose": {
        "position": {
            "x": 0.8049302978515626,
            "y": 0.20585963439941407,
            "z": 0.5867601928710937
        },
        "orientation": {
            "x": 0.3137497945495572,
            "y": -0.5272302473919388,
            "z": -0.06254559784673759,
            "w": 0.7871958973757038
        }
    }
}