{
    "header": {
        "seq": 28508,
        "stamp": {
            "secs": 1677532132,
            "nsecs": 427733187
        },
        "frame_id": "atracsys"
    },
    "pose": {
        "position": {
            "x": 0.7398134155273438,
            "y": 0.32136050415039064,
            "z": 0.6530315551757813
        },
        "orientation": {
            "x": 0.4019468412400966,
            "y": -0.5123945567910287,
            "z": -0.09378332019892523,
            "w": 0.7530572646489108
        }
    }
}