{
    "header": {
        "seq": 6212,
        "stamp": {
            "secs": 1677531908,
            "nsecs": 3349724
        },
        "frame_id": "atracsys"
    },
    "pose": {
        "position": {
            "x": 0.3723095703125,
            "y": 0.24689529418945313,
            "z": 0.3860960388183594
        },
        "orientation": {
            "x": 0.31576879603952684,
            "y": -0.2768068493695657,
            "z": -0.22244100909451633,
            "w": 0.8798795559977829
        }
    }
}