{
    "header": {
        "seq": 24258,
        "stamp": {
            "secs": 1677532089,
            "nsecs": 654484314
        },
        "frame_id": "atracsys"
    },
    "pose": {
        "position": {
            "x": 0.7950645141601562,
            "y": 0.18998980712890626,
            "z": 0.6324510498046875
        },
        "orientation": {
            "x": 0.315279449295077,
            "y": -0.5452816911591661,
            "z": -0.05860408541682867,
            "w": 0.77448841651199
        }
    }
}