{
    "header": {
        "seq": 30884,
        "stamp": {
            "secs": 1677532156,
            "nsecs": 362136532
        },
        "frame_id": "atracsys"
    },
    "pose": {
        "position": {
            "x": 0.716072998046875,
            "y": 0.3625303039550781,
            "z": 0.6655481567382813
        },
        "orientation": {
            "x": 0.41138696401357355,
            "y": -0.508511020475753,
            "z": -0.07033355750464161,
            "w": 0.7531470630515292
        }
    }
}