{
    "header": {
        "seq": 12324,
        "stamp": {
            "secs": 1677531969,
            "nsecs": 502097034
        },
        "frame_id": "atracsys"
    },
    "pose": {
        "position": {
            "x": 0.5971015625,
            "y": 0.582251220703125,
            "z": 0.5668060302734376
        },
        "orientation": {
            "x": 0.552716885292093,
            "y": -0.3309019642821699,
            "z": -0.24649179409501104,
            "w": 0.7240509168497969
        }
    }
}