{
    "header": {
        "seq": 28211,
        "stamp": {
            "secs": 1677532129,
            "nsecs": 439739208
        },
        "frame_id": "atracsys"
    },
    "pose": {
        "position": {
            "x": 0.7766591796875,
            "y": 0.2791065979003906,
            "z": 0.6892040405273437
        },
        "orientation": {
            "x": 0.3909716175990282,
            "y": -0.5343712215271732,
            "z": -0.10089607382770713,
            "w": 0.7425689019355105
        }
    }
}