{
    "header": {
        "seq": 36259,
        "stamp": {
            "secs": 1677532210,
            "nsecs": 508534947
        },
        "frame_id": "atracsys"
    },
    "pose": {
        "position": {
            "x": 0.6985001220703125,
            "y": 0.07097367095947266,
            "z": 0.4853660583496094
        },
        "orientation": {
            "x": 0.23412053364967372,
            "y": -0.48006875743296695,
            "z": -0.12856515720411538,
            "w": 0.8355791789013417
        }
    }
}