{
    "header": {
        "seq": 7210,
        "stamp": {
            "secs": 1677531918,
            "nsecs": 39272926
        },
        "frame_id": "atracsys"
    },
    "pose": {
        "position": {
            "x": 0.33830014038085937,
            "y": 0.3408271179199219,
            "z": 0.3899285583496094
        },
        "orientation": {
            "x": 0.35921135446232727,
            "y": -0.2537860687050996,
            "z": -0.200009244272621,
            "w": 0.8755319162440885
        }
    }
}