{
    "header": {
        "seq": 15748,
        "stamp": {
            "secs": 1677532003,
            "nsecs": 946945692
        },
        "frame_id": "atracsys"
    },
    "pose": {
        "position": {
            "x": 0.7216358642578126,
            "y": 0.21907125854492188,
            "z": 0.5136114501953125
        },
        "orientation": {
            "x": 0.32109122782720667,
            "y": -0.4827261987250095,
            "z": -0.07839188896507045,
            "w": 0.8110058891410147
        }
    }
}