{
    "header": {
        "seq": 25156,
        "stamp": {
            "secs": 1677532098,
            "nsecs": 690428553
        },
        "frame_id": "atracsys"
    },
    "pose": {
        "position": {
            "x": 0.75487939453125,
            "y": 0.224562255859375,
            "z": 0.6011814575195312
        },
        "orientation": {
            "x": 0.3340745294136129,
            "y": -0.5237076411856872,
            "z": -0.07504386207365026,
            "w": 0.780059570882806
        }
    }
}