{
    "header": {
        "seq": 22352,
        "stamp": {
            "secs": 1677532070,
            "nsecs": 466358941
        },
        "frame_id": "atracsys"
    },
    "pose": {
        "position": {
            "x": 0.79548583984375,
            "y": 0.11149574279785157,
            "z": 0.5906614379882813
        },
        "orientation": {
            "x": 0.25536797610849715,
            "y": -0.5368581148408165,
            "z": -0.043545819639439425,
            "w": 0.802916136903316
        }
    }
}