{
    "header": {
        "seq": 26461,
        "stamp": {
            "secs": 1677532111,
            "nsecs": 827732969
        },
        "frame_id": "atracsys"
    },
    "pose": {
        "position": {
            "x": 0.7224440307617188,
            "y": 0.3317075500488281,
            "z": 0.6117894287109376
        },
        "orientation": {
            "x": 0.39558268525488377,
            "y": -0.5021817080031801,
            "z": -0.08531670942131805,
            "w": 0.7642309404669918
        }
    }
}