{
    "header": {
        "seq": 13184,
        "stamp": {
            "secs": 1677531978,
            "nsecs": 152741503
        },
        "frame_id": "atracsys"
    },
    "pose": {
        "position": {
            "x": 0.773583740234375,
            "y": 0.2029300079345703,
            "z": 0.5438648071289063
        },
        "orientation": {
            "x": 0.3087824416799452,
            "y": -0.5068344201607043,
            "z": -0.058426787115558224,
            "w": 0.8027194932215657
        }
    }
}