{
    "header": {
        "seq": 35189,
        "stamp": {
            "secs": 1677532199,
            "nsecs": 723486785
        },
        "frame_id": "atracsys"
    },
    "pose": {
        "position": {
            "x": 0.6888975219726563,
            "y": -0.023158313751220704,
            "z": 0.47891348266601563
        },
        "orientation": {
            "x": 0.17883333651222438,
            "y": -0.49513574144276046,
            "z": -0.14214571608113796,
            "w": 0.8382444933893775
        }
    }
}