{
    "header": {
        "seq": 36397,
        "stamp": {
            "secs": 1677532211,
            "nsecs": 893621400
        },
        "frame_id": "atracsys"
    },
    "pose": {
        "position": {
            "x": 0.692101806640625,
            "y": 0.12392674255371094,
            "z": 0.47305960083007814
        },
        "orientation": {
            "x": 0.2639343667967818,
            "y": -0.4650650606386922,
            "z": -0.14063824016388285,
            "w": 0.8332310752728307
        }
    }
}