{
    "header": {
        "seq": 21665,
        "stamp": {
            "secs": 1677532063,
            "nsecs": 552919584
        },
        "frame_id": "atracsys"
    },
    "pose": {
        "position": {
            "x": 0.8477144165039062,
            "y": 0.0913573226928711,
            "z": 0.6499105224609375
        },
        "orientation": {
            "x": 0.2438637146613683,
            "y": -0.5670879965864984,
            "z": -0.035490144931994594,
            "w": 0.7859275681713782
        }
    }
}