{
    "header": {
        "seq": 35467,
        "stamp": {
            "secs": 1677532202,
            "nsecs": 532383303
        },
        "frame_id": "atracsys"
    },
    "pose": {
        "position": {
            "x": 0.7077659912109375,
            "y": -0.035982833862304685,
            "z": 0.5193018188476562
        },
        "orientation": {
            "x": 0.17817027346825468,
            "y": -0.5167606397581506,
            "z": -0.1412983522155717,
            "w": 0.8253778350005277
        }
    }
}