{
    "header": {
        "seq": 27801,
        "stamp": {
            "secs": 1677532125,
            "nsecs": 311359356
        },
        "frame_id": "atracsys"
    },
    "pose": {
        "position": {
            "x": 0.7007088012695313,
            "y": 0.3939415588378906,
            "z": 0.628673583984375
        },
        "orientation": {
            "x": 0.42912476047383713,
            "y": -0.4890233465195522,
            "z": -0.08743467676702817,
            "w": 0.7543628329959894
        }
    }
}