{
    "header": {
        "seq": 34221,
        "stamp": {
            "secs": 1677532189,
            "nsecs": 968264121
        },
        "frame_id": "atracsys"
    },
    "pose": {
        "position": {
            "x": 0.7694520263671876,
            "y": 0.2959766540527344,
            "z": 0.7007619018554687
        },
        "orientation": {
            "x": 0.39925175875146246,
            "y": -0.5390408757044554,
            "z": -0.10573098979084534,
            "w": 0.7340667035436808
        }
    }
}