{
    "header": {
        "seq": 26029,
        "stamp": {
            "secs": 1677532107,
            "nsecs": 478397141
        },
        "frame_id": "atracsys"
    },
    "pose": {
        "position": {
            "x": 0.7794824829101563,
            "y": 0.2546581726074219,
            "z": 0.6517579345703125
        },
        "orientation": {
            "x": 0.3717309395228258,
            "y": -0.5293857958599887,
            "z": -0.09913685003340855,
            "w": 0.7561340309155626
        }
    }
}