{
    "header": {
        "seq": 8289,
        "stamp": {
            "secs": 1677531928,
            "nsecs": 904894039
        },
        "frame_id": "atracsys"
    },
    "pose": {
        "position": {
            "x": 0.32012185668945314,
            "y": 0.38612841796875,
            "z": 0.3684270935058594
        },
        "orientation": {
            "x": 0.3775709314930707,
            "y": -0.2368040708235749,
            "z": -0.20075142245307953,
            "w": 0.8723891850062697
        }
    }
}