{
    "header": {
        "seq": 21834,
        "stamp": {
            "secs": 1677532065,
            "nsecs": 254509612
        },
        "frame_id": "atracsys"
    },
    "pose": {
        "position": {
            "x": 0.8350523071289062,
            "y": 0.10509144592285156,
            "z": 0.6353154296875
        },
        "orientation": {
            "x": 0.25269195412291584,
            "y": -0.5573477627929013,
            "z": -0.03863447074614062,
            "w": 0.7899478623943834
        }
    }
}