{
    "header": {
        "seq": 22094,
        "stamp": {
            "secs": 1677532067,
            "nsecs": 869358720
        },
        "frame_id": "atracsys"
    },
    "pose": {
        "position": {
            "x": 0.81105029296875,
            "y": 0.11861100769042969,
            "z": 0.60662451171875
        },
        "orientation": {
            "x": 0.25948214500270805,
            "y": -0.5422091474599066,
            "z": -0.04226303982372807,
            "w": 0.7980551937682336
        }
    }
}