{
    "header": {
        "seq": 24209,
        "stamp": {
            "secs": 1677532089,
            "nsecs": 161995642
        },
        "frame_id": "atracsys"
    },
    "pose": {
        "position": {
            "x": 0.7725,
            "y": 0.1992252960205078,
            "z": 0.6025177612304687
        },
        "orientation": {
            "x": 0.3189457821554338,
            "y": -0.526122434951666,
            "z": -0.06480819765338104,
            "w": 0.785664476098232
        }
    }
}