{
    "header": {
        "seq": 14966,
        "stamp": {
            "secs": 1677531996,
            "nsecs": 81214173
        },
        "frame_id": "atracsys"
    },
    "pose": {
        "position": {
            "x": 0.7470491333007813,
            "y": 0.19868965148925782,
            "z": 0.5260556030273438
        },
        "orientation": {
            "x": 0.3117600902871012,
            "y": -0.4922321585931159,
            "z": -0.07945299442848096,
            "w": 0.8088265387753346
        }
    }
}