{
    "header": {
        "seq": 34662,
        "stamp": {
            "secs": 1677532194,
            "nsecs": 410074190
        },
        "frame_id": "atracsys"
    },
    "pose": {
        "position": {
            "x": 0.7498403930664063,
            "y": 0.09515896606445312,
            "z": 0.5308447875976563
        },
        "orientation": {
            "x": 0.2615859154102011,
            "y": -0.5119640537163926,
            "z": -0.15046651876152894,
            "w": 0.8042545886055437
        }
    }
}