{
    "header": {
        "seq": 31756,
        "stamp": {
            "secs": 1677532165,
            "nsecs": 147324322
        },
        "frame_id": "atracsys"
    },
    "pose": {
        "position": {
            "x": 0.740803955078125,
            "y": 0.3456589660644531,
            "z": 0.71657470703125
        },
        "orientation": {
            "x": 0.412561330079923,
            "y": -0.5289709539005387,
            "z": -0.07273185206545836,
            "w": 0.7380331676472048
        }
    }
}