{
    "header": {
        "seq": 17061,
        "stamp": {
            "secs": 1677532017,
            "nsecs": 179701183
        },
        "frame_id": "atracsys"
    },
    "pose": {
        "position": {
            "x": 0.7760687255859375,
            "y": 0.18944215393066408,
            "z": 0.5868158569335937
        },
        "orientation": {
            "x": 0.31459097135349967,
            "y": -0.5234100696395697,
            "z": -0.07173025622530445,
            "w": 0.7886248728543974
        }
    }
}