{
    "header": {
        "seq": 31248,
        "stamp": {
            "secs": 1677532160,
            "nsecs": 27882915
        },
        "frame_id": "atracsys"
    },
    "pose": {
        "position": {
            "x": 0.742227783203125,
            "y": 0.33802642822265627,
            "z": 0.7081068115234375
        },
        "orientation": {
            "x": 0.410754356783504,
            "y": -0.526665865609232,
            "z": -0.0768843874245626,
            "w": 0.740265300656324
        }
    }
}