{
    "header": {
        "seq": 30629,
        "stamp": {
            "secs": 1677532153,
            "nsecs": 792047984
        },
        "frame_id": "atracsys"
    },
    "pose": {
        "position": {
            "x": 0.7318440551757812,
            "y": 0.3366409912109375,
            "z": 0.6763292236328126
        },
        "orientation": {
            "x": 0.4095209298834458,
            "y": -0.5137449181097784,
            "z": -0.08508891459641203,
            "w": 0.7490785297394257
        }
    }
}