{
    "header": {
        "seq": 5169,
        "stamp": {
            "secs": 1677531897,
            "nsecs": 504769942
        },
        "frame_id": "atracsys"
    },
    "pose": {
        "position": {
            "x": 0.55854931640625,
            "y": 0.4012098083496094,
            "z": 0.5364444580078125
        },
        "orientation": {
            "x": 0.41860809562797396,
            "y": -0.37299427793704115,
            "z": -0.02211249107901946,
            "w": 0.8277400368710133
        }
    }
}