{
    "header": {
        "seq": 22924,
        "stamp": {
            "secs": 1677532076,
            "nsecs": 218729427
        },
        "frame_id": "atracsys"
    },
    "pose": {
        "position": {
            "x": 0.7916959228515625,
            "y": 0.16930735778808595,
            "z": 0.623392333984375
        },
        "orientation": {
            "x": 0.306974024359133,
            "y": -0.5326258507040341,
            "z": -0.06887307843003924,
            "w": 0.7857055113705976
        }
    }
}