{
    "header": {
        "seq": 23211,
        "stamp": {
            "secs": 1677532079,
            "nsecs": 114250311
        },
        "frame_id": "atracsys"
    },
    "pose": {
        "position": {
            "x": 0.7719113769531251,
            "y": 0.1798182830810547,
            "z": 0.5884168090820313
        },
        "orientation": {
            "x": 0.3074832309810794,
            "y": -0.5199467485663682,
            "z": -0.06922581756776319,
            "w": 0.7939252027129337
        }
    }
}