{
    "header": {
        "seq": 17893,
        "stamp": {
            "secs": 1677532025,
            "nsecs": 564864846
        },
        "frame_id": "atracsys"
    },
    "pose": {
        "position": {
            "x": 0.7678484497070313,
            "y": 0.20349839782714843,
            "z": 0.57437548828125
        },
        "orientation": {
            "x": 0.3216308310628169,
            "y": -0.5120620985245135,
            "z": -0.07230685920033483,
            "w": 0.793169423185927
        }
    }
}