{
    "header": {
        "seq": 31084,
        "stamp": {
            "secs": 1677532158,
            "nsecs": 374140958
        },
        "frame_id": "atracsys"
    },
    "pose": {
        "position": {
            "x": 0.7583964233398438,
            "y": 0.31864788818359374,
            "z": 0.72769873046875
        },
        "orientation": {
            "x": 0.40387787255436136,
            "y": -0.5386817727368934,
            "z": -0.07792443731944294,
            "w": 0.7352770864445928
        }
    }
}