{
    "header": {
        "seq": 36545,
        "stamp": {
            "secs": 1677532213,
            "nsecs": 383155016
        },
        "frame_id": "atracsys"
    },
    "pose": {
        "position": {
            "x": 0.6672745971679688,
            "y": 0.11009161376953125,
            "z": 0.45414175415039065
        },
        "orientation": {
            "x": 0.2538116332426965,
            "y": -0.4551484066826947,
            "z": -0.13858861641425213,
            "w": 0.842147717520663
        }
    }
}