{
    "header": {
        "seq": 29464,
        "stamp": {
            "secs": 1677532142,
            "nsecs": 57583943
        },
        "frame_id": "atracsys"
    },
    "pose": {
        "position": {
            "x": 0.7587147827148437,
            "y": 0.303341552734375,
            "z": 0.693240478515625
        },
        "orientation": {
            "x": 0.4006545997196004,
            "y": -0.5277401809030243,
            "z": -0.09292383757654453,
            "w": 0.7431899848585273
        }
    }
}