{
    "header": {
        "seq": 16380,
        "stamp": {
            "secs": 1677532010,
            "nsecs": 308023366
        },
        "frame_id": "atracsys"
    },
    "pose": {
        "position": {
            "x": 0.7557796020507813,
            "y": 0.22217298889160156,
            "z": 0.5912169799804687
        },
        "orientation": {
            "x": 0.327222053996324,
            "y": -0.5181211239508139,
            "z": -0.05921450984474905,
            "w": 0.7880164148786613
        }
    }
}