{
    "header": {
        "seq": 1322,
        "stamp": {
            "secs": 1677531848,
            "nsecs": 438923676
        },
        "frame_id": "atracsys"
    },
    "pose": {
        "position": {
            "x": 0.30530471801757814,
            "y": -0.09740415954589844,
            "z": 0.30857754516601565
        },
        "orientation": {
            "x": 0.09424373039302363,
            "y": -0.19333892498017127,
            "z": -0.026287233890643937,
            "w": 0.9762413434717346
        }
    }
}