{
    "header": {
        "seq": 23081,
        "stamp": {
            "secs": 1677532077,
            "nsecs": 800830707
        },
        "frame_id": "atracsys"
    },
    "pose": {
        "position": {
            "x": 0.774192138671875,
            "y": 0.17571946716308595,
            "z": 0.5944349365234375
        },
        "orientation": {
            "x": 0.30753968637496715,
            "y": -0.5201136866639348,
            "z": -0.07314130997499158,
            "w": 0.7934427786705096
        }
    }
}