{
    "header": {
        "seq": 27722,
        "stamp": {
            "secs": 1677532124,
            "nsecs": 517348539
        },
        "frame_id": "atracsys"
    },
    "pose": {
        "position": {
            "x": 0.7102241821289063,
            "y": 0.38326312255859374,
            "z": 0.6344384155273438
        },
        "orientation": {
            "x": 0.42490166587525485,
            "y": -0.4953734283092682,
            "z": -0.0866213231469131,
            "w": 0.7527021238430469
        }
    }
}