{
    "header": {
        "seq": 35270,
        "stamp": {
            "secs": 1677532200,
            "nsecs": 544401930
        },
        "frame_id": "atracsys"
    },
    "pose": {
        "position": {
            "x": 0.6835645751953126,
            "y": -0.040374271392822264,
            "z": 0.4793365478515625
        },
        "orientation": {
            "x": 0.16982649202709713,
            "y": -0.4957389168814501,
            "z": -0.14603383302930895,
            "w": 0.8390923718552952
        }
    }
}