{
    "header": {
        "seq": 9892,
        "stamp": {
            "secs": 1677531945,
            "nsecs": 33345907
        },
        "frame_id": "atracsys"
    },
    "pose": {
        "position": {
            "x": 0.33437481689453125,
            "y": 0.43090359497070313,
            "z": 0.3346185302734375
        },
        "orientation": {
            "x": 0.3977679496313514,
            "y": -0.22101824671593975,
            "z": -0.2360023704945336,
            "w": 0.8586235927259648
        }
    }
}