{
    "header": {
        "seq": 9313,
        "stamp": {
            "secs": 1677531939,
            "nsecs": 212463223
        },
        "frame_id": "atracsys"
    },
    "pose": {
        "position": {
            "x": 0.3176490478515625,
            "y": 0.41263858032226564,
            "z": 0.33577426147460937
        },
        "orientation": {
            "x": 0.38768785350802265,
            "y": -0.22195723825802877,
            "z": -0.22711369052724842,
            "w": 0.8653626316188514
        }
    }
}