{
    "header": {
        "seq": 8354,
        "stamp": {
            "secs": 1677531929,
            "nsecs": 558677299
        },
        "frame_id": "atracsys"
    },
    "pose": {
        "position": {
            "x": 0.3276958312988281,
            "y": 0.3796005859375,
            "z": 0.36686013793945316
        },
        "orientation": {
            "x": 0.374929478748248,
            "y": -0.2415825178899013,
            "z": -0.20323789175028092,
            "w": 0.8716422043318254
        }
    }
}