{
    "header": {
        "seq": 14188,
        "stamp": {
            "secs": 1677531988,
            "nsecs": 251289070
        },
        "frame_id": "atracsys"
    },
    "pose": {
        "position": {
            "x": 0.7671664428710938,
            "y": 0.18523074340820314,
            "z": 0.5292037353515625
        },
        "orientation": {
            "x": 0.298975455852556,
            "y": -0.5061827965736215,
            "z": -0.06549885420553413,
            "w": 0.8062893732081716
        }
    }
}