{
    "header": {
        "seq": 21534,
        "stamp": {
            "secs": 1677532062,
            "nsecs": 230515622
        },
        "frame_id": "atracsys"
    },
    "pose": {
        "position": {
            "x": 0.8431435546875,
            "y": 0.09107759857177734,
            "z": 0.64206298828125
        },
        "orientation": {
            "x": 0.24224380940623189,
            "y": -0.5638375105697906,
            "z": -0.03459469254574501,
            "w": 0.7888018798953789
        }
    }
}