{
    "header": {
        "seq": 34902,
        "stamp": {
            "secs": 1677532196,
            "nsecs": 830867463
        },
        "frame_id": "atracsys"
    },
    "pose": {
        "position": {
            "x": 0.7015263061523438,
            "y": -0.03557114410400391,
            "z": 0.4878170776367188
        },
        "orientation": {
            "x": 0.17938451510087844,
            "y": -0.5032634368586173,
            "z": -0.1640736193383788,
            "w": 0.8292327515845476
        }
    }
}