{
    "header": {
        "seq": 20221,
        "stamp": {
            "secs": 1677532049,
            "nsecs": 6644845
        },
        "frame_id": "atracsys"
    },
    "pose": {
        "position": {
            "x": 0.8237646484375,
            "y": 0.19350137329101563,
            "z": 0.6049754028320312
        },
        "orientation": {
            "x": 0.3131581657902303,
            "y": -0.5383814359043705,
            "z": -0.0652952619813046,
            "w": 0.7796242180917929
        }
    }
}