{
    "header": {
        "seq": 36013,
        "stamp": {
            "secs": 1677532208,
            "nsecs": 30995408
        },
        "frame_id": "atracsys"
    },
    "pose": {
        "position": {
            "x": 0.6663560180664063,
            "y": 0.07869681549072266,
            "z": 0.447023681640625
        },
        "orientation": {
            "x": 0.23396470764890465,
            "y": -0.45722531481233153,
            "z": -0.1314241523509694,
            "w": 0.8478992978227756
        }
    }
}