{
    "header": {
        "seq": 33061,
        "stamp": {
            "secs": 1677532178,
            "nsecs": 287534248
        },
        "frame_id": "atracsys"
    },
    "pose": {
        "position": {
            "x": 0.7384342651367187,
            "y": 0.31457843017578124,
            "z": 0.65832568359375
        },
        "orientation": {
            "x": 0.4011327500131424,
            "y": -0.5160393637123512,
            "z": -0.10578880407770833,
            "w": 0.7494028428676087
        }
    }
}