{
    "header": {
        "seq": 28947,
        "stamp": {
            "secs": 1677532136,
            "nsecs": 848635801
        },
        "frame_id": "atracsys"
    },
    "pose": {
        "position": {
            "x": 0.7000281372070313,
            "y": 0.37290158081054686,
            "z": 0.6166826171875001
        },
        "orientation": {
            "x": 0.41478857602296515,
            "y": -0.4895336711424357,
            "z": -0.08540950627597627,
            "w": 0.7622417190474059
        }
    }
}