{
    "header": {
        "seq": 19247,
        "stamp": {
            "secs": 1666021925,
            "nsecs": 921503475
        },
        "frame_id": "atracsys"
    },
    "pose": {
        "position": {
            "x": -0.04665993881225586,
            "y": -0.047025203704833984,
            "z": 1.0110223388671875
        },
        "orientation": {
            "x": -0.28088096016471986,
            "y": -0.2954700110412935,
            "z": 0.6228555468221745,
            "w": 0.6677232410101156
        }
    }
}