{
    "header": {
        "seq": 6613,
        "stamp": {
            "secs": 1666021796,
            "nsecs": 861342231
        },
        "frame_id": "atracsys"
    },
    "pose": {
        "position": {
            "x": -0.022341600418090822,
            "y": -0.10013104248046875,
            "z": 1.023122314453125
        },
        "orientation": {
            "x": -0.3854535729833392,
            "y": -0.19529723995664416,
            "z": 0.6796527919061301,
            "w": 0.5927534171929311
        }
    }
}