{
    "header": {
        "seq": 15022,
        "stamp": {
            "secs": 1666021881,
            "nsecs": 577981489
        },
        "frame_id": "atracsys"
    },
    "pose": {
        "position": {
            "x": -0.018557134628295897,
            "y": -0.13265696716308595,
            "z": 1.076002685546875
        },
        "orientation": {
            "x": -0.42872488222088745,
            "y": -0.1697908347823915,
            "z": 0.7160146105234685,
            "w": 0.5241079328778669
        }
    }
}