{
    "header": {
        "seq": 27679,
        "stamp": {
            "secs": 1666022010,
            "nsecs": 853848246
        },
        "frame_id": "atracsys"
    },
    "pose": {
        "position": {
            "x": -0.10011103820800782,
            "y": -0.10220985412597657,
            "z": 1.0386351318359375
        },
        "orientation": {
            "x": -0.32215352889160653,
            "y": -0.11502871160607941,
            "z": 0.7038772209126908,
            "w": 0.6225290010988702
        }
    }
}