{
    "header": {
        "seq": 12906,
        "stamp": {
            "secs": 1666021860,
            "nsecs": 240649328
        },
        "frame_id": "atracsys"
    },
    "pose": {
        "position": {
            "x": -0.0927099380493164,
            "y": -0.08815254974365234,
            "z": 1.045385498046875
        },
        "orientation": {
            "x": -0.3884431540025793,
            "y": -0.23441520462025758,
            "z": 0.6028860253835272,
            "w": 0.6562696613044245
        }
    }
}