{
    "header": {
        "seq": 27752,
        "stamp": {
            "secs": 1666022011,
            "nsecs": 588151758
        },
        "frame_id": "atracsys"
    },
    "pose": {
        "position": {
            "x": -0.10365055847167969,
            "y": -0.09777034759521484,
            "z": 1.0359053955078126
        },
        "orientation": {
            "x": -0.31533519341579686,
            "y": -0.11873295518819243,
            "z": 0.702170335535325,
            "w": 0.6272344227160287
        }
    }
}