{
    "header": {
        "seq": 24118,
        "stamp": {
            "secs": 1666021974,
            "nsecs": 963878980
        },
        "frame_id": "atracsys"
    },
    "pose": {
        "position": {
            "x": -0.06057352447509766,
            "y": -0.02266773223876953,
            "z": 1.014861328125
        },
        "orientation": {
            "x": -0.23799328071064058,
            "y": -0.33183375429567313,
            "z": 0.586884521886753,
            "w": 0.6991509964352352
        }
    }
}