{
    "header": {
        "seq": 31294,
        "stamp": {
            "secs": 1666022047,
            "nsecs": 281115599
        },
        "frame_id": "atracsys"
    },
    "pose": {
        "position": {
            "x": -0.11867407989501953,
            "y": -0.08099705505371094,
            "z": 1.0525247802734374
        },
        "orientation": {
            "x": -0.3180752387793605,
            "y": -0.19587852443707895,
            "z": 0.6338458002363372,
            "w": 0.6772733921117551
        }
    }
}