{
    "header": {
        "seq": 33187,
        "stamp": {
            "secs": 1666022066,
            "nsecs": 361850107
        },
        "frame_id": "atracsys"
    },
    "pose": {
        "position": {
            "x": -0.13606282043457033,
            "y": -0.06924066925048829,
            "z": 1.039914794921875
        },
        "orientation": {
            "x": -0.3050888271594213,
            "y": -0.1874867946174236,
            "z": 0.6372861887849534,
            "w": 0.6823751336109205
        }
    }
}