{
    "header": {
        "seq": 21777,
        "stamp": {
            "secs": 1666021951,
            "nsecs": 378529617
        },
        "frame_id": "atracsys"
    },
    "pose": {
        "position": {
            "x": -0.06653813171386719,
            "y": -0.022341430664062502,
            "z": 1.0019224853515625
        },
        "orientation": {
            "x": -0.2384119433737935,
            "y": -0.307065851496502,
            "z": 0.6158157444935559,
            "w": 0.6853037844163031
        }
    }
}