{
    "header": {
        "seq": 18637,
        "stamp": {
            "secs": 1666021919,
            "nsecs": 784144953
        },
        "frame_id": "atracsys"
    },
    "pose": {
        "position": {
            "x": -0.04132030868530274,
            "y": -0.05341284942626953,
            "z": 1.013811767578125
        },
        "orientation": {
            "x": -0.28582087317364085,
            "y": -0.28718170283473615,
            "z": 0.6328413207848941,
            "w": 0.6598067601369583
        }
    }
}