{
    "header": {
        "seq": 13979,
        "stamp": {
            "secs": 1666021871,
            "nsecs": 61555885
        },
        "frame_id": "atracsys"
    },
    "pose": {
        "position": {
            "x": -0.052027706146240235,
            "y": -0.11021480560302735,
            "z": 1.0609104003906251
        },
        "orientation": {
            "x": -0.4150350286353809,
            "y": -0.2087387192231487,
            "z": 0.6396418578687688,
            "w": 0.6123988616619873
        }
    }
}