{
    "header": {
        "seq": 14133,
        "stamp": {
            "secs": 1666021872,
            "nsecs": 610726187
        },
        "frame_id": "atracsys"
    },
    "pose": {
        "position": {
            "x": -0.04485137939453125,
            "y": -0.1107446060180664,
            "z": 1.0629447021484375
        },
        "orientation": {
            "x": -0.4146425681157522,
            "y": -0.21394021630717874,
            "z": 0.6480349231993614,
            "w": 0.6019566951756656
        }
    }
}