{
    "header": {
        "seq": 11964,
        "stamp": {
            "secs": 1666021850,
            "nsecs": 742164348
        },
        "frame_id": "atracsys"
    },
    "pose": {
        "position": {
            "x": -0.12193426513671875,
            "y": -0.06434439849853515,
            "z": 1.025149658203125
        },
        "orientation": {
            "x": -0.3620805838975564,
            "y": -0.2372283806011627,
            "z": 0.6167249626309144,
            "w": 0.6574729398763509
        }
    }
}