{
    "header": {
        "seq": 14694,
        "stamp": {
            "secs": 1666021878,
            "nsecs": 261531725
        },
        "frame_id": "atracsys"
    },
    "pose": {
        "position": {
            "x": -0.023373537063598633,
            "y": -0.12664258575439452,
            "z": 1.074181396484375
        },
        "orientation": {
            "x": -0.4333967910419922,
            "y": -0.19342915881826955,
            "z": 0.6918715332761447,
            "w": 0.5441196223951833
        }
    }
}