{
    "header": {
        "seq": 24558,
        "stamp": {
            "secs": 1666021979,
            "nsecs": 393799951
        },
        "frame_id": "atracsys"
    },
    "pose": {
        "position": {
            "x": -0.07795896148681641,
            "y": -0.005562441825866699,
            "z": 1.0008114013671876
        },
        "orientation": {
            "x": -0.218253118991751,
            "y": -0.3242039109604113,
            "z": 0.5972733689739628,
            "w": 0.7003727028395944
        }
    }
}