{
    "header": {
        "seq": 32915,
        "stamp": {
            "secs": 1666022063,
            "nsecs": 621571922
        },
        "frame_id": "atracsys"
    },
    "pose": {
        "position": {
            "x": -0.14576011657714844,
            "y": -0.056228244781494144,
            "z": 1.0274638671875
        },
        "orientation": {
            "x": -0.28773978698633895,
            "y": -0.18175160310121372,
            "z": 0.6650087568220275,
            "w": 0.6647823125694731
        }
    }
}