{
    "header": {
        "seq": 9106,
        "stamp": {
            "secs": 1666021821,
            "nsecs": 947946149
        },
        "frame_id": "atracsys"
    },
    "pose": {
        "position": {
            "x": -0.06689431762695312,
            "y": -0.04183247375488281,
            "z": 0.9910370483398437
        },
        "orientation": {
            "x": -0.32580521354931846,
            "y": -0.24764227547596382,
            "z": 0.6273314226602847,
            "w": 0.6625553202293324
        }
    }
}