{
    "header": {
        "seq": 36366,
        "stamp": {
            "secs": 1666022100,
            "nsecs": 630829249
        },
        "frame_id": "atracsys"
    },
    "pose": {
        "position": {
            "x": -0.0920928192138672,
            "y": -0.12289675903320313,
            "z": 1.2741151123046874
        },
        "orientation": {
            "x": -0.11969828519308663,
            "y": 0.37932326558421553,
            "z": 0.8077064111223224,
            "w": 0.4351971210155911
        }
    }
}