{
    "header": {
        "seq": 20728,
        "stamp": {
            "secs": 1666021940,
            "nsecs": 823177768
        },
        "frame_id": "atracsys"
    },
    "pose": {
        "position": {
            "x": -0.05071286773681641,
            "y": -0.02991359519958496,
            "z": 1.0131798706054689
        },
        "orientation": {
            "x": -0.2546291324453455,
            "y": -0.31659789536831573,
            "z": 0.594160625872061,
            "w": 0.6941922847610771
        }
    }
}