{
    "header": {
        "seq": 32478,
        "stamp": {
            "secs": 1666022059,
            "nsecs": 218551722
        },
        "frame_id": "atracsys"
    },
    "pose": {
        "position": {
            "x": -0.13104200744628908,
            "y": -0.0673106689453125,
            "z": 1.03374658203125
        },
        "orientation": {
            "x": -0.29618613564607044,
            "y": -0.18993016767680035,
            "z": 0.647062429082776,
            "w": 0.6763952375104424
        }
    }
}