{
    "header": {
        "seq": 33128,
        "stamp": {
            "secs": 1666022065,
            "nsecs": 767811687
        },
        "frame_id": "atracsys"
    },
    "pose": {
        "position": {
            "x": -0.13506785583496095,
            "y": -0.0710634765625,
            "z": 1.042464111328125
        },
        "orientation": {
            "x": -0.3109381714382174,
            "y": -0.19157050734842918,
            "z": 0.6326818872694762,
            "w": 0.6828849271861672
        }
    }
}