{
    "header": {
        "seq": 16580,
        "stamp": {
            "secs": 1666021899,
            "nsecs": 73420375
        },
        "frame_id": "atracsys"
    },
    "pose": {
        "position": {
            "x": 0.018393293380737304,
            "y": -0.1726434326171875,
            "z": 1.0718819580078125
        },
        "orientation": {
            "x": -0.48201410873439593,
            "y": -0.13827537875913468,
            "z": 0.7714314434665718,
            "w": 0.391708879962001
        }
    }
}