{
    "header": {
        "seq": 29752,
        "stamp": {
            "secs": 1666022031,
            "nsecs": 743605607
        },
        "frame_id": "atracsys"
    },
    "pose": {
        "position": {
            "x": -0.13945515441894532,
            "y": -0.059247093200683595,
            "z": 1.02574462890625
        },
        "orientation": {
            "x": -0.2809556233632145,
            "y": -0.16515766733938175,
            "z": 0.6756381055692091,
            "w": 0.661286649587342
        }
    }
}