{
    "header": {
        "seq": 27875,
        "stamp": {
            "secs": 1666022012,
            "nsecs": 826986178
        },
        "frame_id": "atracsys"
    },
    "pose": {
        "position": {
            "x": -0.11305403900146485,
            "y": -0.09353304290771484,
            "z": 1.031227294921875
        },
        "orientation": {
            "x": -0.3112871175372934,
            "y": -0.1187560742330744,
            "z": 0.7064073425816596,
            "w": 0.6244885840708296
        }
    }
}