{
    "header": {
        "seq": 12823,
        "stamp": {
            "secs": 1666021859,
            "nsecs": 401755216
        },
        "frame_id": "atracsys"
    },
    "pose": {
        "position": {
            "x": -0.09699929046630859,
            "y": -0.08688904571533203,
            "z": 1.0440814208984375
        },
        "orientation": {
            "x": -0.3895697691157995,
            "y": -0.236327010489523,
            "z": 0.6016068917794299,
            "w": 0.6560899990608308
        }
    }
}