{
    "header": {
        "seq": 36426,
        "stamp": {
            "secs": 1666022101,
            "nsecs": 236874256
        },
        "frame_id": "atracsys"
    },
    "pose": {
        "position": {
            "x": -0.09174078369140626,
            "y": -0.12019343566894532,
            "z": 1.2743201904296875
        },
        "orientation": {
            "x": -0.12342061884587845,
            "y": 0.3778915317080409,
            "z": 0.8102700006042296,
            "w": 0.4306133616457727
        }
    }
}