{
    "header": {
        "seq": 39816,
        "stamp": {
            "secs": 1666022137,
            "nsecs": 810389562
        },
        "frame_id": "atracsys"
    },
    "pose": {
        "position": {
            "x": 0.09396859741210938,
            "y": -0.1638597869873047,
            "z": 1.0880400390625
        },
        "orientation": {
            "x": -0.4422555907551105,
            "y": -0.22902278518857436,
            "z": 0.8527372727421565,
            "w": 0.15747285476102052
        }
    }
}