{
    "header": {
        "seq": 18938,
        "stamp": {
            "secs": 1666021922,
            "nsecs": 811016505
        },
        "frame_id": "atracsys"
    },
    "pose": {
        "position": {
            "x": -0.04325337982177734,
            "y": -0.05242864990234375,
            "z": 1.0148814697265625
        },
        "orientation": {
            "x": -0.2850520269876319,
            "y": -0.28804712553981854,
            "z": 0.628629876852755,
            "w": 0.6637760716586436
        }
    }
}