{
    "header": {
        "seq": 25245,
        "stamp": {
            "secs": 1666021986,
            "nsecs": 325206028
        },
        "frame_id": "atracsys"
    },
    "pose": {
        "position": {
            "x": -0.08016163635253906,
            "y": -0.010696578025817872,
            "z": 1.0072908325195313
        },
        "orientation": {
            "x": -0.21772714408593954,
            "y": -0.31427101600080715,
            "z": 0.5953821529357666,
            "w": 0.7066461003894187
        }
    }
}