{
    "header": {
        "seq": 23114,
        "stamp": {
            "secs": 1666021964,
            "nsecs": 850363925
        },
        "frame_id": "atracsys"
    },
    "pose": {
        "position": {
            "x": -0.07719091796875,
            "y": -0.011660731315612793,
            "z": 0.9961587524414063
        },
        "orientation": {
            "x": -0.22372798317799641,
            "y": -0.3023874701791688,
            "z": 0.6233058984641348,
            "w": 0.6855635378005208
        }
    }
}