{
    "header": {
        "seq": 23883,
        "stamp": {
            "secs": 1666021972,
            "nsecs": 593779503
        },
        "frame_id": "atracsys"
    },
    "pose": {
        "position": {
            "x": -0.07910871124267578,
            "y": -0.00022544394433498383,
            "z": 0.9961446533203125
        },
        "orientation": {
            "x": -0.2126749793013368,
            "y": -0.32551825998256806,
            "z": 0.6047516337714047,
            "w": 0.6950414930404614
        }
    }
}