{
    "header": {
        "seq": 32626,
        "stamp": {
            "secs": 1666022060,
            "nsecs": 708127875
        },
        "frame_id": "atracsys"
    },
    "pose": {
        "position": {
            "x": -0.13420489501953126,
            "y": -0.06465904235839844,
            "z": 1.0332938232421875
        },
        "orientation": {
            "x": -0.29078696633098383,
            "y": -0.188964003048678,
            "z": 0.6473566161557878,
            "w": 0.6787230342954116
        }
    }
}