{
    "header": {
        "seq": 26043,
        "stamp": {
            "secs": 1666021994,
            "nsecs": 373139161
        },
        "frame_id": "atracsys"
    },
    "pose": {
        "position": {
            "x": -0.09513568115234375,
            "y": -0.005247779369354248,
            "z": 1.0052945556640625
        },
        "orientation": {
            "x": -0.20872898217486596,
            "y": -0.2960610796197871,
            "z": 0.5997890037721995,
            "w": 0.7134656264239808
        }
    }
}