{
    "header": {
        "seq": 21088,
        "stamp": {
            "secs": 1666021944,
            "nsecs": 447210082
        },
        "frame_id": "atracsys"
    },
    "pose": {
        "position": {
            "x": -0.058561653137207036,
            "y": -0.02053384017944336,
            "z": 1.00127783203125
        },
        "orientation": {
            "x": -0.23757676365338115,
            "y": -0.31474506860361795,
            "z": 0.6171298748919056,
            "w": 0.6809137542138434
        }
    }
}