{
    "header": {
        "seq": 24235,
        "stamp": {
            "secs": 1666021976,
            "nsecs": 140003360
        },
        "frame_id": "atracsys"
    },
    "pose": {
        "position": {
            "x": -0.06445933532714844,
            "y": -0.019402822494506835,
            "z": 1.0100653686523438
        },
        "orientation": {
            "x": -0.2323693848206513,
            "y": -0.3293738563647301,
            "z": 0.5910570957476968,
            "w": 0.6986908052263148
        }
    }
}