{
    "header": {
        "seq": 27273,
        "stamp": {
            "secs": 1666022006,
            "nsecs": 773279413
        },
        "frame_id": "atracsys"
    },
    "pose": {
        "position": {
            "x": -0.08759492492675781,
            "y": -0.11037214660644531,
            "z": 1.0524334716796875
        },
        "orientation": {
            "x": -0.33872244550565817,
            "y": -0.11598042311063314,
            "z": 0.6902227227109092,
            "w": 0.6288149484699646
        }
    }
}