{
    "header": {
        "seq": 14445,
        "stamp": {
            "secs": 1666021875,
            "nsecs": 754000409
        },
        "frame_id": "atracsys"
    },
    "pose": {
        "position": {
            "x": -0.029642906188964844,
            "y": -0.12023630523681642,
            "z": 1.0688140869140625
        },
        "orientation": {
            "x": -0.4280423343484262,
            "y": -0.21252094465427968,
            "z": 0.6731743312525539,
            "w": 0.5643145646104483
        }
    }
}