{
    "header": {
        "seq": 18184,
        "stamp": {
            "secs": 1666021915,
            "nsecs": 222933420
        },
        "frame_id": "atracsys"
    },
    "pose": {
        "position": {
            "x": -0.035967609405517575,
            "y": -0.05023019027709961,
            "z": 1.0119408569335937
        },
        "orientation": {
            "x": -0.2818304383036107,
            "y": -0.29030674380687066,
            "z": 0.6361957102818949,
            "w": 0.6569236004017224
        }
    }
}