{
    "header": {
        "seq": 22058,
        "stamp": {
            "secs": 1666021954,
            "nsecs": 211450696
        },
        "frame_id": "atracsys"
    },
    "pose": {
        "position": {
            "x": -0.07060836029052735,
            "y": -0.009995387077331544,
            "z": 0.9939579467773437
        },
        "orientation": {
            "x": -0.22563297326601034,
            "y": -0.31353577613939515,
            "z": 0.621460859386291,
            "w": 0.6815948053694802
        }
    }
}