{
    "header": {
        "seq": 36921,
        "stamp": {
            "secs": 1666022106,
            "nsecs": 221932962
        },
        "frame_id": "atracsys"
    },
    "pose": {
        "position": {
            "x": -0.08614234161376953,
            "y": -0.12415435028076172,
            "z": 1.2758337402343751
        },
        "orientation": {
            "x": -0.12471577322323962,
            "y": 0.395336195455434,
            "z": 0.8024945419666838,
            "w": 0.42913608399415076
        }
    }
}