{
    "header": {
        "seq": 13145,
        "stamp": {
            "secs": 1666021862,
            "nsecs": 655460821
        },
        "frame_id": "atracsys"
    },
    "pose": {
        "position": {
            "x": -0.08478996276855469,
            "y": -0.08892400360107422,
            "z": 1.0466142578125
        },
        "orientation": {
            "x": -0.3871838188210226,
            "y": -0.23854539958593748,
            "z": 0.6026329988218514,
            "w": 0.6557577689288457
        }
    }
}