{
    "header": {
        "seq": 27057,
        "stamp": {
            "secs": 1666022004,
            "nsecs": 597056794
        },
        "frame_id": "atracsys"
    },
    "pose": {
        "position": {
            "x": -0.07942668151855468,
            "y": -0.11454871368408204,
            "z": 1.0571676025390626
        },
        "orientation": {
            "x": -0.3460054957780585,
            "y": -0.11726675492205615,
            "z": 0.6907368593793015,
            "w": 0.6240282815516052
        }
    }
}