{
    "header": {
        "seq": 20912,
        "stamp": {
            "secs": 1666021942,
            "nsecs": 673981713
        },
        "frame_id": "atracsys"
    },
    "pose": {
        "position": {
            "x": -0.05493198013305664,
            "y": -0.02872779846191406,
            "z": 1.0070252075195312
        },
        "orientation": {
            "x": -0.24941920895517825,
            "y": -0.309693087677785,
            "z": 0.6098889198117752,
            "w": 0.6855040154073488
        }
    }
}