{
    "header": {
        "seq": 24985,
        "stamp": {
            "secs": 1666021983,
            "nsecs": 701305745
        },
        "frame_id": "atracsys"
    },
    "pose": {
        "position": {
            "x": -0.07098150634765625,
            "y": -0.01806814193725586,
            "z": 1.0136692504882814
        },
        "orientation": {
            "x": -0.2276363084082806,
            "y": -0.3173743631393748,
            "z": 0.5909048422191369,
            "w": 0.705894249982321
        }
    }
}