{
    "header": {
        "seq": 28208,
        "stamp": {
            "secs": 1666022016,
            "nsecs": 185273838
        },
        "frame_id": "atracsys"
    },
    "pose": {
        "position": {
            "x": -0.13267861938476563,
            "y": -0.08073954772949218,
            "z": 1.029469970703125
        },
        "orientation": {
            "x": -0.30140353351410937,
            "y": -0.12261945541806325,
            "z": 0.709314079842815,
            "w": 0.6252950625704056
        }
    }
}