{
    "header": {
        "seq": 37668,
        "stamp": {
            "secs": 1666022113,
            "nsecs": 744486256
        },
        "frame_id": "atracsys"
    },
    "pose": {
        "position": {
            "x": -0.09997990417480469,
            "y": -0.13081451416015624,
            "z": 1.2781842041015625
        },
        "orientation": {
            "x": -0.12832679831598817,
            "y": 0.40133686504377725,
            "z": 0.7916248928978701,
            "w": 0.4424827482910905
        }
    }
}