{
    "header": {
        "seq": 30519,
        "stamp": {
            "secs": 1666022039,
            "nsecs": 472120493
        },
        "frame_id": "atracsys"
    },
    "pose": {
        "position": {
            "x": -0.11901519775390625,
            "y": -0.06818669128417969,
            "z": 1.0276812744140624
        },
        "orientation": {
            "x": -0.2830655380728265,
            "y": -0.18387799670038849,
            "z": 0.6632863272038468,
            "w": 0.667917683273489
        }
    }
}