{
    "header": {
        "seq": 24464,
        "stamp": {
            "secs": 1666021978,
            "nsecs": 444512517
        },
        "frame_id": "atracsys"
    },
    "pose": {
        "position": {
            "x": -0.0737628402709961,
            "y": -0.010534947395324708,
            "z": 1.0033766479492188
        },
        "orientation": {
            "x": -0.2225596026422132,
            "y": -0.32610358344081475,
            "z": 0.5972603136551671,
            "w": 0.6981431041493793
        }
    }
}