{
    "header": {
        "seq": 28918,
        "stamp": {
            "secs": 1666022023,
            "nsecs": 340527134
        },
        "frame_id": "atracsys"
    },
    "pose": {
        "position": {
            "x": -0.09886160278320312,
            "y": -0.09088211059570313,
            "z": 1.04176220703125
        },
        "orientation": {
            "x": -0.32197797184338417,
            "y": -0.16446383027856118,
            "z": 0.6638593178744995,
            "w": 0.6546545961413008
        }
    }
}