{
    "header": {
        "seq": 15405,
        "stamp": {
            "secs": 1666021885,
            "nsecs": 446627485
        },
        "frame_id": "atracsys"
    },
    "pose": {
        "position": {
            "x": -0.02584674644470215,
            "y": -0.13918508911132813,
            "z": 1.0708851318359376
        },
        "orientation": {
            "x": -0.42514211570467114,
            "y": -0.15012678849556169,
            "z": 0.7187520536533514,
            "w": 0.5292557172097956
        }
    }
}