{
    "header": {
        "seq": 7461,
        "stamp": {
            "secs": 1666021805,
            "nsecs": 395704008
        },
        "frame_id": "atracsys"
    },
    "pose": {
        "position": {
            "x": -0.04654767227172852,
            "y": -0.09743498992919922,
            "z": 1.0195916748046876
        },
        "orientation": {
            "x": -0.37573465586069416,
            "y": -0.17891708384767027,
            "z": 0.6750666339442035,
            "w": 0.6091774661196311
        }
    }
}