{
    "header": {
        "seq": 15544,
        "stamp": {
            "secs": 1666021886,
            "nsecs": 852603388
        },
        "frame_id": "atracsys"
    },
    "pose": {
        "position": {
            "x": -0.025841917037963867,
            "y": -0.14007083129882814,
            "z": 1.068064697265625
        },
        "orientation": {
            "x": -0.4278854733442476,
            "y": -0.15581685063020004,
            "z": 0.7207442600655096,
            "w": 0.5226498276506709
        }
    }
}