{
    "header": {
        "seq": 31841,
        "stamp": {
            "secs": 1666022052,
            "nsecs": 794589911
        },
        "frame_id": "atracsys"
    },
    "pose": {
        "position": {
            "x": -0.13904362487792968,
            "y": -0.062291820526123046,
            "z": 1.0290709228515624
        },
        "orientation": {
            "x": -0.28096558656940623,
            "y": -0.1753376797057395,
            "z": 0.6666916148857137,
            "w": 0.6677105120336179
        }
    }
}