{
    "header": {
        "stamp": {
            "secs": 1652218020, 
            "nsecs": 753924897
        }, 
        "frame_id": "atracsys", 
        "seq": 3750
    }, 
    "pose": {
        "position": {
            "y": -0.0688123703003, 
            "x": 0.340290679932, 
            "z": 1.11228173828
        }, 
        "orientation": {
            "y": -0.0818889781066, 
            "x": -0.0199584069475, 
            "z": 0.323966470103, 
            "w": 0.942306523116
        }
    }
}