{
    "header": {
        "stamp": {
            "secs": 1652218458, 
            "nsecs": 451436861
        }, 
        "frame_id": "atracsys", 
        "seq": 47260
    }, 
    "pose": {
        "position": {
            "y": -0.0425816879272, 
            "x": 0.490356262207, 
            "z": 1.20619909668
        }, 
        "orientation": {
            "y": -0.168530218079, 
            "x": -0.111119100041, 
            "z": 0.467708817611, 
            "w": 0.860522267655
        }
    }
}