{
    "header": {
        "stamp": {
            "secs": 1652218506, 
            "nsecs": 310758669
        }, 
        "frame_id": "atracsys", 
        "seq": 52018
    }, 
    "pose": {
        "position": {
            "y": -0.0248750591278, 
            "x": 0.528588378906, 
            "z": 1.27735144043
        }, 
        "orientation": {
            "y": -0.269417222973, 
            "x": -0.175000786282, 
            "z": 0.462461394586, 
            "w": 0.826388857188
        }
    }
}