{
    "header": {
        "stamp": {
            "secs": 1652218561, 
            "nsecs": 823875716
        }, 
        "frame_id": "atracsys", 
        "seq": 57535
    }, 
    "pose": {
        "position": {
            "y": -0.0467738037109, 
            "x": 0.537754150391, 
            "z": 1.32195544434
        }, 
        "orientation": {
            "y": -0.286942734677, 
            "x": -0.224708221076, 
            "z": 0.451161811715, 
            "w": 0.814630653761
        }
    }
}