{
    "header": {
        "stamp": {
            "secs": 1652218051, 
            "nsecs": 750994584
        }, 
        "frame_id": "atracsys", 
        "seq": 6831
    }, 
    "pose": {
        "position": {
            "y": -0.062650062561, 
            "x": 0.364239074707, 
            "z": 1.11724841309
        }, 
        "orientation": {
            "y": -0.0797701835277, 
            "x": -0.0274845389108, 
            "z": 0.362076290701, 
            "w": 0.928322184187
        }
    }
}