{
    "header": {
        "stamp": {
            "secs": 1652218647, 
            "nsecs": 820037780
        }, 
        "frame_id": "atracsys", 
        "seq": 66084
    }, 
    "pose": {
        "position": {
            "y": -0.160402496338, 
            "x": 0.413911651611, 
            "z": 1.38423876953
        }, 
        "orientation": {
            "y": -0.263984566906, 
            "x": -0.334888684199, 
            "z": 0.27718907986, 
            "w": 0.861004025332
        }
    }
}