{
    "header": {
        "stamp": {
            "secs": 1652218685, 
            "nsecs": 410723300
        }, 
        "frame_id": "atracsys", 
        "seq": 69819
    }, 
    "pose": {
        "position": {
            "y": -0.187073425293, 
            "x": 0.365434631348, 
            "z": 1.36636401367
        }, 
        "orientation": {
            "y": -0.216563613503, 
            "x": -0.336057676157, 
            "z": 0.239355533813, 
            "w": 0.884801880669
        }
    }
}