{
    "header": {
        "stamp": {
            "secs": 1652218724, 
            "nsecs": 82001881
        }, 
        "frame_id": "atracsys", 
        "seq": 73662
    }, 
    "pose": {
        "position": {
            "y": -0.197701690674, 
            "x": 0.340251220703, 
            "z": 1.37018310547
        }, 
        "orientation": {
            "y": -0.197398055857, 
            "x": -0.349010083794, 
            "z": 0.216037796819, 
            "w": 0.890254817061
        }
    }
}