{
    "header": {
        "stamp": {
            "secs": 1652218764, 
            "nsecs": 830812546
        }, 
        "frame_id": "atracsys", 
        "seq": 77713
    }, 
    "pose": {
        "position": {
            "y": -0.207860778809, 
            "x": 0.29817565918, 
            "z": 1.33479541016
        }, 
        "orientation": {
            "y": -0.172563950141, 
            "x": -0.324042536923, 
            "z": 0.166315175162, 
            "w": 0.91518161033
        }
    }
}