{
    "header": {
        "stamp": {
            "secs": 1652218798, 
            "nsecs": 714053265
        }, 
        "frame_id": "atracsys", 
        "seq": 81081
    }, 
    "pose": {
        "position": {
            "y": -0.204036102295, 
            "x": 0.261773712158, 
            "z": 1.27420361328
        }, 
        "orientation": {
            "y": -0.151205247005, 
            "x": -0.255260828094, 
            "z": 0.129135062705, 
            "w": 0.946204533121
        }
    }
}