{
    "header": {
        "stamp": {
            "secs": 1652218819, 
            "nsecs": 985519669
        }, 
        "frame_id": "atracsys", 
        "seq": 83194
    }, 
    "pose": {
        "position": {
            "y": -0.187663131714, 
            "x": 0.228787094116, 
            "z": 1.24025817871
        }, 
        "orientation": {
            "y": -0.129194499778, 
            "x": -0.223023800627, 
            "z": 0.0944588150529, 
            "w": 0.961585512495
        }
    }
}