{
    "header": {
        "stamp": {
            "secs": 1652218838, 
            "nsecs": 627233571
        }, 
        "frame_id": "atracsys", 
        "seq": 85047
    }, 
    "pose": {
        "position": {
            "y": -0.187484100342, 
            "x": 0.225371368408, 
            "z": 1.22658422852
        }, 
        "orientation": {
            "y": -0.128000057716, 
            "x": -0.207758247854, 
            "z": 0.0902454166127, 
            "w": 0.965561111714
        }
    }
}