{
    "header": {
        "stamp": {
            "secs": 1652218855, 
            "nsecs": 811972176
        }, 
        "frame_id": "atracsys", 
        "seq": 86755
    }, 
    "pose": {
        "position": {
            "y": -0.182213943481, 
            "x": 0.22259916687, 
            "z": 1.21284936523
        }, 
        "orientation": {
            "y": -0.128842054411, 
            "x": -0.189147944547, 
            "z": 0.0847696424683, 
            "w": 0.969761252992
        }
    }
}