{
    "header": {
        "stamp": {
            "secs": 1652218893, 
            "nsecs": 951939872
        }, 
        "frame_id": "atracsys", 
        "seq": 90546
    }, 
    "pose": {
        "position": {
            "y": -0.136517730713, 
            "x": 0.184096298218, 
            "z": 1.14381762695
        }, 
        "orientation": {
            "y": -0.121083897295, 
            "x": -0.108571951541, 
            "z": 0.0324841849538, 
            "w": 0.986151914708
        }
    }
}