{
    "header": {
        "stamp": {
            "secs": 1652218916, 
            "nsecs": 438305535
        }, 
        "frame_id": "atracsys", 
        "seq": 92782
    }, 
    "pose": {
        "position": {
            "y": -0.102307952881, 
            "x": 0.170988510132, 
            "z": 1.11122363281
        }, 
        "orientation": {
            "y": -0.129315919994, 
            "x": -0.0681331829319, 
            "z": -0.00756124259727, 
            "w": 0.989231059879
        }
    }
}