{
    "header": {
        "stamp": {
            "secs": 1652218078, 
            "nsecs": 891412483
        }, 
        "frame_id": "atracsys", 
        "seq": 9529
    }, 
    "pose": {
        "position": {
            "y": -0.0358943367004, 
            "x": 0.416729217529, 
            "z": 1.13681201172
        }, 
        "orientation": {
            "y": -0.102659195634, 
            "x": -0.0441284416955, 
            "z": 0.43292007921, 
            "w": 0.894479723192
        }
    }
}