{
    "header": {
        "stamp": {
            "secs": 1652219083, 
            "nsecs": 376692011
        }, 
        "frame_id": "atracsys", 
        "seq": 109374
    }, 
    "pose": {
        "position": {
            "y": 0.0682721328735, 
            "x": 0.24338949585, 
            "z": 1.01305249023
        }, 
        "orientation": {
            "y": -0.193354193333, 
            "x": 0.167729687945, 
            "z": 0.011362742646, 
            "w": 0.966618743757
        }
    }
}