{
    "header": {
        "stamp": {
            "secs": 1652219098, 
            "nsecs": 857112120
        }, 
        "frame_id": "atracsys", 
        "seq": 110912
    }, 
    "pose": {
        "position": {
            "y": 0.0794961776733, 
            "x": 0.255442352295, 
            "z": 1.01509191895
        }, 
        "orientation": {
            "y": -0.201922933819, 
            "x": 0.181304129308, 
            "z": 0.0215853348067, 
            "w": 0.962231788508
        }
    }
}