{
    "header": {
        "stamp": {
            "secs": 1652219177, 
            "nsecs": 262044565
        }, 
        "frame_id": "atracsys", 
        "seq": 118705
    }, 
    "pose": {
        "position": {
            "y": 0.105248878479, 
            "x": 0.249950408936, 
            "z": 0.997859191895
        }, 
        "orientation": {
            "y": -0.185451982431, 
            "x": 0.225694973412, 
            "z": 0.0353944837153, 
            "w": 0.955728293874
        }
    }
}