{
    "header": {
        "stamp": {
            "secs": 1652219192, 
            "nsecs": 393292417
        }, 
        "frame_id": "atracsys", 
        "seq": 120209
    }, 
    "pose": {
        "position": {
            "y": 0.128176330566, 
            "x": 0.257711975098, 
            "z": 0.993069885254
        }, 
        "orientation": {
            "y": -0.180803717265, 
            "x": 0.255703668375, 
            "z": 0.0541045920891, 
            "w": 0.948155231446
        }
    }
}