{
    "header": {
        "stamp": {
            "secs": 1652219247, 
            "nsecs": 926801305
        }, 
        "frame_id": "atracsys", 
        "seq": 125729
    }, 
    "pose": {
        "position": {
            "y": 0.110307167053, 
            "x": 0.273937133789, 
            "z": 1.00225042725
        }, 
        "orientation": {
            "y": -0.160047911826, 
            "x": 0.237457543933, 
            "z": 0.138186165157, 
            "w": 0.948105038753
        }
    }
}