{
    "header": {
        "stamp": {
            "secs": 1652219262, 
            "nsecs": 374537408
        }, 
        "frame_id": "atracsys", 
        "seq": 127165
    }, 
    "pose": {
        "position": {
            "y": 0.128159622192, 
            "x": 0.285281188965, 
            "z": 1.00067706299
        }, 
        "orientation": {
            "y": -0.170464910909, 
            "x": 0.25429872555, 
            "z": 0.153485989576, 
            "w": 0.93952962877
        }
    }
}