{
    "header": {
        "stamp": {
            "secs": 1652219300, 
            "nsecs": 51536574
        }, 
        "frame_id": "atracsys", 
        "seq": 130910
    }, 
    "pose": {
        "position": {
            "y": 0.130890609741, 
            "x": 0.303520935059, 
            "z": 1.00577233887
        }, 
        "orientation": {
            "y": -0.177313185147, 
            "x": 0.247328749842, 
            "z": 0.185489668681, 
            "w": 0.934335114767
        }
    }
}