{
    "header": {
        "stamp": {
            "secs": 1652219365, 
            "nsecs": 328298194
        }, 
        "frame_id": "atracsys", 
        "seq": 137399
    }, 
    "pose": {
        "position": {
            "y": 0.137336410522, 
            "x": 0.339604034424, 
            "z": 1.02291363525
        }, 
        "orientation": {
            "y": -0.198867283238, 
            "x": 0.237792057418, 
            "z": 0.241602831464, 
            "w": 0.919529669404
        }
    }
}