{
    "header": {
        "stamp": {
            "secs": 1652219453, 
            "nsecs": 67378588
        }, 
        "frame_id": "atracsys", 
        "seq": 146119
    }, 
    "pose": {
        "position": {
            "y": 0.14296395874, 
            "x": 0.376795806885, 
            "z": 1.03436804199
        }, 
        "orientation": {
            "y": -0.204041575667, 
            "x": 0.225059093034, 
            "z": 0.327519492804, 
            "w": 0.89467671361
        }
    }
}