{
    "header": {
        "stamp": {
            "secs": 1652219472, 
            "nsecs": 383499870
        }, 
        "frame_id": "atracsys", 
        "seq": 148039
    }, 
    "pose": {
        "position": {
            "y": 0.152687896729, 
            "x": 0.381907653809, 
            "z": 1.03913598633
        }, 
        "orientation": {
            "y": -0.2103467336, 
            "x": 0.230845459896, 
            "z": 0.338878176901, 
            "w": 0.88748307394
        }
    }
}