{
    "header": {
        "stamp": {
            "secs": 1652218150, 
            "nsecs": 195974893
        }, 
        "frame_id": "atracsys", 
        "seq": 16618
    }, 
    "pose": {
        "position": {
            "y": -0.0192418327332, 
            "x": 0.466676635742, 
            "z": 1.16414233398
        }, 
        "orientation": {
            "y": -0.116206361906, 
            "x": -0.0791160453863, 
            "z": 0.496791028968, 
            "w": 0.856408434307
        }
    }
}