{
    "header": {
        "stamp": {
            "secs": 1652219504, 
            "nsecs": 812897740
        }, 
        "frame_id": "atracsys", 
        "seq": 151263
    }, 
    "pose": {
        "position": {
            "y": 0.174295944214, 
            "x": 0.389939178467, 
            "z": 1.04150646973
        }, 
        "orientation": {
            "y": -0.209540276301, 
            "x": 0.243773080717, 
            "z": 0.373789074496, 
            "w": 0.870028324546
        }
    }
}