{
    "header": {
        "stamp": {
            "secs": 1652219654, 
            "nsecs": 379794534
        }, 
        "frame_id": "atracsys", 
        "seq": 164176
    }, 
    "pose": {
        "position": {
            "y": 0.000342187583447, 
            "x": 0.464195159912, 
            "z": 1.13220141602
        }, 
        "orientation": {
            "y": -0.207768929256, 
            "x": 0.00177733444633, 
            "z": 0.419513727874, 
            "w": 0.883649899702
        }
    }
}