{
    "header": {
        "stamp": {
            "secs": 1652219698, 
            "nsecs": 979367209
        }, 
        "frame_id": "atracsys", 
        "seq": 168609
    }, 
    "pose": {
        "position": {
            "y": -0.0306541938782, 
            "x": 0.336691894531, 
            "z": 1.07693017578
        }, 
        "orientation": {
            "y": -0.0801293405621, 
            "x": 0.0409964897958, 
            "z": 0.333234940718, 
            "w": 0.938537719482
        }
    }
}