{
    "header": {
        "stamp": {
            "secs": 1652219712, 
            "nsecs": 362137884
        }, 
        "frame_id": "atracsys", 
        "seq": 169939
    }, 
    "pose": {
        "position": {
            "y": -0.0172428970337, 
            "x": 0.330690216064, 
            "z": 1.0683737793
        }, 
        "orientation": {
            "y": -0.0804027952669, 
            "x": 0.0581752941153, 
            "z": 0.330957883614, 
            "w": 0.938412438612
        }
    }
}