{
    "header": {
        "stamp": {
            "secs": 1652219759, 
            "nsecs": 451317480
        }, 
        "frame_id": "atracsys", 
        "seq": 174619
    }, 
    "pose": {
        "position": {
            "y": 0.0434117546082, 
            "x": 0.290623443604, 
            "z": 1.02073126221
        }, 
        "orientation": {
            "y": -0.0690143681019, 
            "x": 0.15821985998, 
            "z": 0.306478876701, 
            "w": 0.936095182682
        }
    }
}