{
    "header": {
        "stamp": {
            "secs": 1652219813, 
            "nsecs": 119406591
        }, 
        "frame_id": "atracsys", 
        "seq": 179946
    }, 
    "pose": {
        "position": {
            "y": -0.174946578979, 
            "x": 0.239885147095, 
            "z": 1.20750708008
        }, 
        "orientation": {
            "y": -0.0247941851588, 
            "x": -0.161128624246, 
            "z": 0.192093652322, 
            "w": 0.967741103585
        }
    }
}