{
    "header": {
        "stamp": {
            "secs": 1652219912, 
            "nsecs": 123672939
        }, 
        "frame_id": "atracsys", 
        "seq": 189717
    }, 
    "pose": {
        "position": {
            "y": -0.0674745788574, 
            "x": 0.141565505981, 
            "z": 1.07958618164
        }, 
        "orientation": {
            "y": -0.049863185187, 
            "x": 0.00854233697835, 
            "z": 0.0297815004793, 
            "w": 0.998275389595
        }
    }
}