{
    "header": {
        "stamp": {
            "secs": 1652219974, 
            "nsecs": 215306151
        }, 
        "frame_id": "atracsys", 
        "seq": 195889
    }, 
    "pose": {
        "position": {
            "y": -0.0400965690613, 
            "x": 0.103345161438, 
            "z": 1.07302563477
        }, 
        "orientation": {
            "y": -0.0576915345475, 
            "x": 0.0215160092877, 
            "z": -0.0470926646645, 
            "w": 0.996990987482
        }
    }
}