{
    "header": {
        "seq": 28308,
        "stamp": {
            "secs": 1678823371,
            "nsecs": 360505035
        },
        "frame_id": "atracsys"
    },
    "pose": {
        "position": {
            "x": 0.113983642578125,
            "y": 0.24706199645996094,
            "z": 0.1962083740234375
        },
        "orientation": {
            "x": 0.27850668668455114,
            "y": -0.1233244672669085,
            "z": -0.07252402946579245,
            "w": 0.9497185722072468
        }
    }
}