{
    "header": {
        "seq": 27713,
        "stamp": {
            "secs": 1678823365,
            "nsecs": 348689390
        },
        "frame_id": "atracsys"
    },
    "pose": {
        "position": {
            "x": 0.13330369567871095,
            "y": 0.2620125732421875,
            "z": 0.2119297332763672
        },
        "orientation": {
            "x": 0.29255922237888765,
            "y": -0.1326963584523142,
            "z": -0.03435395378798657,
            "w": 0.9463723282692118
        }
    }
}