{
    "header": {
        "seq": 24016,
        "stamp": {
            "secs": 1678823328,
            "nsecs": 92068396
        },
        "frame_id": "atracsys"
    },
    "pose": {
        "position": {
            "x": 0.3842813720703125,
            "y": 0.26620513916015626,
            "z": 0.2656055908203125
        },
        "orientation": {
            "x": 0.2945013914278312,
            "y": -0.2640081882964464,
            "z": 0.016381741274200345,
            "w": 0.9183138055764624
        }
    }
}