{
    "header": {
        "seq": 27018,
        "stamp": {
            "secs": 1678823358,
            "nsecs": 348600235
        },
        "frame_id": "atracsys"
    },
    "pose": {
        "position": {
            "x": 0.2016274108886719,
            "y": 0.24174031066894533,
            "z": 0.21886193847656252
        },
        "orientation": {
            "x": 0.27719345166406956,
            "y": -0.17042432845791522,
            "z": -0.08736705891159066,
            "w": 0.941534033182745
        }
    }
}