{
    "header": {
        "seq": 26663,
        "stamp": {
            "secs": 1678823354,
            "nsecs": 769611758
        },
        "frame_id": "atracsys"
    },
    "pose": {
        "position": {
            "x": 0.2993100891113281,
            "y": 0.13676454162597657,
            "z": 0.22168212890625
        },
        "orientation": {
            "x": 0.21895508027080351,
            "y": -0.23601545012194516,
            "z": -0.10086062711153773,
            "w": 0.9413726754192565
        }
    }
}