{
    "header": {
        "seq": 29567,
        "stamp": {
            "secs": 1678823384,
            "nsecs": 50017955
        },
        "frame_id": "atracsys"
    },
    "pose": {
        "position": {
            "x": 0.14770788574218752,
            "y": 0.18781216430664063,
            "z": 0.1855355224609375
        },
        "orientation": {
            "x": 0.2420420395936391,
            "y": -0.14710028526705163,
            "z": -0.09940086094202204,
            "w": 0.9538850171732902
        }
    }
}