{
    "header": {
        "seq": 8641,
        "stamp": {
            "secs": 1678823171,
            "nsecs": 283214155
        },
        "frame_id": "atracsys"
    },
    "pose": {
        "position": {
            "x": 0.5562760009765625,
            "y": -0.0521893310546875,
            "z": 0.35739889526367186
        },
        "orientation": {
            "x": 0.1097072484983286,
            "y": -0.41126310110220726,
            "z": -0.14416455623076527,
            "w": 0.893332839442001
        }
    }
}