{
    "header": {
        "seq": 22874,
        "stamp": {
            "secs": 1678823316,
            "nsecs": 584601164
        },
        "frame_id": "atracsys"
    },
    "pose": {
        "position": {
            "x": 0.5092760620117187,
            "y": 0.23794912719726563,
            "z": 0.3444585876464844
        },
        "orientation": {
            "x": 0.2564977967973912,
            "y": -0.33266375533941356,
            "z": 0.08093642594886435,
            "w": 0.9038766514719733
        }
    }
}