{
    "header": {
        "seq": 27210,
        "stamp": {
            "secs": 1678823360,
            "nsecs": 285931157
        },
        "frame_id": "atracsys"
    },
    "pose": {
        "position": {
            "x": 0.16173526000976562,
            "y": 0.2645481262207031,
            "z": 0.2183279266357422
        },
        "orientation": {
            "x": 0.29029535721037997,
            "y": -0.14606145593093936,
            "z": -0.07954222798484359,
            "w": 0.9423734348126752
        }
    }
}