{
    "header": {
        "seq": 26636,
        "stamp": {
            "secs": 1678823354,
            "nsecs": 497973127
        },
        "frame_id": "atracsys"
    },
    "pose": {
        "position": {
            "x": 0.28995904541015627,
            "y": 0.14991905212402343,
            "z": 0.2200004119873047
        },
        "orientation": {
            "x": 0.22571213301113854,
            "y": -0.2293798418284398,
            "z": -0.09952106781993052,
            "w": 0.9415595988753462
        }
    }
}