{
    "header": {
        "seq": 17577,
        "stamp": {
            "secs": 1678823262,
            "nsecs": 268320003
        },
        "frame_id": "atracsys"
    },
    "pose": {
        "position": {
            "x": 0.1359485321044922,
            "y": 0.05308300399780273,
            "z": 0.18902450561523437
        },
        "orientation": {
            "x": 0.1668357711015126,
            "y": -0.06428731982312343,
            "z": 0.05958974754900965,
            "w": 0.9820804590144172
        }
    }
}