{
    "header": {
        "seq": 22927,
        "stamp": {
            "secs": 1678823317,
            "nsecs": 115936750
        },
        "frame_id": "atracsys"
    },
    "pose": {
        "position": {
            "x": 0.4976665954589844,
            "y": 0.24477255249023439,
            "z": 0.33690719604492186
        },
        "orientation": {
            "x": 0.2639400361120685,
            "y": -0.3269599674521563,
            "z": 0.07477258368573311,
            "w": 0.9043461161246864
        }
    }
}