{
    "header": {
        "seq": 35099,
        "stamp": {
            "secs": 1678823439,
            "nsecs": 802098254
        },
        "frame_id": "atracsys"
    },
    "pose": {
        "position": {
            "x": 0.03764239883422851,
            "y": 0.23158090209960938,
            "z": 0.17815176391601562
        },
        "orientation": {
            "x": 0.25318363287817003,
            "y": -0.09389438489652843,
            "z": -0.15504160296547917,
            "w": 0.9502862694353787
        }
    }
}