{
    "header": {
        "seq": 35639,
        "stamp": {
            "secs": 1678823445,
            "nsecs": 252827904
        },
        "frame_id": "atracsys"
    },
    "pose": {
        "position": {
            "x": 0.051081916809082036,
            "y": 0.2616220397949219,
            "z": 0.1983054962158203
        },
        "orientation": {
            "x": 0.2735616235126442,
            "y": -0.09662361913998102,
            "z": -0.12166852769381456,
            "w": 0.9492232001664508
        }
    }
}