{
    "header": {
        "seq": 29196,
        "stamp": {
            "secs": 1678823380,
            "nsecs": 303777135
        },
        "frame_id": "atracsys"
    },
    "pose": {
        "position": {
            "x": 0.22349111938476562,
            "y": 0.1667801513671875,
            "z": 0.20157710266113282
        },
        "orientation": {
            "x": 0.2315933605319482,
            "y": -0.19254427305412158,
            "z": -0.1379614829760848,
            "w": 0.9435347622036077
        }
    }
}