{
    "header": {
        "seq": 37578,
        "stamp": {
            "secs": 1678823464,
            "nsecs": 787170876
        },
        "frame_id": "atracsys"
    },
    "pose": {
        "position": {
            "x": 0.18326498413085937,
            "y": -0.00502785062789917,
            "z": 0.2193746337890625
        },
        "orientation": {
            "x": 0.12476739037353583,
            "y": -0.17388002596609953,
            "z": -0.0351932395355497,
            "w": 0.9761968401712842
        }
    }
}