{
    "header": {
        "seq": 33304,
        "stamp": {
            "secs": 1678823421,
            "nsecs": 703745096
        },
        "frame_id": "atracsys"
    },
    "pose": {
        "position": {
            "x": 0.19656205749511718,
            "y": 0.14489556884765625,
            "z": 0.22138380432128907
        },
        "orientation": {
            "x": 0.21972218807018998,
            "y": -0.18240073153951797,
            "z": -0.052144794100352936,
            "w": 0.9569394200531864
        }
    }
}