{
    "header": {
        "seq": 21876,
        "stamp": {
            "secs": 1678823306,
            "nsecs": 515985392
        },
        "frame_id": "atracsys"
    },
    "pose": {
        "position": {
            "x": 0.3112461853027344,
            "y": 0.1677295379638672,
            "z": 0.21764962768554688
        },
        "orientation": {
            "x": 0.2365518250576042,
            "y": -0.21490551276753964,
            "z": -0.0182191618341385,
            "w": 0.9473789721046689
        }
    }
}