{
    "header": {
        "seq": 28985,
        "stamp": {
            "secs": 1678823378,
            "nsecs": 181505503
        },
        "frame_id": "atracsys"
    },
    "pose": {
        "position": {
            "x": 0.3150067443847656,
            "y": 0.18627740478515625,
            "z": 0.23448223876953125
        },
        "orientation": {
            "x": 0.24986908723712337,
            "y": -0.24455884728504218,
            "z": -0.1252978523433621,
            "w": 0.928470170579561
        }
    }
}