{
    "header": {
        "seq": 37927,
        "stamp": {
            "secs": 1678823468,
            "nsecs": 306559536
        },
        "frame_id": "atracsys"
    },
    "pose": {
        "position": {
            "x": 0.14481672668457032,
            "y": -0.02247690773010254,
            "z": 0.20094122314453125
        },
        "orientation": {
            "x": 0.1098709227239274,
            "y": -0.1649917704382296,
            "z": -0.10398214491708531,
            "w": 0.9746249584152326
        }
    }
}