{
    "header": {
        "seq": 38683,
        "stamp": {
            "secs": 1678823475,
            "nsecs": 924479139
        },
        "frame_id": "atracsys"
    },
    "pose": {
        "position": {
            "x": 0.10944743347167969,
            "y": -0.07840418243408204,
            "z": 0.22085850524902345
        },
        "orientation": {
            "x": 0.07996321781999333,
            "y": -0.0872115123845049,
            "z": 0.07830905687528102,
            "w": 0.9898826837129658
        }
    }
}