{
    "header": {
        "seq": 23692,
        "stamp": {
            "secs": 1678823324,
            "nsecs": 826418293
        },
        "frame_id": "atracsys"
    },
    "pose": {
        "position": {
            "x": 0.2641515502929688,
            "y": 0.18069847106933595,
            "z": 0.17851995849609376
        },
        "orientation": {
            "x": 0.2447101213752131,
            "y": -0.19788385463229574,
            "z": -0.04324828976244924,
            "w": 0.948202785275922
        }
    }
}