{
    "header": {
        "seq": 25038,
        "stamp": {
            "secs": 1678823338,
            "nsecs": 390444036
        },
        "frame_id": "atracsys"
    },
    "pose": {
        "position": {
            "x": 0.3444694519042969,
            "y": 0.23447994995117188,
            "z": 0.22489862060546875
        },
        "orientation": {
            "x": 0.27767080946562606,
            "y": -0.2449852600619388,
            "z": -0.0009470497827282294,
            "w": 0.9289134766057586
        }
    }
}