{
    "header": {
        "seq": 16398,
        "stamp": {
            "secs": 1678823250,
            "nsecs": 136847680
        },
        "frame_id": "atracsys"
    },
    "pose": {
        "position": {
            "x": 0.4800046691894531,
            "y": 0.06075676727294922,
            "z": 0.2860032958984375
        },
        "orientation": {
            "x": 0.1964973064913659,
            "y": -0.39505325885859227,
            "z": -0.15784788975823297,
            "w": 0.8834057815668387
        }
    }
}