{
    "header": {
        "seq": 33939,
        "stamp": {
            "secs": 1678823428,
            "nsecs": 115589639
        },
        "frame_id": "atracsys"
    },
    "pose": {
        "position": {
            "x": 0.20685218811035155,
            "y": 0.13026788330078126,
            "z": 0.22100543212890625
        },
        "orientation": {
            "x": 0.2118741110199794,
            "y": -0.19056747463319504,
            "z": -0.04259461601342695,
            "w": 0.9575902554736492
        }
    }
}