{
    "header": {
        "seq": 35662,
        "stamp": {
            "secs": 1678823445,
            "nsecs": 482673370
        },
        "frame_id": "atracsys"
    },
    "pose": {
        "position": {
            "x": 0.056146194458007816,
            "y": 0.25062318420410157,
            "z": 0.19567831420898438
        },
        "orientation": {
            "x": 0.26757471607535815,
            "y": -0.10049390505875355,
            "z": -0.11530675205774192,
            "w": 0.9513196619922917
        }
    }
}