{
    "header": {
        "seq": 32023,
        "stamp": {
            "secs": 1678823408,
            "nsecs": 805168413
        },
        "frame_id": "atracsys"
    },
    "pose": {
        "position": {
            "x": 0.23844137573242188,
            "y": 0.10597193908691406,
            "z": 0.23204901123046875
        },
        "orientation": {
            "x": 0.1945791744251303,
            "y": -0.20819138912949176,
            "z": -0.08685170759387258,
            "w": 0.9545952394917941
        }
    }
}