{
    "header": {
        "seq": 32872,
        "stamp": {
            "secs": 1678823417,
            "nsecs": 351514461
        },
        "frame_id": "atracsys"
    },
    "pose": {
        "position": {
            "x": 0.27177593994140625,
            "y": 0.14014186096191406,
            "z": 0.25090367126464846
        },
        "orientation": {
            "x": 0.2090713638924801,
            "y": -0.22140129201772554,
            "z": -0.042635997300063164,
            "w": 0.9515528384841533
        }
    }
}