{
    "header": {
        "seq": 31402,
        "stamp": {
            "secs": 1678823402,
            "nsecs": 548567972
        },
        "frame_id": "atracsys"
    },
    "pose": {
        "position": {
            "x": 0.235249755859375,
            "y": 0.07597089385986329,
            "z": 0.22470408630371094
        },
        "orientation": {
            "x": 0.1774536705474568,
            "y": -0.21213006077713661,
            "z": -0.12767620959537812,
            "w": 0.9524756257391997
        }
    }
}