{
    "header": {
        "seq": 32458,
        "stamp": {
            "secs": 1678823413,
            "nsecs": 184362080
        },
        "frame_id": "atracsys"
    },
    "pose": {
        "position": {
            "x": 0.14586994934082032,
            "y": 0.15883245849609376,
            "z": 0.2118904266357422
        },
        "orientation": {
            "x": 0.22635063022802618,
            "y": -0.1522657187338706,
            "z": -0.07969301698770608,
            "w": 0.9587646041324378
        }
    }
}