{
    "header": {
        "seq": 25397,
        "stamp": {
            "secs": 1678823342,
            "nsecs": 5380777
        },
        "frame_id": "atracsys"
    },
    "pose": {
        "position": {
            "x": 0.3233807067871094,
            "y": 0.2657288513183594,
            "z": 0.2347146453857422
        },
        "orientation": {
            "x": 0.2967564534160965,
            "y": -0.23171783194169468,
            "z": 0.019523201830705546,
            "w": 0.9262080210764848
        }
    }
}