{
    "header": {
        "seq": 33544,
        "stamp": {
            "secs": 1678823424,
            "nsecs": 124615945
        },
        "frame_id": "atracsys"
    },
    "pose": {
        "position": {
            "x": 0.3338052368164063,
            "y": 0.09763131713867187,
            "z": 0.2651312561035156
        },
        "orientation": {
            "x": 0.18375100925345697,
            "y": -0.2618169934550611,
            "z": 0.003402635915855715,
            "w": 0.9474575719288505
        }
    }
}