{
    "header": {
        "seq": 32342,
        "stamp": {
            "secs": 1678823412,
            "nsecs": 17171490
        },
        "frame_id": "atracsys"
    },
    "pose": {
        "position": {
            "x": 0.15705731201171874,
            "y": 0.13544474792480468,
            "z": 0.20979943847656252
        },
        "orientation": {
            "x": 0.21194845283330838,
            "y": -0.16123332848398444,
            "z": -0.10100999321181407,
            "w": 0.9585815815040949
        }
    }
}