{
    "header": {
        "seq": 29862,
        "stamp": {
            "secs": 1678823387,
            "nsecs": 23162708
        },
        "frame_id": "atracsys"
    },
    "pose": {
        "position": {
            "x": 0.1545853729248047,
            "y": 0.23989169311523437,
            "z": 0.1997745361328125
        },
        "orientation": {
            "x": 0.2761103271605578,
            "y": -0.14819813469445603,
            "z": -0.06442849313325547,
            "w": 0.9474435969391274
        }
    }
}