{
    "header": {
        "seq": 22802,
        "stamp": {
            "secs": 1678823315,
            "nsecs": 856219657
        },
        "frame_id": "atracsys"
    },
    "pose": {
        "position": {
            "x": 0.5044858398437501,
            "y": 0.22343800354003907,
            "z": 0.33560772705078123
        },
        "orientation": {
            "x": 0.2510202326797056,
            "y": -0.3293866770741839,
            "z": 0.065772260650973,
            "w": 0.9078365874320744
        }
    }
}