{
    "header": {
        "seq": 7755,
        "stamp": {
            "secs": 1678823162,
            "nsecs": 363926613
        },
        "frame_id": "atracsys"
    },
    "pose": {
        "position": {
            "x": 0.5124190673828125,
            "y": -0.1791553497314453,
            "z": 0.33379498291015625
        },
        "orientation": {
            "x": 0.03497736316664112,
            "y": -0.4048055201959084,
            "z": -0.1759056765204358,
            "w": 0.896641660783569
        }
    }
}