{
    "header": {
        "seq": 34087,
        "stamp": {
            "secs": 1678823429,
            "nsecs": 611072370
        },
        "frame_id": "atracsys"
    },
    "pose": {
        "position": {
            "x": 0.2104154052734375,
            "y": 0.1543224334716797,
            "z": 0.2224015350341797
        },
        "orientation": {
            "x": 0.22598237628372872,
            "y": -0.1928758461353665,
            "z": -0.028806103818234143,
            "w": 0.9544113798407576
        }
    }
}