{
    "header": {
        "seq": 21170,
        "stamp": {
            "secs": 1678823299,
            "nsecs": 408447076
        },
        "frame_id": "atracsys"
    },
    "pose": {
        "position": {
            "x": 0.294414794921875,
            "y": 0.2503344421386719,
            "z": 0.2235660095214844
        },
        "orientation": {
            "x": 0.28458775542716075,
            "y": -0.20307068467465356,
            "z": -0.05445944759298754,
            "w": 0.9353107906223282
        }
    }
}