{
    "header": {
        "seq": 32095,
        "stamp": {
            "secs": 1678823409,
            "nsecs": 530647176
        },
        "frame_id": "atracsys"
    },
    "pose": {
        "position": {
            "x": 0.2185967254638672,
            "y": 0.09884050750732422,
            "z": 0.2235767822265625
        },
        "orientation": {
            "x": 0.1909429732439079,
            "y": -0.19880216520908217,
            "z": -0.10465160489857042,
            "w": 0.9555451437107043
        }
    }
}