{
    "header": {
        "seq": 37897,
        "stamp": {
            "secs": 1678823468,
            "nsecs": 5016196
        },
        "frame_id": "atracsys"
    },
    "pose": {
        "position": {
            "x": 0.14031715393066407,
            "y": -0.014798943519592286,
            "z": 0.19900636291503906
        },
        "orientation": {
            "x": 0.11383278681230416,
            "y": -0.1615605811072124,
            "z": -0.10313837834933123,
            "w": 0.9748347296800184
        }
    }
}