{
    "header": {
        "seq": 28846,
        "stamp": {
            "secs": 1678823376,
            "nsecs": 778445328
        },
        "frame_id": "atracsys"
    },
    "pose": {
        "position": {
            "x": 0.32131884765625,
            "y": 0.20608177185058593,
            "z": 0.2437838134765625
        },
        "orientation": {
            "x": 0.2630680788506566,
            "y": -0.24813976570370946,
            "z": -0.08839963313732631,
            "w": 0.9281203302522356
        }
    }
}