{
    "header": {
        "seq": 27351,
        "stamp": {
            "secs": 1678823361,
            "nsecs": 706901264
        },
        "frame_id": "atracsys"
    },
    "pose": {
        "position": {
            "x": 0.13912969970703126,
            "y": 0.2910123596191406,
            "z": 0.22376136779785158
        },
        "orientation": {
            "x": 0.30756399418360525,
            "y": -0.1325583988777282,
            "z": -0.05631941093002054,
            "w": 0.9405640777327698
        }
    }
}