{
    "header": {
        "seq": 31458,
        "stamp": {
            "secs": 1678823403,
            "nsecs": 115692693
        },
        "frame_id": "atracsys"
    },
    "pose": {
        "position": {
            "x": 0.2001732177734375,
            "y": 0.08312464904785156,
            "z": 0.2134418487548828
        },
        "orientation": {
            "x": 0.18000920451819413,
            "y": -0.19206763882471695,
            "z": -0.13668166729392925,
            "w": 0.9549999111155858
        }
    }
}