{
    "header": {
        "seq": 27424,
        "stamp": {
            "secs": 1678823362,
            "nsecs": 444147503
        },
        "frame_id": "atracsys"
    },
    "pose": {
        "position": {
            "x": 0.12929788208007814,
            "y": 0.304109375,
            "z": 0.22634193420410156
        },
        "orientation": {
            "x": 0.31606197113389534,
            "y": -0.12719136765444372,
            "z": -0.04743793053934382,
            "w": 0.9389764795474342
        }
    }
}