{
    "header": {
        "seq": 28822,
        "stamp": {
            "secs": 1678823376,
            "nsecs": 536645561
        },
        "frame_id": "atracsys"
    },
    "pose": {
        "position": {
            "x": 0.32284271240234375,
            "y": 0.2112615966796875,
            "z": 0.2459438171386719
        },
        "orientation": {
            "x": 0.2661366826954919,
            "y": -0.24880199594891936,
            "z": -0.08140978070777528,
            "w": 0.9277075404138877
        }
    }
}