{
    "header": {
        "seq": 17832,
        "stamp": {
            "secs": 1678823264,
            "nsecs": 841429855
        },
        "frame_id": "atracsys"
    },
    "pose": {
        "position": {
            "x": 0.14215895080566407,
            "y": 0.1235273208618164,
            "z": 0.2026500701904297
        },
        "orientation": {
            "x": 0.20386224326099658,
            "y": -0.06871265768794318,
            "z": 0.06333206992138457,
            "w": 0.9745295302685942
        }
    }
}