{
    "header": {
        "seq": 23720,
        "stamp": {
            "secs": 1678823325,
            "nsecs": 109950087
        },
        "frame_id": "atracsys"
    },
    "pose": {
        "position": {
            "x": 0.2591659851074219,
            "y": 0.19339682006835937,
            "z": 0.1817871551513672
        },
        "orientation": {
            "x": 0.2523722059780626,
            "y": -0.19387397405292475,
            "z": -0.03452550512388891,
            "w": 0.9473801461560363
        }
    }
}