{
    "header": {
        "seq": 36526,
        "stamp": {
            "secs": 1678823454,
            "nsecs": 184241502
        },
        "frame_id": "atracsys"
    },
    "pose": {
        "position": {
            "x": 0.18515159606933593,
            "y": 0.13873741149902344,
            "z": 0.20159190368652344
        },
        "orientation": {
            "x": 0.20476731310153268,
            "y": -0.18413468318714293,
            "z": -0.18631851501282834,
            "w": 0.9431066625234731
        }
    }
}