{
    "header": {
        "seq": 17352,
        "stamp": {
            "secs": 1678823260,
            "nsecs": 5611042
        },
        "frame_id": "atracsys"
    },
    "pose": {
        "position": {
            "x": 0.05155086135864258,
            "y": 0.02931620979309082,
            "z": 0.18305809020996094
        },
        "orientation": {
            "x": 0.15775572564308754,
            "y": -0.016019247908980915,
            "z": 0.0451334825631856,
            "w": 0.9863161174162026
        }
    }
}