{
    "header": {
        "seq": 26910,
        "stamp": {
            "secs": 1678823357,
            "nsecs": 262140245
        },
        "frame_id": "atracsys"
    },
    "pose": {
        "position": {
            "x": 0.22564212036132814,
            "y": 0.21856956481933595,
            "z": 0.2177075653076172
        },
        "orientation": {
            "x": 0.26359211914012515,
            "y": -0.1859340664284629,
            "z": -0.09430283402063085,
            "w": 0.9418358100880809
        }
    }
}