{
    "header": {
        "seq": 36902,
        "stamp": {
            "secs": 1678823457,
            "nsecs": 969198699
        },
        "frame_id": "atracsys"
    },
    "pose": {
        "position": {
            "x": 0.11638540649414063,
            "y": 0.1347190399169922,
            "z": 0.19591160583496095
        },
        "orientation": {
            "x": 0.19803110032379062,
            "y": -0.14180802587662109,
            "z": -0.15790694053016874,
            "w": 0.9569428223430729
        }
    }
}