{
    "header": {
        "seq": 10080,
        "stamp": {
            "secs": 1678823185,
            "nsecs": 805673238
        },
        "frame_id": "atracsys"
    },
    "pose": {
        "position": {
            "x": 0.6066618041992188,
            "y": 0.05387070846557617,
            "z": 0.43092816162109376
        },
        "orientation": {
            "x": 0.168517045322526,
            "y": -0.4517207436163702,
            "z": -0.03138849546662334,
            "w": 0.8755370566542464
        }
    }
}