{
    "header": {
        "seq": 33798,
        "stamp": {
            "secs": 1678823426,
            "nsecs": 688776445
        },
        "frame_id": "atracsys"
    },
    "pose": {
        "position": {
            "x": 0.23103933715820313,
            "y": 0.06824259948730468,
            "z": 0.21624761962890626
        },
        "orientation": {
            "x": 0.17647451095656638,
            "y": -0.2097892582651819,
            "z": -0.04774832655739844,
            "w": 0.9605026347752272
        }
    }
}