{
    "header": {
        "seq": 27375,
        "stamp": {
            "secs": 1678823361,
            "nsecs": 948603017
        },
        "frame_id": "atracsys"
    },
    "pose": {
        "position": {
            "x": 0.13979151916503907,
            "y": 0.29727655029296873,
            "z": 0.22549310302734377
        },
        "orientation": {
            "x": 0.3118737082843398,
            "y": -0.13328689328708548,
            "z": -0.05287074863495436,
            "w": 0.9392412246583042
        }
    }
}