{
    "header": {
        "seq": 27513,
        "stamp": {
            "secs": 1678823363,
            "nsecs": 339636181
        },
        "frame_id": "atracsys"
    },
    "pose": {
        "position": {
            "x": 0.11731114196777344,
            "y": 0.31879241943359377,
            "z": 0.22976751708984375
        },
        "orientation": {
            "x": 0.32570607669614776,
            "y": -0.12062443781534661,
            "z": -0.03906393620446531,
            "w": 0.9369307901297449
        }
    }
}