{
    "header": {
        "seq": 24787,
        "stamp": {
            "secs": 1678823335,
            "nsecs": 865071352
        },
        "frame_id": "atracsys"
    },
    "pose": {
        "position": {
            "x": 0.42407913208007814,
            "y": 0.24603628540039063,
            "z": 0.27695346069335935
        },
        "orientation": {
            "x": 0.28249522421830897,
            "y": -0.2903482859420645,
            "z": 0.020642437427864882,
            "w": 0.914039501838618
        }
    }
}