{
    "header": {
        "seq": 14008,
        "stamp": {
            "secs": 1678823225,
            "nsecs": 414493177
        },
        "frame_id": "atracsys"
    },
    "pose": {
        "position": {
            "x": 0.7212162475585938,
            "y": -0.19441053771972658,
            "z": 0.76289111328125
        },
        "orientation": {
            "x": 0.032537481522788694,
            "y": -0.6848159276454091,
            "z": -0.08926209386142415,
            "w": 0.7224961841690143
        }
    }
}