{
    "header": {
        "seq": 34243,
        "stamp": {
            "secs": 1678823431,
            "nsecs": 184202690
        },
        "frame_id": "atracsys"
    },
    "pose": {
        "position": {
            "x": 0.18479942321777343,
            "y": 0.17135552978515625,
            "z": 0.21865538024902345
        },
        "orientation": {
            "x": 0.2356008784318667,
            "y": -0.1769029389422694,
            "z": -0.02996627103220952,
            "w": 0.9551437582249829
        }
    }
}