{
    "header": {
        "seq": 24391,
        "stamp": {
            "secs": 1678823331,
            "nsecs": 877105377
        },
        "frame_id": "atracsys"
    },
    "pose": {
        "position": {
            "x": 0.5415332641601562,
            "y": 0.29593145751953126,
            "z": 0.381799072265625
        },
        "orientation": {
            "x": 0.28971203661741135,
            "y": -0.3615791504884563,
            "z": 0.09469964962003659,
            "w": 0.881112609223634
        }
    }
}