{
    "header": {
        "seq": 37043,
        "stamp": {
            "secs": 1678823459,
            "nsecs": 390230716
        },
        "frame_id": "atracsys"
    },
    "pose": {
        "position": {
            "x": 0.08050958251953125,
            "y": 0.2125504150390625,
            "z": 0.20490577697753906
        },
        "orientation": {
            "x": 0.24243817658593458,
            "y": -0.11324777002855273,
            "z": -0.16614657933160154,
            "w": 0.9491016738440908
        }
    }
}