{
    "header": {
        "seq": 32666,
        "stamp": {
            "secs": 1678823415,
            "nsecs": 276813669
        },
        "frame_id": "atracsys"
    },
    "pose": {
        "position": {
            "x": 0.19885455322265624,
            "y": 0.16214340209960937,
            "z": 0.22677180480957032
        },
        "orientation": {
            "x": 0.22786225151614764,
            "y": -0.18119623197410448,
            "z": -0.06275241040915056,
            "w": 0.9546249812571532
        }
    }
}