{
    "header": {
        "seq": 37825,
        "stamp": {
            "secs": 1678823467,
            "nsecs": 276726990
        },
        "frame_id": "atracsys"
    },
    "pose": {
        "position": {
            "x": 0.131932373046875,
            "y": 0.01647569465637207,
            "z": 0.1983199157714844
        },
        "orientation": {
            "x": 0.13071792527389678,
            "y": -0.15591182479029253,
            "z": -0.12580432086743135,
            "w": 0.9709673525684237
        }
    }
}