{
    "header": {
        "seq": 31215,
        "stamp": {
            "secs": 1678823400,
            "nsecs": 664975952
        },
        "frame_id": "atracsys"
    },
    "pose": {
        "position": {
            "x": 0.2955033874511719,
            "y": 0.07132633209228516,
            "z": 0.24943464660644532
        },
        "orientation": {
            "x": 0.17411254290265962,
            "y": -0.24503077304896756,
            "z": -0.1085424865738357,
            "w": 0.9475564739219313
        }
    }
}