{
    "header": {
        "seq": 36037,
        "stamp": {
            "secs": 1678823449,
            "nsecs": 255825184
        },
        "frame_id": "atracsys"
    },
    "pose": {
        "position": {
            "x": 0.18448362731933593,
            "y": 0.07514352416992187,
            "z": 0.19397624206542968
        },
        "orientation": {
            "x": 0.16830331759224001,
            "y": -0.18592994215376404,
            "z": -0.0956779356981005,
            "w": 0.9633015013580608
        }
    }
}