{
    "header": {
        "seq": 21925,
        "stamp": {
            "secs": 1678823307,
            "nsecs": 11495756
        },
        "frame_id": "atracsys"
    },
    "pose": {
        "position": {
            "x": 0.30246624755859375,
            "y": 0.1690719451904297,
            "z": 0.20689186096191406
        },
        "orientation": {
            "x": 0.23751867425998477,
            "y": -0.21244641408773096,
            "z": -0.033486072951958726,
            "w": 0.9472750832980352
        }
    }
}