{
    "header": {
        "seq": 33595,
        "stamp": {
            "secs": 1678823424,
            "nsecs": 640924292
        },
        "frame_id": "atracsys"
    },
    "pose": {
        "position": {
            "x": 0.3438252868652344,
            "y": 0.06548480987548828,
            "z": 0.2684358825683594
        },
        "orientation": {
            "x": 0.16787679061207197,
            "y": -0.2699915726411603,
            "z": 0.00195039330332969,
            "w": 0.9481129309541695
        }
    }
}