{
    "header": {
        "seq": 33327,
        "stamp": {
            "secs": 1678823421,
            "nsecs": 936463029
        },
        "frame_id": "atracsys"
    },
    "pose": {
        "position": {
            "x": 0.2479779510498047,
            "y": 0.11903991699218751,
            "z": 0.23394132995605468
        },
        "orientation": {
            "x": 0.20436958633366828,
            "y": -0.21360490165637272,
            "z": -0.039983319491058676,
            "w": 0.9544670514651895
        }
    }
}