{
    "header": {
        "seq": 27970,
        "stamp": {
            "secs": 1678823367,
            "nsecs": 945589339
        },
        "frame_id": "atracsys"
    },
    "pose": {
        "position": {
            "x": 0.1260291061401367,
            "y": 0.22866700744628907,
            "z": 0.1944425811767578
        },
        "orientation": {
            "x": 0.26832683581256395,
            "y": -0.13084227398795015,
            "z": -0.07245680034392919,
            "w": 0.9516464787957761
        }
    }
}