{
    "header": {
        "seq": 18014,
        "stamp": {
            "secs": 1678823266,
            "nsecs": 674241621
        },
        "frame_id": "atracsys"
    },
    "pose": {
        "position": {
            "x": 0.1602633056640625,
            "y": 0.13972425842285158,
            "z": 0.20742982482910158
        },
        "orientation": {
            "x": 0.2145864726834742,
            "y": -0.08007091340757327,
            "z": 0.07273357677518978,
            "w": 0.9706962044722484
        }
    }
}