{
    "header": {
        "seq": 27447,
        "stamp": {
            "secs": 1678823362,
            "nsecs": 673972895
        },
        "frame_id": "atracsys"
    },
    "pose": {
        "position": {
            "x": 0.12467758178710937,
            "y": 0.30635272216796877,
            "z": 0.22675903320312502
        },
        "orientation": {
            "x": 0.31744273525420014,
            "y": -0.12438713147066767,
            "z": -0.0470515553752608,
            "w": 0.9389058006507359
        }
    }
}