{
    "header": {
        "seq": 33695,
        "stamp": {
            "secs": 1678823425,
            "nsecs": 649994134
        },
        "frame_id": "atracsys"
    },
    "pose": {
        "position": {
            "x": 0.2998812561035156,
            "y": 0.06752757263183594,
            "z": 0.24722233581542968
        },
        "orientation": {
            "x": 0.1748887701971855,
            "y": -0.24718377297264157,
            "z": -0.019817143054734334,
            "w": 0.9528490863085686
        }
    }
}