{
    "header": {
        "seq": 23301,
        "stamp": {
            "secs": 1678823320,
            "nsecs": 883138526
        },
        "frame_id": "atracsys"
    },
    "pose": {
        "position": {
            "x": 0.41235577392578127,
            "y": 0.22909280395507814,
            "z": 0.27197961425781253
        },
        "orientation": {
            "x": 0.27177892981347873,
            "y": -0.2798830148465415,
            "z": 0.016262051382494855,
            "w": 0.9206178669755893
        }
    }
}