{
    "header": {
        "seq": 23589,
        "stamp": {
            "secs": 1678823323,
            "nsecs": 784640125
        },
        "frame_id": "atracsys"
    },
    "pose": {
        "position": {
            "x": 0.2951261291503906,
            "y": 0.19344773864746095,
            "z": 0.1982025604248047
        },
        "orientation": {
            "x": 0.25388065825078915,
            "y": -0.214018307064236,
            "z": -0.030900375194677115,
            "w": 0.9427544443917157
        }
    }
}