{
    "header": {
        "seq": 23252,
        "stamp": {
            "secs": 1678823320,
            "nsecs": 390468022
        },
        "frame_id": "atracsys"
    },
    "pose": {
        "position": {
            "x": 0.415142822265625,
            "y": 0.22349609375,
            "z": 0.27267596435546876
        },
        "orientation": {
            "x": 0.2675704302314803,
            "y": -0.281070948007387,
            "z": 0.0198650301418981,
            "w": 0.9214176944412512
        }
    }
}