{
    "header": {
        "seq": 24110,
        "stamp": {
            "secs": 1678823329,
            "nsecs": 41301060
        },
        "frame_id": "atracsys"
    },
    "pose": {
        "position": {
            "x": 0.4198414001464844,
            "y": 0.2553619842529297,
            "z": 0.2855650329589844
        },
        "orientation": {
            "x": 0.28392898572071884,
            "y": -0.2845820014566736,
            "z": 0.04150390489002376,
            "w": 0.9146993174772776
        }
    }
}