{
    "header": {
        "seq": 18313,
        "stamp": {
            "secs": 1678823269,
            "nsecs": 686093279
        },
        "frame_id": "atracsys"
    },
    "pose": {
        "position": {
            "x": 0.18643902587890626,
            "y": 0.15055503845214843,
            "z": 0.18527040100097655
        },
        "orientation": {
            "x": 0.22556627907304802,
            "y": -0.10296666385809405,
            "z": 0.05740442009786939,
            "w": 0.9670690008641067
        }
    }
}