{
    "header": {
        "seq": 31430,
        "stamp": {
            "secs": 1678823402,
            "nsecs": 832136877
        },
        "frame_id": "atracsys"
    },
    "pose": {
        "position": {
            "x": 0.2249158630371094,
            "y": 0.07896274566650391,
            "z": 0.22094015502929687
        },
        "orientation": {
            "x": 0.1789309153432888,
            "y": -0.2062487819328876,
            "z": -0.13051723194753576,
            "w": 0.9531056707681296
        }
    }
}