{
    "header": {
        "seq": 9507,
        "stamp": {
            "secs": 1678823180,
            "nsecs": 23496911
        },
        "frame_id": "atracsys"
    },
    "pose": {
        "position": {
            "x": 0.6032369995117187,
            "y": 0.028151416778564455,
            "z": 0.4163232421875
        },
        "orientation": {
            "x": 0.15992626906172336,
            "y": -0.4426206122766467,
            "z": -0.07675925840661886,
            "w": 0.8789872571890388
        }
    }
}