{
    "header": {
        "seq": 24813,
        "stamp": {
            "secs": 1678823336,
            "nsecs": 127750924
        },
        "frame_id": "atracsys"
    },
    "pose": {
        "position": {
            "x": 0.4163232421875,
            "y": 0.24722891235351563,
            "z": 0.2714427490234375
        },
        "orientation": {
            "x": 0.28280150344323657,
            "y": -0.28620283239657796,
            "z": 0.02226242831186618,
            "w": 0.915213435578871
        }
    }
}