{
    "header": {
        "seq": 38663,
        "stamp": {
            "secs": 1678823475,
            "nsecs": 721398587
        },
        "frame_id": "atracsys"
    },
    "pose": {
        "position": {
            "x": 0.14862068176269533,
            "y": -0.07070477294921876,
            "z": 0.2213666229248047
        },
        "orientation": {
            "x": 0.0822879890369765,
            "y": -0.11619890657912418,
            "z": 0.06959506895879404,
            "w": 0.9873616497245005
        }
    }
}