{
    "header": {
        "seq": 32794,
        "stamp": {
            "secs": 1678823416,
            "nsecs": 566374069
        },
        "frame_id": "atracsys"
    },
    "pose": {
        "position": {
            "x": 0.2588773498535156,
            "y": 0.12882171630859376,
            "z": 0.24408612060546875
        },
        "orientation": {
            "x": 0.2045810756426431,
            "y": -0.21557929300172324,
            "z": -0.05263254417178246,
            "w": 0.9533635021395468
        }
    }
}