{
    "header": {
        "seq": 21332,
        "stamp": {
            "secs": 1678823301,
            "nsecs": 41277455
        },
        "frame_id": "atracsys"
    },
    "pose": {
        "position": {
            "x": 0.40788494873046877,
            "y": 0.22896308898925782,
            "z": 0.27149005126953124
        },
        "orientation": {
            "x": 0.2679751339094437,
            "y": -0.268933793930296,
            "z": -0.016787760749098227,
            "w": 0.9249768176432877
        }
    }
}