{
    "header": {
        "seq": 22095,
        "stamp": {
            "secs": 1678823308,
            "nsecs": 724841181
        },
        "frame_id": "atracsys"
    },
    "pose": {
        "position": {
            "x": 0.2390832977294922,
            "y": 0.1592022399902344,
            "z": 0.17508157348632813
        },
        "orientation": {
            "x": 0.23056339008611007,
            "y": -0.17962969184933278,
            "z": -0.06524540872330656,
            "w": 0.9541052004882075
        }
    }
}