{
    "header": {
        "seq": 31658,
        "stamp": {
            "secs": 1678823405,
            "nsecs": 130586125
        },
        "frame_id": "atracsys"
    },
    "pose": {
        "position": {
            "x": 0.2515667419433594,
            "y": 0.12303278350830078,
            "z": 0.23798141479492188
        },
        "orientation": {
            "x": 0.20275922698424909,
            "y": -0.21424170425932865,
            "z": -0.09403774535909865,
            "w": 0.9508659687235554
        }
    }
}