{
    "header": {
        "seq": 38749,
        "stamp": {
            "secs": 1678823476,
            "nsecs": 587147807
        },
        "frame_id": "atracsys"
    },
    "pose": {
        "position": {
            "x": 0.16335400390625002,
            "y": -0.09173944091796875,
            "z": 0.2267358856201172
        },
        "orientation": {
            "x": 0.07101305938091945,
            "y": -0.11524488487308614,
            "z": 0.10038660205379142,
            "w": 0.9856968560546621
        }
    }
}