{
    "header": {
        "seq": 6469,
        "stamp": {
            "secs": 1678823149,
            "nsecs": 402720049
        },
        "frame_id": "atracsys"
    },
    "pose": {
        "position": {
            "x": 0.4970650939941406,
            "y": -0.14456954956054688,
            "z": 0.3093905944824219
        },
        "orientation": {
            "x": 0.07155876336522353,
            "y": -0.4143403189148972,
            "z": -0.17596507785874915,
            "w": 0.890077375783311
        }
    }
}