{
    "header": {
        "seq": 22276,
        "stamp": {
            "secs": 1678823310,
            "nsecs": 548834455
        },
        "frame_id": "atracsys"
    },
    "pose": {
        "position": {
            "x": 0.2536423797607422,
            "y": 0.26696697998046875,
            "z": 0.21303598022460937
        },
        "orientation": {
            "x": 0.29532253135095565,
            "y": -0.1815758512235999,
            "z": -0.04256572454740725,
            "w": 0.9370181277983063
        }
    }
}