{
    "header": {
        "seq": 18223,
        "stamp": {
            "secs": 1678823268,
            "nsecs": 778644002
        },
        "frame_id": "atracsys"
    },
    "pose": {
        "position": {
            "x": 0.19884805297851563,
            "y": 0.16791903686523438,
            "z": 0.19977076721191406
        },
        "orientation": {
            "x": 0.23251000302334274,
            "y": -0.10642587688193089,
            "z": 0.07666199069550227,
            "w": 0.9637092769121817
        }
    }
}