{
    "header": {
        "seq": 38057,
        "stamp": {
            "secs": 1678823469,
            "nsecs": 619993333
        },
        "frame_id": "atracsys"
    },
    "pose": {
        "position": {
            "x": 0.13948828125,
            "y": -0.004896148204803467,
            "z": 0.2041417694091797
        },
        "orientation": {
            "x": 0.11879355457368286,
            "y": -0.1651346334000752,
            "z": -0.1464216192750791,
            "w": 0.9680802413294243
        }
    }
}