{
    "header": {
        "seq": 23973,
        "stamp": {
            "secs": 1678823327,
            "nsecs": 656176981
        },
        "frame_id": "atracsys"
    },
    "pose": {
        "position": {
            "x": 0.3544431457519531,
            "y": 0.2517190704345703,
            "z": 0.2437470703125
        },
        "orientation": {
            "x": 0.288293101605619,
            "y": -0.24800982239392688,
            "z": 0.003795760201582862,
            "w": 0.924858804232969
        }
    }
}