{
    "header": {
        "seq": 31953,
        "stamp": {
            "secs": 1678823408,
            "nsecs": 100832494
        },
        "frame_id": "atracsys"
    },
    "pose": {
        "position": {
            "x": 0.2540953826904297,
            "y": 0.10669264221191406,
            "z": 0.2389749755859375
        },
        "orientation": {
            "x": 0.1937810401043847,
            "y": -0.21585996268125687,
            "z": -0.07569122766904744,
            "w": 0.9540043097708006
        }
    }
}