{
    "header": {
        "seq": 28915,
        "stamp": {
            "secs": 1678823377,
            "nsecs": 474034353
        },
        "frame_id": "atracsys"
    },
    "pose": {
        "position": {
            "x": 0.3238012084960938,
            "y": 0.19820343017578126,
            "z": 0.24114974975585937
        },
        "orientation": {
            "x": 0.2583683350351544,
            "y": -0.2497953812903217,
            "z": -0.10715776862136821,
            "w": 0.9270195702148226
        }
    }
}