{
    "header": {
        "seq": 23802,
        "stamp": {
            "secs": 1678823325,
            "nsecs": 936747586
        },
        "frame_id": "atracsys"
    },
    "pose": {
        "position": {
            "x": 0.28531982421875,
            "y": 0.22352700805664064,
            "z": 0.20283291625976563
        },
        "orientation": {
            "x": 0.2710002690695096,
            "y": -0.2072727960693239,
            "z": -0.010194028550533559,
            "w": 0.9399430429317347
        }
    }
}