{
    "header": {
        "seq": 37551,
        "stamp": {
            "secs": 1678823464,
            "nsecs": 512504031
        },
        "frame_id": "atracsys"
    },
    "pose": {
        "position": {
            "x": 0.16322567749023437,
            "y": 0.011621796607971191,
            "z": 0.21192012023925783
        },
        "orientation": {
            "x": 0.13439126188112233,
            "y": -0.16497270159671487,
            "z": -0.05676906489146547,
            "w": 0.9754487529999869
        }
    }
}