{
    "header": {
        "seq": 8922,
        "stamp": {
            "secs": 1678823174,
            "nsecs": 116128703
        },
        "frame_id": "atracsys"
    },
    "pose": {
        "position": {
            "x": 0.5719169921875,
            "y": -0.05281194305419922,
            "z": 0.3792109375
        },
        "orientation": {
            "x": 0.10733747308909727,
            "y": -0.4196428096707268,
            "z": -0.1071382627302863,
            "w": 0.8949301491298869
        }
    }
}