{
    "header": {
        "seq": 9691,
        "stamp": {
            "secs": 1678823181,
            "nsecs": 880191253
        },
        "frame_id": "atracsys"
    },
    "pose": {
        "position": {
            "x": 0.6098326416015625,
            "y": 0.040790027618408206,
            "z": 0.42750933837890626
        },
        "orientation": {
            "x": 0.16540918221988915,
            "y": -0.4487212117958921,
            "z": -0.05968265084210616,
            "w": 0.876200352493785
        }
    }
}