{
    "header": {
        "seq": 33110,
        "stamp": {
            "secs": 1678823419,
            "nsecs": 748536054
        },
        "frame_id": "atracsys"
    },
    "pose": {
        "position": {
            "x": 0.20511497497558595,
            "y": 0.12198856353759766,
            "z": 0.22144673156738282
        },
        "orientation": {
            "x": 0.2065122348215327,
            "y": -0.18837562949686443,
            "z": -0.0553273221003279,
            "w": 0.9585437947792906
        }
    }
}