{
    "header": {
        "seq": 18191,
        "stamp": {
            "secs": 1678823268,
            "nsecs": 456355610
        },
        "frame_id": "atracsys"
    },
    "pose": {
        "position": {
            "x": 0.19322406005859374,
            "y": 0.14872091674804688,
            "z": 0.20121034240722657
        },
        "orientation": {
            "x": 0.22037246782967426,
            "y": -0.10187168313534072,
            "z": 0.07684325927688392,
            "w": 0.9670332202678136
        }
    }
}