{
    "header": {
        "seq": 35351,
        "stamp": {
            "secs": 1678823442,
            "nsecs": 348348731
        },
        "frame_id": "atracsys"
    },
    "pose": {
        "position": {
            "x": 0.022609846115112305,
            "y": 0.18627120971679687,
            "z": 0.17295208740234375
        },
        "orientation": {
            "x": 0.2212020958585714,
            "y": -0.08779573910660173,
            "z": -0.16396011722179055,
            "w": 0.9573288990431228
        }
    }
}