{
    "header": {
        "seq": 26731,
        "stamp": {
            "secs": 1678823355,
            "nsecs": 456055362
        },
        "frame_id": "atracsys"
    },
    "pose": {
        "position": {
            "x": 0.301419677734375,
            "y": 0.16184686279296875,
            "z": 0.22616305541992188
        },
        "orientation": {
            "x": 0.2333836571096044,
            "y": -0.23543106785354134,
            "z": -0.10429088811118024,
            "w": 0.9376714198163818
        }
    }
}