{
    "header": {
        "seq": 22398,
        "stamp": {
            "secs": 1678823311,
            "nsecs": 781635217
        },
        "frame_id": "atracsys"
    },
    "pose": {
        "position": {
            "x": 0.3077698669433594,
            "y": 0.2683279113769531,
            "z": 0.24027088928222656
        },
        "orientation": {
            "x": 0.2952741560274956,
            "y": -0.21184119155658038,
            "z": -0.011944117238967203,
            "w": 0.9315545182143234
        }
    }
}