{
    "header": {
        "seq": 35291,
        "stamp": {
            "secs": 1678823441,
            "nsecs": 742408693
        },
        "frame_id": "atracsys"
    },
    "pose": {
        "position": {
            "x": 0.006960242748260498,
            "y": 0.19808323669433595,
            "z": 0.16765542602539063
        },
        "orientation": {
            "x": 0.22297288072825183,
            "y": -0.07928926311541949,
            "z": -0.18661925737324467,
            "w": 0.95350383323394
        }
    }
}