{
    "header": {
        "seq": 22774,
        "stamp": {
            "secs": 1678823315,
            "nsecs": 575565455
        },
        "frame_id": "atracsys"
    },
    "pose": {
        "position": {
            "x": 0.49307128906250003,
            "y": 0.2271793212890625,
            "z": 0.32865277099609375
        },
        "orientation": {
            "x": 0.25485635272430124,
            "y": -0.3223806939061881,
            "z": 0.06052783704679646,
            "w": 0.9096457049945699
        }
    }
}