{
    "header": {
        "seq": 32615,
        "stamp": {
            "secs": 1678823414,
            "nsecs": 763350838
        },
        "frame_id": "atracsys"
    },
    "pose": {
        "position": {
            "x": 0.17433175659179687,
            "y": 0.1646128692626953,
            "z": 0.22072500610351564
        },
        "orientation": {
            "x": 0.22972128221977053,
            "y": -0.1673829240294935,
            "z": -0.06949669166664765,
            "w": 0.9562328686496989
        }
    }
}