{
    "header": {
        "seq": 14292,
        "stamp": {
            "secs": 1678823228,
            "nsecs": 280258488
        },
        "frame_id": "atracsys"
    },
    "pose": {
        "position": {
            "x": 0.7214152221679687,
            "y": -0.2115924530029297,
            "z": 0.7754349365234375
        },
        "orientation": {
            "x": 0.015085940785359022,
            "y": -0.6904315262056271,
            "z": -0.08546365203510511,
            "w": 0.7181731589197773
        }
    }
}