{
    "header": {
        "seq": 10227,
        "stamp": {
            "secs": 1678823187,
            "nsecs": 289148183
        },
        "frame_id": "atracsys"
    },
    "pose": {
        "position": {
            "x": 0.63508935546875,
            "y": 0.05091179275512695,
            "z": 0.4596112060546875
        },
        "orientation": {
            "x": 0.16391286780526,
            "y": -0.4750157570599209,
            "z": -0.015357123707018612,
            "w": 0.8644401431354822
        }
    }
}