{
    "header": {
        "seq": 39187,
        "stamp": {
            "secs": 1678823480,
            "nsecs": 996097055
        },
        "frame_id": "atracsys"
    },
    "pose": {
        "position": {
            "x": 0.2452931365966797,
            "y": -0.11514414215087891,
            "z": 0.2470248718261719
        },
        "orientation": {
            "x": 0.06129809369212151,
            "y": -0.14363742777065683,
            "z": 0.1734085351137092,
            "w": 0.9723889720697468
        }
    }
}