{
    "header": {
        "seq": 32958,
        "stamp": {
            "secs": 1678823418,
            "nsecs": 217167324
        },
        "frame_id": "atracsys"
    },
    "pose": {
        "position": {
            "x": 0.2426104431152344,
            "y": 0.1259892578125,
            "z": 0.23768846130371094
        },
        "orientation": {
            "x": 0.20418835598565116,
            "y": -0.20656148934533342,
            "z": -0.046847240238099254,
            "w": 0.9557430630045862
        }
    }
}