{
    "header": {
        "seq": 21134,
        "stamp": {
            "secs": 1678823299,
            "nsecs": 47252851
        },
        "frame_id": "atracsys"
    },
    "pose": {
        "position": {
            "x": 0.2707646179199219,
            "y": 0.248195556640625,
            "z": 0.21464207458496093
        },
        "orientation": {
            "x": 0.28280134773204646,
            "y": -0.18933630871286788,
            "z": -0.05848993533447101,
            "w": 0.9384849958249163
        }
    }
}