{
    "header": {
        "seq": 5981,
        "stamp": {
            "secs": 1678823144,
            "nsecs": 492144182
        },
        "frame_id": "atracsys"
    },
    "pose": {
        "position": {
            "x": 0.46313116455078124,
            "y": -0.10279210662841796,
            "z": 0.2840230712890625
        },
        "orientation": {
            "x": 0.09159322663249779,
            "y": -0.3891254993315109,
            "z": -0.1537350301855658,
            "w": 0.9036357491262136
        }
    }
}