{
    "header": {
        "seq": 32563,
        "stamp": {
            "secs": 1678823414,
            "nsecs": 240967624
        },
        "frame_id": "atracsys"
    },
    "pose": {
        "position": {
            "x": 0.15524740600585937,
            "y": 0.15851556396484376,
            "z": 0.21572401428222657
        },
        "orientation": {
            "x": 0.22550467739889524,
            "y": -0.15647441827201794,
            "z": -0.06927916458389327,
            "w": 0.9590952998801588
        }
    }
}