{
    "header": {
        "seq": 37867,
        "stamp": {
            "secs": 1678823467,
            "nsecs": 700579443
        },
        "frame_id": "atracsys"
    },
    "pose": {
        "position": {
            "x": 0.1403656463623047,
            "y": -0.009575216293334961,
            "z": 0.19852015686035157
        },
        "orientation": {
            "x": 0.11652864668751803,
            "y": -0.16142170273179574,
            "z": -0.10529938452295393,
            "w": 0.9743080354833529
        }
    }
}