{
    "header": {
        "seq": 22422,
        "stamp": {
            "secs": 1678823312,
            "nsecs": 23444752
        },
        "frame_id": "atracsys"
    },
    "pose": {
        "position": {
            "x": 0.3054603271484375,
            "y": 0.23621653747558594,
            "z": 0.23773361206054688
        },
        "orientation": {
            "x": 0.2745693127728414,
            "y": -0.20858580416231168,
            "z": 0.0035483451373967945,
            "w": 0.9386645109048266
        }
    }
}