{
    "header": {
        "seq": 9363,
        "stamp": {
            "secs": 1678823178,
            "nsecs": 566788108
        },
        "frame_id": "atracsys"
    },
    "pose": {
        "position": {
            "x": 0.5988665161132812,
            "y": 0.009812360763549804,
            "z": 0.40884817504882814
        },
        "orientation": {
            "x": 0.14833028498881032,
            "y": -0.4386984339248123,
            "z": -0.08419197812303926,
            "w": 0.8823001311610382
        }
    }
}