{
    "header": {
        "seq": 38913,
        "stamp": {
            "secs": 1678823478,
            "nsecs": 237902708
        },
        "frame_id": "atracsys"
    },
    "pose": {
        "position": {
            "x": 0.142186767578125,
            "y": -0.052868465423583984,
            "z": 0.22329721069335937
        },
        "orientation": {
            "x": 0.10104023911819048,
            "y": -0.10542640937093248,
            "z": 0.10015446814542782,
            "w": 0.9841977569556832
        }
    }
}