{
    "header": {
        "seq": 36845,
        "stamp": {
            "secs": 1678823457,
            "nsecs": 396070802
        },
        "frame_id": "atracsys"
    },
    "pose": {
        "position": {
            "x": 0.11552512359619141,
            "y": 0.12582406616210937,
            "z": 0.19338105773925782
        },
        "orientation": {
            "x": 0.19249452031782532,
            "y": -0.14223795146815135,
            "z": -0.15250548823480475,
            "w": 0.9588828400112385
        }
    }
}