{
    "header": {
        "seq": 18419,
        "stamp": {
            "secs": 1678823270,
            "nsecs": 757821851
        },
        "frame_id": "atracsys"
    },
    "pose": {
        "position": {
            "x": 0.1874615173339844,
            "y": 0.1396357116699219,
            "z": 0.17268647766113282
        },
        "orientation": {
            "x": 0.22084113849412818,
            "y": -0.10710398638907083,
            "z": 0.04560388277969485,
            "w": 0.9683378612465812
        }
    }
}