{
    "header": {
        "seq": 38960,
        "stamp": {
            "secs": 1678823478,
            "nsecs": 709518293
        },
        "frame_id": "atracsys"
    },
    "pose": {
        "position": {
            "x": 0.2533529968261719,
            "y": -0.08170689392089844,
            "z": 0.247912109375
        },
        "orientation": {
            "x": 0.07144241047556733,
            "y": -0.12921674034677583,
            "z": 0.22875510797606352,
            "w": 0.962221448822699
        }
    }
}