{
    "header": {
        "seq": 25209,
        "stamp": {
            "secs": 1678823340,
            "nsecs": 112866553
        },
        "frame_id": "atracsys"
    },
    "pose": {
        "position": {
            "x": 0.2812989501953125,
            "y": 0.2186029052734375,
            "z": 0.18850611877441406
        },
        "orientation": {
            "x": 0.26706343606890154,
            "y": -0.20927598839367165,
            "z": -0.023544399910183027,
            "w": 0.9403862733099592
        }
    }
}