{
    "header": {
        "seq": 25062,
        "stamp": {
            "secs": 1678823338,
            "nsecs": 632234281
        },
        "frame_id": "atracsys"
    },
    "pose": {
        "position": {
            "x": 0.3522735290527344,
            "y": 0.2244830017089844,
            "z": 0.22312051391601562
        },
        "orientation": {
            "x": 0.27174572174872275,
            "y": -0.2504180094010469,
            "z": -0.0042642715835250755,
            "w": 0.9292076728410851
        }
    }
}