{
    "header": {
        "seq": 32221,
        "stamp": {
            "secs": 1678823410,
            "nsecs": 799283712
        },
        "frame_id": "atracsys"
    },
    "pose": {
        "position": {
            "x": 0.1922382354736328,
            "y": 0.11838520812988282,
            "z": 0.21688777160644532
        },
        "orientation": {
            "x": 0.2026029147221248,
            "y": -0.18215184243618773,
            "z": -0.09528431614227127,
            "w": 0.9574412067278605
        }
    }
}