{
    "header": {
        "seq": 10461,
        "stamp": {
            "secs": 1678823189,
            "nsecs": 644364662
        },
        "frame_id": "atracsys"
    },
    "pose": {
        "position": {
            "x": 0.6782733764648438,
            "y": 0.06263059234619141,
            "z": 0.5117292785644532
        },
        "orientation": {
            "x": 0.1660602354423729,
            "y": -0.510226500712854,
            "z": 0.004553638058129757,
            "w": 0.8438436943863331
        }
    }
}