{
    "header": {
        "seq": 22977,
        "stamp": {
            "secs": 1678823317,
            "nsecs": 620326075
        },
        "frame_id": "atracsys"
    },
    "pose": {
        "position": {
            "x": 0.47184631347656253,
            "y": 0.25288221740722655,
            "z": 0.32067715454101564
        },
        "orientation": {
            "x": 0.273890944420506,
            "y": -0.31253806600260037,
            "z": 0.0623192810139498,
            "w": 0.9074249363323128
        }
    }
}