{
    "header": {
        "seq": 21630,
        "stamp": {
            "secs": 1678823304,
            "nsecs": 38250229
        },
        "frame_id": "atracsys"
    },
    "pose": {
        "position": {
            "x": 0.4396791687011719,
            "y": 0.21432266235351563,
            "z": 0.2949999694824219
        },
        "orientation": {
            "x": 0.2494928458165258,
            "y": -0.28482256893735336,
            "z": 0.04666238118050829,
            "w": 0.9243657535266346
        }
    }
}