{
    "header": {
        "seq": 29832,
        "stamp": {
            "secs": 1678823386,
            "nsecs": 721654031
        },
        "frame_id": "atracsys"
    },
    "pose": {
        "position": {
            "x": 0.14896421813964844,
            "y": 0.2323575439453125,
            "z": 0.19679963684082033
        },
        "orientation": {
            "x": 0.2711458737087704,
            "y": -0.14507094330164969,
            "z": -0.066079755198508,
            "w": 0.9492459125712276
        }
    }
}