{
    "header": {
        "seq": 7560,
        "stamp": {
            "secs": 1678823160,
            "nsecs": 399711661
        },
        "frame_id": "atracsys"
    },
    "pose": {
        "position": {
            "x": 0.505095947265625,
            "y": -0.18131935119628906,
            "z": 0.3258333129882813
        },
        "orientation": {
            "x": 0.03692320748867989,
            "y": -0.40472444101675087,
            "z": -0.1857432886373788,
            "w": 0.8946140141528064
        }
    }
}