{
    "header": {
        "seq": 22214,
        "stamp": {
            "secs": 1678823309,
            "nsecs": 924867530
        },
        "frame_id": "atracsys"
    },
    "pose": {
        "position": {
            "x": 0.24540469360351563,
            "y": 0.19285342407226563,
            "z": 0.19113893127441406
        },
        "orientation": {
            "x": 0.2519817897883548,
            "y": -0.1797459263512024,
            "z": -0.04101288574749073,
            "w": 0.95000764353655
        }
    }
}