{
    "header": {
        "seq": 21300,
        "stamp": {
            "secs": 1678823300,
            "nsecs": 718891530
        },
        "frame_id": "atracsys"
    },
    "pose": {
        "position": {
            "x": 0.39467816162109376,
            "y": 0.24712051391601564,
            "z": 0.26607119750976566
        },
        "orientation": {
            "x": 0.28041578451957927,
            "y": -0.26155689350570915,
            "z": -0.031874561241278465,
            "w": 0.9230054125505376
        }
    }
}