{
    "header": {
        "seq": 31584,
        "stamp": {
            "secs": 1678823404,
            "nsecs": 384290506
        },
        "frame_id": "atracsys"
    },
    "pose": {
        "position": {
            "x": 0.22629916381835938,
            "y": 0.10646128082275391,
            "z": 0.22816067504882814
        },
        "orientation": {
            "x": 0.19359371056892,
            "y": -0.20192527713201197,
            "z": -0.11160236399269906,
            "w": 0.9535683352726004
        }
    }
}