{
    "header": {
        "seq": 20543,
        "stamp": {
            "secs": 1678823293,
            "nsecs": 97999709
        },
        "frame_id": "atracsys"
    },
    "pose": {
        "position": {
            "x": 0.48629888916015623,
            "y": 0.1655226287841797,
            "z": 0.2643809509277344
        },
        "orientation": {
            "x": 0.24641570209651223,
            "y": -0.33083245674940814,
            "z": -0.09874322760309236,
            "w": 0.9055821124138649
        }
    }
}