{
    "header": {
        "seq": 24461,
        "stamp": {
            "secs": 1678823332,
            "nsecs": 584445302
        },
        "frame_id": "atracsys"
    },
    "pose": {
        "position": {
            "x": 0.5234405517578125,
            "y": 0.30287789916992186,
            "z": 0.3710890197753906
        },
        "orientation": {
            "x": 0.2946807287799885,
            "y": -0.351543662032498,
            "z": 0.09936673749845835,
            "w": 0.8830099508212736
        }
    }
}