{
    "header": {
        "seq": 35713,
        "stamp": {
            "secs": 1678823445,
            "nsecs": 996128487
        },
        "frame_id": "atracsys"
    },
    "pose": {
        "position": {
            "x": 0.09351844024658203,
            "y": 0.15789413452148438,
            "z": 0.1837184753417969
        },
        "orientation": {
            "x": 0.21728843176807663,
            "y": -0.12787996194943574,
            "z": -0.09152950155926659,
            "w": 0.9633560105671699
        }
    }
}