{
    "header": {
        "seq": 32047,
        "stamp": {
            "secs": 1678823409,
            "nsecs": 47043764
        },
        "frame_id": "atracsys"
    },
    "pose": {
        "position": {
            "x": 0.2350577392578125,
            "y": 0.10343907165527344,
            "z": 0.2301058807373047
        },
        "orientation": {
            "x": 0.19344740074985986,
            "y": -0.20689589373273415,
            "z": -0.09173198723796032,
            "w": 0.9546504254527052
        }
    }
}