{
    "header": {
        "seq": 6293,
        "stamp": {
            "secs": 1678823147,
            "nsecs": 632567461
        },
        "frame_id": "atracsys"
    },
    "pose": {
        "position": {
            "x": 0.49526089477539065,
            "y": -0.14052757263183593,
            "z": 0.3090758056640625
        },
        "orientation": {
            "x": 0.07364003886337332,
            "y": -0.41380093921553546,
            "z": -0.1663197838800289,
            "w": 0.8920110183571962
        }
    }
}