{
    "header": {
        "seq": 6737,
        "stamp": {
            "secs": 1678823152,
            "nsecs": 107147686
        },
        "frame_id": "atracsys"
    },
    "pose": {
        "position": {
            "x": 0.5102852478027344,
            "y": -0.1786744384765625,
            "z": 0.3232825622558594
        },
        "orientation": {
            "x": 0.05237214446076426,
            "y": -0.424485648242149,
            "z": -0.19289951981284467,
            "w": 0.8830961828572229
        }
    }
}