{
    "header": {
        "seq": 36139,
        "stamp": {
            "secs": 1678823450,
            "nsecs": 282656094
        },
        "frame_id": "atracsys"
    },
    "pose": {
        "position": {
            "x": 0.11987259674072266,
            "y": 0.14875343322753906,
            "z": 0.18765322875976562
        },
        "orientation": {
            "x": 0.20916417007692722,
            "y": -0.14212796568649042,
            "z": -0.08705368295699074,
            "w": 0.9635723364695947
        }
    }
}