{
    "header": {
        "seq": 38143,
        "stamp": {
            "secs": 1678823470,
            "nsecs": 485636781
        },
        "frame_id": "atracsys"
    },
    "pose": {
        "position": {
            "x": 0.11060694885253906,
            "y": -0.01202275562286377,
            "z": 0.199274169921875
        },
        "orientation": {
            "x": 0.11348778792248629,
            "y": -0.14768448971107562,
            "z": -0.13150253248475713,
            "w": 0.9736615928757462
        }
    }
}