{
    "header": {
        "seq": 28287,
        "stamp": {
            "secs": 1678823371,
            "nsecs": 148566168
        },
        "frame_id": "atracsys"
    },
    "pose": {
        "position": {
            "x": 0.1053295669555664,
            "y": 0.23850865173339844,
            "z": 0.19283517456054688
        },
        "orientation": {
            "x": 0.2724828886964419,
            "y": -0.11847824002271878,
            "z": -0.07808808991026026,
            "w": 0.9516397596900461
        }
    }
}