{
    "header": {
        "seq": 26705,
        "stamp": {
            "secs": 1678823355,
            "nsecs": 193373780
        },
        "frame_id": "atracsys"
    },
    "pose": {
        "position": {
            "x": 0.30889053344726564,
            "y": 0.15057809448242188,
            "z": 0.22652787780761718
        },
        "orientation": {
            "x": 0.2272061005500709,
            "y": -0.24084832594393893,
            "z": -0.1047563785500635,
            "w": 0.9377609359084591
        }
    }
}