{
    "header": {
        "seq": 34175,
        "stamp": {
            "secs": 1678823430,
            "nsecs": 497646246
        },
        "frame_id": "atracsys"
    },
    "pose": {
        "position": {
            "x": 0.16266371154785156,
            "y": 0.14042771911621094,
            "z": 0.20461314392089844
        },
        "orientation": {
            "x": 0.21624552775341485,
            "y": -0.16568444115247713,
            "z": -0.04113828566898459,
            "w": 0.9612981738975974
        }
    }
}