{
    "header": {
        "seq": 21600,
        "stamp": {
            "secs": 1678823303,
            "nsecs": 736755760
        },
        "frame_id": "atracsys"
    },
    "pose": {
        "position": {
            "x": 0.45236911010742187,
            "y": 0.22104747009277345,
            "z": 0.30382745361328123
        },
        "orientation": {
            "x": 0.2512283096094538,
            "y": -0.2923712423437552,
            "z": 0.05255908978377738,
            "w": 0.921217094490895
        }
    }
}