{
    "header": {
        "seq": 24298,
        "stamp": {
            "secs": 1678823330,
            "nsecs": 939804439
        },
        "frame_id": "atracsys"
    },
    "pose": {
        "position": {
            "x": 0.4904314880371094,
            "y": 0.2633530578613281,
            "z": 0.333765869140625
        },
        "orientation": {
            "x": 0.27924090562620846,
            "y": -0.3268071870883808,
            "z": 0.07240334304851737,
            "w": 0.8999885193755716
        }
    }
}