{
    "header": {
        "seq": 26426,
        "stamp": {
            "secs": 1678823352,
            "nsecs": 381554787
        },
        "frame_id": "atracsys"
    },
    "pose": {
        "position": {
            "x": 0.2556704254150391,
            "y": 0.15457708740234374,
            "z": 0.20755941772460937
        },
        "orientation": {
            "x": 0.2294021650188977,
            "y": -0.21086036456467452,
            "z": -0.097106768826162,
            "w": 0.945242206415074
        }
    }
}