{
    "header": {
        "seq": 24080,
        "stamp": {
            "secs": 1678823328,
            "nsecs": 739806363
        },
        "frame_id": "atracsys"
    },
    "pose": {
        "position": {
            "x": 0.4076254577636719,
            "y": 0.27044512939453125,
            "z": 0.281531005859375
        },
        "orientation": {
            "x": 0.29547335483494946,
            "y": -0.27775999150051434,
            "z": 0.027343894814244863,
            "w": 0.913672367493185
        }
    }
}