{
    "header": {
        "seq": 9035,
        "stamp": {
            "secs": 1678823175,
            "nsecs": 259397206
        },
        "frame_id": "atracsys"
    },
    "pose": {
        "position": {
            "x": 0.5821868286132813,
            "y": -0.028696006774902343,
            "z": 0.3870172729492188
        },
        "orientation": {
            "x": 0.12417859801816233,
            "y": -0.4262896830423306,
            "z": -0.10627700116349377,
            "w": 0.8896976907633333
        }
    }
}