{
    "header": {
        "seq": 19019,
        "stamp": {
            "secs": 1678823276,
            "nsecs": 805478472
        },
        "frame_id": "atracsys"
    },
    "pose": {
        "position": {
            "x": 0.2586717529296875,
            "y": 0.14980770874023439,
            "z": 0.22225177001953125
        },
        "orientation": {
            "x": 0.21430355383747868,
            "y": -0.140307615869924,
            "z": 0.11320953446814253,
            "w": 0.9599850837627798
        }
    }
}