{
    "header": {
        "seq": 16568,
        "stamp": {
            "secs": 1678823251,
            "nsecs": 850273513
        },
        "frame_id": "atracsys"
    },
    "pose": {
        "position": {
            "x": 0.47958929443359377,
            "y": 0.09917032623291015,
            "z": 0.2885413818359375
        },
        "orientation": {
            "x": 0.21561954614503562,
            "y": -0.3905723228428267,
            "z": -0.14922676296958884,
            "w": 0.8824357456285334
        }
    }
}