{
    "header": {
        "seq": 33841,
        "stamp": {
            "secs": 1678823427,
            "nsecs": 124640085
        },
        "frame_id": "atracsys"
    },
    "pose": {
        "position": {
            "x": 0.20091325378417968,
            "y": 0.08535910034179688,
            "z": 0.2060103454589844
        },
        "orientation": {
            "x": 0.18339046579057783,
            "y": -0.19028476239159114,
            "z": -0.04456129517909864,
            "w": 0.9634178414533602
        }
    }
}