{
    "header": {
        "seq": 30978,
        "stamp": {
            "secs": 1678823398,
            "nsecs": 273861535
        },
        "frame_id": "atracsys"
    },
    "pose": {
        "position": {
            "x": 0.3552547912597656,
            "y": 0.05147415542602539,
            "z": 0.2786289367675781
        },
        "orientation": {
            "x": 0.16040568809144906,
            "y": -0.27869170318619385,
            "z": -0.0866166082448538,
            "w": 0.9429202049904566
        }
    }
}