{
    "header": {
        "seq": 25232,
        "stamp": {
            "secs": 1678823340,
            "nsecs": 342711411
        },
        "frame_id": "atracsys"
    },
    "pose": {
        "position": {
            "x": 0.2818036193847656,
            "y": 0.22706942749023437,
            "z": 0.1920890655517578
        },
        "orientation": {
            "x": 0.2716125516119276,
            "y": -0.20895993850791453,
            "z": -0.011386494138147744,
            "w": 0.9393788978132672
        }
    }
}