{
    "header": {
        "seq": 31838,
        "stamp": {
            "secs": 1678823406,
            "nsecs": 942593912
        },
        "frame_id": "atracsys"
    },
    "pose": {
        "position": {
            "x": 0.2637668151855469,
            "y": 0.15448411560058595,
            "z": 0.24761692810058594
        },
        "orientation": {
            "x": 0.2187320784004549,
            "y": -0.21740060329077726,
            "z": -0.0667581624075075,
            "w": 0.948913380303701
        }
    }
}