{
    "header": {
        "seq": 36167,
        "stamp": {
            "secs": 1678823450,
            "nsecs": 563257053
        },
        "frame_id": "atracsys"
    },
    "pose": {
        "position": {
            "x": 0.13831483459472657,
            "y": 0.13888531494140624,
            "z": 0.18800411987304688
        },
        "orientation": {
            "x": 0.2052070530332896,
            "y": -0.15471983966897476,
            "z": -0.09366793761102875,
            "w": 0.9618618165110288
        }
    }
}