{
    "header": {
        "seq": 28616,
        "stamp": {
            "secs": 1678823374,
            "nsecs": 459014879
        },
        "frame_id": "atracsys"
    },
    "pose": {
        "position": {
            "x": 0.22184675598144532,
            "y": 0.280432861328125,
            "z": 0.23567613220214845
        },
        "orientation": {
            "x": 0.3040080014370246,
            "y": -0.1865518730672008,
            "z": -0.024585321743120937,
            "w": 0.9339020803447075
        }
    }
}