{
    "header": {
        "seq": 33774,
        "stamp": {
            "secs": 1678823426,
            "nsecs": 446977831
        },
        "frame_id": "atracsys"
    },
    "pose": {
        "position": {
            "x": 0.2517492218017578,
            "y": 0.06812869262695313,
            "z": 0.22538941955566408
        },
        "orientation": {
            "x": 0.1769491968633603,
            "y": -0.22113174898893953,
            "z": -0.03932711488873391,
            "w": 0.9582500244471862
        }
    }
}