{
    "header": {
        "seq": 24192,
        "stamp": {
            "secs": 1678823329,
            "nsecs": 868060135
        },
        "frame_id": "atracsys"
    },
    "pose": {
        "position": {
            "x": 0.45753112792968753,
            "y": 0.2640206298828125,
            "z": 0.31160162353515625
        },
        "orientation": {
            "x": 0.285863739344375,
            "y": -0.3075772704056716,
            "z": 0.05384993738682833,
            "w": 0.905968172454906
        }
    }
}