{
    "header": {
        "seq": 18505,
        "stamp": {
            "secs": 1678823271,
            "nsecs": 623397430
        },
        "frame_id": "atracsys"
    },
    "pose": {
        "position": {
            "x": 0.2045810546875,
            "y": 0.11950202941894532,
            "z": 0.17638795471191407
        },
        "orientation": {
            "x": 0.20966745807298187,
            "y": -0.1110480976872765,
            "z": 0.08377990784917735,
            "w": 0.9678268461176487
        }
    }
}