{
    "header": {
        "seq": 8864,
        "stamp": {
            "secs": 1678823173,
            "nsecs": 531055071
        },
        "frame_id": "atracsys"
    },
    "pose": {
        "position": {
            "x": 0.5754231567382813,
            "y": -0.03489393997192383,
            "z": 0.37498175048828125
        },
        "orientation": {
            "x": 0.12076925675137379,
            "y": -0.4223996097835637,
            "z": -0.12562367930018215,
            "w": 0.8895010103858787
        }
    }
}