{
    "header": {
        "seq": 6675,
        "stamp": {
            "secs": 1678823151,
            "nsecs": 480306342
        },
        "frame_id": "atracsys"
    },
    "pose": {
        "position": {
            "x": 0.51651416015625,
            "y": -0.1765811767578125,
            "z": 0.32778631591796875
        },
        "orientation": {
            "x": 0.05446981620661961,
            "y": -0.4294716637275965,
            "z": -0.18751948226759677,
            "w": 0.8817162655568739
        }
    }
}