{
    "header": {
        "seq": 35763,
        "stamp": {
            "secs": 1678823446,
            "nsecs": 497609855
        },
        "frame_id": "atracsys"
    },
    "pose": {
        "position": {
            "x": 0.08662225341796875,
            "y": 0.13919111633300782,
            "z": 0.1801038818359375
        },
        "orientation": {
            "x": 0.2036962861765068,
            "y": -0.12569920749066044,
            "z": -0.11085846460712746,
            "w": 0.9645817399573086
        }
    }
}