{
    "header": {
        "seq": 36988,
        "stamp": {
            "secs": 1678823458,
            "nsecs": 837972758
        },
        "frame_id": "atracsys"
    },
    "pose": {
        "position": {
            "x": 0.103346435546875,
            "y": 0.16510023498535156,
            "z": 0.20178822326660156
        },
        "orientation": {
            "x": 0.21614416773125955,
            "y": -0.13078054743259898,
            "z": -0.16413949243868461,
            "w": 0.953538868736331
        }
    }
}