{
    "header": {
        "seq": 22720,
        "stamp": {
            "secs": 1678823315,
            "nsecs": 29380899
        },
        "frame_id": "atracsys"
    },
    "pose": {
        "position": {
            "x": 0.47796551513671875,
            "y": 0.21623289489746095,
            "z": 0.31559133911132814
        },
        "orientation": {
            "x": 0.25188383442271056,
            "y": -0.31362579976642946,
            "z": 0.052969118656663414,
            "w": 0.9139954398935021
        }
    }
}