{
    "header": {
        "seq": 26485,
        "stamp": {
            "secs": 1678823352,
            "nsecs": 975615678
        },
        "frame_id": "atracsys"
    },
    "pose": {
        "position": {
            "x": 0.2709184265136719,
            "y": 0.14815110778808593,
            "z": 0.21089137268066407
        },
        "orientation": {
            "x": 0.2260601426555812,
            "y": -0.22018090149127173,
            "z": -0.09926043171072127,
            "w": 0.943697276258457
        }
    }
}