{
    "header": {
        "seq": 18600,
        "stamp": {
            "secs": 1678823272,
            "nsecs": 581614416
        },
        "frame_id": "atracsys"
    },
    "pose": {
        "position": {
            "x": 0.21185684204101562,
            "y": 0.13204093933105468,
            "z": 0.18626765441894533
        },
        "orientation": {
            "x": 0.21597675129169303,
            "y": -0.1134178315861491,
            "z": 0.0940964115079075,
            "w": 0.9652130872098227
        }
    }
}