{
    "header": {
        "seq": 22468,
        "stamp": {
            "secs": 1678823312,
            "nsecs": 489059963
        },
        "frame_id": "atracsys"
    },
    "pose": {
        "position": {
            "x": 0.3408547058105469,
            "y": 0.2302180633544922,
            "z": 0.2518101806640625
        },
        "orientation": {
            "x": 0.2692992394522856,
            "y": -0.22956837030784377,
            "z": 0.015405726046109961,
            "w": 0.9351678708069548
        }
    }
}