{
    "header": {
        "seq": 23749,
        "stamp": {
            "secs": 1678823325,
            "nsecs": 402425268
        },
        "frame_id": "atracsys"
    },
    "pose": {
        "position": {
            "x": 0.26561434936523437,
            "y": 0.21324017333984374,
            "z": 0.19042512512207033
        },
        "orientation": {
            "x": 0.2644189349104172,
            "y": -0.19655434929907253,
            "z": -0.020357186161531288,
            "w": 0.9439462906352478
        }
    }
}