{
    "header": {
        "seq": 32305,
        "stamp": {
            "secs": 1678823411,
            "nsecs": 643990359
        },
        "frame_id": "atracsys"
    },
    "pose": {
        "position": {
            "x": 0.16407125854492188,
            "y": 0.12746499633789063,
            "z": 0.2095469665527344
        },
        "orientation": {
            "x": 0.2072683392592064,
            "y": -0.16629093510457219,
            "z": -0.10647687396691688,
            "w": 0.9581491719732428
        }
    }
}