{
    "header": {
        "seq": 22234,
        "stamp": {
            "secs": 1678823310,
            "nsecs": 124939994
        },
        "frame_id": "atracsys"
    },
    "pose": {
        "position": {
            "x": 0.24531129455566406,
            "y": 0.2209979705810547,
            "z": 0.1972479248046875
        },
        "orientation": {
            "x": 0.26851618958682844,
            "y": -0.17880383249432738,
            "z": -0.044418912267039326,
            "w": 0.9454920442013904
        }
    }
}