{
    "header": {
        "seq": 23028,
        "stamp": {
            "secs": 1678823318,
            "nsecs": 136769629
        },
        "frame_id": "atracsys"
    },
    "pose": {
        "position": {
            "x": 0.4604548034667969,
            "y": 0.25596527099609373,
            "z": 0.31398184204101565
        },
        "orientation": {
            "x": 0.27767028944946154,
            "y": -0.3061736022805857,
            "z": 0.05647082619090633,
            "w": 0.908827806249841
        }
    }
}