{
    "header": {
        "seq": 36757,
        "stamp": {
            "secs": 1678823456,
            "nsecs": 509500853
        },
        "frame_id": "atracsys"
    },
    "pose": {
        "position": {
            "x": 0.12173967742919922,
            "y": 0.1076487808227539,
            "z": 0.19088140869140624
        },
        "orientation": {
            "x": 0.1808922922967048,
            "y": -0.14774261235395653,
            "z": -0.1518612707794583,
            "w": 0.9604104609591255
        }
    }
}