{
    "header": {
        "seq": 33259,
        "stamp": {
            "secs": 1678823421,
            "nsecs": 249973238
        },
        "frame_id": "atracsys"
    },
    "pose": {
        "position": {
            "x": 0.1677547149658203,
            "y": 0.14283569335937502,
            "z": 0.21258712768554688
        },
        "orientation": {
            "x": 0.21875490441414672,
            "y": -0.16618812817746662,
            "z": -0.06098453442249941,
            "w": 0.9595877679550207
        }
    }
}