{
    "header": {
        "seq": 34331,
        "stamp": {
            "secs": 1678823432,
            "nsecs": 70773933
        },
        "frame_id": "atracsys"
    },
    "pose": {
        "position": {
            "x": 0.2059412078857422,
            "y": 0.17452923583984375,
            "z": 0.22228585815429688
        },
        "orientation": {
            "x": 0.23636399239999759,
            "y": -0.18990127176740537,
            "z": -0.015605617429266914,
            "w": 0.9527990526771672
        }
    }
}