{
    "header": {
        "seq": 33440,
        "stamp": {
            "secs": 1678823423,
            "nsecs": 73890706
        },
        "frame_id": "atracsys"
    },
    "pose": {
        "position": {
            "x": 0.3378161315917969,
            "y": 0.07840383911132813,
            "z": 0.2668790893554688
        },
        "orientation": {
            "x": 0.17385157890587946,
            "y": -0.2650401558027316,
            "z": -0.004911626189401945,
            "w": 0.9484224903766107
        }
    }
}