{
    "header": {
        "seq": 23562,
        "stamp": {
            "secs": 1678823323,
            "nsecs": 512983600
        },
        "frame_id": "atracsys"
    },
    "pose": {
        "position": {
            "x": 0.2949067077636719,
            "y": 0.1952693786621094,
            "z": 0.19910914611816408
        },
        "orientation": {
            "x": 0.25461520285459305,
            "y": -0.21349273543972147,
            "z": -0.03319943518337985,
            "w": 0.9425973413357818
        }
    }
}