{
    "header": {
        "seq": 35568,
        "stamp": {
            "secs": 1678823444,
            "nsecs": 536408248
        },
        "frame_id": "atracsys"
    },
    "pose": {
        "position": {
            "x": 0.08384592437744141,
            "y": 0.23465144348144532,
            "z": 0.194940185546875
        },
        "orientation": {
            "x": 0.2590492369155548,
            "y": -0.11826308468229267,
            "z": -0.136959276521429,
            "w": 0.9487620841020283
        }
    }
}