{
    "header": {
        "seq": 32745,
        "stamp": {
            "secs": 1678823416,
            "nsecs": 73915937
        },
        "frame_id": "atracsys"
    },
    "pose": {
        "position": {
            "x": 0.24353457641601564,
            "y": 0.1229386978149414,
            "z": 0.23731878662109376
        },
        "orientation": {
            "x": 0.20294020115378078,
            "y": -0.20771509717093403,
            "z": -0.054842404533949264,
            "w": 0.9553334621104127
        }
    }
}