{
    "header": {
        "seq": 18281,
        "stamp": {
            "secs": 1678823269,
            "nsecs": 363720305
        },
        "frame_id": "atracsys"
    },
    "pose": {
        "position": {
            "x": 0.1909359588623047,
            "y": 0.1519149932861328,
            "z": 0.1904565887451172
        },
        "orientation": {
            "x": 0.22535979657023755,
            "y": -0.10319021959108869,
            "z": 0.06770510182348116,
            "w": 0.9664268000514247
        }
    }
}