{
    "header": {
        "seq": 38620,
        "stamp": {
            "secs": 1678823475,
            "nsecs": 288660409
        },
        "frame_id": "atracsys"
    },
    "pose": {
        "position": {
            "x": 0.14802018737792969,
            "y": -0.07680713653564453,
            "z": 0.22293658447265627
        },
        "orientation": {
            "x": 0.07899304234380304,
            "y": -0.11121292469048448,
            "z": 0.08162532998618519,
            "w": 0.9872836928399584
        }
    }
}