{
    "header": {
        "seq": 38403,
        "stamp": {
            "secs": 1678823473,
            "nsecs": 100615672
        },
        "frame_id": "atracsys"
    },
    "pose": {
        "position": {
            "x": 0.1874169616699219,
            "y": -0.10772950744628906,
            "z": 0.22943943786621093
        },
        "orientation": {
            "x": 0.055587360906774415,
            "y": -0.18081298736913304,
            "z": -0.04172551012176838,
            "w": 0.9810584542784125
        }
    }
}