{
    "header": {
        "seq": 28393,
        "stamp": {
            "secs": 1678823372,
            "nsecs": 217234237
        },
        "frame_id": "atracsys"
    },
    "pose": {
        "position": {
            "x": 0.10236400604248047,
            "y": 0.2787379150390625,
            "z": 0.20666888427734376
        },
        "orientation": {
            "x": 0.2989383602768541,
            "y": -0.11470840919658218,
            "z": -0.05496974970691967,
            "w": 0.9457569266104975
        }
    }
}