{
    "header": {
        "seq": 29672,
        "stamp": {
            "secs": 1678823385,
            "nsecs": 109723840
        },
        "frame_id": "atracsys"
    },
    "pose": {
        "position": {
            "x": 0.12717059326171876,
            "y": 0.199383056640625,
            "z": 0.1837666015625
        },
        "orientation": {
            "x": 0.2482062706632669,
            "y": -0.13419084194620662,
            "z": -0.08904401854422417,
            "w": 0.955226479900289
        }
    }
}