{
    "header": {
        "seq": 26250,
        "stamp": {
            "secs": 1678823350,
            "nsecs": 602350689
        },
        "frame_id": "atracsys"
    },
    "pose": {
        "position": {
            "x": 0.24868225097656252,
            "y": 0.15186660766601562,
            "z": 0.20364385986328126
        },
        "orientation": {
            "x": 0.228317725940835,
            "y": -0.20792123661313386,
            "z": -0.09018448056163263,
            "w": 0.9468402900448942
        }
    }
}