{
    "header": {
        "seq": 38983,
        "stamp": {
            "secs": 1678823478,
            "nsecs": 942365437
        },
        "frame_id": "atracsys"
    },
    "pose": {
        "position": {
            "x": 0.3035027160644531,
            "y": -0.0699039535522461,
            "z": 0.25684304809570313
        },
        "orientation": {
            "x": 0.07143862075866356,
            "y": -0.15778220157605155,
            "z": 0.24103371416884528,
            "w": 0.9549366727505473
        }
    }
}