{
    "header": {
        "seq": 35991,
        "stamp": {
            "secs": 1678823448,
            "nsecs": 793118352
        },
        "frame_id": "atracsys"
    },
    "pose": {
        "position": {
            "x": 0.21884133911132814,
            "y": 0.03470837783813477,
            "z": 0.20216380310058593
        },
        "orientation": {
            "x": 0.1464120089331102,
            "y": -0.20602580765326775,
            "z": -0.06685162270108908,
            "w": 0.965219016992113
        }
    }
}