{
    "header": {
        "seq": 37336,
        "stamp": {
            "secs": 1678823462,
            "nsecs": 342394811
        },
        "frame_id": "atracsys"
    },
    "pose": {
        "position": {
            "x": 0.019044862747192384,
            "y": 0.21537831115722655,
            "z": 0.20518182373046875
        },
        "orientation": {
            "x": 0.24090637017406943,
            "y": -0.0752151992340411,
            "z": -0.15051503727718027,
            "w": 0.9558514623973678
        }
    }
}