{
    "header": {
        "seq": 29341,
        "stamp": {
            "secs": 1678823381,
            "nsecs": 766487824
        },
        "frame_id": "atracsys"
    },
    "pose": {
        "position": {
            "x": 0.19541400146484375,
            "y": 0.17001455688476563,
            "z": 0.1952403564453125
        },
        "orientation": {
            "x": 0.2341786892249407,
            "y": -0.17652173047371886,
            "z": -0.12428887766487236,
            "w": 0.9479201944637845
        }
    }
}