{
    "header": {
        "seq": 8129,
        "stamp": {
            "secs": 1678823166,
            "nsecs": 128073445
        },
        "frame_id": "atracsys"
    },
    "pose": {
        "position": {
            "x": 0.545861328125,
            "y": -0.14840902709960938,
            "z": 0.3543168334960938
        },
        "orientation": {
            "x": 0.053487996108930486,
            "y": -0.41895550572153045,
            "z": -0.1676406013234622,
            "w": 0.8907928756370785
        }
    }
}