{
    "header": {
        "seq": 22446,
        "stamp": {
            "secs": 1678823312,
            "nsecs": 265231256
        },
        "frame_id": "atracsys"
    },
    "pose": {
        "position": {
            "x": 0.31336599731445314,
            "y": 0.22779638671875,
            "z": 0.2399511260986328
        },
        "orientation": {
            "x": 0.26909249549662323,
            "y": -0.2133221808379943,
            "z": 0.005903266332851102,
            "w": 0.9391741198928586
        }
    }
}