{
    "header": {
        "seq": 37603,
        "stamp": {
            "secs": 1678823465,
            "nsecs": 37955250
        },
        "frame_id": "atracsys"
    },
    "pose": {
        "position": {
            "x": 0.21369937133789063,
            "y": -0.00888729476928711,
            "z": 0.22452244567871094
        },
        "orientation": {
            "x": 0.12301594217130636,
            "y": -0.19191630428170137,
            "z": -0.029032364283664777,
            "w": 0.9732380654016055
        }
    }
}