{
    "header": {
        "seq": 23066,
        "stamp": {
            "secs": 1678823318,
            "nsecs": 518928670
        },
        "frame_id": "atracsys"
    },
    "pose": {
        "position": {
            "x": 0.45407672119140624,
            "y": 0.24990322875976562,
            "z": 0.3074736328125
        },
        "orientation": {
            "x": 0.2750369915071935,
            "y": -0.3023376807854396,
            "z": 0.052957392984247446,
            "w": 0.9111213391246336
        }
    }
}