{
    "header": {
        "seq": 21693,
        "stamp": {
            "secs": 1678823304,
            "nsecs": 674128004
        },
        "frame_id": "atracsys"
    },
    "pose": {
        "position": {
            "x": 0.417851318359375,
            "y": 0.22383316040039064,
            "z": 0.28268588256835936
        },
        "orientation": {
            "x": 0.2602207736078429,
            "y": -0.2736610320664562,
            "z": 0.03035329321994405,
            "w": 0.9254585166834663
        }
    }
}