{
    "header": {
        "seq": 28868,
        "stamp": {
            "secs": 1678823376,
            "nsecs": 999398609
        },
        "frame_id": "atracsys"
    },
    "pose": {
        "position": {
            "x": 0.320830322265625,
            "y": 0.20435113525390625,
            "z": 0.24263504028320312
        },
        "orientation": {
            "x": 0.2618732168861618,
            "y": -0.24761877274041671,
            "z": -0.09808918246019416,
            "w": 0.9276237782358288
        }
    }
}