{
    "header": {
        "seq": 34927,
        "stamp": {
            "secs": 1678823438,
            "nsecs": 67837876
        },
        "frame_id": "atracsys"
    },
    "pose": {
        "position": {
            "x": 0.07359667205810547,
            "y": 0.235347900390625,
            "z": 0.1854964599609375
        },
        "orientation": {
            "x": 0.25995525236413963,
            "y": -0.11411780099728044,
            "z": -0.13214186530554717,
            "w": 0.9497046497187492
        }
    }
}