{
    "header": {
        "seq": 23228,
        "stamp": {
            "secs": 1678823320,
            "nsecs": 148834732
        },
        "frame_id": "atracsys"
    },
    "pose": {
        "position": {
            "x": 0.42612432861328126,
            "y": 0.221509521484375,
            "z": 0.2790675964355469
        },
        "orientation": {
            "x": 0.2654900750665552,
            "y": -0.2873468378868165,
            "z": 0.025363517734219403,
            "w": 0.9199475565301257
        }
    }
}