{
    "header": {
        "seq": 11808,
        "stamp": {
            "secs": 1678823203,
            "nsecs": 196596691
        },
        "frame_id": "atracsys"
    },
    "pose": {
        "position": {
            "x": 0.5091021728515626,
            "y": -0.279346923828125,
            "z": 0.5176888427734375
        },
        "orientation": {
            "x": -0.04330115891948701,
            "y": -0.4923289466188453,
            "z": -0.1229000974542824,
            "w": 0.8606002463415493
        }
    }
}