{
    "header": {
        "seq": 34900,
        "stamp": {
            "secs": 1678823437,
            "nsecs": 796161853
        },
        "frame_id": "atracsys"
    },
    "pose": {
        "position": {
            "x": 0.07466069030761718,
            "y": 0.23820729064941407,
            "z": 0.1864732666015625
        },
        "orientation": {
            "x": 0.26172668710162655,
            "y": -0.11446073834958677,
            "z": -0.12902722780792386,
            "w": 0.9496051048301483
        }
    }
}