{
    "header": {
        "seq": 17445,
        "stamp": {
            "secs": 1678823260,
            "nsecs": 939916979
        },
        "frame_id": "atracsys"
    },
    "pose": {
        "position": {
            "x": 0.09980889892578125,
            "y": 0.03251926040649414,
            "z": 0.1842243347167969
        },
        "orientation": {
            "x": 0.15730585458963062,
            "y": -0.04469625304209241,
            "z": 0.050787230310476855,
            "w": 0.9852298058388277
        }
    }
}