{
    "header": {
        "seq": 8682,
        "stamp": {
            "secs": 1678823171,
            "nsecs": 698212043
        },
        "frame_id": "atracsys"
    },
    "pose": {
        "position": {
            "x": 0.5639512329101563,
            "y": -0.048712574005126956,
            "z": 0.36323748779296877
        },
        "orientation": {
            "x": 0.11220019462660295,
            "y": -0.4160679727656707,
            "z": -0.14085785017767927,
            "w": 0.8913235239842714
        }
    }
}