{
    "header": {
        "seq": 35915,
        "stamp": {
            "secs": 1678823448,
            "nsecs": 28937298
        },
        "frame_id": "atracsys"
    },
    "pose": {
        "position": {
            "x": 0.11072618865966798,
            "y": 0.17460057067871093,
            "z": 0.18877684020996094
        },
        "orientation": {
            "x": 0.22484908924052724,
            "y": -0.13607681983944395,
            "z": -0.09308822565605371,
            "w": 0.9603439844213618
        }
    }
}