{
    "header": {
        "seq": 37159,
        "stamp": {
            "secs": 1678823460,
            "nsecs": 560307657
        },
        "frame_id": "atracsys"
    },
    "pose": {
        "position": {
            "x": 0.038134250640869144,
            "y": 0.23373785400390626,
            "z": 0.2053397674560547
        },
        "orientation": {
            "x": 0.25078352644500324,
            "y": -0.08577274766183203,
            "z": -0.16931651476032775,
            "w": 0.9492536944630575
        }
    }
}