{
    "header": {
        "seq": 35940,
        "stamp": {
            "secs": 1678823448,
            "nsecs": 279678473
        },
        "frame_id": "atracsys"
    },
    "pose": {
        "position": {
            "x": 0.15041033935546874,
            "y": 0.118054931640625,
            "z": 0.19089611816406252
        },
        "orientation": {
            "x": 0.1938829791659748,
            "y": -0.16104792568274265,
            "z": -0.07421822417732177,
            "w": 0.9648650741025798
        }
    }
}