{
    "header": {
        "seq": 24966,
        "stamp": {
            "secs": 1678823337,
            "nsecs": 668185464
        },
        "frame_id": "atracsys"
    },
    "pose": {
        "position": {
            "x": 0.36557357788085937,
            "y": 0.23919281005859375,
            "z": 0.24149285888671876
        },
        "orientation": {
            "x": 0.28090532946899993,
            "y": -0.25683106028329394,
            "z": 0.009465564032529175,
            "w": 0.924683948950785
        }
    }
}