{
    "header": {
        "seq": 34395,
        "stamp": {
            "secs": 1678823432,
            "nsecs": 715638503
        },
        "frame_id": "atracsys"
    },
    "pose": {
        "position": {
            "x": 0.1670463104248047,
            "y": 0.15758999633789064,
            "z": 0.2055046844482422
        },
        "orientation": {
            "x": 0.2257712517817136,
            "y": -0.16893045039828006,
            "z": -0.044648171730887316,
            "w": 0.9583821709309087
        }
    }
}