{
    "header": {
        "seq": 16351,
        "stamp": {
            "secs": 1678823249,
            "nsecs": 665211473
        },
        "frame_id": "atracsys"
    },
    "pose": {
        "position": {
            "x": 0.4596701049804688,
            "y": 0.08934136199951172,
            "z": 0.2738053894042969
        },
        "orientation": {
            "x": 0.20931489317650342,
            "y": -0.3785103262681249,
            "z": -0.15819182039686477,
            "w": 0.8876331203613532
        }
    }
}