{
    "header": {
        "seq": 38194,
        "stamp": {
            "secs": 1678823470,
            "nsecs": 999119354
        },
        "frame_id": "atracsys"
    },
    "pose": {
        "position": {
            "x": 0.1034749755859375,
            "y": -0.013804100036621095,
            "z": 0.19675094604492188
        },
        "orientation": {
            "x": 0.11198387919613396,
            "y": -0.14300804052455013,
            "z": -0.12174519707923359,
            "w": 0.975800398715666
        }
    }
}