{
    "header": {
        "seq": 18069,
        "stamp": {
            "secs": 1678823267,
            "nsecs": 229465765
        },
        "frame_id": "atracsys"
    },
    "pose": {
        "position": {
            "x": 0.16202706909179687,
            "y": 0.15840174865722656,
            "z": 0.20857266235351563
        },
        "orientation": {
            "x": 0.22367630129871502,
            "y": -0.08100230699170671,
            "z": 0.0817387152898868,
            "w": 0.9678462279319514
        }
    }
}