{
    "header": {
        "seq": 37016,
        "stamp": {
            "secs": 1678823459,
            "nsecs": 118494545
        },
        "frame_id": "atracsys"
    },
    "pose": {
        "position": {
            "x": 0.08212329864501954,
            "y": 0.20310078430175782,
            "z": 0.2045391845703125
        },
        "orientation": {
            "x": 0.23669113528127228,
            "y": -0.1146858223209313,
            "z": -0.16590897710985178,
            "w": 0.950420264910317
        }
    }
}