{
    "header": {
        "seq": 38582,
        "stamp": {
            "secs": 1678823474,
            "nsecs": 906545590
        },
        "frame_id": "atracsys"
    },
    "pose": {
        "position": {
            "x": 0.1561540985107422,
            "y": -0.0808714599609375,
            "z": 0.22103594970703125
        },
        "orientation": {
            "x": 0.07447216691965032,
            "y": -0.11580169416513426,
            "z": 0.0797414492517993,
            "w": 0.9872614472640969
        }
    }
}