{
    "header": {
        "seq": 18663,
        "stamp": {
            "secs": 1678823273,
            "nsecs": 214454407
        },
        "frame_id": "atracsys"
    },
    "pose": {
        "position": {
            "x": 0.2207093505859375,
            "y": 0.14010314941406252,
            "z": 0.19165985107421876
        },
        "orientation": {
            "x": 0.2191640902452737,
            "y": -0.11715012085930461,
            "z": 0.10083360250045727,
            "w": 0.96336677093223
        }
    }
}