{
    "header": {
        "seq": 29406,
        "stamp": {
            "secs": 1678823382,
            "nsecs": 423163911
        },
        "frame_id": "atracsys"
    },
    "pose": {
        "position": {
            "x": 0.1774759979248047,
            "y": 0.17923468017578126,
            "z": 0.19259530639648437
        },
        "orientation": {
            "x": 0.23863337579638325,
            "y": -0.16533547196168896,
            "z": -0.12241481519704946,
            "w": 0.9490694951833085
        }
    }
}