{
    "header": {
        "seq": 35465,
        "stamp": {
            "secs": 1678823443,
            "nsecs": 500717162
        },
        "frame_id": "atracsys"
    },
    "pose": {
        "position": {
            "x": 0.0656656494140625,
            "y": 0.18306871032714844,
            "z": 0.18045417785644532
        },
        "orientation": {
            "x": 0.2259327768185646,
            "y": -0.11304202799621756,
            "z": -0.15800166069655602,
            "w": 0.9545739130537172
        }
    }
}