{
    "header": {
        "seq": 14565,
        "stamp": {
            "secs": 1678823231,
            "nsecs": 26414984
        },
        "frame_id": "atracsys"
    },
    "pose": {
        "position": {
            "x": 0.7118502197265625,
            "y": -0.24301539611816406,
            "z": 0.7686072998046876
        },
        "orientation": {
            "x": -0.008005336188407364,
            "y": -0.68665850230058,
            "z": -0.09193144975814754,
            "w": 0.7210995939231974
        }
    }
}