{
    "header": {
        "seq": 23880,
        "stamp": {
            "secs": 1678823326,
            "nsecs": 721992987
        },
        "frame_id": "atracsys"
    },
    "pose": {
        "position": {
            "x": 0.31729037475585936,
            "y": 0.24928433227539062,
            "z": 0.22499191284179687
        },
        "orientation": {
            "x": 0.2869291067532696,
            "y": -0.2259440555243398,
            "z": -0.002759738835422406,
            "w": 0.9309207030206952
        }
    }
}