{
    "header": {
        "seq": 24439,
        "stamp": {
            "secs": 1678823332,
            "nsecs": 360625236
        },
        "frame_id": "atracsys"
    },
    "pose": {
        "position": {
            "x": 0.5340294189453125,
            "y": 0.30771533203125,
            "z": 0.38125497436523437
        },
        "orientation": {
            "x": 0.29462162133189546,
            "y": -0.35808886463706097,
            "z": 0.10603285526921132,
            "w": 0.879617814093237
        }
    }
}