{
    "header": {
        "seq": 38120,
        "stamp": {
            "secs": 1678823470,
            "nsecs": 252822929
        },
        "frame_id": "atracsys"
    },
    "pose": {
        "position": {
            "x": 0.11702716064453125,
            "y": 0.003887603998184204,
            "z": 0.1974158172607422
        },
        "orientation": {
            "x": 0.1234747182587201,
            "y": -0.150244585636194,
            "z": -0.1333848585965955,
            "w": 0.9717968089755721
        }
    }
}