{
    "header": {
        "seq": 14465,
        "stamp": {
            "secs": 1678823230,
            "nsecs": 20574411
        },
        "frame_id": "atracsys"
    },
    "pose": {
        "position": {
            "x": 0.715546630859375,
            "y": -0.23765811157226563,
            "z": 0.7765026855468751
        },
        "orientation": {
            "x": -0.0030965056857925406,
            "y": -0.6902270813963812,
            "z": -0.08965318356210494,
            "w": 0.7180106506429768
        }
    }
}