{
    "header": {
        "seq": 23000,
        "stamp": {
            "secs": 1678823317,
            "nsecs": 853238523
        },
        "frame_id": "atracsys"
    },
    "pose": {
        "position": {
            "x": 0.4593345031738281,
            "y": 0.25572190856933597,
            "z": 0.3138941955566406
        },
        "orientation": {
            "x": 0.27701518066306763,
            "y": -0.3051665138778173,
            "z": 0.05774274639270633,
            "w": 0.9092864035763955
        }
    }
}