{
    "header": {
        "seq": 9168,
        "stamp": {
            "secs": 1678823176,
            "nsecs": 599597481
        },
        "frame_id": "atracsys"
    },
    "pose": {
        "position": {
            "x": 0.5993400268554687,
            "y": -0.018745662689208985,
            "z": 0.40415835571289066
        },
        "orientation": {
            "x": 0.13131753573677682,
            "y": -0.43881480957898944,
            "z": -0.09582135655074404,
            "w": 0.8837508332844448
        }
    }
}