{
    "header": {
        "seq": 9780,
        "stamp": {
            "secs": 1678823182,
            "nsecs": 778702970
        },
        "frame_id": "atracsys"
    },
    "pose": {
        "position": {
            "x": 0.6016612548828125,
            "y": 0.050844120025634765,
            "z": 0.42223324584960936
        },
        "orientation": {
            "x": 0.169829731943863,
            "y": -0.44343376998199985,
            "z": -0.0537976356126671,
            "w": 0.8784248221617562
        }
    }
}