{
    "header": {
        "seq": 25335,
        "stamp": {
            "secs": 1678823341,
            "nsecs": 381482880
        },
        "frame_id": "atracsys"
    },
    "pose": {
        "position": {
            "x": 0.3143505554199219,
            "y": 0.26245382690429686,
            "z": 0.22709324645996093
        },
        "orientation": {
            "x": 0.29371257558310704,
            "y": -0.22642515425627505,
            "z": 0.01900724393492434,
            "w": 0.928495178847127
        }
    }
}