{
    "header": {
        "seq": 24509,
        "stamp": {
            "secs": 1678823333,
            "nsecs": 68037443
        },
        "frame_id": "atracsys"
    },
    "pose": {
        "position": {
            "x": 0.5119678344726563,
            "y": 0.28991510009765625,
            "z": 0.35644644165039063
        },
        "orientation": {
            "x": 0.2921593249215696,
            "y": -0.3454028878383363,
            "z": 0.089704543435632,
            "w": 0.887295254591906
        }
    }
}