{
    "header": {
        "seq": 31612,
        "stamp": {
            "secs": 1678823404,
            "nsecs": 664880103
        },
        "frame_id": "atracsys"
    },
    "pose": {
        "position": {
            "x": 0.23391639709472656,
            "y": 0.11001959228515626,
            "z": 0.23168893432617188
        },
        "orientation": {
            "x": 0.19531243986456137,
            "y": -0.20528163048798706,
            "z": -0.10351719192536267,
            "w": 0.9534131811519251
        }
    }
}