{
    "header": {
        "seq": 16697,
        "stamp": {
            "secs": 1678823253,
            "nsecs": 151768789
        },
        "frame_id": "atracsys"
    },
    "pose": {
        "position": {
            "x": 0.5086464538574219,
            "y": 0.11098345184326172,
            "z": 0.30922521972656253
        },
        "orientation": {
            "x": 0.222868415733574,
            "y": -0.40891429483282193,
            "z": -0.14292770138457833,
            "w": 0.8733214991781112
        }
    }
}