{
    "header": {
        "seq": 37386,
        "stamp": {
            "secs": 1678823462,
            "nsecs": 846896144
        },
        "frame_id": "atracsys"
    },
    "pose": {
        "position": {
            "x": 0.036982810974121094,
            "y": 0.19633226013183594,
            "z": 0.20143817138671877
        },
        "orientation": {
            "x": 0.23350857118020407,
            "y": -0.08734298266153494,
            "z": -0.12976231706624977,
            "w": 0.9596909354759815
        }
    }
}