{
    "header": {
        "seq": 7818,
        "stamp": {
            "secs": 1678823162,
            "nsecs": 996723324
        },
        "frame_id": "atracsys"
    },
    "pose": {
        "position": {
            "x": 0.5167845458984375,
            "y": -0.17261993408203125,
            "z": 0.3354990234375
        },
        "orientation": {
            "x": 0.039198334098996056,
            "y": -0.40639261057901627,
            "z": -0.17665985928802175,
            "w": 0.8956002628332418
        }
    }
}