{
    "header": {
        "seq": 28462,
        "stamp": {
            "secs": 1678823372,
            "nsecs": 909871949
        },
        "frame_id": "atracsys"
    },
    "pose": {
        "position": {
            "x": 0.10626353454589844,
            "y": 0.29902560424804686,
            "z": 0.21577935791015626
        },
        "orientation": {
            "x": 0.31290668863619014,
            "y": -0.11657087331664337,
            "z": -0.05119467755810191,
            "w": 0.9412118468711768
        }
    }
}