{
    "header": {
        "seq": 11954,
        "stamp": {
            "secs": 1678823204,
            "nsecs": 665245106
        },
        "frame_id": "atracsys"
    },
    "pose": {
        "position": {
            "x": 0.5189737548828125,
            "y": -0.2770727233886719,
            "z": 0.5259600219726562
        },
        "orientation": {
            "x": -0.04170974443112486,
            "y": -0.500170967396689,
            "z": -0.11743349888375851,
            "w": 0.8569122906884162
        }
    }
}