{
    "header": {
        "seq": 29054,
        "stamp": {
            "secs": 1678823378,
            "nsecs": 873908228
        },
        "frame_id": "atracsys"
    },
    "pose": {
        "position": {
            "x": 0.29225506591796874,
            "y": 0.17397520446777345,
            "z": 0.22291183471679688
        },
        "orientation": {
            "x": 0.23977676880104393,
            "y": -0.23177409410463815,
            "z": -0.1408025341388919,
            "w": 0.9321815900485115
        }
    }
}