{
    "header": {
        "seq": 38354,
        "stamp": {
            "secs": 1678823472,
            "nsecs": 608037839
        },
        "frame_id": "atracsys"
    },
    "pose": {
        "position": {
            "x": 0.13180657958984376,
            "y": -0.028441255569458007,
            "z": 0.2049192657470703
        },
        "orientation": {
            "x": 0.10192383295926974,
            "y": -0.15457881044690788,
            "z": -0.09411005706217955,
            "w": 0.9781923230098788
        }
    }
}