{
    "header": {
        "seq": 21269,
        "stamp": {
            "secs": 1678823300,
            "nsecs": 405448754
        },
        "frame_id": "atracsys"
    },
    "pose": {
        "position": {
            "x": 0.375606201171875,
            "y": 0.24970993041992187,
            "z": 0.2560091857910156
        },
        "orientation": {
            "x": 0.28252395369200417,
            "y": -0.2500827161138571,
            "z": -0.044025242775762044,
            "w": 0.9250408794695992
        }
    }
}