{
    "header": {
        "seq": 6877,
        "stamp": {
            "secs": 1678823153,
            "nsecs": 516028686
        },
        "frame_id": "atracsys"
    },
    "pose": {
        "position": {
            "x": 0.5168411254882812,
            "y": -0.18404959106445312,
            "z": 0.32798687744140625
        },
        "orientation": {
            "x": 0.04834283746978678,
            "y": -0.4280183508056119,
            "z": -0.1991819840054951,
            "w": 0.8802214486631468
        }
    }
}