{
    "header": {
        "seq": 24701,
        "stamp": {
            "secs": 1678823334,
            "nsecs": 999515780
        },
        "frame_id": "atracsys"
    },
    "pose": {
        "position": {
            "x": 0.4465712585449219,
            "y": 0.2532669677734375,
            "z": 0.29535345458984374
        },
        "orientation": {
            "x": 0.2846813019094334,
            "y": -0.3046261784535993,
            "z": 0.03705681102927378,
            "w": 0.908177427874227
        }
    }
}