{
    "header": {
        "seq": 21397,
        "stamp": {
            "secs": 1678823301,
            "nsecs": 694983435
        },
        "frame_id": "atracsys"
    },
    "pose": {
        "position": {
            "x": 0.41354736328125,
            "y": 0.19024955749511718,
            "z": 0.2737372741699219
        },
        "orientation": {
            "x": 0.2404703368780286,
            "y": -0.2694864963379512,
            "z": 0.013516841664696458,
            "w": 0.9323992387194846
        }
    }
}