{
    "header": {
        "seq": 31373,
        "stamp": {
            "secs": 1678823402,
            "nsecs": 256043126
        },
        "frame_id": "atracsys"
    },
    "pose": {
        "position": {
            "x": 0.25495118713378906,
            "y": 0.07826938629150391,
            "z": 0.2322337188720703
        },
        "orientation": {
            "x": 0.1790087760273288,
            "y": -0.22267736488912718,
            "z": -0.122831449082309,
            "w": 0.9504120603125639
        }
    }
}