{
    "header": {
        "seq": 29008,
        "stamp": {
            "secs": 1678823378,
            "nsecs": 411343351
        },
        "frame_id": "atracsys"
    },
    "pose": {
        "position": {
            "x": 0.31112515258789064,
            "y": 0.17709158325195312,
            "z": 0.23066725158691406
        },
        "orientation": {
            "x": 0.2432776183793617,
            "y": -0.24269096095944906,
            "z": -0.13314087076331738,
            "w": 0.9296185273522847
        }
    }
}