{
    "header": {
        "seq": 23347,
        "stamp": {
            "secs": 1678823321,
            "nsecs": 345819751
        },
        "frame_id": "atracsys"
    },
    "pose": {
        "position": {
            "x": 0.39134701538085936,
            "y": 0.2231620330810547,
            "z": 0.25688787841796873
        },
        "orientation": {
            "x": 0.26973791429611976,
            "y": -0.26820871604777613,
            "z": 0.007746757519001684,
            "w": 0.9247948583200084
        }
    }
}