{
    "header": {
        "seq": 23490,
        "stamp": {
            "secs": 1678823322,
            "nsecs": 787613141
        },
        "frame_id": "atracsys"
    },
    "pose": {
        "position": {
            "x": 0.34102117919921876,
            "y": 0.20235971069335937,
            "z": 0.22083204650878907
        },
        "orientation": {
            "x": 0.25887148693013556,
            "y": -0.23972779067841027,
            "z": -0.020839173470515848,
            "w": 0.9354581062132578
        }
    }
}