{
    "header": {
        "seq": 37250,
        "stamp": {
            "secs": 1678823461,
            "nsecs": 476786750
        },
        "frame_id": "atracsys"
    },
    "pose": {
        "position": {
            "x": 0.041853443145751956,
            "y": 0.21623828125,
            "z": 0.2047519989013672
        },
        "orientation": {
            "x": 0.24256484910402262,
            "y": -0.0890577082060717,
            "z": -0.15146037631216278,
            "w": 0.9540915957053615
        }
    }
}