{
    "header": {
        "seq": 33086,
        "stamp": {
            "secs": 1678823419,
            "nsecs": 506675117
        },
        "frame_id": "atracsys"
    },
    "pose": {
        "position": {
            "x": 0.21310456848144532,
            "y": 0.13016114807128906,
            "z": 0.22526840209960938
        },
        "orientation": {
            "x": 0.2109787726613792,
            "y": -0.19204759920542258,
            "z": -0.046381886660474866,
            "w": 0.9573162474937665
        }
    }
}