{
    "header": {
        "seq": 22192,
        "stamp": {
            "secs": 1678823309,
            "nsecs": 701049076
        },
        "frame_id": "atracsys"
    },
    "pose": {
        "position": {
            "x": 0.24663870239257812,
            "y": 0.17400230407714845,
            "z": 0.18678036499023437
        },
        "orientation": {
            "x": 0.24089346815840965,
            "y": -0.18143202495653582,
            "z": -0.040683553974654674,
            "w": 0.9525741996058761
        }
    }
}