{
    "header": {
        "seq": 32195,
        "stamp": {
            "secs": 1678823410,
            "nsecs": 536626601
        },
        "frame_id": "atracsys"
    },
    "pose": {
        "position": {
            "x": 0.1922265167236328,
            "y": 0.11441552734375,
            "z": 0.21687846374511718
        },
        "orientation": {
            "x": 0.1996278516790334,
            "y": -0.18224960614063118,
            "z": -0.0983400545471852,
            "w": 0.9577385006186476
        }
    }
}