{
    "header": {
        "seq": 34154,
        "stamp": {
            "secs": 1678823430,
            "nsecs": 285709759
        },
        "frame_id": "atracsys"
    },
    "pose": {
        "position": {
            "x": 0.17691822814941408,
            "y": 0.1377622528076172,
            "z": 0.20690380859375002
        },
        "orientation": {
            "x": 0.21560721687460838,
            "y": -0.17505096036188944,
            "z": -0.046362024913514224,
            "w": 0.9595422095738594
        }
    }
}