{
    "header": {
        "seq": 37280,
        "stamp": {
            "secs": 1678823461,
            "nsecs": 778247927
        },
        "frame_id": "atracsys"
    },
    "pose": {
        "position": {
            "x": 0.034042598724365235,
            "y": 0.2187391357421875,
            "z": 0.20530989074707032
        },
        "orientation": {
            "x": 0.2434132920147708,
            "y": -0.08403313388210436,
            "z": -0.15152745246422408,
            "w": 0.95432061322712
        }
    }
}