{
    "header": {
        "seq": 18382,
        "stamp": {
            "secs": 1678823270,
            "nsecs": 381702890
        },
        "frame_id": "atracsys"
    },
    "pose": {
        "position": {
            "x": 0.18591348266601562,
            "y": 0.1386033935546875,
            "z": 0.17617643737792968
        },
        "orientation": {
            "x": 0.21975542529874048,
            "y": -0.10485667475536486,
            "z": 0.04906363769630882,
            "w": 0.968661649012194
        }
    }
}