{
    "header": {
        "seq": 14840,
        "stamp": {
            "secs": 1678823233,
            "nsecs": 805547974
        },
        "frame_id": "atracsys"
    },
    "pose": {
        "position": {
            "x": 0.6985333251953125,
            "y": -0.272169189453125,
            "z": 0.7661094360351562
        },
        "orientation": {
            "x": -0.019825327752325095,
            "y": -0.6887276257383023,
            "z": -0.11362324708668613,
            "w": 0.7157869596785569
        }
    }
}