{
    "header": {
        "seq": 27235,
        "stamp": {
            "secs": 1678823360,
            "nsecs": 536667525
        },
        "frame_id": "atracsys"
    },
    "pose": {
        "position": {
            "x": 0.15956698608398437,
            "y": 0.2728887023925781,
            "z": 0.22053189086914063
        },
        "orientation": {
            "x": 0.2957937634925356,
            "y": -0.14466265350644192,
            "z": -0.07302048959665429,
            "w": 0.9414068059337908
        }
    }
}