{
    "header": {
        "seq": 24555,
        "stamp": {
            "secs": 1678823333,
            "nsecs": 530725348
        },
        "frame_id": "atracsys"
    },
    "pose": {
        "position": {
            "x": 0.5093797912597656,
            "y": 0.26318356323242187,
            "z": 0.34459426879882815
        },
        "orientation": {
            "x": 0.28096075833505424,
            "y": -0.34339203939091983,
            "z": 0.07483656659035069,
            "w": 0.8930523208971041
        }
    }
}