{
    "header": {
        "seq": 13430,
        "stamp": {
            "secs": 1678823219,
            "nsecs": 575680946
        },
        "frame_id": "atracsys"
    },
    "pose": {
        "position": {
            "x": 0.7295905761718751,
            "y": -0.24378575134277344,
            "z": 0.8539801025390625
        },
        "orientation": {
            "x": -0.022209818681373634,
            "y": 0.7293617852491555,
            "z": 0.12602948837652164,
            "w": -0.6720525859126334
        }
    }
}