{
    "header": {
        "seq": 26125,
        "stamp": {
            "secs": 1678823349,
            "nsecs": 339677764
        },
        "frame_id": "atracsys"
    },
    "pose": {
        "position": {
            "x": 0.2538455505371094,
            "y": 0.1501396942138672,
            "z": 0.20203347778320313
        },
        "orientation": {
            "x": 0.22621573698716269,
            "y": -0.2111990484557094,
            "z": -0.07409226155393801,
            "w": 0.9480146301869928
        }
    }
}