{
    "header": {
        "seq": 35811,
        "stamp": {
            "secs": 1678823446,
            "nsecs": 981187024
        },
        "frame_id": "atracsys"
    },
    "pose": {
        "position": {
            "x": 0.12583345031738283,
            "y": 0.13212484741210936,
            "z": 0.18261241149902344
        },
        "orientation": {
            "x": 0.2001326332791073,
            "y": -0.1503785418443174,
            "z": -0.11876316790708971,
            "w": 0.9608478199997229
        }
    }
}