{
    "header": {
        "seq": 35788,
        "stamp": {
            "secs": 1678823446,
            "nsecs": 751325378
        },
        "frame_id": "atracsys"
    },
    "pose": {
        "position": {
            "x": 0.1056042251586914,
            "y": 0.12942379760742187,
            "z": 0.18091575622558595
        },
        "orientation": {
            "x": 0.19789362307796557,
            "y": -0.13786285903984016,
            "z": -0.11515767289183043,
            "w": 0.9636237110078681
        }
    }
}