{
    "header": {
        "seq": 28054,
        "stamp": {
            "secs": 1678823368,
            "nsecs": 793351595
        },
        "frame_id": "atracsys"
    },
    "pose": {
        "position": {
            "x": 0.12573812866210937,
            "y": 0.22208045959472655,
            "z": 0.1910016784667969
        },
        "orientation": {
            "x": 0.26330332316258176,
            "y": -0.1315379693146735,
            "z": -0.08297919895842254,
            "w": 0.952094310024134
        }
    }
}