{
    "header": {
        "seq": 35739,
        "stamp": {
            "secs": 1678823446,
            "nsecs": 255809025
        },
        "frame_id": "atracsys"
    },
    "pose": {
        "position": {
            "x": 0.0849186782836914,
            "y": 0.16096539306640625,
            "z": 0.18222322082519532
        },
        "orientation": {
            "x": 0.21734917388556108,
            "y": -0.1233089147732288,
            "z": -0.10535295781762952,
            "w": 0.9625253256033264
        }
    }
}