{
    "header": {
        "seq": 21852,
        "stamp": {
            "secs": 1678823306,
            "nsecs": 274190072
        },
        "frame_id": "atracsys"
    },
    "pose": {
        "position": {
            "x": 0.3107988586425781,
            "y": 0.16684548950195313,
            "z": 0.21901570129394532
        },
        "orientation": {
            "x": 0.2356589526904105,
            "y": -0.2138054884563127,
            "z": -0.013508600509238355,
            "w": 0.9479291053845209
        }
    }
}