{
    "header": {
        "seq": 24916,
        "stamp": {
            "secs": 1678823337,
            "nsecs": 163699337
        },
        "frame_id": "atracsys"
    },
    "pose": {
        "position": {
            "x": 0.3849882507324219,
            "y": 0.2507277374267578,
            "z": 0.2566071472167969
        },
        "orientation": {
            "x": 0.28688844851623485,
            "y": -0.2679974625588079,
            "z": 0.01890304479212003,
            "w": 0.919518924801211
        }
    }
}