{
    "header": {
        "seq": 27327,
        "stamp": {
            "secs": 1678823361,
            "nsecs": 465036109
        },
        "frame_id": "atracsys"
    },
    "pose": {
        "position": {
            "x": 0.13833319091796875,
            "y": 0.2932228393554688,
            "z": 0.22444110107421875
        },
        "orientation": {
            "x": 0.3086507474943029,
            "y": -0.1317729441688461,
            "z": -0.06064318108244151,
            "w": 0.9400494730834565
        }
    }
}