{
    "header": {
        "seq": 23174,
        "stamp": {
            "secs": 1678823319,
            "nsecs": 605400940
        },
        "frame_id": "atracsys"
    },
    "pose": {
        "position": {
            "x": 0.44782299804687503,
            "y": 0.22755667114257813,
            "z": 0.29540884399414064
        },
        "orientation": {
            "x": 0.2655898185168351,
            "y": -0.29965588393594605,
            "z": 0.04121114910221752,
            "w": 0.9154070355379821
        }
    }
}