{
    "header": {
        "seq": 28484,
        "stamp": {
            "secs": 1678823373,
            "nsecs": 130664662
        },
        "frame_id": "atracsys"
    },
    "pose": {
        "position": {
            "x": 0.11621346282958984,
            "y": 0.308046875,
            "z": 0.22084226989746095
        },
        "orientation": {
            "x": 0.31925656585617174,
            "y": -0.12242459697397651,
            "z": -0.045982872241339005,
            "w": 0.9386016400336833
        }
    }
}