{
    "header": {
        "seq": 32771,
        "stamp": {
            "secs": 1678823416,
            "nsecs": 333499689
        },
        "frame_id": "atracsys"
    },
    "pose": {
        "position": {
            "x": 0.25409617614746094,
            "y": 0.12062448120117188,
            "z": 0.24077098083496093
        },
        "orientation": {
            "x": 0.2011731133576709,
            "y": -0.21401593869000643,
            "z": -0.055828732449026024,
            "w": 0.9542587222979689
        }
    }
}