{
    "header": {
        "seq": 34415,
        "stamp": {
            "secs": 1678823432,
            "nsecs": 918533160
        },
        "frame_id": "atracsys"
    },
    "pose": {
        "position": {
            "x": 0.1653105163574219,
            "y": 0.15064730834960938,
            "z": 0.2021565704345703
        },
        "orientation": {
            "x": 0.22131031671354062,
            "y": -0.1691310094920826,
            "z": -0.06134361202220421,
            "w": 0.9584640872815271
        }
    }
}