{
    "header": {
        "seq": 27904,
        "stamp": {
            "secs": 1678823367,
            "nsecs": 276938276
        },
        "frame_id": "atracsys"
    },
    "pose": {
        "position": {
            "x": 0.128958251953125,
            "y": 0.2386734313964844,
            "z": 0.19924644470214845
        },
        "orientation": {
            "x": 0.27467431642269574,
            "y": -0.1314231805365809,
            "z": -0.06552751756468202,
            "w": 0.9502568663036245
        }
    }
}