{
    "header": {
        "seq": 13799,
        "stamp": {
            "secs": 1678823223,
            "nsecs": 301050983
        },
        "frame_id": "atracsys"
    },
    "pose": {
        "position": {
            "x": 0.722213623046875,
            "y": -0.20116528320312502,
            "z": 0.768473876953125
        },
        "orientation": {
            "x": 0.03340054714880302,
            "y": -0.6878376426441226,
            "z": -0.09985466247942984,
            "w": 0.7181871811673167
        }
    }
}