{
    "header": {
        "seq": 26041,
        "stamp": {
            "secs": 1678823348,
            "nsecs": 494884453
        },
        "frame_id": "atracsys"
    },
    "pose": {
        "position": {
            "x": 0.23964500427246094,
            "y": 0.14270065307617188,
            "z": 0.19724771118164064
        },
        "orientation": {
            "x": 0.22120242050806374,
            "y": -0.20308107788230897,
            "z": -0.07205168810838158,
            "w": 0.9511236087955476
        }
    }
}