{
    "header": {
        "seq": 28687,
        "stamp": {
            "secs": 1678823375,
            "nsecs": 175420118
        },
        "frame_id": "atracsys"
    },
    "pose": {
        "position": {
            "x": 0.27632232666015627,
            "y": 0.23304747009277343,
            "z": 0.2391785888671875
        },
        "orientation": {
            "x": 0.27690137203869214,
            "y": -0.21964880263053055,
            "z": -0.042773227288653466,
            "w": 0.9344787235102665
        }
    }
}