{
    "header": {
        "seq": 27881,
        "stamp": {
            "secs": 1678823367,
            "nsecs": 44093732
        },
        "frame_id": "atracsys"
    },
    "pose": {
        "position": {
            "x": 0.13382740783691408,
            "y": 0.24156982421875,
            "z": 0.20067939758300782
        },
        "orientation": {
            "x": 0.27756864083413346,
            "y": -0.1346540135047861,
            "z": -0.06269175969690992,
            "w": 0.9491541969241086
        }
    }
}