{
    "header": {
        "seq": 22319,
        "stamp": {
            "secs": 1678823310,
            "nsecs": 984680190
        },
        "frame_id": "atracsys"
    },
    "pose": {
        "position": {
            "x": 0.25583555603027347,
            "y": 0.3175091247558594,
            "z": 0.2300356903076172
        },
        "orientation": {
            "x": 0.3259201932531569,
            "y": -0.1815887707571732,
            "z": -0.045738463091867285,
            "w": 0.926665818382613
        }
    }
}