{
    "header": {
        "seq": 37628,
        "stamp": {
            "secs": 1678823465,
            "nsecs": 291657945
        },
        "frame_id": "atracsys"
    },
    "pose": {
        "position": {
            "x": 0.19573707580566407,
            "y": -0.019276491165161135,
            "z": 0.2176865692138672
        },
        "orientation": {
            "x": 0.11471343722237923,
            "y": -0.18386886767563526,
            "z": -0.04438952604732157,
            "w": 0.9752244033029532
        }
    }
}