{
    "header": {
        "seq": 23370,
        "stamp": {
            "secs": 1678823321,
            "nsecs": 578621952
        },
        "frame_id": "atracsys"
    },
    "pose": {
        "position": {
            "x": 0.38703155517578125,
            "y": 0.21752272033691405,
            "z": 0.2525034484863281
        },
        "orientation": {
            "x": 0.26688955283253524,
            "y": -0.26586263655320036,
            "z": 0.004320251063851751,
            "w": 0.9263197938641793
        }
    }
}