{
    "header": {
        "seq": 38841,
        "stamp": {
            "secs": 1678823477,
            "nsecs": 515522958
        },
        "frame_id": "atracsys"
    },
    "pose": {
        "position": {
            "x": 0.13893017578125,
            "y": -0.07992692565917969,
            "z": 0.22582135009765625
        },
        "orientation": {
            "x": 0.08432501210620456,
            "y": -0.09834923972058128,
            "z": 0.10792558857327642,
            "w": 0.9856818892070525
        }
    }
}