{
    "header": {
        "seq": 32432,
        "stamp": {
            "secs": 1678823412,
            "nsecs": 921606038
        },
        "frame_id": "atracsys"
    },
    "pose": {
        "position": {
            "x": 0.15096862792968752,
            "y": 0.15280859375,
            "z": 0.211455810546875
        },
        "orientation": {
            "x": 0.2225768317586828,
            "y": -0.15610704805462974,
            "z": -0.08955442739888114,
            "w": 0.9581597716692114
        }
    }
}