{
    "header": {
        "seq": 37095,
        "stamp": {
            "secs": 1678823459,
            "nsecs": 915460061
        },
        "frame_id": "atracsys"
    },
    "pose": {
        "position": {
            "x": 0.07134149169921875,
            "y": 0.22151228332519532,
            "z": 0.20499627685546876
        },
        "orientation": {
            "x": 0.24642188778494145,
            "y": -0.10691581133771766,
            "z": -0.17037755995163006,
            "w": 0.9480594652085027
        }
    }
}