{
    "header": {
        "seq": 18631,
        "stamp": {
            "secs": 1678823272,
            "nsecs": 892063552
        },
        "frame_id": "atracsys"
    },
    "pose": {
        "position": {
            "x": 0.21364068603515626,
            "y": 0.13030319213867186,
            "z": 0.18862251281738282
        },
        "orientation": {
            "x": 0.2142916222965583,
            "y": -0.11428913273274069,
            "z": 0.09364706494155285,
            "w": 0.9655295552081977
        }
    }
}