{
    "header": {
        "seq": 8556,
        "stamp": {
            "secs": 1678823170,
            "nsecs": 426601515
        },
        "frame_id": "atracsys"
    },
    "pose": {
        "position": {
            "x": 0.5525518798828125,
            "y": -0.07866365814208985,
            "z": 0.3550192565917969
        },
        "orientation": {
            "x": 0.09439026543642084,
            "y": -0.4122362979688397,
            "z": -0.15221762189284532,
            "w": 0.8932981070242312
        }
    }
}