{
    "header": {
        "seq": 22746,
        "stamp": {
            "secs": 1678823315,
            "nsecs": 292031043
        },
        "frame_id": "atracsys"
    },
    "pose": {
        "position": {
            "x": 0.48242181396484374,
            "y": 0.22939895629882812,
            "z": 0.32149160766601564
        },
        "orientation": {
            "x": 0.25846102260479525,
            "y": -0.3163768409006814,
            "z": 0.054332265861443185,
            "w": 0.9111265549977949
        }
    }
}