{
    "header": {
        "seq": 22256,
        "stamp": {
            "secs": 1678823310,
            "nsecs": 348819139
        },
        "frame_id": "atracsys"
    },
    "pose": {
        "position": {
            "x": 0.2536336364746094,
            "y": 0.24631748962402344,
            "z": 0.2069228057861328
        },
        "orientation": {
            "x": 0.28320831925508017,
            "y": -0.1824282514256962,
            "z": -0.04208364392711467,
            "w": 0.940607222968382
        }
    }
}