{
    "header": {
        "seq": 31530,
        "stamp": {
            "secs": 1678823403,
            "nsecs": 840995843
        },
        "frame_id": "atracsys"
    },
    "pose": {
        "position": {
            "x": 0.20572483825683593,
            "y": 0.09865386962890625,
            "z": 0.2192299041748047
        },
        "orientation": {
            "x": 0.18928581292202235,
            "y": -0.1923180304174301,
            "z": -0.12487216892905893,
            "w": 0.9547730608001894
        }
    }
}