{
    "header": {
        "seq": 36788,
        "stamp": {
            "secs": 1678823456,
            "nsecs": 822957331
        },
        "frame_id": "atracsys"
    },
    "pose": {
        "position": {
            "x": 0.11354153442382812,
            "y": 0.11989249420166016,
            "z": 0.1919302215576172
        },
        "orientation": {
            "x": 0.18745503497544674,
            "y": -0.1416853965352846,
            "z": -0.15373556256318896,
            "w": 0.9597662398075758
        }
    }
}