{
    "header": {
        "seq": 31053,
        "stamp": {
            "secs": 1678823399,
            "nsecs": 29159498
        },
        "frame_id": "atracsys"
    },
    "pose": {
        "position": {
            "x": 0.34430838012695314,
            "y": 0.051344001770019534,
            "z": 0.26963287353515625
        },
        "orientation": {
            "x": 0.16323189216770045,
            "y": -0.274860440180604,
            "z": -0.10108305797892224,
            "w": 0.9421195800919896
        }
    }
}