{
    "header": {
        "seq": 25184,
        "stamp": {
            "secs": 1678823339,
            "nsecs": 862088202
        },
        "frame_id": "atracsys"
    },
    "pose": {
        "position": {
            "x": 0.30082131958007813,
            "y": 0.2129347686767578,
            "z": 0.19399365234375002
        },
        "orientation": {
            "x": 0.2642856270625488,
            "y": -0.22105946209643457,
            "z": -0.0253830360929594,
            "w": 0.9384250225907735
        }
    }
}