{
    "header": {
        "seq": 33980,
        "stamp": {
            "secs": 1678823428,
            "nsecs": 530472973
        },
        "frame_id": "atracsys"
    },
    "pose": {
        "position": {
            "x": 0.22315335083007812,
            "y": 0.14831596374511719,
            "z": 0.22910151672363283
        },
        "orientation": {
            "x": 0.22075238195209254,
            "y": -0.19830294418278838,
            "z": -0.027162441036752027,
            "w": 0.9545713854855699
        }
    }
}