{
    "header": {
        "seq": 24752,
        "stamp": {
            "secs": 1678823335,
            "nsecs": 512820937
        },
        "frame_id": "atracsys"
    },
    "pose": {
        "position": {
            "x": 0.43524401855468753,
            "y": 0.2523746337890625,
            "z": 0.28684210205078126
        },
        "orientation": {
            "x": 0.2859856338820873,
            "y": -0.29767121192442036,
            "z": 0.027138143558967123,
            "w": 0.9104216539432047
        }
    }
}