{
    "header": {
        "seq": 23445,
        "stamp": {
            "secs": 1678823322,
            "nsecs": 333846165
        },
        "frame_id": "atracsys"
    },
    "pose": {
        "position": {
            "x": 0.35840798950195313,
            "y": 0.2000894775390625,
            "z": 0.23083547973632812
        },
        "orientation": {
            "x": 0.257684149482392,
            "y": -0.24943155358865007,
            "z": -0.015021029434724444,
            "w": 0.9333579955486586
        }
    }
}