{
    "header": {
        "seq": 34352,
        "stamp": {
            "secs": 1678823432,
            "nsecs": 282822527
        },
        "frame_id": "atracsys"
    },
    "pose": {
        "position": {
            "x": 0.20362654113769532,
            "y": 0.1766451416015625,
            "z": 0.22116119384765626
        },
        "orientation": {
            "x": 0.23827138891714694,
            "y": -0.18915032492879175,
            "z": -0.021133099021900668,
            "w": 0.9523666793460157
        }
    }
}