{
    "header": {
        "seq": 21777,
        "stamp": {
            "secs": 1678823305,
            "nsecs": 518966492
        },
        "frame_id": "atracsys"
    },
    "pose": {
        "position": {
            "x": 0.36691812133789065,
            "y": 0.17973638916015625,
            "z": 0.24619760131835938
        },
        "orientation": {
            "x": 0.24074376612612486,
            "y": -0.24554589307522084,
            "z": 0.005671773697171602,
            "w": 0.9389981280324418
        }
    }
}