{
    "header": {
        "seq": 24036,
        "stamp": {
            "secs": 1678823328,
            "nsecs": 295046737
        },
        "frame_id": "atracsys"
    },
    "pose": {
        "position": {
            "x": 0.3864166259765625,
            "y": 0.2638725891113281,
            "z": 0.26685867309570316
        },
        "orientation": {
            "x": 0.2929381202189904,
            "y": -0.265141884108941,
            "z": 0.017736161302275052,
            "w": 0.9184620120592822
        }
    }
}