{
    "header": {
        "seq": 14079,
        "stamp": {
            "secs": 1678823226,
            "nsecs": 130899082
        },
        "frame_id": "atracsys"
    },
    "pose": {
        "position": {
            "x": 0.7208115234375,
            "y": -0.19571868896484376,
            "z": 0.76457568359375
        },
        "orientation": {
            "x": 0.031952799869300136,
            "y": -0.6860734634994277,
            "z": -0.08985682727687518,
            "w": 0.7212544432127582
        }
    }
}