{
    "header": {
        "seq": 14663,
        "stamp": {
            "secs": 1678823232,
            "nsecs": 17456251
        },
        "frame_id": "atracsys"
    },
    "pose": {
        "position": {
            "x": 0.708150634765625,
            "y": -0.25587556457519534,
            "z": 0.7707715454101562
        },
        "orientation": {
            "x": -0.016072374400729485,
            "y": -0.6875477966789154,
            "z": -0.09545010178210094,
            "w": 0.7196589359779244
        }
    }
}