{
    "header": {
        "seq": 23512,
        "stamp": {
            "secs": 1678823323,
            "nsecs": 8499006
        },
        "frame_id": "atracsys"
    },
    "pose": {
        "position": {
            "x": 0.3205782470703125,
            "y": 0.19725654602050782,
            "z": 0.21035934448242188
        },
        "orientation": {
            "x": 0.2558021105082194,
            "y": -0.2280840694096636,
            "z": -0.02726249095741991,
            "w": 0.9390419022215489
        }
    }
}