{
    "header": {
        "seq": 22623,
        "stamp": {
            "secs": 1678823314,
            "nsecs": 53271744
        },
        "frame_id": "atracsys"
    },
    "pose": {
        "position": {
            "x": 0.4759771728515625,
            "y": 0.187431884765625,
            "z": 0.308302734375
        },
        "orientation": {
            "x": 0.2343441081655138,
            "y": -0.31159840046196713,
            "z": 0.05570913387366012,
            "w": 0.9191766795348434
        }
    }
}