{
    "header": {
        "seq": 25264,
        "stamp": {
            "secs": 1678823340,
            "nsecs": 668164555
        },
        "frame_id": "atracsys"
    },
    "pose": {
        "position": {
            "x": 0.2891322326660156,
            "y": 0.23952365112304688,
            "z": 0.20111933898925782
        },
        "orientation": {
            "x": 0.27856600989131197,
            "y": -0.21226619514679113,
            "z": 0.003400329632961973,
            "w": 0.9366602790177052
        }
    }
}