{
    "header": {
        "seq": 20825,
        "stamp": {
            "secs": 1678823295,
            "nsecs": 936805297
        },
        "frame_id": "atracsys"
    },
    "pose": {
        "position": {
            "x": 0.22182159423828127,
            "y": 0.18576829528808594,
            "z": 0.17422096252441407
        },
        "orientation": {
            "x": 0.24264660533427038,
            "y": -0.16667614489727434,
            "z": -0.10739249076408632,
            "w": 0.9496360042507989
        }
    }
}