{
    "header": {
        "seq": 35375,
        "stamp": {
            "secs": 1678823442,
            "nsecs": 590164423
        },
        "frame_id": "atracsys"
    },
    "pose": {
        "position": {
            "x": 0.03369340896606445,
            "y": 0.18374067687988282,
            "z": 0.17418182373046875
        },
        "orientation": {
            "x": 0.22213922038090314,
            "y": -0.09457766486864469,
            "z": -0.15951652190593585,
            "w": 0.9572166480560146
        }
    }
}