{
    "header": {
        "seq": 22903,
        "stamp": {
            "secs": 1678823316,
            "nsecs": 877056638
        },
        "frame_id": "atracsys"
    },
    "pose": {
        "position": {
            "x": 0.5058558044433594,
            "y": 0.24491897583007813,
            "z": 0.34336282348632813
        },
        "orientation": {
            "x": 0.2618968461562654,
            "y": -0.3314830109403718,
            "z": 0.07893368287903045,
            "w": 0.9029388291232465
        }
    }
}