{
    "header": {
        "seq": 7692,
        "stamp": {
            "secs": 1678823161,
            "nsecs": 731059817
        },
        "frame_id": "atracsys"
    },
    "pose": {
        "position": {
            "x": 0.5113839416503906,
            "y": -0.18187060546875,
            "z": 0.3330774536132813
        },
        "orientation": {
            "x": 0.03422312122744346,
            "y": -0.40543844429292714,
            "z": -0.1768751111277422,
            "w": 0.8961939750558088
        }
    }
}