{
    "header": {
        "seq": 18779,
        "stamp": {
            "secs": 1678823274,
            "nsecs": 384600958
        },
        "frame_id": "atracsys"
    },
    "pose": {
        "position": {
            "x": 0.2357720184326172,
            "y": 0.15725006103515626,
            "z": 0.20015357971191405
        },
        "orientation": {
            "x": 0.22618792242331306,
            "y": -0.12479648456133507,
            "z": 0.10437213436180458,
            "w": 0.9604016445007366
        }
    }
}