{
    "header": {
        "seq": 33513,
        "stamp": {
            "secs": 1678823423,
            "nsecs": 811085198
        },
        "frame_id": "atracsys"
    },
    "pose": {
        "position": {
            "x": 0.33464495849609377,
            "y": 0.09606998443603516,
            "z": 0.26715533447265627
        },
        "orientation": {
            "x": 0.18263258465139795,
            "y": -0.2619162500854255,
            "z": -0.00012522627184654694,
            "w": 0.9476524686208124
        }
    }
}