{
    "header": {
        "seq": 28572,
        "stamp": {
            "secs": 1678823374,
            "nsecs": 17269012
        },
        "frame_id": "atracsys"
    },
    "pose": {
        "position": {
            "x": 0.18620562744140626,
            "y": 0.2913409423828125,
            "z": 0.23021556091308595
        },
        "orientation": {
            "x": 0.3105001742568573,
            "y": -0.16509706382581596,
            "z": -0.024792055642475025,
            "w": 0.9357980312436952
        }
    }
}