{
    "header": {
        "seq": 24580,
        "stamp": {
            "secs": 1678823333,
            "nsecs": 784459989
        },
        "frame_id": "atracsys"
    },
    "pose": {
        "position": {
            "x": 0.501669189453125,
            "y": 0.25837945556640624,
            "z": 0.33666659545898436
        },
        "orientation": {
            "x": 0.28083893786907965,
            "y": -0.33905678200813494,
            "z": 0.06732885622388343,
            "w": 0.8953417306651349
        }
    }
}