{
    "header": {
        "seq": 25419,
        "stamp": {
            "secs": 1678823342,
            "nsecs": 226368372
        },
        "frame_id": "atracsys"
    },
    "pose": {
        "position": {
            "x": 0.32871206665039066,
            "y": 0.2689137268066406,
            "z": 0.2384541473388672
        },
        "orientation": {
            "x": 0.298625197359711,
            "y": -0.23473009838648912,
            "z": 0.02095860210846912,
            "w": 0.9248164733670144
        }
    }
}