{
    "header": {
        "seq": 29100,
        "stamp": {
            "secs": 1678823379,
            "nsecs": 336602355
        },
        "frame_id": "atracsys"
    },
    "pose": {
        "position": {
            "x": 0.26835812377929685,
            "y": 0.17134483337402345,
            "z": 0.21475413513183594
        },
        "orientation": {
            "x": 0.2367138760527149,
            "y": -0.21810580984122377,
            "z": -0.14107647294118117,
            "w": 0.9362124894382046
        }
    }
}