{
    "header": {
        "seq": 37068,
        "stamp": {
            "secs": 1678823459,
            "nsecs": 643867803
        },
        "frame_id": "atracsys"
    },
    "pose": {
        "position": {
            "x": 0.07583564758300781,
            "y": 0.21553512573242187,
            "z": 0.2043465576171875
        },
        "orientation": {
            "x": 0.2435594844806207,
            "y": -0.11026810721859195,
            "z": -0.16877718237787084,
            "w": 0.9487012094218866
        }
    }
}