{
    "header": {
        "seq": 31681,
        "stamp": {
            "secs": 1678823405,
            "nsecs": 363377121
        },
        "frame_id": "atracsys"
    },
    "pose": {
        "position": {
            "x": 0.26112167358398436,
            "y": 0.1267151107788086,
            "z": 0.24185223388671875
        },
        "orientation": {
            "x": 0.203898693938861,
            "y": -0.21891959041020123,
            "z": -0.08916090037590702,
            "w": 0.9500262466841713
        }
    }
}