{
    "header": {
        "seq": 22834,
        "stamp": {
            "secs": 1678823316,
            "nsecs": 178614380
        },
        "frame_id": "atracsys"
    },
    "pose": {
        "position": {
            "x": 0.5181483764648438,
            "y": 0.23655487060546876,
            "z": 0.34833981323242186
        },
        "orientation": {
            "x": 0.2557097542344319,
            "y": -0.338092088605851,
            "z": 0.07367194278067256,
            "w": 0.9027063232626773
        }
    }
}