{
    "header": {
        "seq": 31023,
        "stamp": {
            "secs": 1678823398,
            "nsecs": 727676797
        },
        "frame_id": "atracsys"
    },
    "pose": {
        "position": {
            "x": 0.3540514526367188,
            "y": 0.05966281127929687,
            "z": 0.2753774719238281
        },
        "orientation": {
            "x": 0.16676333879076288,
            "y": -0.2786643518349171,
            "z": -0.0911119855001754,
            "w": 0.9414004323081643
        }
    }
}