{
    "header": {
        "seq": 27948,
        "stamp": {
            "secs": 1678823367,
            "nsecs": 721704672
        },
        "frame_id": "atracsys"
    },
    "pose": {
        "position": {
            "x": 0.13089102172851563,
            "y": 0.23039610290527343,
            "z": 0.1958275909423828
        },
        "orientation": {
            "x": 0.26978572827042646,
            "y": -0.13367407556479247,
            "z": -0.07057188678839603,
            "w": 0.9509818668821292
        }
    }
}