{
    "header": {
        "seq": 13356,
        "stamp": {
            "secs": 1678823218,
            "nsecs": 829503846
        },
        "frame_id": "atracsys"
    },
    "pose": {
        "position": {
            "x": 0.7350137939453125,
            "y": -0.23098696899414062,
            "z": 0.8441207885742188
        },
        "orientation": {
            "x": -0.027648046013535172,
            "y": 0.7228383002983029,
            "z": 0.11907615524974936,
            "w": -0.6801185532129173
        }
    }
}