{
    "header": {
        "seq": 31976,
        "stamp": {
            "secs": 1678823408,
            "nsecs": 330556512
        },
        "frame_id": "atracsys"
    },
    "pose": {
        "position": {
            "x": 0.243562255859375,
            "y": 0.10852454376220703,
            "z": 0.23550492858886718
        },
        "orientation": {
            "x": 0.19509573436144584,
            "y": -0.2099362898292816,
            "z": -0.07967558143820765,
            "w": 0.9547335808324581
        }
    }
}