{
    "header": {
        "seq": 34065,
        "stamp": {
            "secs": 1678823429,
            "nsecs": 387196680
        },
        "frame_id": "atracsys"
    },
    "pose": {
        "position": {
            "x": 0.21868714904785155,
            "y": 0.1481221923828125,
            "z": 0.2253792724609375
        },
        "orientation": {
            "x": 0.2218909548302144,
            "y": -0.19726722237978886,
            "z": -0.02715508245531958,
            "w": 0.9545222096085263
        }
    }
}