{
    "header": {
        "seq": 36606,
        "stamp": {
            "secs": 1678823454,
            "nsecs": 990216529
        },
        "frame_id": "atracsys"
    },
    "pose": {
        "position": {
            "x": 0.1476960144042969,
            "y": 0.15536483764648437,
            "z": 0.197001708984375
        },
        "orientation": {
            "x": 0.21083102815314114,
            "y": -0.15993709602497727,
            "z": -0.181787219667115,
            "w": 0.9470606156148014
        }
    }
}