{
    "header": {
        "seq": 8782,
        "stamp": {
            "secs": 1678823172,
            "nsecs": 707167591
        },
        "frame_id": "atracsys"
    },
    "pose": {
        "position": {
            "x": 0.5755797729492188,
            "y": -0.04225832748413086,
            "z": 0.37322555541992186
        },
        "orientation": {
            "x": 0.11691930461126906,
            "y": -0.42351395271158754,
            "z": -0.1339993481479141,
            "w": 0.8882623389313311
        }
    }
}