{
    "header": {
        "seq": 33891,
        "stamp": {
            "secs": 1678823427,
            "nsecs": 629088133
        },
        "frame_id": "atracsys"
    },
    "pose": {
        "position": {
            "x": 0.17389691162109375,
            "y": 0.11886656951904297,
            "z": 0.20553475952148437
        },
        "orientation": {
            "x": 0.20442952538250586,
            "y": -0.17272437971855842,
            "z": -0.043292492369057516,
            "w": 0.9625490210411093
        }
    }
}