{
    "header": {
        "seq": 29682,
        "stamp": {
            "secs": 1681248057,
            "nsecs": 174723994
        },
        "frame_id": "atracsys"
    },
    "pose": {
        "position": {
            "x": 0.19293984985351562,
            "y": -0.003439274311065674,
            "z": 1.06323583984375
        },
        "orientation": {
            "x": 0.9658967659554427,
            "y": 0.1484359676349668,
            "z": -0.18829563899605684,
            "w": 0.09774944175878716
        }
    }
}