{
    "header": {
        "seq": 22334,
        "stamp": {
            "secs": 1681247983,
            "nsecs": 249439129
        },
        "frame_id": "atracsys"
    },
    "pose": {
        "position": {
            "x": 0.218043701171875,
            "y": -0.005998502731323243,
            "z": 1.037799072265625
        },
        "orientation": {
            "x": 0.9696639508814098,
            "y": 0.07589848323108515,
            "z": -0.14514059295880077,
            "w": 0.1814537155305546
        }
    }
}