{
    "header": {
        "seq": 14746,
        "stamp": {
            "secs": 1681247906,
            "nsecs": 876274145
        },
        "frame_id": "atracsys"
    },
    "pose": {
        "position": {
            "x": 0.1504659881591797,
            "y": -0.00813950252532959,
            "z": 1.0567911376953125
        },
        "orientation": {
            "x": 0.9739723617426334,
            "y": 0.04718529950933747,
            "z": -0.20641768182263662,
            "w": 0.08088959576274352
        }
    }
}