{
    "header": {
        "seq": 16546,
        "stamp": {
            "secs": 1681247924,
            "nsecs": 992746980
        },
        "frame_id": "atracsys"
    },
    "pose": {
        "position": {
            "x": 0.17402470397949218,
            "y": -0.01093312931060791,
            "z": 1.0462740478515624
        },
        "orientation": {
            "x": 0.975888093288635,
            "y": 0.05511091286131764,
            "z": -0.2005423877323822,
            "w": 0.06624173445539894
        }
    }
}