{
    "header": {
        "seq": 10429,
        "stamp": {
            "secs": 1681247863,
            "nsecs": 434469689
        },
        "frame_id": "atracsys"
    },
    "pose": {
        "position": {
            "x": 0.1924873046875,
            "y": 0.023537904739379882,
            "z": 1.1086231689453125
        },
        "orientation": {
            "x": 0.9320332381838734,
            "y": 0.07056234674681322,
            "z": -0.30036268920728454,
            "w": 0.1900453974034461
        }
    }
}