{
    "header": {
        "seq": 7557,
        "stamp": {
            "secs": 1681247820,
            "nsecs": 488231138
        },
        "frame_id": "atracsys"
    },
    "pose": {
        "position": {
            "x": 0.27209661865234375,
            "y": 0.002055202007293701,
            "z": 1.0013603515625
        },
        "orientation": {
            "x": 0.9683219414776066,
            "y": 0.17433097841920442,
            "z": -0.17124867160538557,
            "w": 0.051334394803410476
        }
    }
}