{
    "header": {
        "seq": 27553,
        "stamp": {
            "secs": 1681248035,
            "nsecs": 759697564
        },
        "frame_id": "atracsys"
    },
    "pose": {
        "position": {
            "x": 0.2294730224609375,
            "y": 0.00899364471435547,
            "z": 1.070020751953125
        },
        "orientation": {
            "x": 0.9685339855963857,
            "y": 0.11067592436168437,
            "z": -0.14194889056362156,
            "w": 0.17188156090524653
        }
    }
}