{
    "header": {
        "seq": 27038,
        "stamp": {
            "secs": 1681248030,
            "nsecs": 580626784
        },
        "frame_id": "atracsys"
    },
    "pose": {
        "position": {
            "x": 0.24605061340332032,
            "y": 0.012046751976013183,
            "z": 1.0787738037109376
        },
        "orientation": {
            "x": 0.9481248998395938,
            "y": 0.15856290463215827,
            "z": -0.1402018275408001,
            "w": 0.23719280582048324
        }
    }
}