{
    "header": {
        "seq": 28032,
        "stamp": {
            "secs": 1681248040,
            "nsecs": 577736346
        },
        "frame_id": "atracsys"
    },
    "pose": {
        "position": {
            "x": 0.23186422729492187,
            "y": 0.009389206886291504,
            "z": 1.0713433837890625
        },
        "orientation": {
            "x": 0.9697638904271448,
            "y": 0.14474638246182284,
            "z": -0.11004881659425493,
            "w": 0.1627751195792167
        }
    }
}