{
    "header": {
        "seq": 4232,
        "stamp": {
            "secs": 1681247787,
            "nsecs": 46486860
        },
        "frame_id": "atracsys"
    },
    "pose": {
        "position": {
            "x": 0.18841114807128906,
            "y": -0.0005371122360229492,
            "z": 1.0423409423828125
        },
        "orientation": {
            "x": 0.9425951045614727,
            "y": -0.004838932646077303,
            "z": -0.2677968392054905,
            "w": 0.1994389793875355
        }
    }
}