{
    "header": {
        "seq": 23580,
        "stamp": {
            "secs": 1681247995,
            "nsecs": 786629149
        },
        "frame_id": "atracsys"
    },
    "pose": {
        "position": {
            "x": 0.25291368103027345,
            "y": 0.00606572437286377,
            "z": 1.04409423828125
        },
        "orientation": {
            "x": 0.959696095268569,
            "y": 0.12001310530588671,
            "z": -0.12665572441088338,
            "w": 0.22031474475180754
        }
    }
}