{
    "header": {
        "seq": 14460,
        "stamp": {
            "secs": 1681247903,
            "nsecs": 998626458
        },
        "frame_id": "atracsys"
    },
    "pose": {
        "position": {
            "x": 0.14820675659179688,
            "y": -0.00995072078704834,
            "z": 1.0556121826171876
        },
        "orientation": {
            "x": 0.9676792343330216,
            "y": 0.032648059624169445,
            "z": -0.22779336008727682,
            "w": 0.10315613769224816
        }
    }
}