{
    "header": {
        "seq": 19199,
        "stamp": {
            "secs": 1681247951,
            "nsecs": 694192361
        },
        "frame_id": "atracsys"
    },
    "pose": {
        "position": {
            "x": 0.16195703125,
            "y": -0.01319404411315918,
            "z": 1.0158001708984374
        },
        "orientation": {
            "x": 0.9837855343490469,
            "y": 0.0319135586970835,
            "z": -0.16936164632384154,
            "w": 0.049640506960812986
        }
    }
}