{
    "header": {
        "seq": 18986,
        "stamp": {
            "secs": 1681247949,
            "nsecs": 550885085
        },
        "frame_id": "atracsys"
    },
    "pose": {
        "position": {
            "x": 0.16032269287109374,
            "y": -0.008493789672851563,
            "z": 1.0189042358398437
        },
        "orientation": {
            "x": 0.969453882302987,
            "y": 0.015775637836124172,
            "z": -0.22820646336638498,
            "w": 0.08849920573844983
        }
    }
}