{
    "header": {
        "seq": 3619,
        "stamp": {
            "secs": 1681247780,
            "nsecs": 882403118
        },
        "frame_id": "atracsys"
    },
    "pose": {
        "position": {
            "x": 0.17954731750488281,
            "y": -0.002196458578109741,
            "z": 1.039306396484375
        },
        "orientation": {
            "x": 0.9394936217535937,
            "y": -0.009431636702589716,
            "z": -0.2922732191048737,
            "w": 0.1784352664343578
        }
    }
}