{
    "header": {
        "seq": 14423,
        "stamp": {
            "secs": 1681247903,
            "nsecs": 628484841
        },
        "frame_id": "atracsys"
    },
    "pose": {
        "position": {
            "x": 0.14986074829101562,
            "y": -0.009932403564453126,
            "z": 1.0576619873046875
        },
        "orientation": {
            "x": 0.9689124996514941,
            "y": 0.03753901193545388,
            "z": -0.22130333641935945,
            "w": 0.10403953042792585
        }
    }
}