{
    "header": {
        "seq": 31822,
        "stamp": {
            "secs": 1681248078,
            "nsecs": 697066568
        },
        "frame_id": "atracsys"
    },
    "pose": {
        "position": {
            "x": 0.18214537048339843,
            "y": -0.0019793453216552736,
            "z": 1.0651611328125
        },
        "orientation": {
            "x": 0.9753419128211385,
            "y": 0.12457183805008151,
            "z": -0.14638635800435645,
            "w": 0.10844834922416945
        }
    }
}