{
    "header": {
        "seq": 11249,
        "stamp": {
            "secs": 1681247871,
            "nsecs": 697261897
        },
        "frame_id": "atracsys"
    },
    "pose": {
        "position": {
            "x": 0.15650714111328126,
            "y": 0.024641124725341797,
            "z": 1.096595703125
        },
        "orientation": {
            "x": 0.9265245214285599,
            "y": 0.02693757096672579,
            "z": -0.3463482947132654,
            "w": 0.1444629267708629
        }
    }
}