{
    "header": {
        "seq": 28665,
        "stamp": {
            "secs": 1681248046,
            "nsecs": 944899127
        },
        "frame_id": "atracsys"
    },
    "pose": {
        "position": {
            "x": 0.210440673828125,
            "y": 0.0014385385513305665,
            "z": 1.073792236328125
        },
        "orientation": {
            "x": 0.9596350221348564,
            "y": 0.0968059072806919,
            "z": -0.19625681389481012,
            "w": 0.17667060765066037
        }
    }
}