{
    "header": {
        "seq": 14982,
        "stamp": {
            "secs": 1681247909,
            "nsecs": 249383353
        },
        "frame_id": "atracsys"
    },
    "pose": {
        "position": {
            "x": 0.14621267700195312,
            "y": -0.007271128654479981,
            "z": 1.06097998046875
        },
        "orientation": {
            "x": 0.9697416803047342,
            "y": 0.04270486029987139,
            "z": -0.22088406117605724,
            "w": 0.09480295303887395
        }
    }
}