{
    "header": {
        "seq": 21774,
        "stamp": {
            "secs": 1681247977,
            "nsecs": 610512866
        },
        "frame_id": "atracsys"
    },
    "pose": {
        "position": {
            "x": 0.20778565979003907,
            "y": -0.005446240425109864,
            "z": 1.03611962890625
        },
        "orientation": {
            "x": 0.967724936273038,
            "y": 0.048519907263139435,
            "z": -0.14850530842636836,
            "w": 0.19773831111777554
        }
    }
}