{
    "header": {
        "seq": 14011,
        "stamp": {
            "secs": 1681247899,
            "nsecs": 482242552
        },
        "frame_id": "atracsys"
    },
    "pose": {
        "position": {
            "x": 0.15491656494140627,
            "y": -0.008295891761779785,
            "z": 1.0538538818359375
        },
        "orientation": {
            "x": 0.9761694743747779,
            "y": 0.05579472396223764,
            "z": -0.19828163791660974,
            "w": 0.06829713128641667
        }
    }
}