{
    "header": {
        "seq": 13933,
        "stamp": {
            "secs": 1681247898,
            "nsecs": 697150722
        },
        "frame_id": "atracsys"
    },
    "pose": {
        "position": {
            "x": 0.15132534790039062,
            "y": -0.010453800201416015,
            "z": 1.0526552734375
        },
        "orientation": {
            "x": 0.9743814302184651,
            "y": 0.04227200899944537,
            "z": -0.20665174019968538,
            "w": 0.07803181385185728
        }
    }
}