{
    "header": {
        "seq": 5521,
        "stamp": {
            "secs": 1681247800,
            "nsecs": 13727101
        },
        "frame_id": "atracsys"
    },
    "pose": {
        "position": {
            "x": 0.2313199157714844,
            "y": -0.01967418670654297,
            "z": 0.9888297119140625
        },
        "orientation": {
            "x": 0.9540036405749023,
            "y": 0.13865812624112311,
            "z": -0.2647648367504534,
            "w": 0.02346399406834241
        }
    }
}