{
    "header": {
        "seq": 13476,
        "stamp": {
            "secs": 1681247894,
            "nsecs": 97266342
        },
        "frame_id": "atracsys"
    },
    "pose": {
        "position": {
            "x": 0.12650186920166015,
            "y": -0.008502203941345215,
            "z": 1.0277039794921876
        },
        "orientation": {
            "x": 0.9692827668784588,
            "y": 0.016326026272270953,
            "z": -0.24400141440029405,
            "w": -0.026223814925608116
        }
    }
}