{
    "header": {
        "seq": 15247,
        "stamp": {
            "secs": 1681247911,
            "nsecs": 915083250
        },
        "frame_id": "atracsys"
    },
    "pose": {
        "position": {
            "x": 0.1518951873779297,
            "y": -0.004663899898529053,
            "z": 1.06132373046875
        },
        "orientation": {
            "x": 0.9704366257486003,
            "y": 0.07026317641146788,
            "z": -0.21510794285771087,
            "w": 0.08393100956002941
        }
    }
}