{
    "header": {
        "seq": 22394,
        "stamp": {
            "secs": 1681247983,
            "nsecs": 852330745
        },
        "frame_id": "atracsys"
    },
    "pose": {
        "position": {
            "x": 0.21998974609375,
            "y": -0.007491767883300781,
            "z": 1.034224609375
        },
        "orientation": {
            "x": 0.9747816750261915,
            "y": 0.08716658403505874,
            "z": -0.1442599404995508,
            "w": 0.14625916117583
        }
    }
}