{
    "header": {
        "seq": 4574,
        "stamp": {
            "secs": 1681247790,
            "nsecs": 485300821
        },
        "frame_id": "atracsys"
    },
    "pose": {
        "position": {
            "x": 0.19450924682617188,
            "y": -0.0006329085230827332,
            "z": 1.0451473388671875
        },
        "orientation": {
            "x": 0.9425467508040811,
            "y": 0.00844211876907332,
            "z": -0.2617921102185959,
            "w": 0.2073625911456856
        }
    }
}