{
    "header": {
        "seq": 20224,
        "stamp": {
            "secs": 1681247962,
            "nsecs": 10553330
        },
        "frame_id": "atracsys"
    },
    "pose": {
        "position": {
            "x": 0.17219697570800782,
            "y": -0.013004621505737305,
            "z": 1.0203290405273437
        },
        "orientation": {
            "x": 0.9889421052909113,
            "y": 0.027505054269888925,
            "z": -0.12658842287088282,
            "w": 0.07219664512602458
        }
    }
}