{
    "header": {
        "seq": 11925,
        "stamp": {
            "secs": 1681247878,
            "nsecs": 497174244
        },
        "frame_id": "atracsys"
    },
    "pose": {
        "position": {
            "x": 0.15956634521484375,
            "y": 0.019868736267089845,
            "z": 1.104544921875
        },
        "orientation": {
            "x": 0.9247253496272205,
            "y": 0.0017634135088019488,
            "z": -0.3290364465607802,
            "w": 0.19135029387034302
        }
    }
}