{
    "header": {
        "seq": 22254,
        "stamp": {
            "secs": 1681247982,
            "nsecs": 440354513
        },
        "frame_id": "atracsys"
    },
    "pose": {
        "position": {
            "x": 0.21735211181640626,
            "y": -0.003950357437133789,
            "z": 1.0406220703125
        },
        "orientation": {
            "x": 0.9612547312561371,
            "y": 0.07402101510762908,
            "z": -0.14579597701386038,
            "w": 0.22193189055812035
        }
    }
}