{
    "header": {
        "seq": 17658,
        "stamp": {
            "secs": 1681247936,
            "nsecs": 180695582
        },
        "frame_id": "atracsys"
    },
    "pose": {
        "position": {
            "x": 0.16382357788085938,
            "y": -0.009078458786010742,
            "z": 1.0464287109375001
        },
        "orientation": {
            "x": 0.9509254784534968,
            "y": 0.039578043033742606,
            "z": -0.2850341824168211,
            "w": 0.11370940062977018
        }
    }
}