{
    "header": {
        "seq": 23055,
        "stamp": {
            "secs": 1681247990,
            "nsecs": 506007008
        },
        "frame_id": "atracsys"
    },
    "pose": {
        "position": {
            "x": 0.24307368469238283,
            "y": 0.0033605580329895022,
            "z": 1.0448970947265626
        },
        "orientation": {
            "x": 0.9534732686254421,
            "y": 0.11205265712975644,
            "z": -0.11276962077384031,
            "w": 0.25615608655154193
        }
    }
}