{
    "header": {
        "seq": 12315,
        "stamp": {
            "secs": 1681247882,
            "nsecs": 419618434
        },
        "frame_id": "atracsys"
    },
    "pose": {
        "position": {
            "x": 0.14988043212890625,
            "y": 0.01732864570617676,
            "z": 1.1080484619140625
        },
        "orientation": {
            "x": 0.9102672326353402,
            "y": -0.00975293441672151,
            "z": -0.3567426321875089,
            "w": 0.2098883985373903
        }
    }
}