{
    "header": {
        "seq": 13373,
        "stamp": {
            "secs": 1681247893,
            "nsecs": 61473384
        },
        "frame_id": "atracsys"
    },
    "pose": {
        "position": {
            "x": 0.12848748779296876,
            "y": -0.009598617553710938,
            "z": 1.02710302734375
        },
        "orientation": {
            "x": 0.9704145334983989,
            "y": 0.008999137215735531,
            "z": -0.24047852988505133,
            "w": -0.019614417370439556
        }
    }
}