{
    "header": {
        "seq": 27425,
        "stamp": {
            "secs": 1681248034,
            "nsecs": 473265249
        },
        "frame_id": "atracsys"
    },
    "pose": {
        "position": {
            "x": 0.21000303649902344,
            "y": 0.0022188394069671633,
            "z": 1.0686313476562501
        },
        "orientation": {
            "x": 0.9509254787302687,
            "y": 0.05543979368204179,
            "z": -0.21350968671511925,
            "w": 0.21698105183843552
        }
    }
}