{
    "header": {
        "seq": 26092,
        "stamp": {
            "secs": 1681248021,
            "nsecs": 58319839
        },
        "frame_id": "atracsys"
    },
    "pose": {
        "position": {
            "x": 0.2642489318847656,
            "y": 0.023947277069091798,
            "z": 1.0674522705078124
        },
        "orientation": {
            "x": 0.9580728290414608,
            "y": 0.1781785770767495,
            "z": -0.11774399919940613,
            "w": 0.19101099333788807
        }
    }
}