{
    "header": {
        "seq": 27384,
        "stamp": {
            "secs": 1681248034,
            "nsecs": 61201076
        },
        "frame_id": "atracsys"
    },
    "pose": {
        "position": {
            "x": 0.21159770202636718,
            "y": 0.0026407320499420165,
            "z": 1.06806298828125
        },
        "orientation": {
            "x": 0.9506603825428749,
            "y": 0.05388810744482403,
            "z": -0.21810067941368555,
            "w": 0.21394626095994024
        }
    }
}