{
    "header": {
        "seq": 7673,
        "stamp": {
            "secs": 1681247821,
            "nsecs": 655525099
        },
        "frame_id": "atracsys"
    },
    "pose": {
        "position": {
            "x": 0.2733009033203125,
            "y": 0.0038042709827423096,
            "z": 1.0013306274414062
        },
        "orientation": {
            "x": 0.9696544191138127,
            "y": 0.17709813906918703,
            "z": -0.16254293727436706,
            "w": 0.044568488571036666
        }
    }
}