{
    "header": {
        "seq": 24004,
        "stamp": {
            "secs": 1681248000,
            "nsecs": 55270556
        },
        "frame_id": "atracsys"
    },
    "pose": {
        "position": {
            "x": 0.257857666015625,
            "y": 0.009489693641662598,
            "z": 1.0363525390625
        },
        "orientation": {
            "x": 0.9727947127449664,
            "y": 0.1329662348917016,
            "z": -0.14404114875703358,
            "w": 0.12346082252648963
        }
    }
}