{
    "header": {
        "seq": 5602,
        "stamp": {
            "secs": 1681247800,
            "nsecs": 828654299
        },
        "frame_id": "atracsys"
    },
    "pose": {
        "position": {
            "x": 0.23472601318359376,
            "y": -0.018869022369384765,
            "z": 0.9905673217773437
        },
        "orientation": {
            "x": 0.9534689963021103,
            "y": 0.14227900702515453,
            "z": -0.2637735705038451,
            "w": 0.032818603782540416
        }
    }
}