{
    "header": {
        "seq": 14541,
        "stamp": {
            "secs": 1681247904,
            "nsecs": 816569226
        },
        "frame_id": "atracsys"
    },
    "pose": {
        "position": {
            "x": 0.14599345397949218,
            "y": -0.00944310760498047,
            "z": 1.0552784423828125
        },
        "orientation": {
            "x": 0.9663508073620114,
            "y": 0.03344307231761353,
            "z": -0.23318149791146087,
            "w": 0.10331537667024664
        }
    }
}