{
    "header": {
        "seq": 9067,
        "stamp": {
            "secs": 1681247849,
            "nsecs": 727154729
        },
        "frame_id": "atracsys"
    },
    "pose": {
        "position": {
            "x": 0.24330067443847656,
            "y": 0.011188926696777344,
            "z": 1.0547427978515624
        },
        "orientation": {
            "x": 0.9428961914385897,
            "y": 0.24874907664460352,
            "z": -0.21752442818539058,
            "w": 0.041878302039101575
        }
    }
}