{
    "header": {
        "seq": 22119,
        "stamp": {
            "secs": 1681247981,
            "nsecs": 82177264
        },
        "frame_id": "atracsys"
    },
    "pose": {
        "position": {
            "x": 0.2119093017578125,
            "y": -0.007082244873046875,
            "z": 1.034263671875
        },
        "orientation": {
            "x": 0.9723866524895568,
            "y": 0.05946265903184814,
            "z": -0.15447740349737937,
            "w": 0.16451480799528062
        }
    }
}