{
    "header": {
        "seq": 17121,
        "stamp": {
            "secs": 1681247930,
            "nsecs": 777724308
        },
        "frame_id": "atracsys"
    },
    "pose": {
        "position": {
            "x": 0.15836595153808594,
            "y": -0.013404971122741699,
            "z": 1.049953125
        },
        "orientation": {
            "x": 0.9645766156416987,
            "y": 0.06160341297108032,
            "z": -0.24454920818223805,
            "w": 0.07741225255062341
        }
    }
}