{
    "header": {
        "seq": 16330,
        "stamp": {
            "secs": 1681247922,
            "nsecs": 816638393
        },
        "frame_id": "atracsys"
    },
    "pose": {
        "position": {
            "x": 0.17841152954101563,
            "y": -0.008686579704284669,
            "z": 1.0444075927734375
        },
        "orientation": {
            "x": 0.9786722498998786,
            "y": 0.04105853833343177,
            "z": -0.1882499236476342,
            "w": 0.07125159613995924
        }
    }
}