{
    "header": {
        "seq": 17418,
        "stamp": {
            "secs": 1681247933,
            "nsecs": 765778063
        },
        "frame_id": "atracsys"
    },
    "pose": {
        "position": {
            "x": 0.16223280334472656,
            "y": -0.011284126281738282,
            "z": 1.0467181396484375
        },
        "orientation": {
            "x": 0.9570878508806018,
            "y": 0.04808309756008682,
            "z": -0.26836023994107694,
            "w": 0.09825295438074949
        }
    }
}