{
    "header": {
        "seq": 14135,
        "stamp": {
            "secs": 1681247900,
            "nsecs": 726986129
        },
        "frame_id": "atracsys"
    },
    "pose": {
        "position": {
            "x": 0.15767074584960938,
            "y": -0.006006194114685059,
            "z": 1.054981201171875
        },
        "orientation": {
            "x": 0.9767516988860364,
            "y": 0.07149164820636378,
            "z": -0.19230813284392137,
            "w": 0.0621501810300176
        }
    }
}