{
    "header": {
        "seq": 23621,
        "stamp": {
            "secs": 1681247996,
            "nsecs": 198663485
        },
        "frame_id": "atracsys"
    },
    "pose": {
        "position": {
            "x": 0.25197317504882816,
            "y": 0.005362994194030762,
            "z": 1.046361083984375
        },
        "orientation": {
            "x": 0.9533340683921742,
            "y": 0.1235521981878471,
            "z": -0.1299887719748454,
            "w": 0.2428825385371459
        }
    }
}