{
    "header": {
        "seq": 4694,
        "stamp": {
            "secs": 1681247791,
            "nsecs": 691369227
        },
        "frame_id": "atracsys"
    },
    "pose": {
        "position": {
            "x": 0.19583450317382814,
            "y": 0.00013420863449573517,
            "z": 1.0455606689453125
        },
        "orientation": {
            "x": 0.940882968541298,
            "y": 0.010058642064569839,
            "z": -0.260341903487505,
            "w": 0.21647206867684876
        }
    }
}