{
    "header": {
        "seq": 7206,
        "stamp": {
            "secs": 1681247816,
            "nsecs": 959879569
        },
        "frame_id": "atracsys"
    },
    "pose": {
        "position": {
            "x": 0.2670228271484375,
            "y": -0.0029044601917266846,
            "z": 1.0026361083984374
        },
        "orientation": {
            "x": 0.9634627422532349,
            "y": 0.16333289603608186,
            "z": -0.2012526602166456,
            "w": 0.06752241196866823
        }
    }
}