{
    "header": {
        "seq": 8577,
        "stamp": {
            "secs": 1681247844,
            "nsecs": 795704355
        },
        "frame_id": "atracsys"
    },
    "pose": {
        "position": {
            "x": 0.26314105224609374,
            "y": 0.017454904556274416,
            "z": 1.0623809814453125
        },
        "orientation": {
            "x": 0.9426557002907889,
            "y": 0.24336627236474526,
            "z": -0.20114624158144845,
            "w": 0.10822789696852038
        }
    }
}