{
    "header": {
        "seq": 23944,
        "stamp": {
            "secs": 1681247999,
            "nsecs": 452287070
        },
        "frame_id": "atracsys"
    },
    "pose": {
        "position": {
            "x": 0.2635985412597656,
            "y": 0.013183765411376953,
            "z": 1.03468359375
        },
        "orientation": {
            "x": 0.9749354166594111,
            "y": 0.1500776569900618,
            "z": -0.11681726912497288,
            "w": 0.11546149076509224
        }
    }
}