{
    "header": {
        "seq": 19848,
        "stamp": {
            "secs": 1681247958,
            "nsecs": 225472660
        },
        "frame_id": "atracsys"
    },
    "pose": {
        "position": {
            "x": 0.16836175537109374,
            "y": -0.01059125804901123,
            "z": 1.0225167236328125
        },
        "orientation": {
            "x": 0.9803348067404858,
            "y": 0.010465808036264963,
            "z": -0.17009975918312378,
            "w": 0.09949977628661172
        }
    }
}