{
    "header": {
        "seq": 11561,
        "stamp": {
            "secs": 1681247874,
            "nsecs": 834560992
        },
        "frame_id": "atracsys"
    },
    "pose": {
        "position": {
            "x": 0.1552194061279297,
            "y": 0.02222207260131836,
            "z": 1.1015250244140624
        },
        "orientation": {
            "x": 0.9244903157065589,
            "y": 0.0034431653543373695,
            "z": -0.33671630751431253,
            "w": 0.1786838801656618
        }
    }
}