{
    "header": {
        "seq": 17081,
        "stamp": {
            "secs": 1681247930,
            "nsecs": 377923194
        },
        "frame_id": "atracsys"
    },
    "pose": {
        "position": {
            "x": 0.15713917541503908,
            "y": -0.012991482734680176,
            "z": 1.0502012939453125
        },
        "orientation": {
            "x": 0.9659278036862136,
            "y": 0.061567904225380755,
            "z": -0.2410541854394059,
            "w": 0.07131445097150274
        }
    }
}