{
    "header": {
        "seq": 20578,
        "stamp": {
            "secs": 1681247965,
            "nsecs": 574728247
        },
        "frame_id": "atracsys"
    },
    "pose": {
        "position": {
            "x": 0.18293118286132812,
            "y": -0.010694242477416993,
            "z": 1.0267059326171875
        },
        "orientation": {
            "x": 0.9811532358547385,
            "y": 0.02249371100109198,
            "z": -0.15191295138188776,
            "w": 0.11728092743331893
        }
    }
}