{
    "header": {
        "seq": 4040,
        "stamp": {
            "secs": 1681247785,
            "nsecs": 115134803
        },
        "frame_id": "atracsys"
    },
    "pose": {
        "position": {
            "x": 0.1872725067138672,
            "y": -0.0007339884638786316,
            "z": 1.041942138671875
        },
        "orientation": {
            "x": 0.940157375827009,
            "y": -0.005941160412578729,
            "z": -0.2780853608354932,
            "w": 0.19681804637791192
        }
    }
}