{
    "header": {
        "seq": 20083,
        "stamp": {
            "secs": 1681247960,
            "nsecs": 589682618
        },
        "frame_id": "atracsys"
    },
    "pose": {
        "position": {
            "x": 0.1716470184326172,
            "y": -0.009132152557373046,
            "z": 1.0267606201171875
        },
        "orientation": {
            "x": 0.9810277016281275,
            "y": 0.002876323305970933,
            "z": -0.14404492812175293,
            "w": 0.12972060007906364
        }
    }
}