{
    "header": {
        "seq": 9032,
        "stamp": {
            "secs": 1681247849,
            "nsecs": 374902629
        },
        "frame_id": "atracsys"
    },
    "pose": {
        "position": {
            "x": 0.2442158660888672,
            "y": 0.011248478889465332,
            "z": 1.055621826171875
        },
        "orientation": {
            "x": 0.9439250781800268,
            "y": 0.24619811295544053,
            "z": -0.2147454451140256,
            "w": 0.0477108977361513
        }
    }
}