{
    "header": {
        "seq": 10706,
        "stamp": {
            "secs": 1681247866,
            "nsecs": 225508907
        },
        "frame_id": "atracsys"
    },
    "pose": {
        "position": {
            "x": 0.17048814392089845,
            "y": 0.021738075256347657,
            "z": 1.1028809814453124
        },
        "orientation": {
            "x": 0.9215454519892552,
            "y": 0.03422545220792937,
            "z": -0.3456383215432705,
            "w": 0.17354177888863825
        }
    }
}