{
    "header": {
        "seq": 5104,
        "stamp": {
            "secs": 1681247795,
            "nsecs": 816598015
        },
        "frame_id": "atracsys"
    },
    "pose": {
        "position": {
            "x": 0.21981564331054687,
            "y": -0.021870260238647462,
            "z": 0.9821823730468751
        },
        "orientation": {
            "x": 0.9530741840695871,
            "y": 0.14236613444560708,
            "z": -0.26713414794365414,
            "w": -0.004564036100207372
        }
    }
}