{
    "header": {
        "seq": 4425,
        "stamp": {
            "secs": 1681247788,
            "nsecs": 986786277
        },
        "frame_id": "atracsys"
    },
    "pose": {
        "position": {
            "x": 0.19150502014160156,
            "y": -0.0010084524154663087,
            "z": 1.0442591552734375
        },
        "orientation": {
            "x": 0.9437838079622572,
            "y": 0.004823508734110669,
            "z": -0.26064199525037807,
            "w": 0.20325995154888452
        }
    }
}