{
    "header": {
        "seq": 29798,
        "stamp": {
            "secs": 1681248058,
            "nsecs": 341756412
        },
        "frame_id": "atracsys"
    },
    "pose": {
        "position": {
            "x": 0.19537893676757812,
            "y": -0.0007164791822433472,
            "z": 1.0619083251953125
        },
        "orientation": {
            "x": 0.9620915774937271,
            "y": 0.17910600700664225,
            "z": -0.18348293038948665,
            "w": 0.09292388834662116
        }
    }
}