{
    "header": {
        "seq": 28120,
        "stamp": {
            "secs": 1681248041,
            "nsecs": 461286408
        },
        "frame_id": "atracsys"
    },
    "pose": {
        "position": {
            "x": 0.2139574737548828,
            "y": 0.0037808516025543215,
            "z": 1.0752514648437501
        },
        "orientation": {
            "x": 0.9585625922928619,
            "y": 0.08900751402337191,
            "z": -0.1782386630051344,
            "w": 0.20363299858890777
        }
    }
}