{
    "header": {
        "seq": 4747,
        "stamp": {
            "secs": 1681247792,
            "nsecs": 225576089
        },
        "frame_id": "atracsys"
    },
    "pose": {
        "position": {
            "x": 0.1965287322998047,
            "y": 0.00021721357107162476,
            "z": 1.0456082763671875
        },
        "orientation": {
            "x": 0.9403581405049829,
            "y": 0.011901493221203279,
            "z": -0.2602676522253102,
            "w": 0.21873653387178205
        }
    }
}