{
    "header": {
        "seq": 19787,
        "stamp": {
            "secs": 1681247957,
            "nsecs": 610666924
        },
        "frame_id": "atracsys"
    },
    "pose": {
        "position": {
            "x": 0.16761091613769533,
            "y": -0.011955246925354004,
            "z": 1.01921630859375
        },
        "orientation": {
            "x": 0.9845726281020251,
            "y": 0.016109993087425858,
            "z": -0.15832186954176847,
            "w": 0.07274196684029048
        }
    }
}