{
    "header": {
        "seq": 14156,
        "stamp": {
            "secs": 1681247900,
            "nsecs": 935938646
        },
        "frame_id": "atracsys"
    },
    "pose": {
        "position": {
            "x": 0.15748167419433595,
            "y": -0.006343198776245117,
            "z": 1.0555439453125
        },
        "orientation": {
            "x": 0.9762711630703983,
            "y": 0.07185503618640994,
            "z": -0.19342596195153539,
            "w": 0.06571047994760647
        }
    }
}