{
    "header": {
        "seq": 21898,
        "stamp": {
            "secs": 1681247978,
            "nsecs": 861270777
        },
        "frame_id": "atracsys"
    },
    "pose": {
        "position": {
            "x": 0.21231958007812501,
            "y": -0.008900616645812988,
            "z": 1.0318983154296875
        },
        "orientation": {
            "x": 0.9771593000065779,
            "y": 0.07434021466318716,
            "z": -0.14033780650930158,
            "w": 0.14120387727907346
        }
    }
}