{
    "header": {
        "seq": 9349,
        "stamp": {
            "secs": 1681247852,
            "nsecs": 565951009
        },
        "frame_id": "atracsys"
    },
    "pose": {
        "position": {
            "x": 0.2302455291748047,
            "y": 0.009527255058288574,
            "z": 1.05242236328125
        },
        "orientation": {
            "x": 0.9396928104403778,
            "y": 0.24391613885944088,
            "z": -0.23833490800794388,
            "w": 0.02605399845342463
        }
    }
}