{
    "header": {
        "seq": 30303,
        "stamp": {
            "secs": 1681248063,
            "nsecs": 419512959
        },
        "frame_id": "atracsys"
    },
    "pose": {
        "position": {
            "x": 0.22845477294921876,
            "y": 0.012749597549438477,
            "z": 1.0709149169921874
        },
        "orientation": {
            "x": 0.9717550161149003,
            "y": 0.14846969723416426,
            "z": -0.12870264782789984,
            "w": 0.1307079419959365
        }
    }
}