{
    "header": {
        "seq": 23413,
        "stamp": {
            "secs": 1681247994,
            "nsecs": 109001538
        },
        "frame_id": "atracsys"
    },
    "pose": {
        "position": {
            "x": 0.26272164916992186,
            "y": 0.012178949356079102,
            "z": 1.038505615234375
        },
        "orientation": {
            "x": 0.971963807100469,
            "y": 0.13826500218833968,
            "z": -0.10189623327218537,
            "w": 0.1605811461584489
        }
    }
}