{
    "header": {
        "seq": 28239,
        "stamp": {
            "secs": 1681248042,
            "nsecs": 658322956
        },
        "frame_id": "atracsys"
    },
    "pose": {
        "position": {
            "x": 0.19947207641601564,
            "y": 0.0013912217617034913,
            "z": 1.073679443359375
        },
        "orientation": {
            "x": 0.9368435734002728,
            "y": 0.0453787214224965,
            "z": -0.27197357160239666,
            "w": 0.21516334950567986
        }
    }
}