{
    "header": {
        "seq": 22100,
        "stamp": {
            "secs": 1681247980,
            "nsecs": 891131355
        },
        "frame_id": "atracsys"
    },
    "pose": {
        "position": {
            "x": 0.21233209228515626,
            "y": -0.007532607555389405,
            "z": 1.032909912109375
        },
        "orientation": {
            "x": 0.9740872395519815,
            "y": 0.061637364428266714,
            "z": -0.1571013470293974,
            "w": 0.1505790550172447
        }
    }
}