{
    "header": {
        "seq": 3111,
        "stamp": {
            "secs": 1681247775,
            "nsecs": 765972555
        },
        "frame_id": "atracsys"
    },
    "pose": {
        "position": {
            "x": 0.17097276306152345,
            "y": -0.0018375080823898316,
            "z": 1.037847900390625
        },
        "orientation": {
            "x": 0.9347639702213891,
            "y": -0.02028833918114323,
            "z": -0.3161752314469125,
            "w": 0.16074180006677866
        }
    }
}