{
    "header": {
        "seq": 15100,
        "stamp": {
            "secs": 1681247910,
            "nsecs": 437456991
        },
        "frame_id": "atracsys"
    },
    "pose": {
        "position": {
            "x": 0.14006016540527344,
            "y": -0.00667528486251831,
            "z": 1.0601214599609374
        },
        "orientation": {
            "x": 0.9656943634310335,
            "y": 0.03742978550702029,
            "z": -0.23931764961583546,
            "w": 0.09359738338640458
        }
    }
}