{
    "header": {
        "seq": 27405,
        "stamp": {
            "secs": 1681248034,
            "nsecs": 270290628
        },
        "frame_id": "atracsys"
    },
    "pose": {
        "position": {
            "x": 0.21084010314941407,
            "y": 0.0025205461978912353,
            "z": 1.068247314453125
        },
        "orientation": {
            "x": 0.9494239133743255,
            "y": 0.052705200959933696,
            "z": -0.22149202081936362,
            "w": 0.21623524046304043
        }
    }
}