{
    "header": {
        "seq": 19477,
        "stamp": {
            "secs": 1681247954,
            "nsecs": 488167688
        },
        "frame_id": "atracsys"
    },
    "pose": {
        "position": {
            "x": 0.1651470947265625,
            "y": -0.0071618671417236325,
            "z": 1.025497802734375
        },
        "orientation": {
            "x": 0.9692807711895164,
            "y": -0.01003088702840768,
            "z": -0.21234312158008303,
            "w": 0.12371162688003921
        }
    }
}