{
    "header": {
        "seq": 17801,
        "stamp": {
            "secs": 1681247937,
            "nsecs": 622588475
        },
        "frame_id": "atracsys"
    },
    "pose": {
        "position": {
            "x": 0.16270675659179687,
            "y": -0.008350778579711914,
            "z": 1.0469322509765626
        },
        "orientation": {
            "x": 0.9501169533376691,
            "y": 0.030623593897291978,
            "z": -0.2878417961673127,
            "w": 0.11613384888280578
        }
    }
}