{
    "header": {
        "seq": 7627,
        "stamp": {
            "secs": 1681247821,
            "nsecs": 192721442
        },
        "frame_id": "atracsys"
    },
    "pose": {
        "position": {
            "x": 0.27311727905273436,
            "y": 0.0030331943035125735,
            "z": 1.0019769287109375
        },
        "orientation": {
            "x": 0.9687241469125595,
            "y": 0.1768666894092434,
            "z": -0.16687573840571174,
            "w": 0.04943874287941277
        }
    }
}