{
    "header": {
        "seq": 17537,
        "stamp": {
            "secs": 1681247934,
            "nsecs": 962785578
        },
        "frame_id": "atracsys"
    },
    "pose": {
        "position": {
            "x": 0.16284304809570313,
            "y": -0.009999107360839844,
            "z": 1.0466075439453124
        },
        "orientation": {
            "x": 0.9538997791706252,
            "y": 0.043787423318632814,
            "z": -0.27714988342795605,
            "w": 0.10651673564852572
        }
    }
}