{
    "header": {
        "seq": 7739,
        "stamp": {
            "secs": 1681247822,
            "nsecs": 321071831
        },
        "frame_id": "atracsys"
    },
    "pose": {
        "position": {
            "x": 0.2744441528320313,
            "y": 0.004837841033935547,
            "z": 1.0012037353515626
        },
        "orientation": {
            "x": 0.9699419803830598,
            "y": 0.18029785127388898,
            "z": -0.15838673363236103,
            "w": 0.040235334295594005
        }
    }
}