{
    "header": {
        "seq": 6526,
        "stamp": {
            "secs": 1681247810,
            "nsecs": 118239510
        },
        "frame_id": "atracsys"
    },
    "pose": {
        "position": {
            "x": 0.25405020141601564,
            "y": -0.011538512229919433,
            "z": 0.9968272094726562
        },
        "orientation": {
            "x": 0.9567107401445204,
            "y": 0.1435706524316181,
            "z": -0.24722736411652294,
            "w": 0.05450374193098558
        }
    }
}