{
    "header": {
        "seq": 19239,
        "stamp": {
            "secs": 1681247952,
            "nsecs": 94246234
        },
        "frame_id": "atracsys"
    },
    "pose": {
        "position": {
            "x": 0.16266647338867188,
            "y": -0.011608146667480468,
            "z": 1.0173312988281251
        },
        "orientation": {
            "x": 0.9809831942114566,
            "y": 0.024447371416838684,
            "z": -0.181566156312298,
            "w": 0.064093912249703
        }
    }
}