{
    "header": {
        "seq": 23541,
        "stamp": {
            "secs": 1681247995,
            "nsecs": 395571751
        },
        "frame_id": "atracsys"
    },
    "pose": {
        "position": {
            "x": 0.25840274047851564,
            "y": 0.008503808975219726,
            "z": 1.043114990234375
        },
        "orientation": {
            "x": 0.9634825811072543,
            "y": 0.1307063830865991,
            "z": -0.12273647238988679,
            "w": 0.1988791484007536
        }
    }
}