{
    "header": {
        "seq": 10326,
        "stamp": {
            "secs": 1681247862,
            "nsecs": 398670049
        },
        "frame_id": "atracsys"
    },
    "pose": {
        "position": {
            "x": 0.18759002685546874,
            "y": 0.023534551620483398,
            "z": 1.1077139892578125
        },
        "orientation": {
            "x": 0.9300837848656118,
            "y": 0.06260460144505735,
            "z": -0.31118572966380026,
            "w": 0.18490067242055164
        }
    }
}