{
    "header": {
        "seq": 22798,
        "stamp": {
            "secs": 1681247987,
            "nsecs": 918081440
        },
        "frame_id": "atracsys"
    },
    "pose": {
        "position": {
            "x": 0.22711997985839844,
            "y": -0.0023070988655090334,
            "z": 1.039855224609375
        },
        "orientation": {
            "x": 0.9600491482329445,
            "y": 0.08100241461384056,
            "z": -0.16372145600388532,
            "w": 0.21198944937872033
        }
    }
}