{
    "header": {
        "seq": 11445,
        "stamp": {
            "secs": 1681247873,
            "nsecs": 667320493
        },
        "frame_id": "atracsys"
    },
    "pose": {
        "position": {
            "x": 0.15571408081054688,
            "y": 0.02251896667480469,
            "z": 1.1007908935546875
        },
        "orientation": {
            "x": 0.9286287913111788,
            "y": 0.00965034893316215,
            "z": -0.328831328727755,
            "w": 0.17153832213399495
        }
    }
}