{
    "header": {
        "seq": 23963,
        "stamp": {
            "secs": 1681247999,
            "nsecs": 643311103
        },
        "frame_id": "atracsys"
    },
    "pose": {
        "position": {
            "x": 0.2619757080078125,
            "y": 0.012440660476684571,
            "z": 1.034820556640625
        },
        "orientation": {
            "x": 0.9749406085672983,
            "y": 0.14633684433950284,
            "z": -0.12261623883138362,
            "w": 0.11419980617333503
        }
    }
}