{
    "header": {
        "seq": 19728,
        "stamp": {
            "secs": 1681247957,
            "nsecs": 16648722
        },
        "frame_id": "atracsys"
    },
    "pose": {
        "position": {
            "x": 0.16638008117675782,
            "y": -0.013501354217529297,
            "z": 1.0160991821289063
        },
        "orientation": {
            "x": 0.9871272472605324,
            "y": 0.02417764973267151,
            "z": -0.15130275133022958,
            "w": 0.045855385824907106
        }
    }
}