{
    "header": {
        "seq": 19358,
        "stamp": {
            "secs": 1681247953,
            "nsecs": 294137047
        },
        "frame_id": "atracsys"
    },
    "pose": {
        "position": {
            "x": 0.16393656921386718,
            "y": -0.009470377922058106,
            "z": 1.0205585937500001
        },
        "orientation": {
            "x": 0.969889461946977,
            "y": 0.011066009775092154,
            "z": -0.22619600013170457,
            "w": 0.0895954494172496
        }
    }
}