{
    "header": {
        "seq": 29173,
        "stamp": {
            "secs": 1681248052,
            "nsecs": 55305419
        },
        "frame_id": "atracsys"
    },
    "pose": {
        "position": {
            "x": 0.18904406738281251,
            "y": -0.004141162872314454,
            "z": 1.0660615234375
        },
        "orientation": {
            "x": 0.9752056083185727,
            "y": 0.08726875152472321,
            "z": -0.15741559887100215,
            "w": 0.12875758518783442
        }
    }
}