{
    "header": {
        "seq": 5974,
        "stamp": {
            "secs": 1681247804,
            "nsecs": 568873924
        },
        "frame_id": "atracsys"
    },
    "pose": {
        "position": {
            "x": 0.2444211883544922,
            "y": -0.0156405668258667,
            "z": 0.9935506591796875
        },
        "orientation": {
            "x": 0.9539397818797462,
            "y": 0.14245099855373394,
            "z": -0.26022057856043146,
            "w": 0.04463021456301811
        }
    }
}