{
    "header": {
        "seq": 13857,
        "stamp": {
            "secs": 1681247897,
            "nsecs": 932965500
        },
        "frame_id": "atracsys"
    },
    "pose": {
        "position": {
            "x": 0.14727130126953125,
            "y": -0.010653290748596191,
            "z": 1.0519105224609375
        },
        "orientation": {
            "x": 0.9715647291453249,
            "y": 0.028939355306480567,
            "z": -0.21827077074062373,
            "w": 0.08707675600015798
        }
    }
}