{
    "header": {
        "seq": 17278,
        "stamp": {
            "secs": 1681247932,
            "nsecs": 356934208
        },
        "frame_id": "atracsys"
    },
    "pose": {
        "position": {
            "x": 0.1607266387939453,
            "y": -0.012623806953430176,
            "z": 1.0471136474609375
        },
        "orientation": {
            "x": 0.9611820157481109,
            "y": 0.055044889936487554,
            "z": -0.2560540636448228,
            "w": 0.08680731066708307
        }
    }
}