{
    "header": {
        "seq": 23233,
        "stamp": {
            "secs": 1681247992,
            "nsecs": 297043343
        },
        "frame_id": "atracsys"
    },
    "pose": {
        "position": {
            "x": 0.2647802734375,
            "y": 0.013678399085998535,
            "z": 1.0477305908203125
        },
        "orientation": {
            "x": 0.9548522236966602,
            "y": 0.15028984071974852,
            "z": -0.0724297524705572,
            "w": 0.24581319255692852
        }
    }
}