{
    "header": {
        "seq": 15163,
        "stamp": {
            "secs": 1681247911,
            "nsecs": 70305837
        },
        "frame_id": "atracsys"
    },
    "pose": {
        "position": {
            "x": 0.14178079223632814,
            "y": -0.006279975414276123,
            "z": 1.0606064453125
        },
        "orientation": {
            "x": 0.9680202026368205,
            "y": 0.04148713897735408,
            "z": -0.23164226746960037,
            "w": 0.0869342539393116
        }
    }
}