{
    "header": {
        "seq": 16512,
        "stamp": {
            "secs": 1681247924,
            "nsecs": 649442553
        },
        "frame_id": "atracsys"
    },
    "pose": {
        "position": {
            "x": 0.17487606811523437,
            "y": -0.010532553672790528,
            "z": 1.0464466552734375
        },
        "orientation": {
            "x": 0.9765411739816143,
            "y": 0.053580363853382176,
            "z": -0.1970010620069928,
            "w": 0.06846211869396578
        }
    }
}