{
    "header": {
        "seq": 29152,
        "stamp": {
            "secs": 1681248051,
            "nsecs": 843260902
        },
        "frame_id": "atracsys"
    },
    "pose": {
        "position": {
            "x": 0.1882918243408203,
            "y": -0.00428061294555664,
            "z": 1.0660050048828125
        },
        "orientation": {
            "x": 0.9749173681996255,
            "y": 0.08905360443859073,
            "z": -0.15855698609825777,
            "w": 0.12831704048429363
        }
    }
}