{
    "header": {
        "seq": 13673,
        "stamp": {
            "secs": 1681247896,
            "nsecs": 82219466
        },
        "frame_id": "atracsys"
    },
    "pose": {
        "position": {
            "x": 0.13216368103027343,
            "y": -0.007565316677093506,
            "z": 1.0343060302734375
        },
        "orientation": {
            "x": 0.9679818226172248,
            "y": 0.043357476772352625,
            "z": -0.24631672734347254,
            "w": -0.02143338800497599
        }
    }
}