{
    "header": {
        "seq": 30871,
        "stamp": {
            "secs": 1681248069,
            "nsecs": 132903826
        },
        "frame_id": "atracsys"
    },
    "pose": {
        "position": {
            "x": 0.21557859802246093,
            "y": 0.007563389778137207,
            "z": 1.0745538330078126
        },
        "orientation": {
            "x": 0.9696158886317956,
            "y": 0.11844239264336243,
            "z": -0.14588451529544416,
            "w": 0.15663376498923318
        }
    }
}