{
    "header": {
        "seq": 29193,
        "stamp": {
            "secs": 1681248052,
            "nsecs": 254924786
        },
        "frame_id": "atracsys"
    },
    "pose": {
        "position": {
            "x": 0.18892247009277344,
            "y": -0.00374242901802063,
            "z": 1.066427734375
        },
        "orientation": {
            "x": 0.9762205152391942,
            "y": 0.07935785365848597,
            "z": -0.15180456513972493,
            "w": 0.1328578589755975
        }
    }
}