{
    "header": {
        "seq": 23641,
        "stamp": {
            "secs": 1681247996,
            "nsecs": 401642337
        },
        "frame_id": "atracsys"
    },
    "pose": {
        "position": {
            "x": 0.2505005645751953,
            "y": 0.004504631519317627,
            "z": 1.046752685546875
        },
        "orientation": {
            "x": 0.9515166678399039,
            "y": 0.12189764905931628,
            "z": -0.13921692322854406,
            "w": 0.24571455443956788
        }
    }
}