{
    "header": {
        "seq": 13571,
        "stamp": {
            "secs": 1681247895,
            "nsecs": 55496018
        },
        "frame_id": "atracsys"
    },
    "pose": {
        "position": {
            "x": 0.12714842987060548,
            "y": -0.0080802640914917,
            "z": 1.0298917236328125
        },
        "orientation": {
            "x": 0.9679238396336574,
            "y": 0.026219759189128604,
            "z": -0.24850235502233886,
            "w": -0.02612555157797796
        }
    }
}