{
    "header": {
        "seq": 31035,
        "stamp": {
            "secs": 1681248070,
            "nsecs": 783562162
        },
        "frame_id": "atracsys"
    },
    "pose": {
        "position": {
            "x": 0.2081218719482422,
            "y": 0.004600100040435791,
            "z": 1.06322607421875
        },
        "orientation": {
            "x": 0.9699370545769712,
            "y": 0.17565206265731106,
            "z": -0.14403485837501057,
            "w": 0.08730648667580346
        }
    }
}