{
    "header": {
        "seq": 17319,
        "stamp": {
            "secs": 1681247932,
            "nsecs": 771757129
        },
        "frame_id": "atracsys"
    },
    "pose": {
        "position": {
            "x": 0.1607886962890625,
            "y": -0.012412080764770508,
            "z": 1.0468631591796875
        },
        "orientation": {
            "x": 0.9601752425798655,
            "y": 0.052280141637656534,
            "z": -0.2599862398653568,
            "w": 0.08796275011456042
        }
    }
}