{
    "header": {
        "seq": 20103,
        "stamp": {
            "secs": 1681247960,
            "nsecs": 789650795
        },
        "frame_id": "atracsys"
    },
    "pose": {
        "position": {
            "x": 0.17097901916503908,
            "y": -0.009848855018615724,
            "z": 1.0255694580078125
        },
        "orientation": {
            "x": 0.9823303579854367,
            "y": 0.006894075118088515,
            "z": -0.1439984728668884,
            "w": 0.11934814334741024
        }
    }
}