{
    "header": {
        "seq": 12668,
        "stamp": {
            "secs": 1681247885,
            "nsecs": 971853313
        },
        "frame_id": "atracsys"
    },
    "pose": {
        "position": {
            "x": 0.14046482849121095,
            "y": 0.016815563201904297,
            "z": 1.1056204833984375
        },
        "orientation": {
            "x": 0.9004544310843746,
            "y": -0.03159839029213369,
            "z": -0.37936753250723093,
            "w": 0.210389245330735
        }
    }
}