{
    "header": {
        "seq": 16387,
        "stamp": {
            "secs": 1681247923,
            "nsecs": 389775706
        },
        "frame_id": "atracsys"
    },
    "pose": {
        "position": {
            "x": 0.1760661163330078,
            "y": -0.009467357635498047,
            "z": 1.045014404296875
        },
        "orientation": {
            "x": 0.9776530187876369,
            "y": 0.04295834231157739,
            "z": -0.1938802143646831,
            "w": 0.06898998593394869
        }
    }
}