{
    "header": {
        "seq": 7985,
        "stamp": {
            "secs": 1681247824,
            "nsecs": 795711757
        },
        "frame_id": "atracsys"
    },
    "pose": {
        "position": {
            "x": 0.27728689575195314,
            "y": 0.008728763580322266,
            "z": 0.9971315307617188
        },
        "orientation": {
            "x": 0.9607587992192862,
            "y": 0.19717685069213334,
            "z": -0.1949606499313942,
            "w": -0.007359636687762345
        }
    }
}