{
    "header": {
        "seq": 28584,
        "stamp": {
            "secs": 1681248046,
            "nsecs": 129944636
        },
        "frame_id": "atracsys"
    },
    "pose": {
        "position": {
            "x": 0.21801039123535157,
            "y": 0.003872514247894287,
            "z": 1.0746683349609376
        },
        "orientation": {
            "x": 0.9627302921884435,
            "y": 0.11162378162533639,
            "z": -0.17146512608316763,
            "w": 0.17689043619058878
        }
    }
}