{
    "header": {
        "seq": 7938,
        "stamp": {
            "secs": 1681247824,
            "nsecs": 321071035
        },
        "frame_id": "atracsys"
    },
    "pose": {
        "position": {
            "x": 0.27673031616210936,
            "y": 0.0077798647880554204,
            "z": 0.9985541381835937
        },
        "orientation": {
            "x": 0.965262074767377,
            "y": 0.19218676904125864,
            "z": -0.1768460822387393,
            "w": 0.0076704640061458305
        }
    }
}