{
    "header": {
        "seq": 20901,
        "stamp": {
            "secs": 1681247968,
            "nsecs": 825477811
        },
        "frame_id": "atracsys"
    },
    "pose": {
        "position": {
            "x": 0.1912164764404297,
            "y": -0.010718421936035156,
            "z": 1.0252900390625
        },
        "orientation": {
            "x": 0.9847499070138127,
            "y": 0.04022489645869027,
            "z": -0.13916470639520534,
            "w": 0.09634709562364169
        }
    }
}