{
    "header": {
        "seq": 30500,
        "stamp": {
            "secs": 1681248065,
            "nsecs": 401609913
        },
        "frame_id": "atracsys"
    },
    "pose": {
        "position": {
            "x": 0.21655740356445313,
            "y": 0.0068894000053405765,
            "z": 1.062292724609375
        },
        "orientation": {
            "x": 0.9684146043070679,
            "y": 0.19417808310622378,
            "z": -0.136137969758551,
            "w": 0.07703557227669136
        }
    }
}