{
    "header": {
        "seq": 25673,
        "stamp": {
            "secs": 1681248016,
            "nsecs": 846279590
        },
        "frame_id": "atracsys"
    },
    "pose": {
        "position": {
            "x": 0.2517154541015625,
            "y": 0.017336881637573243,
            "z": 1.0724578857421876
        },
        "orientation": {
            "x": 0.9482900677229152,
            "y": 0.12173805781644728,
            "z": -0.15457179355740872,
            "w": 0.24906495814063068
        }
    }
}