{
    "header": {
        "seq": 11092,
        "stamp": {
            "secs": 1681247870,
            "nsecs": 112079507
        },
        "frame_id": "atracsys"
    },
    "pose": {
        "position": {
            "x": 0.15906399536132812,
            "y": 0.023517131805419922,
            "z": 1.09828515625
        },
        "orientation": {
            "x": 0.927122762877515,
            "y": 0.027065403400972268,
            "z": -0.342503173610074,
            "w": 0.14967438845752143
        }
    }
}