{
    "header": {
        "seq": 12732,
        "stamp": {
            "secs": 1681247886,
            "nsecs": 613741876
        },
        "frame_id": "atracsys"
    },
    "pose": {
        "position": {
            "x": 0.139275390625,
            "y": 0.016469720840454102,
            "z": 1.1045272216796875
        },
        "orientation": {
            "x": 0.899345476658363,
            "y": -0.03558754202141014,
            "z": -0.3839619891078199,
            "w": 0.20611751839031658
        }
    }
}