{
    "header": {
        "seq": 3768,
        "stamp": {
            "secs": 1681247782,
            "nsecs": 380912402
        },
        "frame_id": "atracsys"
    },
    "pose": {
        "position": {
            "x": 0.18364002990722655,
            "y": -0.0024009132385253906,
            "z": 1.0398447265625
        },
        "orientation": {
            "x": 0.9392557695680936,
            "y": -0.002503111975749898,
            "z": -0.2900857418010109,
            "w": 0.18341918156845685
        }
    }
}