{
    "header": {
        "seq": 30815,
        "stamp": {
            "secs": 1681248068,
            "nsecs": 568727297
        },
        "frame_id": "atracsys"
    },
    "pose": {
        "position": {
            "x": 0.2120735626220703,
            "y": 0.005248767375946045,
            "z": 1.0642052001953126
        },
        "orientation": {
            "x": 0.9666315351768896,
            "y": 0.18994089091991878,
            "z": -0.14641682598075503,
            "w": 0.0900446901701515
        }
    }
}