{
    "header": {
        "seq": 17040,
        "stamp": {
            "secs": 1681247929,
            "nsecs": 965785389
        },
        "frame_id": "atracsys"
    },
    "pose": {
        "position": {
            "x": 0.15749913024902343,
            "y": -0.012656652450561523,
            "z": 1.0498013916015625
        },
        "orientation": {
            "x": 0.9677313843125032,
            "y": 0.06361095366396137,
            "z": -0.2349528823352166,
            "w": 0.06516715025947951
        }
    }
}