{
    "header": {
        "seq": 21375,
        "stamp": {
            "secs": 1681247973,
            "nsecs": 595734174
        },
        "frame_id": "atracsys"
    },
    "pose": {
        "position": {
            "x": 0.20441452026367188,
            "y": -0.008768759727478027,
            "z": 1.034408447265625
        },
        "orientation": {
            "x": 0.9745685246993472,
            "y": 0.05690230477087608,
            "z": -0.14851807840388476,
            "w": 0.15786291130065294
        }
    }
}