{
    "header": {
        "seq": 31456,
        "stamp": {
            "secs": 1681248075,
            "nsecs": 16386843
        },
        "frame_id": "atracsys"
    },
    "pose": {
        "position": {
            "x": 0.19777044677734376,
            "y": 0.004181443691253662,
            "z": 1.061903076171875
        },
        "orientation": {
            "x": 0.9764386519580411,
            "y": 0.143731339984935,
            "z": -0.13809696225178147,
            "w": 0.08269274384931599
        }
    }
}