{
    "header": {
        "seq": 8364,
        "stamp": {
            "secs": 1681247840,
            "nsecs": 335958611
        },
        "frame_id": "atracsys"
    },
    "pose": {
        "position": {
            "x": 0.27092160034179685,
            "y": 0.02199716567993164,
            "z": 1.0686005859375
        },
        "orientation": {
            "x": 0.9435090582999935,
            "y": 0.21397996546483272,
            "z": -0.21688714071411996,
            "w": 0.13024284808918238
        }
    }
}