{
    "header": {
        "seq": 7806,
        "stamp": {
            "secs": 1681247822,
            "nsecs": 992713171
        },
        "frame_id": "atracsys"
    },
    "pose": {
        "position": {
            "x": 0.27526406860351565,
            "y": 0.005809557437896728,
            "z": 1.0003442993164062
        },
        "orientation": {
            "x": 0.9693118170715581,
            "y": 0.18380616388659912,
            "z": -0.16046006628303666,
            "w": 0.030041014150167977
        }
    }
}