{
    "header": {
        "seq": 21221,
        "stamp": {
            "secs": 1681247972,
            "nsecs": 46350131
        },
        "frame_id": "atracsys"
    },
    "pose": {
        "position": {
            "x": 0.192479248046875,
            "y": -0.008537333488464355,
            "z": 1.0312027587890624
        },
        "orientation": {
            "x": 0.9725547014876318,
            "y": 0.03052550354687401,
            "z": -0.16427912056591307,
            "w": 0.16191947626398592
        }
    }
}