{
    "header": {
        "seq": 14918,
        "stamp": {
            "secs": 1681247908,
            "nsecs": 607614305
        },
        "frame_id": "atracsys"
    },
    "pose": {
        "position": {
            "x": 0.15062757873535157,
            "y": -0.006161536693572998,
            "z": 1.057914306640625
        },
        "orientation": {
            "x": 0.9725298868961463,
            "y": 0.057636822912461305,
            "z": -0.2132122040042665,
            "w": 0.07351307232029962
        }
    }
}