{
    "header": {
        "seq": 8677,
        "stamp": {
            "secs": 1681247845,
            "nsecs": 801641900
        },
        "frame_id": "atracsys"
    },
    "pose": {
        "position": {
            "x": 0.2585665283203125,
            "y": 0.0160601806640625,
            "z": 1.061401611328125
        },
        "orientation": {
            "x": 0.9437713598421262,
            "y": 0.2395901235234687,
            "z": -0.2064935659283215,
            "w": 0.09619043758065976
        }
    }
}