{
    "header": {
        "seq": 13320,
        "stamp": {
            "secs": 1681247892,
            "nsecs": 527108308
        },
        "frame_id": "atracsys"
    },
    "pose": {
        "position": {
            "x": 0.12909342956542968,
            "y": -0.009765974998474121,
            "z": 1.0262261962890624
        },
        "orientation": {
            "x": 0.9711290724092668,
            "y": 0.009730050150527414,
            "z": -0.23759248529038995,
            "w": -0.019064673590734535
        }
    }
}