{
    "header": {
        "seq": 27660,
        "stamp": {
            "secs": 1681248036,
            "nsecs": 837308830
        },
        "frame_id": "atracsys"
    },
    "pose": {
        "position": {
            "x": 0.22585787963867188,
            "y": 0.006424643516540527,
            "z": 1.0698599853515625
        },
        "orientation": {
            "x": 0.9688344025800499,
            "y": 0.11110702272482098,
            "z": -0.14447256906498643,
            "w": 0.16775817913397426
        }
    }
}