{
    "header": {
        "seq": 7716,
        "stamp": {
            "secs": 1681247822,
            "nsecs": 88231141
        },
        "frame_id": "atracsys"
    },
    "pose": {
        "position": {
            "x": 0.2738710021972656,
            "y": 0.0045811419486999514,
            "z": 1.000806640625
        },
        "orientation": {
            "x": 0.9699905490315666,
            "y": 0.17864607738280094,
            "z": -0.1601315729810463,
            "w": 0.03951952884074389
        }
    }
}