{
    "header": {
        "seq": 14727,
        "stamp": {
            "secs": 1681247906,
            "nsecs": 685199162
        },
        "frame_id": "atracsys"
    },
    "pose": {
        "position": {
            "x": 0.14938633728027345,
            "y": -0.008376132011413575,
            "z": 1.057489990234375
        },
        "orientation": {
            "x": 0.9729422886012192,
            "y": 0.04443047814970526,
            "z": -0.20971293538872307,
            "w": 0.08619582584705401
        }
    }
}