{
    "header": {
        "seq": 13245,
        "stamp": {
            "secs": 1681247891,
            "nsecs": 774882921
        },
        "frame_id": "atracsys"
    },
    "pose": {
        "position": {
            "x": 0.13065310668945312,
            "y": -0.010360828399658203,
            "z": 1.025646484375
        },
        "orientation": {
            "x": 0.9721573075399884,
            "y": 0.007606236253517345,
            "z": -0.2336969867753542,
            "w": -0.015428316135482597
        }
    }
}