{
    "header": {
        "seq": 29744,
        "stamp": {
            "secs": 1681248057,
            "nsecs": 798497094
        },
        "frame_id": "atracsys"
    },
    "pose": {
        "position": {
            "x": 0.19593138122558595,
            "y": -0.0021640896797180177,
            "z": 1.06312548828125
        },
        "orientation": {
            "x": 0.9601312317142309,
            "y": 0.17539160191535086,
            "z": -0.19499801951945445,
            "w": 0.09675523886576566
        }
    }
}