{
    "header": {
        "seq": 7472,
        "stamp": {
            "secs": 1681247819,
            "nsecs": 634494660
        },
        "frame_id": "atracsys"
    },
    "pose": {
        "position": {
            "x": 0.2705313720703125,
            "y": 0.0005958496332168579,
            "z": 1.00193798828125
        },
        "orientation": {
            "x": 0.9678319478519111,
            "y": 0.17082396502886732,
            "z": -0.17524739917180965,
            "w": 0.05838529585870451
        }
    }
}