{
    "header": {
        "seq": 6887,
        "stamp": {
            "secs": 1681247813,
            "nsecs": 751084603
        },
        "frame_id": "atracsys"
    },
    "pose": {
        "position": {
            "x": 0.2609320373535156,
            "y": -0.008393519401550293,
            "z": 1.00293505859375
        },
        "orientation": {
            "x": 0.9589455409003922,
            "y": 0.15548791245741406,
            "z": -0.22320192795785876,
            "w": 0.08017392358357425
        }
    }
}