{
    "header": {
        "seq": 20596,
        "stamp": {
            "secs": 1681247965,
            "nsecs": 753814349
        },
        "frame_id": "atracsys"
    },
    "pose": {
        "position": {
            "x": 0.18232746887207033,
            "y": -0.010568817138671876,
            "z": 1.0271363525390624
        },
        "orientation": {
            "x": 0.9788464686676778,
            "y": 0.018981871011091406,
            "z": -0.16154750744993315,
            "w": 0.1241035139971825
        }
    }
}