{
    "header": {
        "seq": 27518,
        "stamp": {
            "secs": 1681248035,
            "nsecs": 407495060
        },
        "frame_id": "atracsys"
    },
    "pose": {
        "position": {
            "x": 0.22362187194824218,
            "y": 0.006629551887512207,
            "z": 1.0710236816406251
        },
        "orientation": {
            "x": 0.9648211274566549,
            "y": 0.09525065325355903,
            "z": -0.15255446449933593,
            "w": 0.19176715159109087
        }
    }
}