{
    "header": {
        "seq": 28211,
        "stamp": {
            "secs": 1681248042,
            "nsecs": 377605471
        },
        "frame_id": "atracsys"
    },
    "pose": {
        "position": {
            "x": 0.21021820068359376,
            "y": 0.0029619338512420655,
            "z": 1.0759874267578124
        },
        "orientation": {
            "x": 0.9419196581704145,
            "y": 0.0671744164053498,
            "z": -0.2424860906120027,
            "w": 0.22243077842879116
        }
    }
}