{
    "header": {
        "seq": 26244,
        "stamp": {
            "secs": 1681248022,
            "nsecs": 589556254
        },
        "frame_id": "atracsys"
    },
    "pose": {
        "position": {
            "x": 0.25220399475097655,
            "y": 0.01622783851623535,
            "z": 1.0725413818359375
        },
        "orientation": {
            "x": 0.9533164021262363,
            "y": 0.14551012366853286,
            "z": -0.12056040813480204,
            "w": 0.2355415660502972
        }
    }
}