{
    "header": {
        "seq": 28385,
        "stamp": {
            "secs": 1681248044,
            "nsecs": 126971799
        },
        "frame_id": "atracsys"
    },
    "pose": {
        "position": {
            "x": 0.2068283386230469,
            "y": 0.003194018363952637,
            "z": 1.073616455078125
        },
        "orientation": {
            "x": 0.9568089264210565,
            "y": 0.061395047498130705,
            "z": -0.20385796982599544,
            "w": 0.19796276064480184
        }
    }
}