{
    "header": {
        "seq": 9011,
        "stamp": {
            "secs": 1681247849,
            "nsecs": 165831619
        },
        "frame_id": "atracsys"
    },
    "pose": {
        "position": {
            "x": 0.2446595153808594,
            "y": 0.011284347534179688,
            "z": 1.0560419921875
        },
        "orientation": {
            "x": 0.9439233027281861,
            "y": 0.2454229858256217,
            "z": -0.215036418249541,
            "w": 0.05035568906844785
        }
    }
}