{
    "header": {
        "seq": 22536,
        "stamp": {
            "secs": 1681247985,
            "nsecs": 279333700
        },
        "frame_id": "atracsys"
    },
    "pose": {
        "position": {
            "x": 0.22085415649414064,
            "y": -0.004529775619506836,
            "z": 1.0383829345703126
        },
        "orientation": {
            "x": 0.9622598847616496,
            "y": 0.07435268338162031,
            "z": -0.1668011408820583,
            "w": 0.2017547324175906
        }
    }
}