{
    "header": {
        "seq": 14280,
        "stamp": {
            "secs": 1681247902,
            "nsecs": 189684975
        },
        "frame_id": "atracsys"
    },
    "pose": {
        "position": {
            "x": 0.15445968627929688,
            "y": -0.008695950508117676,
            "z": 1.0575184326171876
        },
        "orientation": {
            "x": 0.9727856289201166,
            "y": 0.05970167683823922,
            "z": -0.20722931229138747,
            "w": 0.08473394878343982
        }
    }
}