{
    "header": {
        "seq": 20719,
        "stamp": {
            "secs": 1681247966,
            "nsecs": 995636638
        },
        "frame_id": "atracsys"
    },
    "pose": {
        "position": {
            "x": 0.1833632354736328,
            "y": -0.008729077339172364,
            "z": 1.0299755859375
        },
        "orientation": {
            "x": 0.9695234061314981,
            "y": 0.025226976269660827,
            "z": -0.17947275803093524,
            "w": 0.16485597883072917
        }
    }
}