{
    "header": {
        "seq": 18700,
        "stamp": {
            "secs": 1681247946,
            "nsecs": 673234343
        },
        "frame_id": "atracsys"
    },
    "pose": {
        "position": {
            "x": 0.15664999389648437,
            "y": -0.012355433464050294,
            "z": 1.0108157348632814
        },
        "orientation": {
            "x": 0.9766824004334332,
            "y": 0.04253516990544136,
            "z": -0.20857596338710682,
            "w": 0.027898306433227462
        }
    }
}