{
    "header": {
        "seq": 19417,
        "stamp": {
            "secs": 1681247953,
            "nsecs": 885199991
        },
        "frame_id": "atracsys"
    },
    "pose": {
        "position": {
            "x": 0.1646879119873047,
            "y": -0.008552273750305176,
            "z": 1.0225098266601562
        },
        "orientation": {
            "x": 0.9668574890525787,
            "y": 0.0040210861942232235,
            "z": -0.23281290263073598,
            "w": 0.10473098441919004
        }
    }
}