{
    "header": {
        "seq": 30691,
        "stamp": {
            "secs": 1681248067,
            "nsecs": 320958732
        },
        "frame_id": "atracsys"
    },
    "pose": {
        "position": {
            "x": 0.21802033996582032,
            "y": 0.005528635501861573,
            "z": 1.067347900390625
        },
        "orientation": {
            "x": 0.9708632825392625,
            "y": 0.16589690517454223,
            "z": -0.13861315453466497,
            "w": 0.10338808858154991
        }
    }
}