{
    "header": {
        "seq": 11773,
        "stamp": {
            "secs": 1681247876,
            "nsecs": 968956172
        },
        "frame_id": "atracsys"
    },
    "pose": {
        "position": {
            "x": 0.15382879638671876,
            "y": 0.022207292556762695,
            "z": 1.099787353515625
        },
        "orientation": {
            "x": 0.9261113156349051,
            "y": 0.0026468585765276487,
            "z": -0.34009851946307723,
            "w": 0.1632293547487211
        }
    }
}