{
    "header": {
        "seq": 23736,
        "stamp": {
            "secs": 1681247997,
            "nsecs": 356755932
        },
        "frame_id": "atracsys"
    },
    "pose": {
        "position": {
            "x": 0.25295408630371097,
            "y": 0.006290199756622315,
            "z": 1.045003662109375
        },
        "orientation": {
            "x": 0.9611251362207104,
            "y": 0.12088949261296529,
            "z": -0.12775775443790227,
            "w": 0.2128430390721895
        }
    }
}