{
    "header": {
        "seq": 21628,
        "stamp": {
            "secs": 1681247976,
            "nsecs": 141979573
        },
        "frame_id": "atracsys"
    },
    "pose": {
        "position": {
            "x": 0.20558511352539063,
            "y": -0.008304116249084472,
            "z": 1.0321802978515626
        },
        "orientation": {
            "x": 0.9764917301639994,
            "y": 0.05158118430133534,
            "z": -0.14443431880956129,
            "w": 0.15146620051156254
        }
    }
}