{
    "header": {
        "seq": 27481,
        "stamp": {
            "secs": 1681248035,
            "nsecs": 34357040
        },
        "frame_id": "atracsys"
    },
    "pose": {
        "position": {
            "x": 0.21730430603027345,
            "y": 0.004145887851715088,
            "z": 1.06966943359375
        },
        "orientation": {
            "x": 0.9601008188984373,
            "y": 0.07745627594890031,
            "z": -0.17870757608873888,
            "w": 0.20067522297275658
        }
    }
}