{
    "header": {
        "seq": 29472,
        "stamp": {
            "secs": 1681248055,
            "nsecs": 64155125
        },
        "frame_id": "atracsys"
    },
    "pose": {
        "position": {
            "x": 0.1912178955078125,
            "y": -0.0022243242263793946,
            "z": 1.06621630859375
        },
        "orientation": {
            "x": 0.976028080894748,
            "y": 0.09167107450786902,
            "z": -0.15592993831186014,
            "w": 0.12104318957110886
        }
    }
}