{
    "header": {
        "seq": 4992,
        "stamp": {
            "secs": 1681247794,
            "nsecs": 691245589
        },
        "frame_id": "atracsys"
    },
    "pose": {
        "position": {
            "x": 0.22113461303710938,
            "y": -0.021917070388793945,
            "z": 0.9792369384765626
        },
        "orientation": {
            "x": 0.9519947211486863,
            "y": 0.16879156297614062,
            "z": -0.2552614543959131,
            "w": -0.007553083660975782
        }
    }
}