{
    "header": {
        "seq": 19296,
        "stamp": {
            "secs": 1681247952,
            "nsecs": 670415451
        },
        "frame_id": "atracsys"
    },
    "pose": {
        "position": {
            "x": 0.16259106445312502,
            "y": -0.010208805084228516,
            "z": 1.0190713500976563
        },
        "orientation": {
            "x": 0.9768960539376121,
            "y": 0.016979378867746506,
            "z": -0.1979348839361119,
            "w": 0.0787882111459919
        }
    }
}