{
    "header": {
        "seq": 6420,
        "stamp": {
            "secs": 1681247809,
            "nsecs": 52520819
        },
        "frame_id": "atracsys"
    },
    "pose": {
        "position": {
            "x": 0.2525099334716797,
            "y": -0.01227985668182373,
            "z": 0.9967891845703125
        },
        "orientation": {
            "x": 0.9565102099872324,
            "y": 0.14196930641830532,
            "z": -0.2489308073525632,
            "w": 0.05446455155499904
        }
    }
}