{
    "header": {
        "seq": 22677,
        "stamp": {
            "secs": 1681247986,
            "nsecs": 703036906
        },
        "frame_id": "atracsys"
    },
    "pose": {
        "position": {
            "x": 0.22626051330566407,
            "y": -0.004064207077026367,
            "z": 1.03827783203125
        },
        "orientation": {
            "x": 0.970296789866536,
            "y": 0.08687695652364028,
            "z": -0.13485962253886458,
            "w": 0.18107848079923775
        }
    }
}