{
    "header": {
        "seq": 12128,
        "stamp": {
            "secs": 1681247880,
            "nsecs": 538953161
        },
        "frame_id": "atracsys"
    },
    "pose": {
        "position": {
            "x": 0.1548335876464844,
            "y": 0.017815322875976564,
            "z": 1.109021240234375
        },
        "orientation": {
            "x": 0.9142672986842243,
            "y": -0.01140496677792296,
            "z": -0.34489965594760374,
            "w": 0.21220146233395884
        }
    }
}