{
    "header": {
        "seq": 18059,
        "stamp": {
            "secs": 1681247940,
            "nsecs": 216510934
        },
        "frame_id": "atracsys"
    },
    "pose": {
        "position": {
            "x": 0.16532830810546875,
            "y": -0.006701363563537598,
            "z": 1.049839599609375
        },
        "orientation": {
            "x": 0.9514993395595044,
            "y": 0.01979455635818555,
            "z": -0.2736372711176158,
            "w": 0.13921144425554252
        }
    }
}