{
    "header": {
        "seq": 3889,
        "stamp": {
            "secs": 1681247783,
            "nsecs": 598745119
        },
        "frame_id": "atracsys"
    },
    "pose": {
        "position": {
            "x": 0.1863798828125,
            "y": -0.0013785009384155273,
            "z": 1.0415118408203126
        },
        "orientation": {
            "x": 0.9394068569110801,
            "y": -0.0021022575017510706,
            "z": -0.2823782435358902,
            "w": 0.19435242545290557
        }
    }
}