{
    "header": {
        "seq": 27366,
        "stamp": {
            "secs": 1681248033,
            "nsecs": 879140208
        },
        "frame_id": "atracsys"
    },
    "pose": {
        "position": {
            "x": 0.21304983520507814,
            "y": 0.002818936586380005,
            "z": 1.067612548828125
        },
        "orientation": {
            "x": 0.9525205603822733,
            "y": 0.055784998332643235,
            "z": -0.2159160115860114,
            "w": 0.20729903991783574
        }
    }
}