{
    "header": {
        "seq": 27209,
        "stamp": {
            "secs": 1681248032,
            "nsecs": 299995448
        },
        "frame_id": "atracsys"
    },
    "pose": {
        "position": {
            "x": 0.2356392517089844,
            "y": 0.008261279106140136,
            "z": 1.07188720703125
        },
        "orientation": {
            "x": 0.9626810740782765,
            "y": 0.13371578144098,
            "z": -0.1325032098526209,
            "w": 0.19444315051931302
        }
    }
}