{
    "header": {
        "seq": 16446,
        "stamp": {
            "secs": 1681247923,
            "nsecs": 983759158
        },
        "frame_id": "atracsys"
    },
    "pose": {
        "position": {
            "x": 0.17627162170410157,
            "y": -0.01039493179321289,
            "z": 1.0456710205078126
        },
        "orientation": {
            "x": 0.9767403546055927,
            "y": 0.052071634085484826,
            "z": -0.1963563894784025,
            "w": 0.06863667328487265
        }
    }
}