{
    "header": {
        "seq": 16581,
        "stamp": {
            "secs": 1681247925,
            "nsecs": 345035958
        },
        "frame_id": "atracsys"
    },
    "pose": {
        "position": {
            "x": 0.1727790222167969,
            "y": -0.01114891242980957,
            "z": 1.0462745361328125
        },
        "orientation": {
            "x": 0.9756235070134359,
            "y": 0.05593081186767174,
            "z": -0.201971986503075,
            "w": 0.06509864449148653
        }
    }
}