{
    "header": {
        "seq": 25989,
        "stamp": {
            "secs": 1681248020,
            "nsecs": 22389813
        },
        "frame_id": "atracsys"
    },
    "pose": {
        "position": {
            "x": 0.2515235595703125,
            "y": 0.01661592483520508,
            "z": 1.0719041748046876
        },
        "orientation": {
            "x": 0.9528681501934799,
            "y": 0.1342194058353183,
            "z": -0.1347631467291806,
            "w": 0.2363606010478887
        }
    }
}