{
    "header": {
        "seq": 14671,
        "stamp": {
            "secs": 1681247906,
            "nsecs": 124001952
        },
        "frame_id": "atracsys"
    },
    "pose": {
        "position": {
            "x": 0.14814044189453127,
            "y": -0.00908713722229004,
            "z": 1.0583968505859376
        },
        "orientation": {
            "x": 0.9709176102247523,
            "y": 0.0416061176128069,
            "z": -0.21422081266252968,
            "w": 0.09847521797310635
        }
    }
}