{
    "header": {
        "seq": 14560,
        "stamp": {
            "secs": 1681247905,
            "nsecs": 7592164
        },
        "frame_id": "atracsys"
    },
    "pose": {
        "position": {
            "x": 0.1462558288574219,
            "y": -0.009543068885803222,
            "z": 1.05588818359375
        },
        "orientation": {
            "x": 0.9667044128154517,
            "y": 0.03448980689379057,
            "z": -0.23113028888479434,
            "w": 0.1042680249337881
        }
    }
}