{
    "header": {
        "seq": 30397,
        "stamp": {
            "secs": 1681248064,
            "nsecs": 365650048
        },
        "frame_id": "atracsys"
    },
    "pose": {
        "position": {
            "x": 0.22393690490722656,
            "y": 0.008541681289672852,
            "z": 1.0675540771484375
        },
        "orientation": {
            "x": 0.970974739178269,
            "y": 0.17411535802855896,
            "z": -0.12672377159948375,
            "w": 0.10408162031733205
        }
    }
}