{
    "header": {
        "seq": 18532,
        "stamp": {
            "secs": 1681247944,
            "nsecs": 980720160
        },
        "frame_id": "atracsys"
    },
    "pose": {
        "position": {
            "x": 0.15394863891601562,
            "y": -0.009810602188110352,
            "z": 1.0094979248046876
        },
        "orientation": {
            "x": 0.9703524171790094,
            "y": 0.02893977182603355,
            "z": -0.23685305652152192,
            "w": 0.03846174330323196
        }
    }
}