{
    "header": {
        "seq": 7245,
        "stamp": {
            "secs": 1681247817,
            "nsecs": 350913529
        },
        "frame_id": "atracsys"
    },
    "pose": {
        "position": {
            "x": 0.26713333129882816,
            "y": -0.0025340347290039064,
            "z": 1.0026170654296875
        },
        "orientation": {
            "x": 0.9643766500006496,
            "y": 0.16328106976415474,
            "z": -0.1971595113634767,
            "w": 0.06667155517244745
        }
    }
}