{
    "header": {
        "seq": 21106,
        "stamp": {
            "secs": 1681247970,
            "nsecs": 888315859
        },
        "frame_id": "atracsys"
    },
    "pose": {
        "position": {
            "x": 0.19454133605957033,
            "y": -0.009787311553955078,
            "z": 1.0278011474609374
        },
        "orientation": {
            "x": 0.9819839540718416,
            "y": 0.03690179529385884,
            "z": -0.1415878216997202,
            "w": 0.11957700529721381
        }
    }
}