{
    "header": {
        "seq": 15062,
        "stamp": {
            "secs": 1681247910,
            "nsecs": 55364387
        },
        "frame_id": "atracsys"
    },
    "pose": {
        "position": {
            "x": 0.14146615600585938,
            "y": -0.007060735702514648,
            "z": 1.060325439453125
        },
        "orientation": {
            "x": 0.9666837541785117,
            "y": 0.034241872068700066,
            "z": -0.23435203629630372,
            "w": 0.09710374188642507
        }
    }
}