{
    "header": {
        "seq": 17359,
        "stamp": {
            "secs": 1681247933,
            "nsecs": 171747393
        },
        "frame_id": "atracsys"
    },
    "pose": {
        "position": {
            "x": 0.16068586730957032,
            "y": -0.011825679779052734,
            "z": 1.046818359375
        },
        "orientation": {
            "x": 0.9588789846231704,
            "y": 0.0490045732024312,
            "z": -0.26424066981517946,
            "w": 0.09124972914431329
        }
    }
}