{
    "header": {
        "seq": 18858,
        "stamp": {
            "secs": 1681247948,
            "nsecs": 261361266
        },
        "frame_id": "atracsys"
    },
    "pose": {
        "position": {
            "x": 0.15897698974609376,
            "y": -0.010731852531433106,
            "z": 1.0144609985351563
        },
        "orientation": {
            "x": 0.9743115738212247,
            "y": 0.031124214032788394,
            "z": -0.215790692960344,
            "w": 0.05641469002435375
        }
    }
}