{
    "header": {
        "seq": 23214,
        "stamp": {
            "secs": 1681247992,
            "nsecs": 106015526
        },
        "frame_id": "atracsys"
    },
    "pose": {
        "position": {
            "x": 0.265187744140625,
            "y": 0.012364523887634277,
            "z": 1.0491722412109374
        },
        "orientation": {
            "x": 0.9502240898098929,
            "y": 0.15881147426297682,
            "z": -0.07238136224658803,
            "w": 0.2580969453261868
        }
    }
}