{
    "header": {
        "seq": 29768,
        "stamp": {
            "secs": 1681248058,
            "nsecs": 40281973
        },
        "frame_id": "atracsys"
    },
    "pose": {
        "position": {
            "x": 0.1950323944091797,
            "y": -0.0021037161350250244,
            "z": 1.06326416015625
        },
        "orientation": {
            "x": 0.9613048163455076,
            "y": 0.1725560176616136,
            "z": -0.19139833559412414,
            "w": 0.09738659030633554
        }
    }
}