{
    "header": {
        "seq": 20534,
        "stamp": {
            "secs": 1681247965,
            "nsecs": 130063556
        },
        "frame_id": "atracsys"
    },
    "pose": {
        "position": {
            "x": 0.18209568786621094,
            "y": -0.011089977264404298,
            "z": 1.0248861083984375
        },
        "orientation": {
            "x": 0.9845839022307848,
            "y": 0.021741848828827216,
            "z": -0.14036968262588645,
            "w": 0.10206950414797052
        }
    }
}