{
    "header": {
        "seq": 22968,
        "stamp": {
            "secs": 1681247989,
            "nsecs": 631413678
        },
        "frame_id": "atracsys"
    },
    "pose": {
        "position": {
            "x": 0.23620864868164063,
            "y": 0.0007036943435668946,
            "z": 1.043903076171875
        },
        "orientation": {
            "x": 0.9631055041455735,
            "y": 0.09914679793111145,
            "z": -0.10430312563635707,
            "w": 0.22741714607081456
        }
    }
}