{
    "header": {
        "seq": 15999,
        "stamp": {
            "secs": 1681247919,
            "nsecs": 482213370
        },
        "frame_id": "atracsys"
    },
    "pose": {
        "position": {
            "x": 0.1799976043701172,
            "y": -0.009662274360656739,
            "z": 1.04187890625
        },
        "orientation": {
            "x": 0.9708589984274254,
            "y": 0.03596299684463498,
            "z": -0.22230335637710422,
            "w": 0.08197978881360712
        }
    }
}