{
    "header": {
        "seq": 14219,
        "stamp": {
            "secs": 1681247901,
            "nsecs": 574751351
        },
        "frame_id": "atracsys"
    },
    "pose": {
        "position": {
            "x": 0.15688429260253905,
            "y": -0.00739011287689209,
            "z": 1.0567755126953124
        },
        "orientation": {
            "x": 0.9752380861870429,
            "y": 0.0675587147234833,
            "z": -0.19695301808857169,
            "w": 0.07453860731827343
        }
    }
}