{
    "header": {
        "seq": 7398,
        "stamp": {
            "secs": 1681247818,
            "nsecs": 888235483
        },
        "frame_id": "atracsys"
    },
    "pose": {
        "position": {
            "x": 0.2700994567871094,
            "y": -0.0001370229721069336,
            "z": 1.00224658203125
        },
        "orientation": {
            "x": 0.9657451837814502,
            "y": 0.16967054500968987,
            "z": -0.18673675309616752,
            "w": 0.06064265167478066
        }
    }
}