{
    "header": {
        "seq": 18620,
        "stamp": {
            "secs": 1681247945,
            "nsecs": 867259461
        },
        "frame_id": "atracsys"
    },
    "pose": {
        "position": {
            "x": 0.15433758544921874,
            "y": -0.010551976203918458,
            "z": 1.010603515625
        },
        "orientation": {
            "x": 0.9734268505292247,
            "y": 0.03380005326064657,
            "z": -0.22348986727256523,
            "w": 0.03674237737032219
        }
    }
}