{
    "header": {
        "seq": 22274,
        "stamp": {
            "secs": 1681247982,
            "nsecs": 643363000
        },
        "frame_id": "atracsys"
    },
    "pose": {
        "position": {
            "x": 0.21733364868164062,
            "y": -0.003949027061462403,
            "z": 1.040516845703125
        },
        "orientation": {
            "x": 0.9630305239111793,
            "y": 0.07238208315906423,
            "z": -0.1423259888594778,
            "w": 0.21697086658831805
        }
    }
}