{
    "header": {
        "seq": 30247,
        "stamp": {
            "secs": 1681248062,
            "nsecs": 858307433
        },
        "frame_id": "atracsys"
    },
    "pose": {
        "position": {
            "x": 0.23029486083984377,
            "y": 0.014687364578247071,
            "z": 1.0733416748046876
        },
        "orientation": {
            "x": 0.9695873134496489,
            "y": 0.13419395347348564,
            "z": -0.13847070489642407,
            "w": 0.1507258714824226
        }
    }
}