{
    "header": {
        "seq": 7143,
        "stamp": {
            "secs": 1681247816,
            "nsecs": 324154215
        },
        "frame_id": "atracsys"
    },
    "pose": {
        "position": {
            "x": 0.2653177185058594,
            "y": -0.0042260937690734865,
            "z": 1.0026583251953125
        },
        "orientation": {
            "x": 0.9628054987397312,
            "y": 0.1597992220885851,
            "z": -0.20639329138362267,
            "w": 0.06979677276390073
        }
    }
}