{
    "header": {
        "seq": 31604,
        "stamp": {
            "secs": 1681248076,
            "nsecs": 505935000
        },
        "frame_id": "atracsys"
    },
    "pose": {
        "position": {
            "x": 0.18802545166015625,
            "y": -0.0008412662744522095,
            "z": 1.06933203125
        },
        "orientation": {
            "x": 0.9749512256883066,
            "y": 0.10045997765573986,
            "z": -0.15114566105980626,
            "w": 0.1285802844959961
        }
    }
}