{
    "header": {
        "seq": 13838,
        "stamp": {
            "secs": 1681247897,
            "nsecs": 742046544
        },
        "frame_id": "atracsys"
    },
    "pose": {
        "position": {
            "x": 0.14630564880371094,
            "y": -0.010334174156188964,
            "z": 1.0516702880859374
        },
        "orientation": {
            "x": 0.9700447483195848,
            "y": 0.02601734699708728,
            "z": -0.2246507725308414,
            "w": 0.08870351917552531
        }
    }
}