{
    "header": {
        "seq": 21355,
        "stamp": {
            "secs": 1681247973,
            "nsecs": 392713159
        },
        "frame_id": "atracsys"
    },
    "pose": {
        "position": {
            "x": 0.20107484436035156,
            "y": -0.008269474983215333,
            "z": 1.0341265869140626
        },
        "orientation": {
            "x": 0.9738749771969407,
            "y": 0.04631693920348372,
            "z": -0.15066011816802136,
            "w": 0.16347415308261007
        }
    }
}