{
    "header": {
        "seq": 13336,
        "stamp": {
            "secs": 1681247892,
            "nsecs": 688333225
        },
        "frame_id": "atracsys"
    },
    "pose": {
        "position": {
            "x": 0.12917413330078126,
            "y": -0.009792718887329101,
            "z": 1.026326171875
        },
        "orientation": {
            "x": 0.9708815512229542,
            "y": 0.01018764639648498,
            "z": -0.23856733350489703,
            "w": -0.019257537230230132
        }
    }
}