{
    "header": {
        "seq": 24147,
        "stamp": {
            "secs": 1681248001,
            "nsecs": 494073558
        },
        "frame_id": "atracsys"
    },
    "pose": {
        "position": {
            "x": 0.24434664916992188,
            "y": 0.0017896531820297242,
            "z": 1.04285107421875
        },
        "orientation": {
            "x": 0.9588415194351452,
            "y": 0.09816725234207309,
            "z": -0.1816645403304282,
            "w": 0.1948951665933359
        }
    }
}