{
    "header": {
        "seq": 26183,
        "stamp": {
            "secs": 1681248021,
            "nsecs": 974693949
        },
        "frame_id": "atracsys"
    },
    "pose": {
        "position": {
            "x": 0.2573565063476563,
            "y": 0.019771724700927733,
            "z": 1.0689964599609376
        },
        "orientation": {
            "x": 0.9585060688419939,
            "y": 0.15789579887620717,
            "z": -0.12260174799081425,
            "w": 0.20323347184927038
        }
    }
}