{
    "header": {
        "seq": 18118,
        "stamp": {
            "secs": 1681247940,
            "nsecs": 813535175
        },
        "frame_id": "atracsys"
    },
    "pose": {
        "position": {
            "x": 0.16595388793945312,
            "y": -0.0067313299179077146,
            "z": 1.0507869873046876
        },
        "orientation": {
            "x": 0.9534443402080008,
            "y": 0.017290958690689605,
            "z": -0.2649833681636436,
            "w": 0.14292909944982427
        }
    }
}