{
    "header": {
        "seq": 30265,
        "stamp": {
            "secs": 1681248063,
            "nsecs": 37443545
        },
        "frame_id": "atracsys"
    },
    "pose": {
        "position": {
            "x": 0.22990777587890626,
            "y": 0.014574713706970215,
            "z": 1.073252685546875
        },
        "orientation": {
            "x": 0.9702137501238703,
            "y": 0.13649474990689167,
            "z": -0.13342918121088193,
            "w": 0.14916807942661486
        }
    }
}