{
    "header": {
        "seq": 29615,
        "stamp": {
            "secs": 1681248056,
            "nsecs": 500010609
        },
        "frame_id": "atracsys"
    },
    "pose": {
        "position": {
            "x": 0.18911936950683594,
            "y": -0.0022152764797210693,
            "z": 1.063582275390625
        },
        "orientation": {
            "x": 0.9760822307237835,
            "y": 0.09276126006988153,
            "z": -0.16766720434730326,
            "w": 0.10269632944701658
        }
    }
}