{
    "header": {
        "seq": 19006,
        "stamp": {
            "secs": 1681247949,
            "nsecs": 750877772
        },
        "frame_id": "atracsys"
    },
    "pose": {
        "position": {
            "x": 0.1603617401123047,
            "y": -0.008543709754943847,
            "z": 1.01912060546875
        },
        "orientation": {
            "x": 0.9712418837764387,
            "y": 0.013784739515086122,
            "z": -0.22047989130038376,
            "w": 0.08881329679201884
        }
    }
}