{
    "header": {
        "seq": 17438,
        "stamp": {
            "secs": 1681247933,
            "nsecs": 968762909
        },
        "frame_id": "atracsys"
    },
    "pose": {
        "position": {
            "x": 0.16289399719238282,
            "y": -0.010809804916381836,
            "z": 1.0464832763671876
        },
        "orientation": {
            "x": 0.9567386261034946,
            "y": 0.04534451464562335,
            "z": -0.2700837244115456,
            "w": 0.09823369137489826
        }
    }
}