{
    "header": {
        "seq": 18929,
        "stamp": {
            "secs": 1681247948,
            "nsecs": 974751224
        },
        "frame_id": "atracsys"
    },
    "pose": {
        "position": {
            "x": 0.15990634155273437,
            "y": -0.009221436500549317,
            "z": 1.01674658203125
        },
        "orientation": {
            "x": 0.9693552186475767,
            "y": 0.022254342623353646,
            "z": -0.23283148532048148,
            "w": 0.07513124355798653
        }
    }
}