{
    "header": {
        "seq": 14961,
        "stamp": {
            "secs": 1681247909,
            "nsecs": 40430778
        },
        "frame_id": "atracsys"
    },
    "pose": {
        "position": {
            "x": 0.14721037292480468,
            "y": -0.007015660762786866,
            "z": 1.0596754150390626
        },
        "orientation": {
            "x": 0.9706124187151348,
            "y": 0.048491025744110634,
            "z": -0.21969939625652504,
            "w": 0.08539513067358383
        }
    }
}