{
    "header": {
        "seq": 12577,
        "stamp": {
            "secs": 1681247885,
            "nsecs": 55361987
        },
        "frame_id": "atracsys"
    },
    "pose": {
        "position": {
            "x": 0.14339149475097657,
            "y": 0.01641126823425293,
            "z": 1.107515869140625
        },
        "orientation": {
            "x": 0.9038544452902437,
            "y": -0.02376696905145994,
            "z": -0.36874711223537093,
            "w": 0.21565676462668104
        }
    }
}