{
    "header": {
        "seq": 16018,
        "stamp": {
            "secs": 1681247919,
            "nsecs": 673259163
        },
        "frame_id": "atracsys"
    },
    "pose": {
        "position": {
            "x": 0.18023957824707032,
            "y": -0.00943787670135498,
            "z": 1.041479248046875
        },
        "orientation": {
            "x": 0.9719075445882625,
            "y": 0.03564487442168301,
            "z": -0.21885667160581865,
            "w": 0.07891086739797028
        }
    }
}