{
    "header": {
        "seq": 16600,
        "stamp": {
            "secs": 1681247925,
            "nsecs": 536032230
        },
        "frame_id": "atracsys"
    },
    "pose": {
        "position": {
            "x": 0.17219268798828125,
            "y": -0.01113331699371338,
            "z": 1.0463433837890626
        },
        "orientation": {
            "x": 0.975532557796942,
            "y": 0.05576778104899589,
            "z": -0.20298318878950844,
            "w": 0.06343507187565972
        }
    }
}