{
    "header": {
        "seq": 27812,
        "stamp": {
            "secs": 1681248038,
            "nsecs": 365779626
        },
        "frame_id": "atracsys"
    },
    "pose": {
        "position": {
            "x": 0.21077229309082032,
            "y": 0.0041896262168884275,
            "z": 1.07647509765625
        },
        "orientation": {
            "x": 0.9461922921580083,
            "y": 0.06609126558816089,
            "z": -0.21216176662484573,
            "w": 0.23524343913561976
        }
    }
}