{
    "header": {
        "seq": 22458,
        "stamp": {
            "secs": 1681247984,
            "nsecs": 497094411
        },
        "frame_id": "atracsys"
    },
    "pose": {
        "position": {
            "x": 0.22080859375,
            "y": -0.005866787910461426,
            "z": 1.035337158203125
        },
        "orientation": {
            "x": 0.9722201694536011,
            "y": 0.07723439327343501,
            "z": -0.1532862555630107,
            "w": 0.15914180613140916
        }
    }
}