{
    "header": {
        "seq": 30971,
        "stamp": {
            "secs": 1681248070,
            "nsecs": 138792507
        },
        "frame_id": "atracsys"
    },
    "pose": {
        "position": {
            "x": 0.21151744079589843,
            "y": 0.003560743570327759,
            "z": 1.06704931640625
        },
        "orientation": {
            "x": 0.9728282280002326,
            "y": 0.15986736434263826,
            "z": -0.13135440725713604,
            "w": 0.10389265767219485
        }
    }
}