{
    "header": {
        "seq": 31512,
        "stamp": {
            "secs": 1681248075,
            "nsecs": 580554413
        },
        "frame_id": "atracsys"
    },
    "pose": {
        "position": {
            "x": 0.1938854217529297,
            "y": 0.00415509033203125,
            "z": 1.0598743896484375
        },
        "orientation": {
            "x": 0.9743233502821268,
            "y": 0.15136145850916424,
            "z": -0.15010217769216072,
            "w": 0.07247795682179439
        }
    }
}