{
    "header": {
        "seq": 29574,
        "stamp": {
            "secs": 1681248056,
            "nsecs": 88063499
        },
        "frame_id": "atracsys"
    },
    "pose": {
        "position": {
            "x": 0.19415823364257812,
            "y": 0.0018282626867294311,
            "z": 1.0650074462890626
        },
        "orientation": {
            "x": 0.9804183631685489,
            "y": 0.07102025637281464,
            "z": -0.1384685452764175,
            "w": 0.12067484541393049
        }
    }
}