{
    "header": {
        "seq": 23776,
        "stamp": {
            "secs": 1681247997,
            "nsecs": 759771405
        },
        "frame_id": "atracsys"
    },
    "pose": {
        "position": {
            "x": 0.25604473876953127,
            "y": 0.008586235046386718,
            "z": 1.0427076416015626
        },
        "orientation": {
            "x": 0.9666472900391067,
            "y": 0.12450704869199133,
            "z": -0.11715320531069187,
            "w": 0.19069907700744665
        }
    }
}