{
    "header": {
        "seq": 13032,
        "stamp": {
            "secs": 1681247889,
            "nsecs": 631519169
        },
        "frame_id": "atracsys"
    },
    "pose": {
        "position": {
            "x": 0.1352232208251953,
            "y": -0.010398797988891602,
            "z": 1.0234561767578125
        },
        "orientation": {
            "x": 0.9746573637211222,
            "y": 0.007426340887271736,
            "z": -0.2234548136404778,
            "w": -0.0074712158393098185
        }
    }
}