{
    "header": {
        "seq": 16370,
        "stamp": {
            "secs": 1681247923,
            "nsecs": 219553297
        },
        "frame_id": "atracsys"
    },
    "pose": {
        "position": {
            "x": 0.17670384216308593,
            "y": -0.009212126731872558,
            "z": 1.04476171875
        },
        "orientation": {
            "x": 0.9778996837697264,
            "y": 0.04124153713316583,
            "z": -0.19274118156657483,
            "w": 0.06972934121504115
        }
    }
}