{
    "header": {
        "seq": 13059,
        "stamp": {
            "secs": 1681247889,
            "nsecs": 903270347
        },
        "frame_id": "atracsys"
    },
    "pose": {
        "position": {
            "x": 0.13543269348144532,
            "y": -0.010845358848571778,
            "z": 1.0238125610351563
        },
        "orientation": {
            "x": 0.9749428544449138,
            "y": 0.008279808034334993,
            "z": -0.22214516445849888,
            "w": -0.008330741469070691
        }
    }
}