{
    "header": {
        "seq": 21164,
        "stamp": {
            "secs": 1681247971,
            "nsecs": 473241124
        },
        "frame_id": "atracsys"
    },
    "pose": {
        "position": {
            "x": 0.19306536865234375,
            "y": -0.009441228866577148,
            "z": 1.0290284423828124
        },
        "orientation": {
            "x": 0.9784911200881922,
            "y": 0.030893584423908098,
            "z": -0.1514538294054867,
            "w": 0.1366105849061913
        }
    }
}