{
    "header": {
        "seq": 10921,
        "stamp": {
            "secs": 1681247868,
            "nsecs": 389823164
        },
        "frame_id": "atracsys"
    },
    "pose": {
        "position": {
            "x": 0.163045654296875,
            "y": 0.02166984176635742,
            "z": 1.0993990478515625
        },
        "orientation": {
            "x": 0.9288821050072452,
            "y": 0.017792720318992625,
            "z": -0.3353244974896736,
            "w": 0.15626559277159272
        }
    }
}