{
    "header": {
        "seq": 6393,
        "stamp": {
            "secs": 1681247808,
            "nsecs": 780885573
        },
        "frame_id": "atracsys"
    },
    "pose": {
        "position": {
            "x": 0.2522708740234375,
            "y": -0.012628945350646972,
            "z": 0.9966643676757813
        },
        "orientation": {
            "x": 0.9557516398164958,
            "y": 0.14359259764697319,
            "z": -0.2507511272973324,
            "w": 0.05517101637808482
        }
    }
}