{
    "header": {
        "seq": 3719,
        "stamp": {
            "secs": 1681247781,
            "nsecs": 888335055
        },
        "frame_id": "atracsys"
    },
    "pose": {
        "position": {
            "x": 0.18144587707519533,
            "y": -0.0023633267879486085,
            "z": 1.039437255859375
        },
        "orientation": {
            "x": 0.9396380326915684,
            "y": -0.005915205127017817,
            "z": -0.2906788029358356,
            "w": 0.1804195427098016
        }
    }
}