{
    "header": {
        "seq": 15732,
        "stamp": {
            "secs": 1681247916,
            "nsecs": 798621702
        },
        "frame_id": "atracsys"
    },
    "pose": {
        "position": {
            "x": 0.17266665649414062,
            "y": -0.013330234527587892,
            "z": 1.042572265625
        },
        "orientation": {
            "x": 0.9608438992968077,
            "y": 0.04035028754976004,
            "z": -0.25588651137934065,
            "w": 0.09835115033830692
        }
    }
}