{
    "header": {
        "seq": 27297,
        "stamp": {
            "secs": 1681248033,
            "nsecs": 186683335
        },
        "frame_id": "atracsys"
    },
    "pose": {
        "position": {
            "x": 0.22323432922363282,
            "y": 0.004267257690429687,
            "z": 1.067740966796875
        },
        "orientation": {
            "x": 0.9595971537027363,
            "y": 0.08962075335162961,
            "z": -0.18292551758890838,
            "w": 0.19411254000997313
        }
    }
}