{
    "header": {
        "seq": 27834,
        "stamp": {
            "secs": 1681248038,
            "nsecs": 586680326
        },
        "frame_id": "atracsys"
    },
    "pose": {
        "position": {
            "x": 0.20828558349609375,
            "y": 0.0035975255966186523,
            "z": 1.076383056640625
        },
        "orientation": {
            "x": 0.9471231506560283,
            "y": 0.0680916549574375,
            "z": -0.20891659224760173,
            "w": 0.23382711882971371
        }
    }
}