{
    "header": {
        "seq": 11981,
        "stamp": {
            "secs": 1681247879,
            "nsecs": 58370194
        },
        "frame_id": "atracsys"
    },
    "pose": {
        "position": {
            "x": 0.15777981567382812,
            "y": 0.019208908081054688,
            "z": 1.10574365234375
        },
        "orientation": {
            "x": 0.9215743247361667,
            "y": -0.0028490371634528546,
            "z": -0.33497180010002536,
            "w": 0.1961798667347601
        }
    }
}