{
    "header": {
        "seq": 21395,
        "stamp": {
            "secs": 1681247973,
            "nsecs": 795629292
        },
        "frame_id": "atracsys"
    },
    "pose": {
        "position": {
            "x": 0.20600585937500002,
            "y": -0.009352812767028809,
            "z": 1.0332963867187501
        },
        "orientation": {
            "x": 0.9762552346494882,
            "y": 0.0641791588270993,
            "z": -0.14756989810455035,
            "w": 0.14501681821475654
        }
    }
}