{
    "header": {
        "seq": 23116,
        "stamp": {
            "secs": 1681247991,
            "nsecs": 120936049
        },
        "frame_id": "atracsys"
    },
    "pose": {
        "position": {
            "x": 0.2515659942626953,
            "y": 0.0073924756050109865,
            "z": 1.04873583984375
        },
        "orientation": {
            "x": 0.9483558812263898,
            "y": 0.12874068107637918,
            "z": -0.09459392990109348,
            "w": 0.274041872722354
        }
    }
}