{
    "header": {
        "seq": 9327,
        "stamp": {
            "secs": 1681247852,
            "nsecs": 342046318
        },
        "frame_id": "atracsys"
    },
    "pose": {
        "position": {
            "x": 0.23103634643554688,
            "y": 0.0096832275390625,
            "z": 1.05232373046875
        },
        "orientation": {
            "x": 0.9399818691137808,
            "y": 0.24418217464680086,
            "z": -0.2369483457067853,
            "w": 0.025780473016226997
        }
    }
}