{
    "header": {
        "seq": 8535,
        "stamp": {
            "secs": 1681247844,
            "nsecs": 371828115
        },
        "frame_id": "atracsys"
    },
    "pose": {
        "position": {
            "x": 0.2649722595214844,
            "y": 0.018171245574951173,
            "z": 1.06287109375
        },
        "orientation": {
            "x": 0.9429004188187854,
            "y": 0.24466494012967993,
            "z": -0.19596069249174417,
            "w": 0.11259340238599864
        }
    }
}