{
    "header": {
        "seq": 21460,
        "stamp": {
            "secs": 1681247974,
            "nsecs": 449417493
        },
        "frame_id": "atracsys"
    },
    "pose": {
        "position": {
            "x": 0.20833126831054688,
            "y": -0.009670371055603028,
            "z": 1.030362060546875
        },
        "orientation": {
            "x": 0.9805640702369615,
            "y": 0.07507145238724783,
            "z": -0.13638655938991479,
            "w": 0.11940304692332525
        }
    }
}