{
    "header": {
        "seq": 16829,
        "stamp": {
            "secs": 1681247927,
            "nsecs": 840508086
        },
        "frame_id": "atracsys"
    },
    "pose": {
        "position": {
            "x": 0.1653983154296875,
            "y": -0.01192722225189209,
            "z": 1.0487266845703125
        },
        "orientation": {
            "x": 0.9738927325061736,
            "y": 0.06364803276603556,
            "z": -0.20841479578969552,
            "w": 0.06360146533384392
        }
    }
}