{
    "header": {
        "seq": 2730,
        "stamp": {
            "secs": 1681247771,
            "nsecs": 930074613
        },
        "frame_id": "atracsys"
    },
    "pose": {
        "position": {
            "x": 0.16615110778808595,
            "y": -0.0015895614624023438,
            "z": 1.036031494140625
        },
        "orientation": {
            "x": 0.9309766285512276,
            "y": -0.021780970571525168,
            "z": -0.33279777819318596,
            "w": 0.1485050343996145
        }
    }
}