{
    "header": {
        "seq": 16160,
        "stamp": {
            "secs": 1681247921,
            "nsecs": 103113929
        },
        "frame_id": "atracsys"
    },
    "pose": {
        "position": {
            "x": 0.1813220977783203,
            "y": -0.007784265995025635,
            "z": 1.041968017578125
        },
        "orientation": {
            "x": 0.9762485950938922,
            "y": 0.03994412191972595,
            "z": -0.2017672422118424,
            "w": 0.06806708214322008
        }
    }
}