{
    "header": {
        "seq": 29999,
        "stamp": {
            "secs": 1681248060,
            "nsecs": 362806061
        },
        "frame_id": "atracsys"
    },
    "pose": {
        "position": {
            "x": 0.23492120361328125,
            "y": 0.014485525131225587,
            "z": 1.0720841064453126
        },
        "orientation": {
            "x": 0.9688836344750169,
            "y": 0.17481127474665278,
            "z": -0.11319820050036368,
            "w": 0.13375981635532966
        }
    }
}