{
    "header": {
        "seq": 26387,
        "stamp": {
            "secs": 1681248024,
            "nsecs": 31459357
        },
        "frame_id": "atracsys"
    },
    "pose": {
        "position": {
            "x": 0.25119375610351563,
            "y": 0.017673507690429687,
            "z": 1.0725140380859375
        },
        "orientation": {
            "x": 0.9572294290171973,
            "y": 0.14459365833443744,
            "z": -0.11013055595647897,
            "w": 0.22511276027269408
        }
    }
}