{
    "header": {
        "seq": 28404,
        "stamp": {
            "secs": 1681248044,
            "nsecs": 317915334
        },
        "frame_id": "atracsys"
    },
    "pose": {
        "position": {
            "x": 0.21043179321289063,
            "y": 0.003404266119003296,
            "z": 1.0729669189453126
        },
        "orientation": {
            "x": 0.9605851094910365,
            "y": 0.07513828426047128,
            "z": -0.1897322469074865,
            "w": 0.18876482761871424
        }
    }
}