{
    "header": {
        "seq": 28605,
        "stamp": {
            "secs": 1681248046,
            "nsecs": 341884968
        },
        "frame_id": "atracsys"
    },
    "pose": {
        "position": {
            "x": 0.21558433532714844,
            "y": 0.0033118407726287842,
            "z": 1.0741876220703126
        },
        "orientation": {
            "x": 0.9625902267873162,
            "y": 0.10641287460457836,
            "z": -0.17612964982235746,
            "w": 0.17628018001291887
        }
    }
}