{
    "header": {
        "seq": 24346,
        "stamp": {
            "secs": 1681248003,
            "nsecs": 497042967
        },
        "frame_id": "atracsys"
    },
    "pose": {
        "position": {
            "x": 0.25726544189453127,
            "y": 0.010694435119628906,
            "z": 1.042027099609375
        },
        "orientation": {
            "x": 0.9695551476975315,
            "y": 0.12502554730459167,
            "z": -0.142620616233896,
            "w": 0.15488959913263703
        }
    }
}