{
    "header": {
        "seq": 21877,
        "stamp": {
            "secs": 1681247978,
            "nsecs": 649354000
        },
        "frame_id": "atracsys"
    },
    "pose": {
        "position": {
            "x": 0.21087910461425782,
            "y": -0.008439252853393555,
            "z": 1.03278125
        },
        "orientation": {
            "x": 0.9762484089791128,
            "y": 0.06747825938584605,
            "z": -0.13966281685396267,
            "w": 0.1512614493663995
        }
    }
}