{
    "header": {
        "seq": 30928,
        "stamp": {
            "secs": 1681248069,
            "nsecs": 705955032
        },
        "frame_id": "atracsys"
    },
    "pose": {
        "position": {
            "x": 0.21206135559082032,
            "y": 0.00497868537902832,
            "z": 1.0705797119140625
        },
        "orientation": {
            "x": 0.9740558910358845,
            "y": 0.13413340602578852,
            "z": -0.1277295940105888,
            "w": 0.13003269335094303
        }
    }
}