{
    "header": {
        "seq": 12334,
        "stamp": {
            "secs": 1681247882,
            "nsecs": 613587161
        },
        "frame_id": "atracsys"
    },
    "pose": {
        "position": {
            "x": 0.14959544372558595,
            "y": 0.01735527229309082,
            "z": 1.1081199951171876
        },
        "orientation": {
            "x": 0.9104228888184138,
            "y": -0.010241680204205628,
            "z": -0.35617315512960057,
            "w": 0.21015697720312398
        }
    }
}