{
    "header": {
        "seq": 27726,
        "stamp": {
            "secs": 1681248037,
            "nsecs": 500001660
        },
        "frame_id": "atracsys"
    },
    "pose": {
        "position": {
            "x": 0.21814622497558595,
            "y": 0.0041573958396911624,
            "z": 1.071189208984375
        },
        "orientation": {
            "x": 0.9612328831712647,
            "y": 0.086422214340209,
            "z": -0.18006134262102585,
            "w": 0.1901064387976024
        }
    }
}