{
    "header": {
        "seq": 8118,
        "stamp": {
            "secs": 1681247826,
            "nsecs": 133014794
        },
        "frame_id": "atracsys"
    },
    "pose": {
        "position": {
            "x": 0.2790508728027344,
            "y": 0.010640592575073242,
            "z": 0.9954637451171875
        },
        "orientation": {
            "x": 0.9531792280194534,
            "y": 0.20899159489486274,
            "z": -0.2165492839258176,
            "w": -0.029635791988000416
        }
    }
}