{
    "header": {
        "seq": 9048,
        "stamp": {
            "secs": 1681247849,
            "nsecs": 536110133
        },
        "frame_id": "atracsys"
    },
    "pose": {
        "position": {
            "x": 0.24366049194335937,
            "y": 0.011156559944152832,
            "z": 1.05514501953125
        },
        "orientation": {
            "x": 0.9434466989826901,
            "y": 0.24797977910663835,
            "z": -0.21547196363335977,
            "w": 0.0445666716378091
        }
    }
}