{
    "header": {
        "seq": 22074,
        "stamp": {
            "secs": 1681247980,
            "nsecs": 631418558
        },
        "frame_id": "atracsys"
    },
    "pose": {
        "position": {
            "x": 0.2128095703125,
            "y": -0.0077752389907836915,
            "z": 1.0314354248046875
        },
        "orientation": {
            "x": 0.976024354704762,
            "y": 0.06401609993329255,
            "z": -0.1548407350612373,
            "w": 0.13893431807217294
        }
    }
}