{
    "header": {
        "seq": 19138,
        "stamp": {
            "secs": 1681247951,
            "nsecs": 79224486
        },
        "frame_id": "atracsys"
    },
    "pose": {
        "position": {
            "x": 0.16032435607910156,
            "y": -0.011861227989196777,
            "z": 1.01548046875
        },
        "orientation": {
            "x": 0.979554126984543,
            "y": 0.03154328360551542,
            "z": -0.19155307206888514,
            "w": 0.052784033077288454
        }
    }
}