{
    "header": {
        "seq": 15713,
        "stamp": {
            "secs": 1681247916,
            "nsecs": 604703955
        },
        "frame_id": "atracsys"
    },
    "pose": {
        "position": {
            "x": 0.17219248962402345,
            "y": -0.013383459091186524,
            "z": 1.042322265625
        },
        "orientation": {
            "x": 0.9602743310304692,
            "y": 0.04053281515205704,
            "z": -0.25811608119472185,
            "w": 0.09801218642859647
        }
    }
}