{
    "header": {
        "seq": 18018,
        "stamp": {
            "secs": 1681247939,
            "nsecs": 804585049
        },
        "frame_id": "atracsys"
    },
    "pose": {
        "position": {
            "x": 0.16457257080078125,
            "y": -0.007381020069122315,
            "z": 1.0487471923828124
        },
        "orientation": {
            "x": 0.9509220662940477,
            "y": 0.023479758650335282,
            "z": -0.27804462223996707,
            "w": 0.13374271124893083
        }
    }
}