{
    "header": {
        "seq": 6586,
        "stamp": {
            "secs": 1681247810,
            "nsecs": 721097878
        },
        "frame_id": "atracsys"
    },
    "pose": {
        "position": {
            "x": 0.2550046081542969,
            "y": -0.01072887420654297,
            "z": 0.9980271606445312
        },
        "orientation": {
            "x": 0.9569421109217463,
            "y": 0.1431317839799549,
            "z": -0.24545796023560382,
            "w": 0.0593757401328586
        }
    }
}