{
    "header": {
        "seq": 2690,
        "stamp": {
            "secs": 1681247771,
            "nsecs": 527070911
        },
        "frame_id": "atracsys"
    },
    "pose": {
        "position": {
            "x": 0.16533207702636718,
            "y": -0.001786611795425415,
            "z": 1.03547802734375
        },
        "orientation": {
            "x": 0.9311796738558782,
            "y": -0.02047162602662315,
            "z": -0.3339571441056596,
            "w": 0.14476862030936893
        }
    }
}