{
    "header": {
        "seq": 29978,
        "stamp": {
            "secs": 1681248060,
            "nsecs": 153846526
        },
        "frame_id": "atracsys"
    },
    "pose": {
        "position": {
            "x": 0.23684336853027343,
            "y": 0.015841774940490723,
            "z": 1.0738807373046875
        },
        "orientation": {
            "x": 0.9675267798643408,
            "y": 0.17139965544619315,
            "z": -0.11481156308270445,
            "w": 0.14605613078803611
        }
    }
}