{
    "header": {
        "seq": 9086,
        "stamp": {
            "secs": 1681247849,
            "nsecs": 918187696
        },
        "frame_id": "atracsys"
    },
    "pose": {
        "position": {
            "x": 0.24221455383300783,
            "y": 0.011020514488220215,
            "z": 1.0545399169921876
        },
        "orientation": {
            "x": 0.9429895849666806,
            "y": 0.24658909046926156,
            "z": -0.2199829155172038,
            "w": 0.03964820281501771
        }
    }
}