{
    "header": {
        "seq": 20046,
        "stamp": {
            "secs": 1681247960,
            "nsecs": 216563530
        },
        "frame_id": "atracsys"
    },
    "pose": {
        "position": {
            "x": 0.17266278076171876,
            "y": -0.007666317939758301,
            "z": 1.0290869140625
        },
        "orientation": {
            "x": 0.9760349282223192,
            "y": -0.0033460726337030335,
            "z": -0.1621103277533487,
            "w": 0.14513739808775794
        }
    }
}