{
    "header": {
        "seq": 17932,
        "stamp": {
            "secs": 1681247938,
            "nsecs": 941935594
        },
        "frame_id": "atracsys"
    },
    "pose": {
        "position": {
            "x": 0.16367007446289064,
            "y": -0.0076562132835388185,
            "z": 1.04777294921875
        },
        "orientation": {
            "x": 0.9502575992854594,
            "y": 0.027174913820429695,
            "z": -0.2829048136742063,
            "w": 0.1274240379953883
        }
    }
}