{
    "header": {
        "seq": 7073,
        "stamp": {
            "secs": 1681247815,
            "nsecs": 619618794
        },
        "frame_id": "atracsys"
    },
    "pose": {
        "position": {
            "x": 0.264218994140625,
            "y": -0.005215063095092774,
            "z": 1.0031834106445312
        },
        "orientation": {
            "x": 0.9621795843295542,
            "y": 0.15792874434613483,
            "z": -0.20928240721440974,
            "w": 0.0739583209598595
        }
    }
}