{
    "header": {
        "seq": 17868,
        "stamp": {
            "secs": 1681247938,
            "nsecs": 297116663
        },
        "frame_id": "atracsys"
    },
    "pose": {
        "position": {
            "x": 0.16335630798339845,
            "y": -0.008039029121398925,
            "z": 1.0470247802734376
        },
        "orientation": {
            "x": 0.950278157739856,
            "y": 0.028556317512860134,
            "z": -0.2864826394017507,
            "w": 0.11867458436437316
        }
    }
}