{
    "header": {
        "seq": 14480,
        "stamp": {
            "secs": 1681247904,
            "nsecs": 201613962
        },
        "frame_id": "atracsys"
    },
    "pose": {
        "position": {
            "x": 0.14735316467285156,
            "y": -0.009723541259765624,
            "z": 1.054920166015625
        },
        "orientation": {
            "x": 0.9663785532715317,
            "y": 0.030933612355278365,
            "z": -0.2337662280874215,
            "w": 0.10251318944045566
        }
    }
}