{
    "header": {
        "seq": 23983,
        "stamp": {
            "secs": 1681247999,
            "nsecs": 843341416
        },
        "frame_id": "atracsys"
    },
    "pose": {
        "position": {
            "x": 0.2595853881835938,
            "y": 0.010601747512817382,
            "z": 1.035555908203125
        },
        "orientation": {
            "x": 0.9734796189780507,
            "y": 0.1391935826598929,
            "z": -0.13771751404894766,
            "w": 0.11830665367945631
        }
    }
}