{
    "header": {
        "seq": 21146,
        "stamp": {
            "secs": 1681247971,
            "nsecs": 291153126
        },
        "frame_id": "atracsys"
    },
    "pose": {
        "position": {
            "x": 0.19325431823730468,
            "y": -0.009455965995788575,
            "z": 1.0290655517578124
        },
        "orientation": {
            "x": 0.9792816304693811,
            "y": 0.03136588887478927,
            "z": -0.14785099775823624,
            "w": 0.1347729635432081
        }
    }
}