{
    "header": {
        "seq": 9582,
        "stamp": {
            "secs": 1681247854,
            "nsecs": 912109374
        },
        "frame_id": "atracsys"
    },
    "pose": {
        "position": {
            "x": 0.21527792358398437,
            "y": 0.006875945568084717,
            "z": 1.052115478515625
        },
        "orientation": {
            "x": 0.9392607375738277,
            "y": 0.2220809649673181,
            "z": -0.2603268547603761,
            "w": 0.0264431568089784
        }
    }
}