{
    "header": {
        "seq": 21416,
        "stamp": {
            "secs": 1681247974,
            "nsecs": 7603068
        },
        "frame_id": "atracsys"
    },
    "pose": {
        "position": {
            "x": 0.2075867156982422,
            "y": -0.009622749328613282,
            "z": 1.0322491455078124
        },
        "orientation": {
            "x": 0.97782262737398,
            "y": 0.07131024317378289,
            "z": -0.14401978089748146,
            "w": 0.13429840402694365
        }
    }
}