{
    "header": {
        "seq": 19532,
        "stamp": {
            "secs": 1681247955,
            "nsecs": 43415134
        },
        "frame_id": "atracsys"
    },
    "pose": {
        "position": {
            "x": 0.16551528930664064,
            "y": -0.009605213165283203,
            "z": 1.0225453491210938
        },
        "orientation": {
            "x": 0.9760947682188825,
            "y": 0.005628391000238633,
            "z": -0.19313431260690328,
            "w": 0.09953121100606312
        }
    }
}