{
    "header": {
        "seq": 14787,
        "stamp": {
            "secs": 1681247907,
            "nsecs": 288191973
        },
        "frame_id": "atracsys"
    },
    "pose": {
        "position": {
            "x": 0.15130484008789064,
            "y": -0.006942272186279297,
            "z": 1.0566505126953125
        },
        "orientation": {
            "x": 0.9746045069296153,
            "y": 0.050837296908651915,
            "z": -0.20606788780288557,
            "w": 0.07139782862216838
        }
    }
}