{
    "header": {
        "seq": 22170,
        "stamp": {
            "secs": 1681247981,
            "nsecs": 595661994
        },
        "frame_id": "atracsys"
    },
    "pose": {
        "position": {
            "x": 0.21378353881835938,
            "y": -0.006561238288879395,
            "z": 1.0362172851562501
        },
        "orientation": {
            "x": 0.9667852557936905,
            "y": 0.0658414645643495,
            "z": -0.15905578414566796,
            "w": 0.18892439824902588
        }
    }
}