{
    "header": {
        "seq": 20798,
        "stamp": {
            "secs": 1681247967,
            "nsecs": 789772439
        },
        "frame_id": "atracsys"
    },
    "pose": {
        "position": {
            "x": 0.1856361541748047,
            "y": -0.00803664779663086,
            "z": 1.031025390625
        },
        "orientation": {
            "x": 0.9738620293492375,
            "y": 0.018483355362824777,
            "z": -0.15767823592096747,
            "w": 0.16244595188298253
        }
    }
}