{
    "header": {
        "seq": 26726,
        "stamp": {
            "secs": 1681248027,
            "nsecs": 440286585
        },
        "frame_id": "atracsys"
    },
    "pose": {
        "position": {
            "x": 0.2495196075439453,
            "y": 0.015968902587890625,
            "z": 1.0763221435546875
        },
        "orientation": {
            "x": 0.9531725680186743,
            "y": 0.1519509220564248,
            "z": -0.12056513570700583,
            "w": 0.2320280606194847
        }
    }
}