{
    "header": {
        "seq": 13495,
        "stamp": {
            "secs": 1681247894,
            "nsecs": 291307285
        },
        "frame_id": "atracsys"
    },
    "pose": {
        "position": {
            "x": 0.12603767395019533,
            "y": -0.008314670562744141,
            "z": 1.027497802734375
        },
        "orientation": {
            "x": 0.9689981382533277,
            "y": 0.016212748722823432,
            "z": -0.24494431247633164,
            "w": -0.02796495352995963
        }
    }
}