{
    "header": {
        "seq": 8454,
        "stamp": {
            "secs": 1681247843,
            "nsecs": 556880578
        },
        "frame_id": "atracsys"
    },
    "pose": {
        "position": {
            "x": 0.2660917053222656,
            "y": 0.018543268203735353,
            "z": 1.0635404052734376
        },
        "orientation": {
            "x": 0.9438618369616756,
            "y": 0.24126347507369772,
            "z": -0.19279804274141418,
            "w": 0.11724198496176537
        }
    }
}