{
    "header": {
        "seq": 2086,
        "stamp": {
            "secs": 1681247765,
            "nsecs": 452456032
        },
        "frame_id": "atracsys"
    },
    "pose": {
        "position": {
            "x": 0.15375814819335937,
            "y": -0.0010058075189590455,
            "z": 1.0304799804687501
        },
        "orientation": {
            "x": 0.9237079804524746,
            "y": -0.019192973075107776,
            "z": -0.3656888927285889,
            "w": 0.11254701403363744
        }
    }
}