{
    "header": {
        "seq": 31746,
        "stamp": {
            "secs": 1681248077,
            "nsecs": 932809099
        },
        "frame_id": "atracsys"
    },
    "pose": {
        "position": {
            "x": 0.18248849487304689,
            "y": -0.002637245178222656,
            "z": 1.072853271484375
        },
        "orientation": {
            "x": 0.973195229087952,
            "y": 0.08701129171961722,
            "z": -0.14563350437684475,
            "w": 0.15527705431470587
        }
    }
}