{
    "header": {
        "seq": 11614,
        "stamp": {
            "secs": 1681247875,
            "nsecs": 368899884
        },
        "frame_id": "atracsys"
    },
    "pose": {
        "position": {
            "x": 0.15320651245117187,
            "y": 0.022396102905273437,
            "z": 1.100530517578125
        },
        "orientation": {
            "x": 0.9243209949198161,
            "y": 0.0016467702435239212,
            "z": -0.3407705809800536,
            "w": 0.17176553099129924
        }
    }
}