{
    "header": {
        "seq": 20554,
        "stamp": {
            "secs": 1681247965,
            "nsecs": 332917923
        },
        "frame_id": "atracsys"
    },
    "pose": {
        "position": {
            "x": 0.18238539123535158,
            "y": -0.010792139053344727,
            "z": 1.02570556640625
        },
        "orientation": {
            "x": 0.9831428102500583,
            "y": 0.02143369120117085,
            "z": -0.14587293197432688,
            "w": 0.10812908606070745
        }
    }
}