{
    "header": {
        "seq": 28803,
        "stamp": {
            "secs": 1681248048,
            "nsecs": 332936379
        },
        "frame_id": "atracsys"
    },
    "pose": {
        "position": {
            "x": 0.20606375122070314,
            "y": 0.0027701220512390138,
            "z": 1.0769554443359375
        },
        "orientation": {
            "x": 0.9452264898844152,
            "y": 0.06672945282547049,
            "z": -0.2313438882219764,
            "w": 0.22039525477817987
        }
    }
}