{
    "header": {
        "seq": 30480,
        "stamp": {
            "secs": 1681248065,
            "nsecs": 201461363
        },
        "frame_id": "atracsys"
    },
    "pose": {
        "position": {
            "x": 0.21623023986816406,
            "y": 0.006858158111572266,
            "z": 1.062722412109375
        },
        "orientation": {
            "x": 0.9694182795260473,
            "y": 0.18905053681116754,
            "z": -0.1352364245075259,
            "w": 0.07873501977257852
        }
    }
}