{
    "header": {
        "seq": 23134,
        "stamp": {
            "secs": 1681247991,
            "nsecs": 303017088
        },
        "frame_id": "atracsys"
    },
    "pose": {
        "position": {
            "x": 0.2543289794921875,
            "y": 0.008767797470092773,
            "z": 1.0495313720703126
        },
        "orientation": {
            "x": 0.9474458330003986,
            "y": 0.13456427194962764,
            "z": -0.08814025399252877,
            "w": 0.2765323595367819
        }
    }
}