{
    "header": {
        "seq": 21670,
        "stamp": {
            "secs": 1681247976,
            "nsecs": 562776881
        },
        "frame_id": "atracsys"
    },
    "pose": {
        "position": {
            "x": 0.2058190155029297,
            "y": -0.007802629470825196,
            "z": 1.034033935546875
        },
        "orientation": {
            "x": 0.971456161522115,
            "y": 0.05319064836128861,
            "z": -0.1499604340195733,
            "w": 0.17594189210158448
        }
    }
}