{
    "header": {
        "seq": 20966,
        "stamp": {
            "secs": 1681247969,
            "nsecs": 479219702
        },
        "frame_id": "atracsys"
    },
    "pose": {
        "position": {
            "x": 0.19508364868164063,
            "y": -0.011558086395263673,
            "z": 1.0223118896484376
        },
        "orientation": {
            "x": 0.9877100167336172,
            "y": 0.05822521763987818,
            "z": -0.12558509235901613,
            "w": 0.07257500569785784
        }
    }
}