{
    "header": {
        "seq": 11877,
        "stamp": {
            "secs": 1681247878,
            "nsecs": 13605705
        },
        "frame_id": "atracsys"
    },
    "pose": {
        "position": {
            "x": 0.15883946228027343,
            "y": 0.020889081954956056,
            "z": 1.103009033203125
        },
        "orientation": {
            "x": 0.9264842836409872,
            "y": -0.0006399787321940927,
            "z": -0.3300995290679294,
            "w": 0.18072289147366125
        }
    }
}