{
    "header": {
        "seq": 24226,
        "stamp": {
            "secs": 1681248002,
            "nsecs": 288153963
        },
        "frame_id": "atracsys"
    },
    "pose": {
        "position": {
            "x": 0.2425200653076172,
            "y": 0.001259469747543335,
            "z": 1.043486328125
        },
        "orientation": {
            "x": 0.9598660962822745,
            "y": 0.09662161844026013,
            "z": -0.183818641413181,
            "w": 0.1884994618740984
        }
    }
}