{
    "header": {
        "seq": 27970,
        "stamp": {
            "secs": 1681248039,
            "nsecs": 953738918
        },
        "frame_id": "atracsys"
    },
    "pose": {
        "position": {
            "x": 0.22689886474609375,
            "y": 0.008100312232971191,
            "z": 1.0740079345703126
        },
        "orientation": {
            "x": 0.9669611517088743,
            "y": 0.11585764157757175,
            "z": -0.1361020404939945,
            "w": 0.181767358310841
        }
    }
}