{
    "header": {
        "seq": 30122,
        "stamp": {
            "secs": 1681248061,
            "nsecs": 601603756
        },
        "frame_id": "atracsys"
    },
    "pose": {
        "position": {
            "x": 0.2202852020263672,
            "y": 0.008392092704772949,
            "z": 1.0598656005859375
        },
        "orientation": {
            "x": 0.9673787682022431,
            "y": 0.20309469201580466,
            "z": -0.13827525152148232,
            "w": 0.06173183719270787
        }
    }
}