{
    "header": {
        "seq": 22639,
        "stamp": {
            "secs": 1681247986,
            "nsecs": 317991624
        },
        "frame_id": "atracsys"
    },
    "pose": {
        "position": {
            "x": 0.22397398376464844,
            "y": -0.0029615206718444824,
            "z": 1.0404046630859376
        },
        "orientation": {
            "x": 0.965233262198835,
            "y": 0.08124573289562541,
            "z": -0.13580131755769226,
            "w": 0.2080429825320786
        }
    }
}