{
    "header": {
        "seq": 27912,
        "stamp": {
            "secs": 1681248039,
            "nsecs": 371699471
        },
        "frame_id": "atracsys"
    },
    "pose": {
        "position": {
            "x": 0.2164235076904297,
            "y": 0.005160177707672119,
            "z": 1.0734217529296874
        },
        "orientation": {
            "x": 0.962750858209086,
            "y": 0.08554152581321332,
            "z": -0.1726727769803088,
            "w": 0.18967747485962666
        }
    }
}