{
    "header": {
        "seq": 13652,
        "stamp": {
            "secs": 1681247895,
            "nsecs": 870391739
        },
        "frame_id": "atracsys"
    },
    "pose": {
        "position": {
            "x": 0.12969328308105468,
            "y": -0.00764063024520874,
            "z": 1.0328878173828124
        },
        "orientation": {
            "x": 0.9674600714061636,
            "y": 0.03876891320912573,
            "z": -0.2488953793317056,
            "w": -0.023855224809057864
        }
    }
}