{
    "header": {
        "seq": 31804,
        "stamp": {
            "secs": 1681248078,
            "nsecs": 514989819
        },
        "frame_id": "atracsys"
    },
    "pose": {
        "position": {
            "x": 0.18244337463378907,
            "y": -0.002123859167098999,
            "z": 1.0668865966796874
        },
        "orientation": {
            "x": 0.9756867440058298,
            "y": 0.11625185824570441,
            "z": -0.1443831191250325,
            "w": 0.11693758137335405
        }
    }
}