{
    "header": {
        "seq": 10306,
        "stamp": {
            "secs": 1681247862,
            "nsecs": 195666522
        },
        "frame_id": "atracsys"
    },
    "pose": {
        "position": {
            "x": 0.1865447235107422,
            "y": 0.02364733123779297,
            "z": 1.1076658935546875
        },
        "orientation": {
            "x": 0.9292426559248487,
            "y": 0.06216831707837281,
            "z": -0.31311548959838503,
            "w": 0.18601579754133765
        }
    }
}