{
    "header": {
        "seq": 27893,
        "stamp": {
            "secs": 1681248039,
            "nsecs": 180629480
        },
        "frame_id": "atracsys"
    },
    "pose": {
        "position": {
            "x": 0.21274575805664062,
            "y": 0.004418159008026123,
            "z": 1.073390380859375
        },
        "orientation": {
            "x": 0.961198027431051,
            "y": 0.07506956719808351,
            "z": -0.18141899469321157,
            "w": 0.1937783798772542
        }
    }
}