{
    "header": {
        "seq": 23853,
        "stamp": {
            "secs": 1681247998,
            "nsecs": 535857528
        },
        "frame_id": "atracsys"
    },
    "pose": {
        "position": {
            "x": 0.259150146484375,
            "y": 0.010879125595092774,
            "z": 1.039230224609375
        },
        "orientation": {
            "x": 0.9721077220565488,
            "y": 0.12950324892545678,
            "z": -0.11578872517681599,
            "w": 0.1575704806037812
        }
    }
}