{
    "header": {
        "seq": 23176,
        "stamp": {
            "secs": 1681247991,
            "nsecs": 723937301
        },
        "frame_id": "atracsys"
    },
    "pose": {
        "position": {
            "x": 0.26150152587890624,
            "y": 0.010306935310363769,
            "z": 1.049488037109375
        },
        "orientation": {
            "x": 0.9483486555415217,
            "y": 0.1525049880382361,
            "z": -0.08116714616072837,
            "w": 0.2660619298963469
        }
    }
}