{
    "header": {
        "seq": 2888,
        "stamp": {
            "secs": 1681247773,
            "nsecs": 518114737
        },
        "frame_id": "atracsys"
    },
    "pose": {
        "position": {
            "x": 0.16798562622070312,
            "y": -0.0017015669345855713,
            "z": 1.036779541015625
        },
        "orientation": {
            "x": 0.9324068978601917,
            "y": -0.02258656553953435,
            "z": -0.32682864253714833,
            "w": 0.1526114749852949
        }
    }
}