{
    "header": {
        "seq": 2378,
        "stamp": {
            "secs": 1681247768,
            "nsecs": 386770226
        },
        "frame_id": "atracsys"
    },
    "pose": {
        "position": {
            "x": 0.1594358367919922,
            "y": -0.001190761685371399,
            "z": 1.033320068359375
        },
        "orientation": {
            "x": 0.9282138671340603,
            "y": -0.017562981043329342,
            "z": -0.34764112256389085,
            "w": 0.1313628884404675
        }
    }
}