{
    "header": {
        "seq": 7538,
        "stamp": {
            "secs": 1681247820,
            "nsecs": 300170476
        },
        "frame_id": "atracsys"
    },
    "pose": {
        "position": {
            "x": 0.2717983093261719,
            "y": 0.0016776717901229859,
            "z": 1.0011848754882813
        },
        "orientation": {
            "x": 0.968191620870493,
            "y": 0.17410677113189552,
            "z": -0.17215886837089875,
            "w": 0.05150865522846362
        }
    }
}