{
    "header": {
        "seq": 24390,
        "stamp": {
            "secs": 1681248003,
            "nsecs": 938876792
        },
        "frame_id": "atracsys"
    },
    "pose": {
        "position": {
            "x": 0.26104302978515626,
            "y": 0.013430477142333985,
            "z": 1.0386229248046874
        },
        "orientation": {
            "x": 0.9727784577715628,
            "y": 0.13914141222935905,
            "z": -0.13561145678319486,
            "w": 0.12629834633730988
        }
    }
}