{
    "header": {
        "seq": 22579,
        "stamp": {
            "secs": 1681247985,
            "nsecs": 715008252
        },
        "frame_id": "atracsys"
    },
    "pose": {
        "position": {
            "x": 0.22372804260253906,
            "y": -0.0019733461141586304,
            "z": 1.04157373046875
        },
        "orientation": {
            "x": 0.9573345821827214,
            "y": 0.08174587544425986,
            "z": -0.14976732451047955,
            "w": 0.2332334841180797
        }
    }
}