{
    "header": {
        "seq": 22817,
        "stamp": {
            "secs": 1681247988,
            "nsecs": 112114528
        },
        "frame_id": "atracsys"
    },
    "pose": {
        "position": {
            "x": 0.22837013244628906,
            "y": -0.00116141414642334,
            "z": 1.0411817626953126
        },
        "orientation": {
            "x": 0.9573049214924367,
            "y": 0.08560817062410271,
            "z": -0.1520200571536431,
            "w": 0.23049605339735643
        }
    }
}