{
    "header": {
        "seq": 26958,
        "stamp": {
            "secs": 1681248029,
            "nsecs": 774631235
        },
        "frame_id": "atracsys"
    },
    "pose": {
        "position": {
            "x": 0.24866156005859374,
            "y": 0.014581544876098633,
            "z": 1.077023193359375
        },
        "orientation": {
            "x": 0.9518813949267588,
            "y": 0.154785945191097,
            "z": -0.1253442545311139,
            "w": 0.2329204564215557
        }
    }
}