{
    "header": {
        "seq": 22194,
        "stamp": {
            "secs": 1681247981,
            "nsecs": 837490568
        },
        "frame_id": "atracsys"
    },
    "pose": {
        "position": {
            "x": 0.2167080078125,
            "y": -0.006277422428131104,
            "z": 1.0375592041015624
        },
        "orientation": {
            "x": 0.9637144848087197,
            "y": 0.07569209503945082,
            "z": -0.15987068121980397,
            "w": 0.19991614193135687
        }
    }
}