{
    "header": {
        "seq": 30436,
        "stamp": {
            "secs": 1681248064,
            "nsecs": 756829404
        },
        "frame_id": "atracsys"
    },
    "pose": {
        "position": {
            "x": 0.22008474731445313,
            "y": 0.007176737308502198,
            "z": 1.0651646728515625
        },
        "orientation": {
            "x": 0.97174439387118,
            "y": 0.1783812850084653,
            "z": -0.12608258825720828,
            "w": 0.08942108854752917
        }
    }
}