{
    "header": {
        "seq": 14380,
        "stamp": {
            "secs": 1681247903,
            "nsecs": 192667779
        },
        "frame_id": "atracsys"
    },
    "pose": {
        "position": {
            "x": 0.15024517822265626,
            "y": -0.009608061790466308,
            "z": 1.0572191162109374
        },
        "orientation": {
            "x": 0.9713317600551383,
            "y": 0.04214834411745291,
            "z": -0.21368280787176686,
            "w": 0.09527741923657215
        }
    }
}