{
    "header": {
        "seq": 5257,
        "stamp": {
            "secs": 1681247797,
            "nsecs": 357006870
        },
        "frame_id": "atracsys"
    },
    "pose": {
        "position": {
            "x": 0.2245462341308594,
            "y": -0.021333900451660157,
            "z": 0.9852042846679687
        },
        "orientation": {
            "x": 0.9544397031278994,
            "y": 0.14201226029092257,
            "z": -0.2622085761724817,
            "w": 0.01113703738839682
        }
    }
}