{
    "header": {
        "seq": 22776,
        "stamp": {
            "secs": 1681247987,
            "nsecs": 697175760
        },
        "frame_id": "atracsys"
    },
    "pose": {
        "position": {
            "x": 0.22630816650390626,
            "y": -0.002412877082824707,
            "z": 1.03975048828125
        },
        "orientation": {
            "x": 0.9628590988524065,
            "y": 0.07880849111641405,
            "z": -0.1578793963469257,
            "w": 0.20436651803614073
        }
    }
}