{
    "header": {
        "seq": 11819,
        "stamp": {
            "secs": 1681247877,
            "nsecs": 431659226
        },
        "frame_id": "atracsys"
    },
    "pose": {
        "position": {
            "x": 0.1559608917236328,
            "y": 0.02188248062133789,
            "z": 1.10102783203125
        },
        "orientation": {
            "x": 0.9262235051484989,
            "y": 0.0010791826174100132,
            "z": -0.3369895909195652,
            "w": 0.16895818857685158
        }
    }
}