{
    "header": {
        "seq": 20739,
        "stamp": {
            "secs": 1681247967,
            "nsecs": 198763839
        },
        "frame_id": "atracsys"
    },
    "pose": {
        "position": {
            "x": 0.18392376708984376,
            "y": -0.008161712646484375,
            "z": 1.030691162109375
        },
        "orientation": {
            "x": 0.9691687638975908,
            "y": 0.02398710365204836,
            "z": -0.176148164313977,
            "w": 0.1706116940670195
        }
    }
}