{
    "header": {
        "seq": 14579,
        "stamp": {
            "secs": 1681247905,
            "nsecs": 198624430
        },
        "frame_id": "atracsys"
    },
    "pose": {
        "position": {
            "x": 0.14663589477539063,
            "y": -0.009592597007751466,
            "z": 1.0564813232421875
        },
        "orientation": {
            "x": 0.9675008595116147,
            "y": 0.035862951856606845,
            "z": -0.2279310134329135,
            "w": 0.10345718265960403
        }
    }
}