{
    "header": {
        "seq": 17140,
        "stamp": {
            "secs": 1681247930,
            "nsecs": 971770749
        },
        "frame_id": "atracsys"
    },
    "pose": {
        "position": {
            "x": 0.15908508300781252,
            "y": -0.013526972770690919,
            "z": 1.0496177978515626
        },
        "orientation": {
            "x": 0.9639367770418282,
            "y": 0.06257889313662672,
            "z": -0.2463947256007452,
            "w": 0.07873633974310014
        }
    }
}