{
    "header": {
        "seq": 5155,
        "stamp": {
            "secs": 1681247796,
            "nsecs": 330045212
        },
        "frame_id": "atracsys"
    },
    "pose": {
        "position": {
            "x": 0.22232437133789062,
            "y": -0.021794809341430663,
            "z": 0.9834120483398437
        },
        "orientation": {
            "x": 0.9522995916361077,
            "y": 0.14411614307216525,
            "z": -0.26896566940394484,
            "w": 0.0036733850592675305
        }
    }
}