{
    "header": {
        "seq": 21852,
        "stamp": {
            "secs": 1681247978,
            "nsecs": 398567816
        },
        "frame_id": "atracsys"
    },
    "pose": {
        "position": {
            "x": 0.20938807678222657,
            "y": -0.007331436634063721,
            "z": 1.034565673828125
        },
        "orientation": {
            "x": 0.9737065697631642,
            "y": 0.057762904798487516,
            "z": -0.1424439320998649,
            "w": 0.16813295048033403
        }
    }
}