{
    "header": {
        "seq": 14839,
        "stamp": {
            "secs": 1681247907,
            "nsecs": 813589204
        },
        "frame_id": "atracsys"
    },
    "pose": {
        "position": {
            "x": 0.15233245849609375,
            "y": -0.0051073751449584965,
            "z": 1.054759765625
        },
        "orientation": {
            "x": 0.9756317693166998,
            "y": 0.05912036534488309,
            "z": -0.20351811482804044,
            "w": 0.05681381907858368
        }
    }
}