{
    "header": {
        "seq": 27619,
        "stamp": {
            "secs": 1681248036,
            "nsecs": 422368978
        },
        "frame_id": "atracsys"
    },
    "pose": {
        "position": {
            "x": 0.23157391357421875,
            "y": 0.009182443618774414,
            "z": 1.0671934814453126
        },
        "orientation": {
            "x": 0.971357811916135,
            "y": 0.1285281203488885,
            "z": -0.13451908759420078,
            "w": 0.1478145411720504
        }
    }
}