{
    "header": {
        "seq": 13396,
        "stamp": {
            "secs": 1681247893,
            "nsecs": 294180713
        },
        "frame_id": "atracsys"
    },
    "pose": {
        "position": {
            "x": 0.12736186981201172,
            "y": -0.008586627960205078,
            "z": 1.02653857421875
        },
        "orientation": {
            "x": 0.9697612030688955,
            "y": 0.01394288182773124,
            "z": -0.2426177220324857,
            "w": -0.022482126778266293
        }
    }
}