{
    "header": {
        "seq": 12624,
        "stamp": {
            "secs": 1681247885,
            "nsecs": 530093482
        },
        "frame_id": "atracsys"
    },
    "pose": {
        "position": {
            "x": 0.14189418029785156,
            "y": 0.015998658180236817,
            "z": 1.106305419921875
        },
        "orientation": {
            "x": 0.9035001401436106,
            "y": -0.028013096243331835,
            "z": -0.37178513295925875,
            "w": 0.21137307801563632
        }
    }
}