{
    "header": {
        "seq": 15078,
        "stamp": {
            "secs": 1681247910,
            "nsecs": 216574723
        },
        "frame_id": "atracsys"
    },
    "pose": {
        "position": {
            "x": 0.1413775634765625,
            "y": -0.007060011863708496,
            "z": 1.0605244140625
        },
        "orientation": {
            "x": 0.9663570615355798,
            "y": 0.034727341700460185,
            "z": -0.23537039865164444,
            "w": 0.09771804744930826
        }
    }
}