{
    "header": {
        "seq": 12274,
        "stamp": {
            "secs": 1681247882,
            "nsecs": 7604369
        },
        "frame_id": "atracsys"
    },
    "pose": {
        "position": {
            "x": 0.15090110778808594,
            "y": 0.017613563537597656,
            "z": 1.1081480712890626
        },
        "orientation": {
            "x": 0.911123596123868,
            "y": -0.009824473974502932,
            "z": -0.3549244461800623,
            "w": 0.209250829869827
        }
    }
}