{
    "header": {
        "seq": 19042,
        "stamp": {
            "secs": 1681247950,
            "nsecs": 112134401
        },
        "frame_id": "atracsys"
    },
    "pose": {
        "position": {
            "x": 0.16012916564941407,
            "y": -0.009214200973510743,
            "z": 1.0184315185546875
        },
        "orientation": {
            "x": 0.9754102213485376,
            "y": 0.017644976755256794,
            "z": -0.20305926687379705,
            "w": 0.0838480114300832
        }
    }
}