{
    "header": {
        "seq": 25927,
        "stamp": {
            "secs": 1681248019,
            "nsecs": 398540742
        },
        "frame_id": "atracsys"
    },
    "pose": {
        "position": {
            "x": 0.25124525451660157,
            "y": 0.017217649459838866,
            "z": 1.07226220703125
        },
        "orientation": {
            "x": 0.9508400155779255,
            "y": 0.12398142310147399,
            "z": -0.15160940000950035,
            "w": 0.23988843517406844
        }
    }
}