{
    "header": {
        "seq": 17100,
        "stamp": {
            "secs": 1681247930,
            "nsecs": 568861287
        },
        "frame_id": "atracsys"
    },
    "pose": {
        "position": {
            "x": 0.1576782989501953,
            "y": -0.01316105079650879,
            "z": 1.05036474609375
        },
        "orientation": {
            "x": 0.9652813865854423,
            "y": 0.06075834989649809,
            "z": -0.24237925178159614,
            "w": 0.07610890838354203
        }
    }
}