{
    "header": {
        "seq": 30460,
        "stamp": {
            "secs": 1681248064,
            "nsecs": 998641066
        },
        "frame_id": "atracsys"
    },
    "pose": {
        "position": {
            "x": 0.21681236267089843,
            "y": 0.006637385368347168,
            "z": 1.0634840087890625
        },
        "orientation": {
            "x": 0.9703797029949218,
            "y": 0.18402729271435592,
            "z": -0.13336765586482763,
            "w": 0.08191615177016762
        }
    }
}