{
    "header": {
        "seq": 8030,
        "stamp": {
            "secs": 1681247825,
            "nsecs": 246611810
        },
        "frame_id": "atracsys"
    },
    "pose": {
        "position": {
            "x": 0.27832586669921877,
            "y": 0.009574604988098145,
            "z": 0.9961203002929687
        },
        "orientation": {
            "x": 0.9565375652026684,
            "y": 0.20370246493454824,
            "z": -0.2077773791365145,
            "w": -0.019228958757595973
        }
    }
}