{
    "header": {
        "seq": 30322,
        "stamp": {
            "secs": 1681248063,
            "nsecs": 610537825
        },
        "frame_id": "atracsys"
    },
    "pose": {
        "position": {
            "x": 0.22832321166992187,
            "y": 0.012240425109863281,
            "z": 1.07075732421875
        },
        "orientation": {
            "x": 0.971430692084387,
            "y": 0.15180960359672716,
            "z": -0.12946167039077985,
            "w": 0.12851432072684535
        }
    }
}