{
    "header": {
        "seq": 17558,
        "stamp": {
            "secs": 1681247935,
            "nsecs": 174830746
        },
        "frame_id": "atracsys"
    },
    "pose": {
        "position": {
            "x": 0.16309950256347658,
            "y": -0.009853520393371583,
            "z": 1.04646240234375
        },
        "orientation": {
            "x": 0.9530949404287635,
            "y": 0.043332200408231485,
            "z": -0.2797568155670686,
            "w": 0.1070909850577806
        }
    }
}