{
    "header": {
        "seq": 24185,
        "stamp": {
            "secs": 1681248001,
            "nsecs": 876274539
        },
        "frame_id": "atracsys"
    },
    "pose": {
        "position": {
            "x": 0.2421706085205078,
            "y": 0.0010956754684448243,
            "z": 1.0435262451171876
        },
        "orientation": {
            "x": 0.9575164664909124,
            "y": 0.09479384645069958,
            "z": -0.188070901408079,
            "w": 0.19699157118362018
        }
    }
}