{
    "header": {
        "seq": 15486,
        "stamp": {
            "secs": 1681247914,
            "nsecs": 321024132
        },
        "frame_id": "atracsys"
    },
    "pose": {
        "position": {
            "x": 0.1642792510986328,
            "y": -0.011348932266235352,
            "z": 1.0358865966796875
        },
        "orientation": {
            "x": 0.9538538081654104,
            "y": 0.03403272426909881,
            "z": -0.28621119615074686,
            "w": 0.08418929578709278
        }
    }
}