{
    "header": {
        "seq": 4377,
        "stamp": {
            "secs": 1681247788,
            "nsecs": 503170374
        },
        "frame_id": "atracsys"
    },
    "pose": {
        "position": {
            "x": 0.19137158203125001,
            "y": -0.000952292561531067,
            "z": 1.0440313720703125
        },
        "orientation": {
            "x": 0.9433345976207042,
            "y": 0.004468458725339284,
            "z": -0.26118750452236134,
            "w": 0.20464837475481104
        }
    }
}