{
    "header": {
        "seq": 4188,
        "stamp": {
            "secs": 1681247786,
            "nsecs": 604694966
        },
        "frame_id": "atracsys"
    },
    "pose": {
        "position": {
            "x": 0.18837469482421876,
            "y": -0.0006305786967277527,
            "z": 1.042103515625
        },
        "orientation": {
            "x": 0.9420272358232042,
            "y": -0.004196016773287259,
            "z": -0.2696492777118217,
            "w": 0.19964054558136352
        }
    }
}