{
    "header": {
        "seq": 8433,
        "stamp": {
            "secs": 1681247843,
            "nsecs": 344956679
        },
        "frame_id": "atracsys"
    },
    "pose": {
        "position": {
            "x": 0.2672955322265625,
            "y": 0.019657081604003906,
            "z": 1.063198974609375
        },
        "orientation": {
            "x": 0.9436549065598361,
            "y": 0.24138440540075132,
            "z": -0.19686150947095404,
            "w": 0.11177894365080773
        }
    }
}