{
    "header": {
        "seq": 8394,
        "stamp": {
            "secs": 1681247842,
            "nsecs": 950906640
        },
        "frame_id": "atracsys"
    },
    "pose": {
        "position": {
            "x": 0.26823007202148436,
            "y": 0.02000916862487793,
            "z": 1.063477294921875
        },
        "orientation": {
            "x": 0.9438932015586844,
            "y": 0.23955711939791252,
            "z": -0.19823695486932832,
            "w": 0.11126598905868366
        }
    }
}