{
    "header": {
        "seq": 13156,
        "stamp": {
            "secs": 1681247890,
            "nsecs": 876350297
        },
        "frame_id": "atracsys"
    },
    "pose": {
        "position": {
            "x": 0.13295152282714845,
            "y": -0.010712457656860352,
            "z": 1.0243173828125
        },
        "orientation": {
            "x": 0.9732463876465796,
            "y": 0.008817069206911882,
            "z": -0.22929195608814973,
            "w": -0.011786733930762
        }
    }
}