{
    "header": {
        "seq": 12252,
        "stamp": {
            "secs": 1681247881,
            "nsecs": 786716263
        },
        "frame_id": "atracsys"
    },
    "pose": {
        "position": {
            "x": 0.15071649169921875,
            "y": 0.017596609115600587,
            "z": 1.1079189453125
        },
        "orientation": {
            "x": 0.9115068353338358,
            "y": -0.01003467171445481,
            "z": -0.3544241548987056,
            "w": 0.20841812043969918
        }
    }
}