{
    "header": {
        "seq": 13913,
        "stamp": {
            "secs": 1681247898,
            "nsecs": 494208168
        },
        "frame_id": "atracsys"
    },
    "pose": {
        "position": {
            "x": 0.14880239868164064,
            "y": -0.010609543800354004,
            "z": 1.0516953125
        },
        "orientation": {
            "x": 0.9736012560931806,
            "y": 0.03485959735315415,
            "z": -0.2118912859428084,
            "w": 0.07737884431587183
        }
    }
}