{
    "header": {
        "seq": 12475,
        "stamp": {
            "secs": 1681247884,
            "nsecs": 31606957
        },
        "frame_id": "atracsys"
    },
    "pose": {
        "position": {
            "x": 0.14523495483398438,
            "y": 0.01698495864868164,
            "z": 1.1084007568359375
        },
        "orientation": {
            "x": 0.9045861642500764,
            "y": -0.018280278074361757,
            "z": -0.3680830862479257,
            "w": 0.21425345854632077
        }
    }
}