{
    "header": {
        "seq": 23450,
        "stamp": {
            "secs": 1681247994,
            "nsecs": 479147198
        },
        "frame_id": "atracsys"
    },
    "pose": {
        "position": {
            "x": 0.26254360961914064,
            "y": 0.01131583595275879,
            "z": 1.0385040283203124
        },
        "orientation": {
            "x": 0.971007759144427,
            "y": 0.13828286713854895,
            "z": -0.10762271092337214,
            "w": 0.16260114523202196
        }
    }
}