{
    "header": {
        "seq": 22033,
        "stamp": {
            "secs": 1681247980,
            "nsecs": 219494286
        },
        "frame_id": "atracsys"
    },
    "pose": {
        "position": {
            "x": 0.21352612304687502,
            "y": -0.008015915870666504,
            "z": 1.030587158203125
        },
        "orientation": {
            "x": 0.9787338579422086,
            "y": 0.06985093004914589,
            "z": -0.14447609584710375,
            "w": 0.12777926521000318
        }
    }
}