{
    "header": {
        "seq": 25869,
        "stamp": {
            "secs": 1681248018,
            "nsecs": 816423252
        },
        "frame_id": "atracsys"
    },
    "pose": {
        "position": {
            "x": 0.2579861755371094,
            "y": 0.020256736755371093,
            "z": 1.069183349609375
        },
        "orientation": {
            "x": 0.9562174083741775,
            "y": 0.14885023246282703,
            "z": -0.13715889325072006,
            "w": 0.21137481926703483
        }
    }
}