{
    "header": {
        "seq": 13516,
        "stamp": {
            "secs": 1681247894,
            "nsecs": 503218242
        },
        "frame_id": "atracsys"
    },
    "pose": {
        "position": {
            "x": 0.12565262603759766,
            "y": -0.007913070678710938,
            "z": 1.027671142578125
        },
        "orientation": {
            "x": 0.9683339858291196,
            "y": 0.018994286753510062,
            "z": -0.24723248793311728,
            "w": -0.02906210366468871
        }
    }
}