{
    "header": {
        "seq": 29213,
        "stamp": {
            "secs": 1681248052,
            "nsecs": 455317993
        },
        "frame_id": "atracsys"
    },
    "pose": {
        "position": {
            "x": 0.1899778289794922,
            "y": -0.002848280429840088,
            "z": 1.0675848388671876
        },
        "orientation": {
            "x": 0.9758919750329257,
            "y": 0.07370634132001931,
            "z": -0.15099764460260592,
            "w": 0.1392908454996875
        }
    }
}