{
    "header": {
        "seq": 14525,
        "stamp": {
            "secs": 1681247904,
            "nsecs": 655368425
        },
        "frame_id": "atracsys"
    },
    "pose": {
        "position": {
            "x": 0.14619807434082033,
            "y": -0.009440981864929199,
            "z": 1.0549833984375
        },
        "orientation": {
            "x": 0.9658201289991645,
            "y": 0.0329793995280111,
            "z": -0.23531430960321775,
            "w": 0.1035906044135763
        }
    }
}