{
    "header": {
        "seq": 29310,
        "stamp": {
            "secs": 1681248053,
            "nsecs": 434440268
        },
        "frame_id": "atracsys"
    },
    "pose": {
        "position": {
            "x": 0.18766706848144532,
            "y": -0.0031178631782531737,
            "z": 1.065241455078125
        },
        "orientation": {
            "x": 0.9773105292458598,
            "y": 0.07384311506012488,
            "z": -0.15618465672897988,
            "w": 0.1225466310668933
        }
    }
}