{
    "header": {
        "seq": 26787,
        "stamp": {
            "secs": 1681248028,
            "nsecs": 55245011
        },
        "frame_id": "atracsys"
    },
    "pose": {
        "position": {
            "x": 0.25727569580078125,
            "y": 0.02048352813720703,
            "z": 1.0752342529296874
        },
        "orientation": {
            "x": 0.9547211868698494,
            "y": 0.1729291225902077,
            "z": -0.10959198988886419,
            "w": 0.21585312055702693
        }
    }
}