{
    "header": {
        "seq": 17994,
        "stamp": {
            "secs": 1681247939,
            "nsecs": 565793587
        },
        "frame_id": "atracsys"
    },
    "pose": {
        "position": {
            "x": 0.16414378356933593,
            "y": -0.007331485271453857,
            "z": 1.0485201416015626
        },
        "orientation": {
            "x": 0.9503319329461234,
            "y": 0.024595957343780755,
            "z": -0.28042942626732315,
            "w": 0.13275388125628465
        }
    }
}