{
    "header": {
        "seq": 7784,
        "stamp": {
            "secs": 1681247822,
            "nsecs": 771830405
        },
        "frame_id": "atracsys"
    },
    "pose": {
        "position": {
            "x": 0.2750883178710938,
            "y": 0.005429884433746338,
            "z": 1.000297607421875
        },
        "orientation": {
            "x": 0.969594018571543,
            "y": 0.18341575319817846,
            "z": -0.15885670224703805,
            "w": 0.03179070273251851
        }
    }
}