{
    "header": {
        "seq": 29553,
        "stamp": {
            "secs": 1681248055,
            "nsecs": 879246295
        },
        "frame_id": "atracsys"
    },
    "pose": {
        "position": {
            "x": 0.19538371276855468,
            "y": 0.0017745577096939086,
            "z": 1.066100341796875
        },
        "orientation": {
            "x": 0.9786017595829882,
            "y": 0.07084670946743679,
            "z": -0.1449811853684208,
            "w": 0.12767065358916138
        }
    }
}