{
    "header": {
        "seq": 18360,
        "stamp": {
            "secs": 1681247943,
            "nsecs": 249473255
        },
        "frame_id": "atracsys"
    },
    "pose": {
        "position": {
            "x": 0.15268516540527344,
            "y": -0.00936545467376709,
            "z": 1.0063607177734375
        },
        "orientation": {
            "x": 0.9679200381547184,
            "y": 0.020358130203611532,
            "z": -0.2472736609861783,
            "w": 0.03964950006840008
        }
    }
}