{
    "header": {
        "seq": 10643,
        "stamp": {
            "secs": 1681247865,
            "nsecs": 589829623
        },
        "frame_id": "atracsys"
    },
    "pose": {
        "position": {
            "x": 0.17939222717285155,
            "y": 0.02185021209716797,
            "z": 1.1047235107421876
        },
        "orientation": {
            "x": 0.9285748500933102,
            "y": 0.047479794873949384,
            "z": -0.3204422157541012,
            "w": 0.18113862982676063
        }
    }
}