{
    "header": {
        "seq": 17974,
        "stamp": {
            "secs": 1681247939,
            "nsecs": 362791528
        },
        "frame_id": "atracsys"
    },
    "pose": {
        "position": {
            "x": 0.16355792236328126,
            "y": -0.007305986881256103,
            "z": 1.0482232666015625
        },
        "orientation": {
            "x": 0.9501222864338563,
            "y": 0.024602008989661465,
            "z": -0.28196449488558517,
            "w": 0.13099009733293085
        }
    }
}