{
    "header": {
        "seq": 5342,
        "stamp": {
            "secs": 1681247798,
            "nsecs": 213644246
        },
        "frame_id": "atracsys"
    },
    "pose": {
        "position": {
            "x": 0.22639016723632813,
            "y": -0.020918081283569336,
            "z": 0.9866917724609375
        },
        "orientation": {
            "x": 0.9529765077598665,
            "y": 0.13976691531732352,
            "z": -0.2684238421265327,
            "w": 0.015799557541892866
        }
    }
}