{
    "header": {
        "seq": 7515,
        "stamp": {
            "secs": 1681247820,
            "nsecs": 67477247
        },
        "frame_id": "atracsys"
    },
    "pose": {
        "position": {
            "x": 0.27138308715820314,
            "y": 0.0013998101949691773,
            "z": 1.0014315795898439
        },
        "orientation": {
            "x": 0.9681391801763113,
            "y": 0.17280378375745845,
            "z": -0.17312458210377296,
            "w": 0.053602790953827105
        }
    }
}