{
    "header": {
        "seq": 16751,
        "stamp": {
            "secs": 1681247927,
            "nsecs": 55359458
        },
        "frame_id": "atracsys"
    },
    "pose": {
        "position": {
            "x": 0.16772549438476564,
            "y": -0.011780227661132812,
            "z": 1.04873681640625
        },
        "orientation": {
            "x": 0.9744212865921722,
            "y": 0.0626120076078928,
            "z": -0.20551957900784507,
            "w": 0.06591354476739272
        }
    }
}