{
    "header": {
        "seq": 26915,
        "stamp": {
            "secs": 1681248029,
            "nsecs": 341788134
        },
        "frame_id": "atracsys"
    },
    "pose": {
        "position": {
            "x": 0.2512236175537109,
            "y": 0.015417598724365234,
            "z": 1.0735242919921875
        },
        "orientation": {
            "x": 0.9587289624591812,
            "y": 0.1659277470502816,
            "z": -0.10833370163409589,
            "w": 0.20388861761024027
        }
    }
}