{
    "header": {
        "seq": 8008,
        "stamp": {
            "secs": 1681247825,
            "nsecs": 25687806
        },
        "frame_id": "atracsys"
    },
    "pose": {
        "position": {
            "x": 0.27759146118164063,
            "y": 0.009282052993774414,
            "z": 0.9966423339843751
        },
        "orientation": {
            "x": 0.9589051786381106,
            "y": 0.19916566260085874,
            "z": -0.20166812420119776,
            "w": -0.012800972734302555
        }
    }
}