{
    "header": {
        "seq": 7306,
        "stamp": {
            "secs": 1681247817,
            "nsecs": 965843049
        },
        "frame_id": "atracsys"
    },
    "pose": {
        "position": {
            "x": 0.2684990234375,
            "y": -0.0012896521091461182,
            "z": 1.0025556640625
        },
        "orientation": {
            "x": 0.964734035574437,
            "y": 0.16550339842170805,
            "z": -0.19419039620202766,
            "w": 0.06470669005617302
        }
    }
}