{
    "header": {
        "seq": 20390,
        "stamp": {
            "secs": 1681247963,
            "nsecs": 679213062
        },
        "frame_id": "atracsys"
    },
    "pose": {
        "position": {
            "x": 0.1843756103515625,
            "y": -0.011975051879882813,
            "z": 1.020759765625
        },
        "orientation": {
            "x": 0.9904406352972899,
            "y": 0.04147300352302777,
            "z": -0.11366606515326134,
            "w": 0.06623717659482761
        }
    }
}