{
    "header": {
        "seq": 7851,
        "stamp": {
            "secs": 1681247823,
            "nsecs": 446621430
        },
        "frame_id": "atracsys"
    },
    "pose": {
        "position": {
            "x": 0.2752469787597656,
            "y": 0.00618779182434082,
            "z": 1.0003987426757812
        },
        "orientation": {
            "x": 0.9689159694869237,
            "y": 0.18410511769081384,
            "z": -0.16299821458707572,
            "w": 0.02717962020874826
        }
    }
}