{
    "header": {
        "seq": 26590,
        "stamp": {
            "secs": 1681248026,
            "nsecs": 73126448
        },
        "frame_id": "atracsys"
    },
    "pose": {
        "position": {
            "x": 0.2521243591308594,
            "y": 0.016342428207397463,
            "z": 1.0722666015625
        },
        "orientation": {
            "x": 0.957086313980844,
            "y": 0.15357635692196717,
            "z": -0.11901620712042751,
            "w": 0.2150237954920466
        }
    }
}