{
    "header": {
        "seq": 26367,
        "stamp": {
            "secs": 1681248023,
            "nsecs": 828347371
        },
        "frame_id": "atracsys"
    },
    "pose": {
        "position": {
            "x": 0.25121675109863284,
            "y": 0.017273488998413085,
            "z": 1.0722332763671876
        },
        "orientation": {
            "x": 0.9570040410293077,
            "y": 0.14540053390841048,
            "z": -0.11145876319263276,
            "w": 0.22489751955122314
        }
    }
}