{
    "header": {
        "seq": 15660,
        "stamp": {
            "secs": 1681247916,
            "nsecs": 73369798
        },
        "frame_id": "atracsys"
    },
    "pose": {
        "position": {
            "x": 0.1705441131591797,
            "y": -0.013086819648742675,
            "z": 1.0415308837890624
        },
        "orientation": {
            "x": 0.9583278822518349,
            "y": 0.039133801275657826,
            "z": -0.26531435168497625,
            "w": 0.09840991050911092
        }
    }
}