{
    "header": {
        "seq": 26431,
        "stamp": {
            "secs": 1681248024,
            "nsecs": 473129966
        },
        "frame_id": "atracsys"
    },
    "pose": {
        "position": {
            "x": 0.2599200439453125,
            "y": 0.022352272033691407,
            "z": 1.0720733642578126
        },
        "orientation": {
            "x": 0.9564966327558825,
            "y": 0.17197624737049882,
            "z": -0.09979344583402053,
            "w": 0.2134938641638018
        }
    }
}