{
    "header": {
        "seq": 19221,
        "stamp": {
            "secs": 1681247951,
            "nsecs": 915096001
        },
        "frame_id": "atracsys"
    },
    "pose": {
        "position": {
            "x": 0.16247364807128906,
            "y": -0.012202995300292969,
            "z": 1.0169774780273437
        },
        "orientation": {
            "x": 0.9822775848774635,
            "y": 0.026780187532685962,
            "z": -0.17575418230202736,
            "w": 0.05936358485096166
        }
    }
}