{
    "header": {
        "seq": 22349,
        "stamp": {
            "secs": 1681247983,
            "nsecs": 398680133
        },
        "frame_id": "atracsys"
    },
    "pose": {
        "position": {
            "x": 0.2184052734375,
            "y": -0.006729500770568848,
            "z": 1.03627001953125
        },
        "orientation": {
            "x": 0.9715879876723,
            "y": 0.07967109081891821,
            "z": -0.14637834098765945,
            "w": 0.16805558838763662
        }
    }
}