{
    "header": {
        "seq": 16636,
        "stamp": {
            "secs": 1681247925,
            "nsecs": 900250888
        },
        "frame_id": "atracsys"
    },
    "pose": {
        "position": {
            "x": 0.1701453094482422,
            "y": -0.011662094116210938,
            "z": 1.046529541015625
        },
        "orientation": {
            "x": 0.9749043889043838,
            "y": 0.05836276404551872,
            "z": -0.20580901475575175,
            "w": 0.06162685869979051
        }
    }
}