{
    "header": {
        "seq": 26118,
        "stamp": {
            "secs": 1681248021,
            "nsecs": 321019128
        },
        "frame_id": "atracsys"
    },
    "pose": {
        "position": {
            "x": 0.2643185729980469,
            "y": 0.023684877395629883,
            "z": 1.066718017578125
        },
        "orientation": {
            "x": 0.9584656995917559,
            "y": 0.18135310833535956,
            "z": -0.11983079430726873,
            "w": 0.18464867597380352
        }
    }
}