{
    "header": {
        "seq": 30100,
        "stamp": {
            "secs": 1681248061,
            "nsecs": 377683962
        },
        "frame_id": "atracsys"
    },
    "pose": {
        "position": {
            "x": 0.22162692260742187,
            "y": 0.008346481323242188,
            "z": 1.0615650634765625
        },
        "orientation": {
            "x": 0.9692036341174975,
            "y": 0.19673314943758036,
            "z": -0.13082354051111306,
            "w": 0.06946642911467264
        }
    }
}