{
    "header": {
        "seq": 26765,
        "stamp": {
            "secs": 1681248027,
            "nsecs": 834334382
        },
        "frame_id": "atracsys"
    },
    "pose": {
        "position": {
            "x": 0.2536101226806641,
            "y": 0.018211381912231445,
            "z": 1.075464599609375
        },
        "orientation": {
            "x": 0.9553121673296252,
            "y": 0.16167529584046264,
            "z": -0.11298768656583262,
            "w": 0.22016708280615963
        }
    }
}