{
    "header": {
        "seq": 25948,
        "stamp": {
            "secs": 1681248019,
            "nsecs": 610475937
        },
        "frame_id": "atracsys"
    },
    "pose": {
        "position": {
            "x": 0.2500008087158203,
            "y": 0.01681016731262207,
            "z": 1.0736033935546876
        },
        "orientation": {
            "x": 0.9483694949599197,
            "y": 0.12283168322689583,
            "z": -0.14875098875578957,
            "w": 0.25175548051490204
        }
    }
}