{
    "header": {
        "seq": 28098,
        "stamp": {
            "secs": 1681248041,
            "nsecs": 240392692
        },
        "frame_id": "atracsys"
    },
    "pose": {
        "position": {
            "x": 0.21585739135742188,
            "y": 0.003932111263275147,
            "z": 1.0741834716796874
        },
        "orientation": {
            "x": 0.9640655255777758,
            "y": 0.09933014170652796,
            "z": -0.15452316947915512,
            "w": 0.19192127405559847
        }
    }
}