{
    "header": {
        "seq": 19550,
        "stamp": {
            "secs": 1681247955,
            "nsecs": 222504817
        },
        "frame_id": "atracsys"
    },
    "pose": {
        "position": {
            "x": 0.16534901428222656,
            "y": -0.010094892501831055,
            "z": 1.0216058959960939
        },
        "orientation": {
            "x": 0.9778848788175508,
            "y": 0.009311166919598513,
            "z": -0.187132572426854,
            "w": 0.09292936181577716
        }
    }
}