{
    "header": {
        "seq": 16178,
        "stamp": {
            "secs": 1681247921,
            "nsecs": 285225073
        },
        "frame_id": "atracsys"
    },
    "pose": {
        "position": {
            "x": 0.18047642517089843,
            "y": -0.007872243881225587,
            "z": 1.042693115234375
        },
        "orientation": {
            "x": 0.9763367572849976,
            "y": 0.04064831698877455,
            "z": -0.2003776788708831,
            "w": 0.07044882192423858
        }
    }
}