{
    "header": {
        "seq": 28485,
        "stamp": {
            "secs": 1681248045,
            "nsecs": 135799717
        },
        "frame_id": "atracsys"
    },
    "pose": {
        "position": {
            "x": 0.22785191345214845,
            "y": 0.007527622222900391,
            "z": 1.0746190185546876
        },
        "orientation": {
            "x": 0.9648861327757484,
            "y": 0.13293895994895863,
            "z": -0.147463156453947,
            "w": 0.17197849049630823
        }
    }
}