{
    "header": {
        "seq": 25503,
        "stamp": {
            "secs": 1681248015,
            "nsecs": 135909072
        },
        "frame_id": "atracsys"
    },
    "pose": {
        "position": {
            "x": 0.2641118469238281,
            "y": 0.02420966911315918,
            "z": 1.06826708984375
        },
        "orientation": {
            "x": 0.9545040525443804,
            "y": 0.15407543155752063,
            "z": -0.13023211775974702,
            "w": 0.219595925669239
        }
    }
}