{
    "header": {
        "seq": 16429,
        "stamp": {
            "secs": 1681247923,
            "nsecs": 813659167
        },
        "frame_id": "atracsys"
    },
    "pose": {
        "position": {
            "x": 0.17678802490234374,
            "y": -0.010102567672729492,
            "z": 1.0457900390625001
        },
        "orientation": {
            "x": 0.976564630427693,
            "y": 0.049891437595203626,
            "z": -0.19684944770266186,
            "w": 0.07129279059950075
        }
    }
}