{
    "header": {
        "seq": 12172,
        "stamp": {
            "secs": 1681247880,
            "nsecs": 980788277
        },
        "frame_id": "atracsys"
    },
    "pose": {
        "position": {
            "x": 0.15375448608398437,
            "y": 0.01769103240966797,
            "z": 1.1085876464843751
        },
        "orientation": {
            "x": 0.9142199310433017,
            "y": -0.01059421017789459,
            "z": -0.3466292127692679,
            "w": 0.20961361894887695
        }
    }
}