{
    "header": {
        "seq": 31785,
        "stamp": {
            "secs": 1681248078,
            "nsecs": 323922615
        },
        "frame_id": "atracsys"
    },
    "pose": {
        "position": {
            "x": 0.1819649658203125,
            "y": -0.0023707394599914553,
            "z": 1.0696488037109375
        },
        "orientation": {
            "x": 0.9754792318952317,
            "y": 0.10010383911638476,
            "z": -0.14200736909430622,
            "w": 0.13510513187204773
        }
    }
}