{
    "header": {
        "seq": 15918,
        "stamp": {
            "secs": 1681247918,
            "nsecs": 667413811
        },
        "frame_id": "atracsys"
    },
    "pose": {
        "position": {
            "x": 0.17891409301757813,
            "y": -0.011265933036804199,
            "z": 1.0425042724609375
        },
        "orientation": {
            "x": 0.967358063789456,
            "y": 0.041322923689659945,
            "z": -0.23244698733497357,
            "w": 0.09208251993808635
        }
    }
}