{
    "header": {
        "seq": 26140,
        "stamp": {
            "secs": 1681248021,
            "nsecs": 541798397
        },
        "frame_id": "atracsys"
    },
    "pose": {
        "position": {
            "x": 0.2624681091308594,
            "y": 0.022197050094604494,
            "z": 1.0673843994140626
        },
        "orientation": {
            "x": 0.9586103357064996,
            "y": 0.1780001918791143,
            "z": -0.11734681273938141,
            "w": 0.18871110594657428
        }
    }
}