{
    "header": {
        "seq": 25633,
        "stamp": {
            "secs": 1681248016,
            "nsecs": 443316440
        },
        "frame_id": "atracsys"
    },
    "pose": {
        "position": {
            "x": 0.25424641418457034,
            "y": 0.018776145935058594,
            "z": 1.07282666015625
        },
        "orientation": {
            "x": 0.9462276840170329,
            "y": 0.1238119196642342,
            "z": -0.15470178271804003,
            "w": 0.25571690787407814
        }
    }
}