{
    "header": {
        "seq": 21280,
        "stamp": {
            "secs": 1681247972,
            "nsecs": 640403439
        },
        "frame_id": "atracsys"
    },
    "pose": {
        "position": {
            "x": 0.19543637084960938,
            "y": -0.00597659969329834,
            "z": 1.0349962158203125
        },
        "orientation": {
            "x": 0.9676649953661619,
            "y": 0.03295806487445767,
            "z": -0.15737689405046393,
            "w": 0.19434694729211943
        }
    }
}