{
    "header": {
        "seq": 29352,
        "stamp": {
            "secs": 1681248053,
            "nsecs": 855356549
        },
        "frame_id": "atracsys"
    },
    "pose": {
        "position": {
            "x": 0.18564114379882812,
            "y": -0.0045889649391174315,
            "z": 1.0647882080078126
        },
        "orientation": {
            "x": 0.9744507427857148,
            "y": 0.09078976460274643,
            "z": -0.16890740451279496,
            "w": 0.11693270384497975
        }
    }
}