{
    "header": {
        "seq": 23796,
        "stamp": {
            "secs": 1681247997,
            "nsecs": 959739039
        },
        "frame_id": "atracsys"
    },
    "pose": {
        "position": {
            "x": 0.25662152099609375,
            "y": 0.009152121543884277,
            "z": 1.0422711181640625
        },
        "orientation": {
            "x": 0.9674586562322303,
            "y": 0.12465809919777845,
            "z": -0.11850336398730381,
            "w": 0.18558302591944353
        }
    }
}