{
    "header": {
        "seq": 10408,
        "stamp": {
            "secs": 1681247863,
            "nsecs": 225549463
        },
        "frame_id": "atracsys"
    },
    "pose": {
        "position": {
            "x": 0.19103720092773438,
            "y": 0.02356463623046875,
            "z": 1.1083526611328125
        },
        "orientation": {
            "x": 0.9313703662365088,
            "y": 0.06670016449574208,
            "z": -0.30555611222631335,
            "w": 0.1863754040474581
        }
    }
}