{
    "header": {
        "seq": 7603,
        "stamp": {
            "secs": 1681247820,
            "nsecs": 950956621
        },
        "frame_id": "atracsys"
    },
    "pose": {
        "position": {
            "x": 0.2728921508789063,
            "y": 0.0027846705913543704,
            "z": 1.0017809448242188
        },
        "orientation": {
            "x": 0.9685761877340537,
            "y": 0.17631082279148438,
            "z": -0.16822303649557366,
            "w": 0.04975612840008512
        }
    }
}