{
    "header": {
        "seq": 22904,
        "stamp": {
            "secs": 1681247988,
            "nsecs": 986643214
        },
        "frame_id": "atracsys"
    },
    "pose": {
        "position": {
            "x": 0.23348385620117187,
            "y": 0.0008027240633964539,
            "z": 1.043473388671875
        },
        "orientation": {
            "x": 0.9605615795812353,
            "y": 0.09624190403422442,
            "z": -0.10751224219965595,
            "w": 0.2376974242970919
        }
    }
}