{
    "header": {
        "seq": 30774,
        "stamp": {
            "secs": 1681248068,
            "nsecs": 156819948
        },
        "frame_id": "atracsys"
    },
    "pose": {
        "position": {
            "x": 0.21319732666015626,
            "y": 0.005359297752380371,
            "z": 1.063788330078125
        },
        "orientation": {
            "x": 0.968016886322417,
            "y": 0.18401371598305555,
            "z": -0.14702736997666838,
            "w": 0.0864014618076799
        }
    }
}