{
    "header": {
        "seq": 20944,
        "stamp": {
            "secs": 1681247969,
            "nsecs": 258310040
        },
        "frame_id": "atracsys"
    },
    "pose": {
        "position": {
            "x": 0.19389514160156252,
            "y": -0.011306949615478516,
            "z": 1.023207763671875
        },
        "orientation": {
            "x": 0.9865317681784191,
            "y": 0.053426081132466476,
            "z": -0.13236937501400406,
            "w": 0.07986909782882924
        }
    }
}