{
    "header": {
        "seq": 11012,
        "stamp": {
            "secs": 1681247869,
            "nsecs": 306123496
        },
        "frame_id": "atracsys"
    },
    "pose": {
        "position": {
            "x": 0.16155902099609376,
            "y": 0.02246577262878418,
            "z": 1.0999102783203125
        },
        "orientation": {
            "x": 0.9263408356564226,
            "y": 0.02613328460607378,
            "z": -0.34139656506361754,
            "w": 0.15702895590884494
        }
    }
}