{
    "header": {
        "seq": 18660,
        "stamp": {
            "secs": 1681247946,
            "nsecs": 270262660
        },
        "frame_id": "atracsys"
    },
    "pose": {
        "position": {
            "x": 0.15537394714355468,
            "y": -0.011401225090026855,
            "z": 1.010845703125
        },
        "orientation": {
            "x": 0.9746737687187708,
            "y": 0.037780779045312185,
            "z": -0.2180836925965393,
            "w": 0.03198687746147829
        }
    }
}