{
    "header": {
        "seq": 5643,
        "stamp": {
            "secs": 1681247801,
            "nsecs": 240658413
        },
        "frame_id": "atracsys"
    },
    "pose": {
        "position": {
            "x": 0.23628590393066407,
            "y": -0.018299030303955077,
            "z": 0.9910098876953125
        },
        "orientation": {
            "x": 0.9528564572732192,
            "y": 0.14140344590265908,
            "z": -0.266397733533832,
            "w": 0.03319465149118216
        }
    }
}