{
    "header": {
        "seq": 6363,
        "stamp": {
            "secs": 1681247808,
            "nsecs": 479388304
        },
        "frame_id": "atracsys"
    },
    "pose": {
        "position": {
            "x": 0.2521671752929688,
            "y": -0.012881568908691406,
            "z": 0.9966170043945313
        },
        "orientation": {
            "x": 0.9550058196409332,
            "y": 0.1453566134049031,
            "z": -0.2525295228218566,
            "w": 0.05535503134108389
        }
    }
}