{
    "header": {
        "seq": 8477,
        "stamp": {
            "secs": 1681247843,
            "nsecs": 786715464
        },
        "frame_id": "atracsys"
    },
    "pose": {
        "position": {
            "x": 0.26621206665039066,
            "y": 0.0186395263671875,
            "z": 1.0636591796875001
        },
        "orientation": {
            "x": 0.943305728509095,
            "y": 0.24259792061470523,
            "z": -0.19426911063550398,
            "w": 0.11653353220527213
        }
    }
}