{
    "header": {
        "seq": 5937,
        "stamp": {
            "secs": 1681247804,
            "nsecs": 195813922
        },
        "frame_id": "atracsys"
    },
    "pose": {
        "position": {
            "x": 0.24338064575195312,
            "y": -0.015997209548950196,
            "z": 0.9933867797851562
        },
        "orientation": {
            "x": 0.9539914683654481,
            "y": 0.14183130657767873,
            "z": -0.26049173270682296,
            "w": 0.0439114558151031
        }
    }
}