{
    "header": {
        "seq": 9208,
        "stamp": {
            "secs": 1681247851,
            "nsecs": 147934987
        },
        "frame_id": "atracsys"
    },
    "pose": {
        "position": {
            "x": 0.23722656250000002,
            "y": 0.010270735740661622,
            "z": 1.053671630859375
        },
        "orientation": {
            "x": 0.9403781935782283,
            "y": 0.24859743854902358,
            "z": -0.22975861574024659,
            "w": 0.03315335703271117
        }
    }
}