{
    "header": {
        "seq": 21558,
        "stamp": {
            "secs": 1681247975,
            "nsecs": 437442954
        },
        "frame_id": "atracsys"
    },
    "pose": {
        "position": {
            "x": 0.20688844299316406,
            "y": -0.008456967353820802,
            "z": 1.0302818603515624
        },
        "orientation": {
            "x": 0.9803964877098408,
            "y": 0.059144868334690584,
            "z": -0.13948709435144863,
            "w": 0.1259680989190132
        }
    }
}