{
    "header": {
        "seq": 8052,
        "stamp": {
            "secs": 1681247825,
            "nsecs": 467340660
        },
        "frame_id": "atracsys"
    },
    "pose": {
        "position": {
            "x": 0.27817022705078126,
            "y": 0.009587151527404785,
            "z": 0.9964493408203126
        },
        "orientation": {
            "x": 0.9573036024037372,
            "y": 0.20295973655425936,
            "z": -0.20509123433219376,
            "w": -0.017741019213973305
        }
    }
}