{
    "header": {
        "seq": 29492,
        "stamp": {
            "secs": 1681248055,
            "nsecs": 264323311
        },
        "frame_id": "atracsys"
    },
    "pose": {
        "position": {
            "x": 0.192600341796875,
            "y": -0.0016738379001617432,
            "z": 1.06701025390625
        },
        "orientation": {
            "x": 0.9767125402712774,
            "y": 0.08788210030125149,
            "z": -0.14919893109759363,
            "w": 0.1266847626307318
        }
    }
}