{
    "header": {
        "seq": 5562,
        "stamp": {
            "secs": 1681247800,
            "nsecs": 425557575
        },
        "frame_id": "atracsys"
    },
    "pose": {
        "position": {
            "x": 0.23275143432617187,
            "y": -0.019208208084106445,
            "z": 0.9897313842773438
        },
        "orientation": {
            "x": 0.9533946315873723,
            "y": 0.13910701441516604,
            "z": -0.26631199146613466,
            "w": 0.02767378185610383
        }
    }
}