{
    "header": {
        "seq": 10603,
        "stamp": {
            "secs": 1681247865,
            "nsecs": 186811813
        },
        "frame_id": "atracsys"
    },
    "pose": {
        "position": {
            "x": 0.18056088256835937,
            "y": 0.022170045852661132,
            "z": 1.1052935791015626
        },
        "orientation": {
            "x": 0.929042941183407,
            "y": 0.04999222942079687,
            "z": -0.31778092954011095,
            "w": 0.1827437310975286
        }
    }
}