{
    "header": {
        "seq": 25430,
        "stamp": {
            "secs": 1681248014,
            "nsecs": 401516950
        },
        "frame_id": "atracsys"
    },
    "pose": {
        "position": {
            "x": 0.26444406127929687,
            "y": 0.024378547668457033,
            "z": 1.073645751953125
        },
        "orientation": {
            "x": 0.9520434273481194,
            "y": 0.1651462464136658,
            "z": -0.11697613975179169,
            "w": 0.22947028667671177
        }
    }
}