{
    "header": {
        "seq": 15025,
        "stamp": {
            "secs": 1681247909,
            "nsecs": 682243120
        },
        "frame_id": "atracsys"
    },
    "pose": {
        "position": {
            "x": 0.1423218994140625,
            "y": -0.007230827331542969,
            "z": 1.0602633056640625
        },
        "orientation": {
            "x": 0.9679457407426221,
            "y": 0.0349331277146355,
            "z": -0.22948780515588724,
            "w": 0.09589612531809229
        }
    }
}