{
    "header": {
        "seq": 14858,
        "stamp": {
            "secs": 1681247908,
            "nsecs": 4629441
        },
        "frame_id": "atracsys"
    },
    "pose": {
        "position": {
            "x": 0.15326319885253906,
            "y": -0.005116549015045166,
            "z": 1.0552508544921875
        },
        "orientation": {
            "x": 0.9746575698415506,
            "y": 0.06350985316653389,
            "z": -0.20629876508595463,
            "w": 0.05873618667685563
        }
    }
}