{
    "header": {
        "seq": 26327,
        "stamp": {
            "secs": 1681248023,
            "nsecs": 425373349
        },
        "frame_id": "atracsys"
    },
    "pose": {
        "position": {
            "x": 0.24748654174804688,
            "y": 0.014557193756103516,
            "z": 1.074627685546875
        },
        "orientation": {
            "x": 0.9511845591231014,
            "y": 0.13878030662260138,
            "z": -0.1219646245880776,
            "w": 0.24720961010571052
        }
    }
}