{
    "header": {
        "seq": 8735,
        "stamp": {
            "secs": 1681247846,
            "nsecs": 383737014
        },
        "frame_id": "atracsys"
    },
    "pose": {
        "position": {
            "x": 0.2558028259277344,
            "y": 0.015064849853515626,
            "z": 1.0603142089843751
        },
        "orientation": {
            "x": 0.9443390143521885,
            "y": 0.23892250828820544,
            "z": -0.208880512120943,
            "w": 0.08665328996467724
        }
    }
}