{
    "header": {
        "seq": 9628,
        "stamp": {
            "secs": 1681247855,
            "nsecs": 374814171
        },
        "frame_id": "atracsys"
    },
    "pose": {
        "position": {
            "x": 0.21286614990234376,
            "y": 0.006507053375244141,
            "z": 1.0506368408203126
        },
        "orientation": {
            "x": 0.9393577278421137,
            "y": 0.2167960406109357,
            "z": -0.26496570405231634,
            "w": 0.019992788569462412
        }
    }
}