{
    "header": {
        "seq": 8097,
        "stamp": {
            "secs": 1681247825,
            "nsecs": 921070480
        },
        "frame_id": "atracsys"
    },
    "pose": {
        "position": {
            "x": 0.2790872192382813,
            "y": 0.01057260799407959,
            "z": 0.9953053588867188
        },
        "orientation": {
            "x": 0.9532053763062499,
            "y": 0.20898681643157857,
            "z": -0.21643531490007675,
            "w": -0.02966101149250605
        }
    }
}