{
    "header": {
        "seq": 13190,
        "stamp": {
            "secs": 1681247891,
            "nsecs": 219580609
        },
        "frame_id": "atracsys"
    },
    "pose": {
        "position": {
            "x": 0.13254470825195314,
            "y": -0.010953510284423828,
            "z": 1.0254254150390625
        },
        "orientation": {
            "x": 0.9728295705064299,
            "y": 0.010210733530674851,
            "z": -0.2309996987336858,
            "w": -0.011726331650912136
        }
    }
}