{
    "header": {
        "seq": 28465,
        "stamp": {
            "secs": 1681248044,
            "nsecs": 932839343
        },
        "frame_id": "atracsys"
    },
    "pose": {
        "position": {
            "x": 0.2258919219970703,
            "y": 0.006959243774414063,
            "z": 1.0750162353515624
        },
        "orientation": {
            "x": 0.9648925431889155,
            "y": 0.12362419818771349,
            "z": -0.14898691097993205,
            "w": 0.17748898015800818
        }
    }
}