{
    "header": {
        "seq": 8636,
        "stamp": {
            "secs": 1681247845,
            "nsecs": 386731269
        },
        "frame_id": "atracsys"
    },
    "pose": {
        "position": {
            "x": 0.261159912109375,
            "y": 0.01680824851989746,
            "z": 1.061506103515625
        },
        "orientation": {
            "x": 0.9424652720692528,
            "y": 0.24457247899683063,
            "z": -0.20498021634606273,
            "w": 0.09963244635908385
        }
    }
}