{
    "header": {
        "seq": 24287,
        "stamp": {
            "secs": 1681248002,
            "nsecs": 903123678
        },
        "frame_id": "atracsys"
    },
    "pose": {
        "position": {
            "x": 0.25113864135742187,
            "y": 0.006445938110351563,
            "z": 1.042612548828125
        },
        "orientation": {
            "x": 0.966513304977096,
            "y": 0.11160146202744875,
            "z": -0.15939981304488418,
            "w": 0.16729866878383415
        }
    }
}