{
    "header": {
        "seq": 26832,
        "stamp": {
            "secs": 1681248028,
            "nsecs": 506087864
        },
        "frame_id": "atracsys"
    },
    "pose": {
        "position": {
            "x": 0.26000112915039064,
            "y": 0.021554832458496095,
            "z": 1.0729310302734376
        },
        "orientation": {
            "x": 0.9563313302655158,
            "y": 0.18798077751374231,
            "z": -0.10602135774393968,
            "w": 0.1971118609826646
        }
    }
}