{
    "header": {
        "seq": 21300,
        "stamp": {
            "secs": 1681247972,
            "nsecs": 840397844
        },
        "frame_id": "atracsys"
    },
    "pose": {
        "position": {
            "x": 0.19605317687988283,
            "y": -0.0053429040908813475,
            "z": 1.0358868408203126
        },
        "orientation": {
            "x": 0.9682825642301854,
            "y": 0.02946785174365017,
            "z": -0.15223870890823604,
            "w": 0.1959180875554493
        }
    }
}