{
    "header": {
        "seq": 10100,
        "stamp": {
            "secs": 1681247860,
            "nsecs": 124026090
        },
        "frame_id": "atracsys"
    },
    "pose": {
        "position": {
            "x": 0.17451490783691406,
            "y": 0.023855577468872072,
            "z": 1.1064720458984376
        },
        "orientation": {
            "x": 0.9226175878328384,
            "y": 0.04262439622320743,
            "z": -0.3340206031673487,
            "w": 0.1881227900277963
        }
    }
}