{
    "header": {
        "seq": 21045,
        "stamp": {
            "secs": 1681247970,
            "nsecs": 273303783
        },
        "frame_id": "atracsys"
    },
    "pose": {
        "position": {
            "x": 0.19569358825683594,
            "y": -0.009865434646606445,
            "z": 1.02400439453125
        },
        "orientation": {
            "x": 0.9867174919677268,
            "y": 0.0470959225631777,
            "z": -0.12681700989369737,
            "w": 0.08993337047205582
        }
    }
}