{
    "header": {
        "seq": 12152,
        "stamp": {
            "secs": 1681247880,
            "nsecs": 780752589
        },
        "frame_id": "atracsys"
    },
    "pose": {
        "position": {
            "x": 0.154594970703125,
            "y": 0.017804065704345704,
            "z": 1.108961669921875
        },
        "orientation": {
            "x": 0.914267086690354,
            "y": -0.012143392301208113,
            "z": -0.34534145716321146,
            "w": 0.21144150534495743
        }
    }
}