{
    "header": {
        "seq": 7016,
        "stamp": {
            "secs": 1681247815,
            "nsecs": 46466314
        },
        "frame_id": "atracsys"
    },
    "pose": {
        "position": {
            "x": 0.26333865356445313,
            "y": -0.006145011425018311,
            "z": 1.00323388671875
        },
        "orientation": {
            "x": 0.9613247179004833,
            "y": 0.1568711002747611,
            "z": -0.21298383775139568,
            "w": 0.07670807981450876
        }
    }
}