{
    "header": {
        "seq": 7374,
        "stamp": {
            "secs": 1681247818,
            "nsecs": 649418723
        },
        "frame_id": "atracsys"
    },
    "pose": {
        "position": {
            "x": 0.26989407348632816,
            "y": -0.00044157537817955016,
            "z": 1.0028395385742188
        },
        "orientation": {
            "x": 0.9648768772735122,
            "y": 0.16891099556048816,
            "z": -0.19095258662116957,
            "w": 0.06339398192545684
        }
    }
}