{
    "header": {
        "seq": 19179,
        "stamp": {
            "secs": 1681247951,
            "nsecs": 491194646
        },
        "frame_id": "atracsys"
    },
    "pose": {
        "position": {
            "x": 0.16145062255859374,
            "y": -0.013125970840454101,
            "z": 1.0158679809570312
        },
        "orientation": {
            "x": 0.9836965464560145,
            "y": 0.03311437785587231,
            "z": -0.16949960763645402,
            "w": 0.05014404731188695
        }
    }
}