{
    "header": {
        "seq": 29111,
        "stamp": {
            "secs": 1681248051,
            "nsecs": 431324132
        },
        "frame_id": "atracsys"
    },
    "pose": {
        "position": {
            "x": 0.18760519409179688,
            "y": -0.005540143013000489,
            "z": 1.0646038818359376
        },
        "orientation": {
            "x": 0.9720771744901654,
            "y": 0.10143251815121121,
            "z": -0.17596851370615135,
            "w": 0.1175265641494245
        }
    }
}