{
    "header": {
        "seq": 29594,
        "stamp": {
            "secs": 1681248056,
            "nsecs": 291021558
        },
        "frame_id": "atracsys"
    },
    "pose": {
        "position": {
            "x": 0.1908438720703125,
            "y": -0.0008831175565719605,
            "z": 1.06411328125
        },
        "orientation": {
            "x": 0.978841431877841,
            "y": 0.08117020671985108,
            "z": -0.15331476867064875,
            "w": 0.10851465563627853
        }
    }
}