{
    "header": {
        "seq": 20350,
        "stamp": {
            "secs": 1681247963,
            "nsecs": 276246889
        },
        "frame_id": "atracsys"
    },
    "pose": {
        "position": {
            "x": 0.17929779052734376,
            "y": -0.013074702262878417,
            "z": 1.0188079833984376
        },
        "orientation": {
            "x": 0.9912092847184288,
            "y": 0.039384950284296866,
            "z": -0.1152773692085808,
            "w": 0.05161499518001402
        }
    }
}