{
    "header": {
        "seq": 20144,
        "stamp": {
            "secs": 1681247961,
            "nsecs": 204593728
        },
        "frame_id": "atracsys"
    },
    "pose": {
        "position": {
            "x": 0.17086735534667968,
            "y": -0.01052022933959961,
            "z": 1.02436376953125
        },
        "orientation": {
            "x": 0.9838605886964477,
            "y": 0.01239411619547508,
            "z": -0.14161582011556462,
            "w": 0.10867238557521636
        }
    }
}