{
    "header": {
        "seq": 31313,
        "stamp": {
            "secs": 1681248073,
            "nsecs": 577579423
        },
        "frame_id": "atracsys"
    },
    "pose": {
        "position": {
            "x": 0.20296261596679688,
            "y": 0.00569193172454834,
            "z": 1.061581298828125
        },
        "orientation": {
            "x": 0.9742013160235871,
            "y": 0.16491336946294943,
            "z": -0.13512403901136769,
            "w": 0.07400588160100671
        }
    }
}