{
    "header": {
        "seq": 13125,
        "stamp": {
            "secs": 1681247890,
            "nsecs": 565924169
        },
        "frame_id": "atracsys"
    },
    "pose": {
        "position": {
            "x": 0.13342916870117189,
            "y": -0.010856386184692384,
            "z": 1.0240732421875
        },
        "orientation": {
            "x": 0.9740345395418498,
            "y": 0.007743276046229962,
            "z": -0.22594886636251893,
            "w": -0.011994467268754536
        }
    }
}