{
    "header": {
        "seq": 20882,
        "stamp": {
            "secs": 1681247968,
            "nsecs": 634547926
        },
        "frame_id": "atracsys"
    },
    "pose": {
        "position": {
            "x": 0.189910888671875,
            "y": -0.01062020492553711,
            "z": 1.0272041015625
        },
        "orientation": {
            "x": 0.9832612229354987,
            "y": 0.03539044175076208,
            "z": -0.13838815902312726,
            "w": 0.11310880401747263
        }
    }
}