{
    "header": {
        "seq": 29453,
        "stamp": {
            "secs": 1681248054,
            "nsecs": 873116234
        },
        "frame_id": "atracsys"
    },
    "pose": {
        "position": {
            "x": 0.1893719482421875,
            "y": -0.002846843481063843,
            "z": 1.06533056640625
        },
        "orientation": {
            "x": 0.9752583222907563,
            "y": 0.09637590785919137,
            "z": -0.16231933575539345,
            "w": 0.11504487136271588
        }
    }
}