{
    "header": {
        "seq": 7961,
        "stamp": {
            "secs": 1681247824,
            "nsecs": 553906068
        },
        "frame_id": "atracsys"
    },
    "pose": {
        "position": {
            "x": 0.27731951904296875,
            "y": 0.008267364501953126,
            "z": 0.9975606689453125
        },
        "orientation": {
            "x": 0.9621845775283663,
            "y": 0.19618362181422125,
            "z": -0.18896363641432773,
            "w": -0.002359960060615566
        }
    }
}