{
    "header": {
        "seq": 19949,
        "stamp": {
            "secs": 1681247959,
            "nsecs": 240496507
        },
        "frame_id": "atracsys"
    },
    "pose": {
        "position": {
            "x": 0.17170996093750002,
            "y": -0.008756552696228027,
            "z": 1.0272122802734376
        },
        "orientation": {
            "x": 0.974123429483753,
            "y": 0.006137332243632501,
            "z": -0.18049330600610228,
            "w": 0.1358971808785253
        }
    }
}