{
    "header": {
        "seq": 26290,
        "stamp": {
            "secs": 1681248023,
            "nsecs": 52250243
        },
        "frame_id": "atracsys"
    },
    "pose": {
        "position": {
            "x": 0.24943856811523438,
            "y": 0.01525417137145996,
            "z": 1.075999755859375
        },
        "orientation": {
            "x": 0.9465054192752493,
            "y": 0.1421256415151916,
            "z": -0.1270232438446517,
            "w": 0.26037067582518136
        }
    }
}