{
    "header": {
        "seq": 19443,
        "stamp": {
            "secs": 1681247954,
            "nsecs": 147900085
        },
        "frame_id": "atracsys"
    },
    "pose": {
        "position": {
            "x": 0.16488046264648437,
            "y": -0.007641946315765381,
            "z": 1.024118896484375
        },
        "orientation": {
            "x": 0.9652256715783296,
            "y": -0.0035318417136849774,
            "z": -0.2339382159124143,
            "w": 0.11661835256934752
        }
    }
}