{
    "header": {
        "seq": 21581,
        "stamp": {
            "secs": 1681247975,
            "nsecs": 667264593
        },
        "frame_id": "atracsys"
    },
    "pose": {
        "position": {
            "x": 0.2062152099609375,
            "y": -0.008297404289245606,
            "z": 1.030916748046875
        },
        "orientation": {
            "x": 0.9792638812290895,
            "y": 0.05509879812754919,
            "z": -0.1406830074459931,
            "w": 0.13496171598268208
        }
    }
}