{
    "header": {
        "seq": 24246,
        "stamp": {
            "secs": 1681248002,
            "nsecs": 491211708
        },
        "frame_id": "atracsys"
    },
    "pose": {
        "position": {
            "x": 0.2446222381591797,
            "y": 0.002622627019882202,
            "z": 1.0428819580078126
        },
        "orientation": {
            "x": 0.9630017759452073,
            "y": 0.09903151051491813,
            "z": -0.17585158156997685,
            "w": 0.17859608257419296
        }
    }
}