{
    "header": {
        "seq": 12710,
        "stamp": {
            "secs": 1681247886,
            "nsecs": 392687284
        },
        "frame_id": "atracsys"
    },
    "pose": {
        "position": {
            "x": 0.1397442626953125,
            "y": 0.016330774307250977,
            "z": 1.1046981201171875
        },
        "orientation": {
            "x": 0.9009404575318447,
            "y": -0.03288467224446063,
            "z": -0.38023583492983387,
            "w": 0.2065081115813537
        }
    }
}