{
    "header": {
        "seq": 27496,
        "stamp": {
            "secs": 1681248035,
            "nsecs": 186665633
        },
        "frame_id": "atracsys"
    },
    "pose": {
        "position": {
            "x": 0.219908203125,
            "y": 0.005075662136077881,
            "z": 1.0700296630859376
        },
        "orientation": {
            "x": 0.9623724341706469,
            "y": 0.08591653181800178,
            "z": -0.16628066592670937,
            "w": 0.19699844580046905
        }
    }
}