{
    "header": {
        "seq": 19668,
        "stamp": {
            "secs": 1681247956,
            "nsecs": 410568619
        },
        "frame_id": "atracsys"
    },
    "pose": {
        "position": {
            "x": 0.1659056396484375,
            "y": -0.013359602928161622,
            "z": 1.0166500244140626
        },
        "orientation": {
            "x": 0.985019390199124,
            "y": 0.027882516266920596,
            "z": -0.16208903881119033,
            "w": 0.05183155135277416
        }
    }
}