{
    "header": {
        "seq": 25769,
        "stamp": {
            "secs": 1681248017,
            "nsecs": 810448224
        },
        "frame_id": "atracsys"
    },
    "pose": {
        "position": {
            "x": 0.26279595947265627,
            "y": 0.024622713088989258,
            "z": 1.0711092529296875
        },
        "orientation": {
            "x": 0.953058396459974,
            "y": 0.15390486638230103,
            "z": -0.1273344874682628,
            "w": 0.22754980409172884
        }
    }
}