{
    "header": {
        "seq": 20777,
        "stamp": {
            "secs": 1681247967,
            "nsecs": 580833340
        },
        "frame_id": "atracsys"
    },
    "pose": {
        "position": {
            "x": 0.1850472106933594,
            "y": -0.0079263014793396,
            "z": 1.0309040527343751
        },
        "orientation": {
            "x": 0.9723631195532415,
            "y": 0.019927993691137933,
            "z": -0.16204576991351408,
            "w": 0.16689519841286898
        }
    }
}