{
    "header": {
        "seq": 13632,
        "stamp": {
            "secs": 1681247895,
            "nsecs": 667310202
        },
        "frame_id": "atracsys"
    },
    "pose": {
        "position": {
            "x": 0.12895330810546876,
            "y": -0.0080882568359375,
            "z": 1.032619140625
        },
        "orientation": {
            "x": 0.9677186971856342,
            "y": 0.03335406765302792,
            "z": -0.248877704969587,
            "w": -0.02163139517940084
        }
    }
}