{
    "header": {
        "seq": 6696,
        "stamp": {
            "secs": 1681247811,
            "nsecs": 828536870
        },
        "frame_id": "atracsys"
    },
    "pose": {
        "position": {
            "x": 0.25770944213867186,
            "y": -0.010052150726318359,
            "z": 1.0009625854492188
        },
        "orientation": {
            "x": 0.9582450814221619,
            "y": 0.15059766749635028,
            "z": -0.23201488015725008,
            "w": 0.07249690931694862
        }
    }
}