{
    "header": {
        "seq": 29289,
        "stamp": {
            "secs": 1681248053,
            "nsecs": 222516978
        },
        "frame_id": "atracsys"
    },
    "pose": {
        "position": {
            "x": 0.1893511199951172,
            "y": -0.0018247650861740112,
            "z": 1.0660810546875
        },
        "orientation": {
            "x": 0.9776013405723515,
            "y": 0.0664458918778682,
            "z": -0.15044396650080347,
            "w": 0.13132850150367661
        }
    }
}