{
    "header": {
        "seq": 20007,
        "stamp": {
            "secs": 1681247959,
            "nsecs": 825461854
        },
        "frame_id": "atracsys"
    },
    "pose": {
        "position": {
            "x": 0.17276004028320313,
            "y": -0.007529778480529785,
            "z": 1.029064697265625
        },
        "orientation": {
            "x": 0.9729136114766692,
            "y": -0.0004748194895370741,
            "z": -0.17702682400355021,
            "w": 0.1486619747383068
        }
    }
}