{
    "header": {
        "seq": 26162,
        "stamp": {
            "secs": 1681248021,
            "nsecs": 762689493
        },
        "frame_id": "atracsys"
    },
    "pose": {
        "position": {
            "x": 0.2604529724121094,
            "y": 0.021170610427856444,
            "z": 1.06823486328125
        },
        "orientation": {
            "x": 0.9584835018022343,
            "y": 0.1703567461846555,
            "z": -0.11969110201080951,
            "w": 0.19483838405648235
        }
    }
}