{
    "header": {
        "seq": 20491,
        "stamp": {
            "secs": 1681247964,
            "nsecs": 697176132
        },
        "frame_id": "atracsys"
    },
    "pose": {
        "position": {
            "x": 0.18361665344238282,
            "y": -0.010709261894226075,
            "z": 1.0239430541992187
        },
        "orientation": {
            "x": 0.987152383406884,
            "y": 0.024255818355031045,
            "z": -0.12768154802329162,
            "w": 0.09294756319781565
        }
    }
}