{
    "header": {
        "seq": 9675,
        "stamp": {
            "secs": 1681247855,
            "nsecs": 846523426
        },
        "frame_id": "atracsys"
    },
    "pose": {
        "position": {
            "x": 0.20999468994140624,
            "y": 0.0063137636184692385,
            "z": 1.0506119384765624
        },
        "orientation": {
            "x": 0.9393998788746772,
            "y": 0.21269086616076557,
            "z": -0.26801965126069344,
            "w": 0.021352507115592122
        }
    }
}