{
    "header": {
        "seq": 15206,
        "stamp": {
            "secs": 1681247911,
            "nsecs": 503107478
        },
        "frame_id": "atracsys"
    },
    "pose": {
        "position": {
            "x": 0.14641244506835938,
            "y": -0.005686858654022217,
            "z": 1.0617391357421875
        },
        "orientation": {
            "x": 0.9692026976824264,
            "y": 0.05359133438728562,
            "z": -0.22331382740199962,
            "w": 0.08891025910864973
        }
    }
}