{
    "header": {
        "seq": 22925,
        "stamp": {
            "secs": 1681247989,
            "nsecs": 198576964
        },
        "frame_id": "atracsys"
    },
    "pose": {
        "position": {
            "x": 0.23488029479980468,
            "y": 0.00025609317421913146,
            "z": 1.0429744873046876
        },
        "orientation": {
            "x": 0.9631588073855217,
            "y": 0.09786112932151927,
            "z": -0.10754248293532664,
            "w": 0.22623643713540315
        }
    }
}