{
    "header": {
        "seq": 31055,
        "stamp": {
            "secs": 1681248070,
            "nsecs": 983562535
        },
        "frame_id": "atracsys"
    },
    "pose": {
        "position": {
            "x": 0.20355364990234376,
            "y": 0.004337271690368652,
            "z": 1.0607230224609374
        },
        "orientation": {
            "x": 0.970292581434213,
            "y": 0.17371020408933754,
            "z": -0.15027415206193784,
            "w": 0.07599178002282361
        }
    }
}