{
    "header": {
        "seq": 39787,
        "stamp": {
            "secs": 1675626267,
            "nsecs": 753614423
        },
        "frame_id": "atracsys"
    },
    "pose": {
        "position": {
            "x": 0.26517678833007813,
            "y": 0.13627278137207033,
            "z": 0.8952919311523437
        },
        "orientation": {
            "x": 0.013207478976456298,
            "y": 0.04010597440446668,
            "z": -0.030694694043817732,
            "w": 0.9986365250048244
        }
    }
}