{
    "header": {
        "seq": 6613,
        "stamp": {
            "secs": 1675625934,
            "nsecs": 77382360
        },
        "frame_id": "atracsys"
    },
    "pose": {
        "position": {
            "x": 0.264736083984375,
            "y": 0.13690667724609376,
            "z": 0.8952247314453126
        },
        "orientation": {
            "x": 0.013743053433049268,
            "y": 0.04072274306351886,
            "z": -0.030602794742812574,
            "w": 0.998607157812144
        }
    }
}