{
    "header": {
        "seq": 21342,
        "stamp": {
            "secs": 1675626082,
            "nsecs": 236367459
        },
        "frame_id": "atracsys"
    },
    "pose": {
        "position": {
            "x": 0.2649918212890625,
            "y": 0.1361317596435547,
            "z": 0.8953607177734375
        },
        "orientation": {
            "x": 0.013166319707608572,
            "y": 0.040600541870122464,
            "z": -0.029977712377643434,
            "w": 0.9986388640473656
        }
    }
}