{
    "header": {
        "seq": 33588,
        "stamp": {
            "secs": 1675626205,
            "nsecs": 410105933
        },
        "frame_id": "atracsys"
    },
    "pose": {
        "position": {
            "x": 0.26493014526367187,
            "y": 0.13622462463378907,
            "z": 0.8953392944335937
        },
        "orientation": {
            "x": 0.013206262909865511,
            "y": 0.04056681277128498,
            "z": -0.03070145594825742,
            "w": 0.9986177191118693
        }
    }
}