{
    "header": {
        "seq": 19597,
        "stamp": {
            "secs": 1675626064,
            "nsecs": 684051202
        },
        "frame_id": "atracsys"
    },
    "pose": {
        "position": {
            "x": 0.26503448486328124,
            "y": 0.1362011260986328,
            "z": 0.895330078125
        },
        "orientation": {
            "x": 0.013239396911529106,
            "y": 0.04055327256512383,
            "z": -0.02981659290306087,
            "w": 0.9986446421231785
        }
    }
}