{
    "header": {
        "seq": 39627,
        "stamp": {
            "secs": 1675626266,
            "nsecs": 144689825
        },
        "frame_id": "atracsys"
    },
    "pose": {
        "position": {
            "x": 0.26524923706054687,
            "y": 0.13626507568359375,
            "z": 0.8952791137695313
        },
        "orientation": {
            "x": 0.013256262074449661,
            "y": 0.03998366046606708,
            "z": -0.03039152330483472,
            "w": 0.9986500556865551
        }
    }
}