{
    "header": {
        "seq": 37337,
        "stamp": {
            "secs": 1675626243,
            "nsecs": 114728143
        },
        "frame_id": "atracsys"
    },
    "pose": {
        "position": {
            "x": 0.2652144775390625,
            "y": 0.13624867248535155,
            "z": 0.89528564453125
        },
        "orientation": {
            "x": 0.01324597905611218,
            "y": 0.040033778845443596,
            "z": -0.03056372194027886,
            "w": 0.9986429289247265
        }
    }
}