{
    "header": {
        "seq": 37252,
        "stamp": {
            "secs": 1675626242,
            "nsecs": 261092147
        },
        "frame_id": "atracsys"
    },
    "pose": {
        "position": {
            "x": 0.265221923828125,
            "y": 0.13624360656738282,
            "z": 0.8952872314453125
        },
        "orientation": {
            "x": 0.01324536598446852,
            "y": 0.04002427038212034,
            "z": -0.030510951074971954,
            "w": 0.9986449318575732
        }
    }
}