{
    "header": {
        "seq": 29124,
        "stamp": {
            "secs": 1675626160,
            "nsecs": 505497559
        },
        "frame_id": "atracsys"
    },
    "pose": {
        "position": {
            "x": 0.2649010925292969,
            "y": 0.13641433715820314,
            "z": 0.8952999877929688
        },
        "orientation": {
            "x": 0.013354067369627375,
            "y": 0.040618513808768617,
            "z": -0.030236520657443703,
            "w": 0.9986278376047738
        }
    }
}