{
    "header": {
        "seq": 29351,
        "stamp": {
            "secs": 1675626162,
            "nsecs": 789075275
        },
        "frame_id": "atracsys"
    },
    "pose": {
        "position": {
            "x": 0.264920654296875,
            "y": 0.13640946960449218,
            "z": 0.8953129272460938
        },
        "orientation": {
            "x": 0.013302873902798313,
            "y": 0.040592902332181116,
            "z": -0.030092809454814316,
            "w": 0.9986339032124297
        }
    }
}