{
    "header": {
        "seq": 27714,
        "stamp": {
            "secs": 1675626146,
            "nsecs": 326272941
        },
        "frame_id": "atracsys"
    },
    "pose": {
        "position": {
            "x": 0.264995361328125,
            "y": 0.13617405700683594,
            "z": 0.8953429565429688
        },
        "orientation": {
            "x": 0.013210949168598718,
            "y": 0.040564269317323036,
            "z": -0.029899185854435045,
            "w": 0.9986421028386788
        }
    }
}