{
    "header": {
        "seq": 33646,
        "stamp": {
            "secs": 1675626205,
            "nsecs": 992227908
        },
        "frame_id": "atracsys"
    },
    "pose": {
        "position": {
            "x": 0.26495343017578127,
            "y": 0.13624911499023437,
            "z": 0.8953402099609375
        },
        "orientation": {
            "x": 0.013269175114652644,
            "y": 0.04057222277231565,
            "z": -0.030573445424946746,
            "w": 0.9986205927007205
        }
    }
}