{
    "header": {
        "seq": 19295,
        "stamp": {
            "secs": 1675626061,
            "nsecs": 648211405
        },
        "frame_id": "atracsys"
    },
    "pose": {
        "position": {
            "x": 0.26503363037109373,
            "y": 0.1361800994873047,
            "z": 0.8953193969726563
        },
        "orientation": {
            "x": 0.013362484170880684,
            "y": 0.040524718690896404,
            "z": -0.029774122041934945,
            "w": 0.9986454289929126
        }
    }
}