{
    "header": {
        "seq": 21567,
        "stamp": {
            "secs": 1675626084,
            "nsecs": 499153095
        },
        "frame_id": "atracsys"
    },
    "pose": {
        "position": {
            "x": 0.2650032653808594,
            "y": 0.13614694213867187,
            "z": 0.8953692626953125
        },
        "orientation": {
            "x": 0.013158909218754315,
            "y": 0.04056838685881223,
            "z": -0.029887009409719497,
            "w": 0.9986429871402441
        }
    }
}