{
    "header": {
        "seq": 33538,
        "stamp": {
            "secs": 1675626204,
            "nsecs": 905629075
        },
        "frame_id": "atracsys"
    },
    "pose": {
        "position": {
            "x": 0.26489337158203125,
            "y": 0.13622149658203125,
            "z": 0.8953427734375
        },
        "orientation": {
            "x": 0.013214991621358281,
            "y": 0.04062187959302255,
            "z": -0.03082720210884051,
            "w": 0.9986114912742182
        }
    }
}