{
    "header": {
        "seq": 35113,
        "stamp": {
            "secs": 1675626220,
            "nsecs": 747486019
        },
        "frame_id": "atracsys"
    },
    "pose": {
        "position": {
            "x": 0.2652774353027344,
            "y": 0.13614830017089843,
            "z": 0.8953121337890625
        },
        "orientation": {
            "x": 0.013171879179556015,
            "y": 0.03996230321326521,
            "z": -0.030159163876920136,
            "w": 0.9986590713326623
        }
    }
}