{
    "header": {
        "seq": 43295,
        "stamp": {
            "secs": 1675626307,
            "nsecs": 4746202
        },
        "frame_id": "atracsys"
    },
    "pose": {
        "position": {
            "x": 0.2653448791503906,
            "y": 0.13548777770996093,
            "z": 0.8955159301757812
        },
        "orientation": {
            "x": 0.012273116190035835,
            "y": 0.040061125899737204,
            "z": -0.029971868569615347,
            "w": 0.998672200426685
        }
    }
}