{
    "header": {
        "seq": 31929,
        "stamp": {
            "secs": 1675626188,
            "nsecs": 723504018
        },
        "frame_id": "atracsys"
    },
    "pose": {
        "position": {
            "x": 0.2650220031738281,
            "y": 0.13627517700195313,
            "z": 0.8953523559570312
        },
        "orientation": {
            "x": 0.013075346709687944,
            "y": 0.0404643246680696,
            "z": -0.030291273167448528,
            "w": 0.9986361261778354
        }
    }
}