{
    "header": {
        "seq": 43745,
        "stamp": {
            "secs": 1675626311,
            "nsecs": 529911075
        },
        "frame_id": "atracsys"
    },
    "pose": {
        "position": {
            "x": 0.265451904296875,
            "y": 0.13554266357421876,
            "z": 0.8954799194335937
        },
        "orientation": {
            "x": 0.012409114562731466,
            "y": 0.0399155192457532,
            "z": -0.029576127900871947,
            "w": 0.9986881484515086
        }
    }
}