{
    "header": {
        "seq": 26413,
        "stamp": {
            "secs": 1675626133,
            "nsecs": 242623383
        },
        "frame_id": "atracsys"
    },
    "pose": {
        "position": {
            "x": 0.26499468994140624,
            "y": 0.13617131042480468,
            "z": 0.89536572265625
        },
        "orientation": {
            "x": 0.013113350768623222,
            "y": 0.040601228253783914,
            "z": -0.029904785239268056,
            "w": 0.9986417195950189
        }
    }
}