{
    "header": {
        "seq": 43226,
        "stamp": {
            "secs": 1675626306,
            "nsecs": 312014365
        },
        "frame_id": "atracsys"
    },
    "pose": {
        "position": {
            "x": 0.2653369140625,
            "y": 0.13548487854003907,
            "z": 0.8955127563476563
        },
        "orientation": {
            "x": 0.0123381481495698,
            "y": 0.040093215921358755,
            "z": -0.029944966814118425,
            "w": 0.9986709183208571
        }
    }
}