{
    "header": {
        "seq": 45120,
        "stamp": {
            "secs": 1675626325,
            "nsecs": 359818941
        },
        "frame_id": "atracsys"
    },
    "pose": {
        "position": {
            "x": 0.2653840026855469,
            "y": 0.13555494689941405,
            "z": 0.8954901123046876
        },
        "orientation": {
            "x": 0.012342560059943398,
            "y": 0.04009347751410193,
            "z": -0.029705263552927304,
            "w": 0.9986780119684442
        }
    }
}