{
    "header": {
        "seq": 25566,
        "stamp": {
            "secs": 1675626124,
            "nsecs": 720214227
        },
        "frame_id": "atracsys"
    },
    "pose": {
        "position": {
            "x": 0.26494589233398436,
            "y": 0.13614097595214844,
            "z": 0.8953798217773438
        },
        "orientation": {
            "x": 0.013053382739806992,
            "y": 0.04063477925850945,
            "z": -0.03014483126776158,
            "w": 0.9986339234481766
        }
    }
}