{
    "header": {
        "seq": 18379,
        "stamp": {
            "secs": 1675626052,
            "nsecs": 436199269
        },
        "frame_id": "atracsys"
    },
    "pose": {
        "position": {
            "x": 0.2649950866699219,
            "y": 0.13615925598144532,
            "z": 0.8953617553710937
        },
        "orientation": {
            "x": 0.013094090934957423,
            "y": 0.04062444484705263,
            "z": -0.03003855436454087,
            "w": 0.9986370133913244
        }
    }
}