{
    "header": {
        "seq": 29189,
        "stamp": {
            "secs": 1675626161,
            "nsecs": 159198254
        },
        "frame_id": "atracsys"
    },
    "pose": {
        "position": {
            "x": 0.2648875732421875,
            "y": 0.136422119140625,
            "z": 0.8952938232421875
        },
        "orientation": {
            "x": 0.013366773485693522,
            "y": 0.04063933613697118,
            "z": -0.030261340402812885,
            "w": 0.9986260686573096
        }
    }
}