{
    "header": {
        "seq": 39943,
        "stamp": {
            "secs": 1675626269,
            "nsecs": 323775962
        },
        "frame_id": "atracsys"
    },
    "pose": {
        "position": {
            "x": 0.2652374267578125,
            "y": 0.13625814819335938,
            "z": 0.8952835083007813
        },
        "orientation": {
            "x": 0.013334666621279525,
            "y": 0.04001397477292649,
            "z": -0.030374140936082664,
            "w": 0.9986483265150781
        }
    }
}