{
    "header": {
        "seq": 44649,
        "stamp": {
            "secs": 1675626320,
            "nsecs": 622477666
        },
        "frame_id": "atracsys"
    },
    "pose": {
        "position": {
            "x": 0.26543670654296875,
            "y": 0.1356041717529297,
            "z": 0.8954534301757813
        },
        "orientation": {
            "x": 0.012542055669236283,
            "y": 0.039917602946730565,
            "z": -0.02959198024676569,
            "w": 0.9986859348762513
        }
    }
}