{
    "header": {
        "seq": 43398,
        "stamp": {
            "secs": 1675626308,
            "nsecs": 40538600
        },
        "frame_id": "atracsys"
    },
    "pose": {
        "position": {
            "x": 0.26533966064453124,
            "y": 0.13547344970703126,
            "z": 0.8955384521484375
        },
        "orientation": {
            "x": 0.012225852119805983,
            "y": 0.04011102887798352,
            "z": -0.029932770292592215,
            "w": 0.9986719497236846
        }
    }
}