{
    "header": {
        "seq": 21115,
        "stamp": {
            "secs": 1675626079,
            "nsecs": 952806483
        },
        "frame_id": "atracsys"
    },
    "pose": {
        "position": {
            "x": 0.26501690673828127,
            "y": 0.1361363983154297,
            "z": 0.89537060546875
        },
        "orientation": {
            "x": 0.013072198885443535,
            "y": 0.04058360223040814,
            "z": -0.0298412110564624,
            "w": 0.9986448773057354
        }
    }
}