{
    "header": {
        "seq": 26500,
        "stamp": {
            "secs": 1675626134,
            "nsecs": 117238037
        },
        "frame_id": "atracsys"
    },
    "pose": {
        "position": {
            "x": 0.26499185180664064,
            "y": 0.1361786651611328,
            "z": 0.895373046875
        },
        "orientation": {
            "x": 0.012958442263792395,
            "y": 0.04060737406181283,
            "z": -0.029955140569251068,
            "w": 0.9986419826441187
        }
    }
}