{
    "header": {
        "seq": 43377,
        "stamp": {
            "secs": 1675626307,
            "nsecs": 828596879
        },
        "frame_id": "atracsys"
    },
    "pose": {
        "position": {
            "x": 0.265336181640625,
            "y": 0.13547383117675782,
            "z": 0.8955385131835938
        },
        "orientation": {
            "x": 0.012234230159377928,
            "y": 0.04009808442536115,
            "z": -0.030017080773448886,
            "w": 0.9986698363822071
        }
    }
}