{
    "header": {
        "seq": 32942,
        "stamp": {
            "secs": 1675626198,
            "nsecs": 914570921
        },
        "frame_id": "atracsys"
    },
    "pose": {
        "position": {
            "x": 0.265048828125,
            "y": 0.13628115844726563,
            "z": 0.8953103637695312
        },
        "orientation": {
            "x": 0.013377600329310157,
            "y": 0.04040748098013608,
            "z": -0.030138834877828792,
            "w": 0.9986390368508915
        }
    }
}