{
    "header": {
        "seq": 38703,
        "stamp": {
            "secs": 1675626256,
            "nsecs": 852113580
        },
        "frame_id": "atracsys"
    },
    "pose": {
        "position": {
            "x": 0.265360595703125,
            "y": 0.13629127502441407,
            "z": 0.8952536621093751
        },
        "orientation": {
            "x": 0.013405706916140956,
            "y": 0.03980204326522494,
            "z": -0.029777300262079275,
            "w": 0.9986738190035293
        }
    }
}