{
    "header": {
        "seq": 15898,
        "stamp": {
            "secs": 1675626027,
            "nsecs": 477871938
        },
        "frame_id": "atracsys"
    },
    "pose": {
        "position": {
            "x": 0.2649486999511719,
            "y": 0.13612417602539062,
            "z": 0.8953784179687501
        },
        "orientation": {
            "x": 0.01308873588759757,
            "y": 0.04063148583077467,
            "z": -0.030035802613708033,
            "w": 0.9986368799085074
        }
    }
}