{
    "header": {
        "seq": 37886,
        "stamp": {
            "secs": 1675626248,
            "nsecs": 637165005
        },
        "frame_id": "atracsys"
    },
    "pose": {
        "position": {
            "x": 0.2652266845703125,
            "y": 0.13625236511230468,
            "z": 0.895288818359375
        },
        "orientation": {
            "x": 0.013196020888469127,
            "y": 0.040033130285766605,
            "z": -0.030428121132084,
            "w": 0.9986477571980049
        }
    }
}