{
    "header": {
        "seq": 44948,
        "stamp": {
            "secs": 1675626323,
            "nsecs": 628538583
        },
        "frame_id": "atracsys"
    },
    "pose": {
        "position": {
            "x": 0.26537881469726565,
            "y": 0.13557696533203126,
            "z": 0.8954747924804688
        },
        "orientation": {
            "x": 0.012399640971466582,
            "y": 0.040092089243371744,
            "z": -0.02987116124550317,
            "w": 0.9986724122602594
        }
    }
}