{
    "header": {
        "seq": 19521,
        "stamp": {
            "secs": 1675626063,
            "nsecs": 919850429
        },
        "frame_id": "atracsys"
    },
    "pose": {
        "position": {
            "x": 0.26506207275390625,
            "y": 0.13616275024414062,
            "z": 0.8953314819335938
        },
        "orientation": {
            "x": 0.013183590796773606,
            "y": 0.04051916145138814,
            "z": -0.029662947449199475,
            "w": 0.9986513405776841
        }
    }
}