{
    "header": {
        "seq": 44920,
        "stamp": {
            "secs": 1675626323,
            "nsecs": 347860724
        },
        "frame_id": "atracsys"
    },
    "pose": {
        "position": {
            "x": 0.26537518310546876,
            "y": 0.13557180786132814,
            "z": 0.895482666015625
        },
        "orientation": {
            "x": 0.012378835768120463,
            "y": 0.04003412560921822,
            "z": -0.02980127339313232,
            "w": 0.9986770836040443
        }
    }
}