{
    "header": {
        "seq": 31559,
        "stamp": {
            "secs": 1675626185,
            "nsecs": 1062425
        },
        "frame_id": "atracsys"
    },
    "pose": {
        "position": {
            "x": 0.2650177917480469,
            "y": 0.1362684783935547,
            "z": 0.8953484497070313
        },
        "orientation": {
            "x": 0.01307035956112037,
            "y": 0.04046514563203893,
            "z": -0.030331817903953888,
            "w": 0.9986349275448773
        }
    }
}