{
    "header": {
        "seq": 39241,
        "stamp": {
            "secs": 1675626262,
            "nsecs": 261083718
        },
        "frame_id": "atracsys"
    },
    "pose": {
        "position": {
            "x": 0.2652641906738281,
            "y": 0.13624502563476562,
            "z": 0.8952898559570313
        },
        "orientation": {
            "x": 0.013248525913113453,
            "y": 0.03994213165580276,
            "z": -0.030255721098199746,
            "w": 0.998655943766795
        }
    }
}