{
    "header": {
        "seq": 44343,
        "stamp": {
            "secs": 1675626317,
            "nsecs": 544853670
        },
        "frame_id": "atracsys"
    },
    "pose": {
        "position": {
            "x": 0.26545593261718753,
            "y": 0.1355518035888672,
            "z": 0.895484375
        },
        "orientation": {
            "x": 0.012444783145651443,
            "y": 0.0399082504638072,
            "z": -0.02968199349881827,
            "w": 0.9986848542855308
        }
    }
}