{
    "header": {
        "seq": 39651,
        "stamp": {
            "secs": 1675626266,
            "nsecs": 386455409
        },
        "frame_id": "atracsys"
    },
    "pose": {
        "position": {
            "x": 0.26522711181640624,
            "y": 0.13626258850097656,
            "z": 0.8952709350585938
        },
        "orientation": {
            "x": 0.013323108901038274,
            "y": 0.039994074230276205,
            "z": -0.03045195597267489,
            "w": 0.9986469081577894
        }
    }
}