{
    "header": {
        "seq": 44720,
        "stamp": {
            "secs": 1675626321,
            "nsecs": 335920683
        },
        "frame_id": "atracsys"
    },
    "pose": {
        "position": {
            "x": 0.26543594360351563,
            "y": 0.13559397888183594,
            "z": 0.8954664306640625
        },
        "orientation": {
            "x": 0.012474505022663075,
            "y": 0.03996435017993926,
            "z": -0.029666895835790037,
            "w": 0.9986826887107852
        }
    }
}