{
    "header": {
        "seq": 34891,
        "stamp": {
            "secs": 1675626218,
            "nsecs": 514640816
        },
        "frame_id": "atracsys"
    },
    "pose": {
        "position": {
            "x": 0.2652713623046875,
            "y": 0.13613478088378905,
            "z": 0.8953004150390625
        },
        "orientation": {
            "x": 0.013213431662685682,
            "y": 0.03996417388162008,
            "z": -0.03023307610825163,
            "w": 0.998656212687173
        }
    }
}