{
    "header": {
        "seq": 31865,
        "stamp": {
            "secs": 1675626188,
            "nsecs": 78684239
        },
        "frame_id": "atracsys"
    },
    "pose": {
        "position": {
            "x": 0.2650384521484375,
            "y": 0.1362796173095703,
            "z": 0.8953600463867187
        },
        "orientation": {
            "x": 0.013035377046240214,
            "y": 0.04042982650301216,
            "z": -0.03020586510080506,
            "w": 0.9986406329544731
        }
    }
}