{
    "header": {
        "seq": 25615,
        "stamp": {
            "secs": 1675626125,
            "nsecs": 212736137
        },
        "frame_id": "atracsys"
    },
    "pose": {
        "position": {
            "x": 0.26494891357421874,
            "y": 0.13614830017089843,
            "z": 0.8953738403320313
        },
        "orientation": {
            "x": 0.013092941981981703,
            "y": 0.040634564977689906,
            "z": -0.03008427052627529,
            "w": 0.9986352405489365
        }
    }
}