{
    "header": {
        "seq": 28090,
        "stamp": {
            "secs": 1675626150,
            "nsecs": 108400244
        },
        "frame_id": "atracsys"
    },
    "pose": {
        "position": {
            "x": 0.264989501953125,
            "y": 0.13618040466308595,
            "z": 0.8953446655273438
        },
        "orientation": {
            "x": 0.013188769116269036,
            "y": 0.04057293202506301,
            "z": -0.029937892044488153,
            "w": 0.998640884490526
        }
    }
}