{
    "header": {
        "seq": 16143,
        "stamp": {
            "secs": 1675626029,
            "nsecs": 943565905
        },
        "frame_id": "atracsys"
    },
    "pose": {
        "position": {
            "x": 0.26496084594726566,
            "y": 0.13612112426757814,
            "z": 0.8953704223632812
        },
        "orientation": {
            "x": 0.013129699901543689,
            "y": 0.0406276219757998,
            "z": -0.030071456175445266,
            "w": 0.998635426387716
        }
    }
}