{
    "header": {
        "seq": 40659,
        "stamp": {
            "secs": 1675626276,
            "nsecs": 526820935
        },
        "frame_id": "atracsys"
    },
    "pose": {
        "position": {
            "x": 0.2651984252929688,
            "y": 0.13629319763183595,
            "z": 0.895275146484375
        },
        "orientation": {
            "x": 0.01330906625311292,
            "y": 0.040065980529677775,
            "z": -0.030508608546344133,
            "w": 0.9986424839572128
        }
    }
}