{
    "header": {
        "seq": 26904,
        "stamp": {
            "secs": 1675626138,
            "nsecs": 179944946
        },
        "frame_id": "atracsys"
    },
    "pose": {
        "position": {
            "x": 0.2650000915527344,
            "y": 0.13619468688964845,
            "z": 0.8953347778320313
        },
        "orientation": {
            "x": 0.013219480497870705,
            "y": 0.040527635020354016,
            "z": -0.029896313966659982,
            "w": 0.9986435633128721
        }
    }
}