{
    "header": {
        "seq": 25518,
        "stamp": {
            "secs": 1675626124,
            "nsecs": 236605984
        },
        "frame_id": "atracsys"
    },
    "pose": {
        "position": {
            "x": 0.2649400634765625,
            "y": 0.13615029907226564,
            "z": 0.8953765258789063
        },
        "orientation": {
            "x": 0.013090063930100601,
            "y": 0.04063208287193659,
            "z": -0.030149900739396718,
            "w": 0.9986333999787903
        }
    }
}