{
    "header": {
        "seq": 22066,
        "stamp": {
            "secs": 1675626089,
            "nsecs": 520012411
        },
        "frame_id": "atracsys"
    },
    "pose": {
        "position": {
            "x": 0.2649903869628906,
            "y": 0.13614717102050783,
            "z": 0.8953638916015625
        },
        "orientation": {
            "x": 0.01315823790553642,
            "y": 0.04058276382559853,
            "z": -0.029972628079539293,
            "w": 0.9986398458010288
        }
    }
}