{
    "header": {
        "seq": 17705,
        "stamp": {
            "secs": 1675626045,
            "nsecs": 657048056
        },
        "frame_id": "atracsys"
    },
    "pose": {
        "position": {
            "x": 0.26499118041992187,
            "y": 0.13613638305664064,
            "z": 0.8953622436523437
        },
        "orientation": {
            "x": 0.013151158239226345,
            "y": 0.04059836903287071,
            "z": -0.029936729076794656,
            "w": 0.9986403815793854
        }
    }
}