{
    "header": {
        "seq": 37936,
        "stamp": {
            "secs": 1675626249,
            "nsecs": 141608479
        },
        "frame_id": "atracsys"
    },
    "pose": {
        "position": {
            "x": 0.2651589050292969,
            "y": 0.13625222778320312,
            "z": 0.8952947998046875
        },
        "orientation": {
            "x": 0.013178685734251667,
            "y": 0.04012196417603756,
            "z": -0.03076566714445451,
            "w": 0.9986340791091256
        }
    }
}