{
    "header": {
        "seq": 32197,
        "stamp": {
            "secs": 1675626191,
            "nsecs": 419002200
        },
        "frame_id": "atracsys"
    },
    "pose": {
        "position": {
            "x": 0.26499530029296875,
            "y": 0.1362772216796875,
            "z": 0.8953612060546875
        },
        "orientation": {
            "x": 0.013047726105270533,
            "y": 0.040472653299111885,
            "z": -0.030348550269670715,
            "w": 0.9986344109207038
        }
    }
}