{
    "header": {
        "seq": 37457,
        "stamp": {
            "secs": 1675626244,
            "nsecs": 323703665
        },
        "frame_id": "atracsys"
    },
    "pose": {
        "position": {
            "x": 0.2652626647949219,
            "y": 0.13623373413085937,
            "z": 0.8952667846679687
        },
        "orientation": {
            "x": 0.013390342058243607,
            "y": 0.03995158726722611,
            "z": -0.030257123840271783,
            "w": 0.9986536315816946
        }
    }
}