{
    "header": {
        "seq": 38680,
        "stamp": {
            "secs": 1675626256,
            "nsecs": 622266901
        },
        "frame_id": "atracsys"
    },
    "pose": {
        "position": {
            "x": 0.26535653686523436,
            "y": 0.13627195739746095,
            "z": 0.8952472534179687
        },
        "orientation": {
            "x": 0.013374635760723322,
            "y": 0.03977973200024284,
            "z": -0.029802422423563762,
            "w": 0.9986743751884016
        }
    }
}