{
    "header": {
        "seq": 20471,
        "stamp": {
            "secs": 1675626073,
            "nsecs": 472199179
        },
        "frame_id": "atracsys"
    },
    "pose": {
        "position": {
            "x": 0.2650177612304688,
            "y": 0.1361717987060547,
            "z": 0.895344970703125
        },
        "orientation": {
            "x": 0.013188188972817677,
            "y": 0.0405836669165542,
            "z": -0.029910841662902185,
            "w": 0.9986412665227891
        }
    }
}