{
    "header": {
        "seq": 43443,
        "stamp": {
            "secs": 1675626308,
            "nsecs": 494108151
        },
        "frame_id": "atracsys"
    },
    "pose": {
        "position": {
            "x": 0.2653547058105469,
            "y": 0.13547450256347657,
            "z": 0.8955342407226563
        },
        "orientation": {
            "x": 0.012239957131453323,
            "y": 0.04008916901599603,
            "z": -0.02991641147707743,
            "w": 0.9986731448784237
        }
    }
}