{
    "header": {
        "seq": 40859,
        "stamp": {
            "secs": 1675626278,
            "nsecs": 538770664
        },
        "frame_id": "atracsys"
    },
    "pose": {
        "position": {
            "x": 0.26523651123046876,
            "y": 0.13626998901367188,
            "z": 0.8952750854492187
        },
        "orientation": {
            "x": 0.013295208465011824,
            "y": 0.04002283859380534,
            "z": -0.030358535285204602,
            "w": 0.998648971940643
        }
    }
}