{
    "header": {
        "seq": 31044,
        "stamp": {
            "secs": 1675626179,
            "nsecs": 821952542
        },
        "frame_id": "atracsys"
    },
    "pose": {
        "position": {
            "x": 0.26510745239257816,
            "y": 0.1362787322998047,
            "z": 0.8953297729492188
        },
        "orientation": {
            "x": 0.013141775528899752,
            "y": 0.040337373811440196,
            "z": -0.02994528289497448,
            "w": 0.9986508248843957
        }
    }
}