{
    "header": {
        "seq": 21921,
        "stamp": {
            "secs": 1675626088,
            "nsecs": 60431749
        },
        "frame_id": "atracsys"
    },
    "pose": {
        "position": {
            "x": 0.26495736694335936,
            "y": 0.13616278076171875,
            "z": 0.89535107421875
        },
        "orientation": {
            "x": 0.01321162030303249,
            "y": 0.040625356537044466,
            "z": -0.030094645552849755,
            "w": 0.9986337395683439
        }
    }
}