{
    "header": {
        "seq": 44790,
        "stamp": {
            "secs": 1675626322,
            "nsecs": 40373891
        },
        "frame_id": "atracsys"
    },
    "pose": {
        "position": {
            "x": 0.2654134826660156,
            "y": 0.13561175537109374,
            "z": 0.8954403076171875
        },
        "orientation": {
            "x": 0.012603124029063157,
            "y": 0.03999122633956628,
            "z": -0.029662835155339566,
            "w": 0.9986801186021043
        }
    }
}