{
    "header": {
        "seq": 24106,
        "stamp": {
            "secs": 1675626110,
            "nsecs": 36545763
        },
        "frame_id": "atracsys"
    },
    "pose": {
        "position": {
            "x": 0.26492947387695315,
            "y": 0.1361337890625,
            "z": 0.8953880615234375
        },
        "orientation": {
            "x": 0.013020096260962897,
            "y": 0.04068807931313519,
            "z": -0.030203119547848566,
            "w": 0.9986304265666762
        }
    }
}