{
    "header": {
        "seq": 27393,
        "stamp": {
            "secs": 1675626143,
            "nsecs": 99412390
        },
        "frame_id": "atracsys"
    },
    "pose": {
        "position": {
            "x": 0.26501165771484375,
            "y": 0.1361741943359375,
            "z": 0.8953590698242188
        },
        "orientation": {
            "x": 0.013144841713814344,
            "y": 0.040586214878211666,
            "z": -0.02990496865016164,
            "w": 0.9986419103703846
        }
    }
}