{
    "header": {
        "seq": 31989,
        "stamp": {
            "secs": 1675626189,
            "nsecs": 326468160
        },
        "frame_id": "atracsys"
    },
    "pose": {
        "position": {
            "x": 0.26502142333984374,
            "y": 0.13627110290527344,
            "z": 0.8953541870117188
        },
        "orientation": {
            "x": 0.013036284575408043,
            "y": 0.04046101546944749,
            "z": -0.030277374985857333,
            "w": 0.998637192415552
        }
    }
}