{
    "header": {
        "seq": 40966,
        "stamp": {
            "secs": 1675626279,
            "nsecs": 616382180
        },
        "frame_id": "atracsys"
    },
    "pose": {
        "position": {
            "x": 0.2652254028320313,
            "y": 0.1362958526611328,
            "z": 0.8952802124023438
        },
        "orientation": {
            "x": 0.013261894606935271,
            "y": 0.040028398588617196,
            "z": -0.030416371349751795,
            "w": 0.998647432186044
        }
    }
}