{
    "header": {
        "seq": 37229,
        "stamp": {
            "secs": 1675626242,
            "nsecs": 31280340
        },
        "frame_id": "atracsys"
    },
    "pose": {
        "position": {
            "x": 0.26523690795898436,
            "y": 0.1362331237792969,
            "z": 0.8952864990234375
        },
        "orientation": {
            "x": 0.013268934642121566,
            "y": 0.040012724308874995,
            "z": -0.03039951166188957,
            "w": 0.9986484801758644
        }
    }
}