{
    "header": {
        "seq": 43114,
        "stamp": {
            "secs": 1675626305,
            "nsecs": 186607039
        },
        "frame_id": "atracsys"
    },
    "pose": {
        "position": {
            "x": 0.26537887573242186,
            "y": 0.13550379943847657,
            "z": 0.8955187377929688
        },
        "orientation": {
            "x": 0.012321411694459872,
            "y": 0.040034444594869247,
            "z": -0.029816390683512425,
            "w": 0.9986773297248938
        }
    }
}