{
    "header": {
        "seq": 21173,
        "stamp": {
            "secs": 1675626080,
            "nsecs": 534883247
        },
        "frame_id": "atracsys"
    },
    "pose": {
        "position": {
            "x": 0.2650474548339844,
            "y": 0.13613265991210938,
            "z": 0.8953695068359375
        },
        "orientation": {
            "x": 0.013124170159205282,
            "y": 0.04053750672852086,
            "z": -0.029708618852392062,
            "w": 0.9986500211143796
        }
    }
}