{
    "header": {
        "seq": 27990,
        "stamp": {
            "secs": 1675626149,
            "nsecs": 102415919
        },
        "frame_id": "atracsys"
    },
    "pose": {
        "position": {
            "x": 0.2649969482421875,
            "y": 0.13616673278808594,
            "z": 0.8953486938476563
        },
        "orientation": {
            "x": 0.013207297623270846,
            "y": 0.040589495506846554,
            "z": -0.02991888665932172,
            "w": 0.9986405361114964
        }
    }
}