{
    "header": {
        "seq": 22351,
        "stamp": {
            "secs": 1675626092,
            "nsecs": 385796192
        },
        "frame_id": "atracsys"
    },
    "pose": {
        "position": {
            "x": 0.2649881591796875,
            "y": 0.1361505126953125,
            "z": 0.895357421875
        },
        "orientation": {
            "x": 0.013178498140124246,
            "y": 0.04060043141939654,
            "z": -0.03000145594415206,
            "w": 0.9986379948692924
        }
    }
}