{
    "header": {
        "seq": 43570,
        "stamp": {
            "secs": 1675626309,
            "nsecs": 771721539
        },
        "frame_id": "atracsys"
    },
    "pose": {
        "position": {
            "x": 0.26545709228515624,
            "y": 0.13552825927734374,
            "z": 0.8954872436523438
        },
        "orientation": {
            "x": 0.012377433272693417,
            "y": 0.03991650951471919,
            "z": -0.029504300951603408,
            "w": 0.9986906265901861
        }
    }
}