{
    "header": {
        "seq": 37513,
        "stamp": {
            "secs": 1675626244,
            "nsecs": 884874336
        },
        "frame_id": "atracsys"
    },
    "pose": {
        "position": {
            "x": 0.26525723266601564,
            "y": 0.13623248291015624,
            "z": 0.8952774658203125
        },
        "orientation": {
            "x": 0.013333441619100368,
            "y": 0.03999079668255851,
            "z": -0.030312350584656245,
            "w": 0.9986511487588232
        }
    }
}