{
    "header": {
        "seq": 37863,
        "stamp": {
            "secs": 1675626248,
            "nsecs": 407275407
        },
        "frame_id": "atracsys"
    },
    "pose": {
        "position": {
            "x": 0.26522918701171877,
            "y": 0.13625434875488282,
            "z": 0.8952824096679688
        },
        "orientation": {
            "x": 0.013307469966296783,
            "y": 0.03998632673312478,
            "z": -0.030380497812361316,
            "w": 0.9986496033495237
        }
    }
}