{
    "header": {
        "seq": 38073,
        "stamp": {
            "secs": 1675626250,
            "nsecs": 517833267
        },
        "frame_id": "atracsys"
    },
    "pose": {
        "position": {
            "x": 0.26521670532226566,
            "y": 0.13624237060546876,
            "z": 0.8952933959960938
        },
        "orientation": {
            "x": 0.013224500358911505,
            "y": 0.04003023442934256,
            "z": -0.030467082424481064,
            "w": 0.9986463086650492
        }
    }
}