{
    "header": {
        "seq": 36818,
        "stamp": {
            "secs": 1675626237,
            "nsecs": 896942830
        },
        "frame_id": "atracsys"
    },
    "pose": {
        "position": {
            "x": 0.26526483154296876,
            "y": 0.1362288360595703,
            "z": 0.8952926635742188
        },
        "orientation": {
            "x": 0.01314514432192857,
            "y": 0.039987365840632456,
            "z": -0.030401010432461645,
            "w": 0.9986510873766515
        }
    }
}