{
    "header": {
        "seq": 21794,
        "stamp": {
            "secs": 1675626086,
            "nsecs": 782676308
        },
        "frame_id": "atracsys"
    },
    "pose": {
        "position": {
            "x": 0.2649771423339844,
            "y": 0.13614637756347656,
            "z": 0.8953609619140626
        },
        "orientation": {
            "x": 0.013184006560150218,
            "y": 0.040619248324471405,
            "z": -0.03006833638252958,
            "w": 0.9986351454779488
        }
    }
}