{
    "header": {
        "seq": 32429,
        "stamp": {
            "secs": 1675626193,
            "nsecs": 753358042
        },
        "frame_id": "atracsys"
    },
    "pose": {
        "position": {
            "x": 0.2649684448242188,
            "y": 0.1362931365966797,
            "z": 0.8953887329101563
        },
        "orientation": {
            "x": 0.012882540083227296,
            "y": 0.0405699200881527,
            "z": -0.030505266191385542,
            "w": 0.9986278338198058
        }
    }
}