{
    "header": {
        "seq": 45034,
        "stamp": {
            "secs": 1675626324,
            "nsecs": 494242100
        },
        "frame_id": "atracsys"
    },
    "pose": {
        "position": {
            "x": 0.2653763122558594,
            "y": 0.13556820678710937,
            "z": 0.8954814453125001
        },
        "orientation": {
            "x": 0.01238556145443031,
            "y": 0.040076447337162334,
            "z": -0.02975371418444534,
            "w": 0.99867672083038
        }
    }
}