{
    "header": {
        "seq": 44385,
        "stamp": {
            "secs": 1675626317,
            "nsecs": 965827363
        },
        "frame_id": "atracsys"
    },
    "pose": {
        "position": {
            "x": 0.2654692993164063,
            "y": 0.13557609558105468,
            "z": 0.8954857788085938
        },
        "orientation": {
            "x": 0.01242297872655991,
            "y": 0.03990145111869525,
            "z": -0.02964610587038988,
            "w": 0.9986864634132694
        }
    }
}