{
    "header": {
        "seq": 20757,
        "stamp": {
            "secs": 1675626076,
            "nsecs": 349877968
        },
        "frame_id": "atracsys"
    },
    "pose": {
        "position": {
            "x": 0.26501553344726564,
            "y": 0.1361691436767578,
            "z": 0.8953475341796875
        },
        "orientation": {
            "x": 0.01314319789727569,
            "y": 0.04054437388465142,
            "z": -0.029851206696875535,
            "w": 0.9986452400898305
        }
    }
}