{
    "header": {
        "seq": 27531,
        "stamp": {
            "secs": 1675626144,
            "nsecs": 484486014
        },
        "frame_id": "atracsys"
    },
    "pose": {
        "position": {
            "x": 0.2649871520996094,
            "y": 0.1361834716796875,
            "z": 0.8953479614257812
        },
        "orientation": {
            "x": 0.01321586790649973,
            "y": 0.04059274650275347,
            "z": -0.029999069583808716,
            "w": 0.9986378851169962
        }
    }
}