{
    "header": {
        "seq": 25667,
        "stamp": {
            "secs": 1675626125,
            "nsecs": 735139275
        },
        "frame_id": "atracsys"
    },
    "pose": {
        "position": {
            "x": 0.2649571533203125,
            "y": 0.13615512084960937,
            "z": 0.8953895263671875
        },
        "orientation": {
            "x": 0.013007682682492697,
            "y": 0.040654045449873805,
            "z": -0.03011492735428975,
            "w": 0.9986346378582295
        }
    }
}