{
    "header": {
        "seq": 26852,
        "stamp": {
            "secs": 1675626137,
            "nsecs": 657556997
        },
        "frame_id": "atracsys"
    },
    "pose": {
        "position": {
            "x": 0.26499682617187503,
            "y": 0.13619145202636718,
            "z": 0.8953285522460938
        },
        "orientation": {
            "x": 0.013294432961732631,
            "y": 0.04057123629816326,
            "z": -0.029904346871937673,
            "w": 0.9986405573957166
        }
    }
}