{
    "header": {
        "seq": 33829,
        "stamp": {
            "secs": 1675626207,
            "nsecs": 834000536
        },
        "frame_id": "atracsys"
    },
    "pose": {
        "position": {
            "x": 0.2649434814453125,
            "y": 0.13625515747070313,
            "z": 0.8953289794921875
        },
        "orientation": {
            "x": 0.013284427973540914,
            "y": 0.040550706911591135,
            "z": -0.03060719898390854,
            "w": 0.9986202298735718
        }
    }
}