{
    "header": {
        "seq": 39678,
        "stamp": {
            "secs": 1675626266,
            "nsecs": 658160016
        },
        "frame_id": "atracsys"
    },
    "pose": {
        "position": {
            "x": 0.2652556762695313,
            "y": 0.13628189086914064,
            "z": 0.8952658081054687
        },
        "orientation": {
            "x": 0.013359039648084528,
            "y": 0.03996380120429369,
            "z": -0.030303389732639126,
            "w": 0.9986521592745377
        }
    }
}