{
    "header": {
        "seq": 31639,
        "stamp": {
            "secs": 1675626185,
            "nsecs": 807066383
        },
        "frame_id": "atracsys"
    },
    "pose": {
        "position": {
            "x": 0.26499758911132815,
            "y": 0.13628044128417968,
            "z": 0.8953473510742188
        },
        "orientation": {
            "x": 0.013052941266542682,
            "y": 0.04048793172348996,
            "z": -0.03039281647530483,
            "w": 0.9986323772118271
        }
    }
}