{
    "header": {
        "seq": 44626,
        "stamp": {
            "secs": 1675626320,
            "nsecs": 392617982
        },
        "frame_id": "atracsys"
    },
    "pose": {
        "position": {
            "x": 0.26542718505859375,
            "y": 0.13561491394042968,
            "z": 0.8954562377929688
        },
        "orientation": {
            "x": 0.012550697767015008,
            "y": 0.03994024023682363,
            "z": -0.029661760504027374,
            "w": 0.9986828511390328
        }
    }
}