{
    "header": {
        "seq": 15426,
        "stamp": {
            "secs": 1675626022,
            "nsecs": 731686409
        },
        "frame_id": "atracsys"
    },
    "pose": {
        "position": {
            "x": 0.2649627990722656,
            "y": 0.13612919616699218,
            "z": 0.89535546875
        },
        "orientation": {
            "x": 0.013186090227862624,
            "y": 0.04065247851581076,
            "z": -0.030040953232047928,
            "w": 0.9986345898995959
        }
    }
}