{
    "header": {
        "seq": 39032,
        "stamp": {
            "secs": 1675626260,
            "nsecs": 159594827
        },
        "frame_id": "atracsys"
    },
    "pose": {
        "position": {
            "x": 0.26529751586914063,
            "y": 0.13625625610351563,
            "z": 0.8952940673828125
        },
        "orientation": {
            "x": 0.013215193934268099,
            "y": 0.03991234566013364,
            "z": -0.030081113306936056,
            "w": 0.9986628509839549
        }
    }
}