{
    "header": {
        "seq": 38329,
        "stamp": {
            "secs": 1675626253,
            "nsecs": 93854197
        },
        "frame_id": "atracsys"
    },
    "pose": {
        "position": {
            "x": 0.26525732421875,
            "y": 0.13624200439453124,
            "z": 0.8952796020507813
        },
        "orientation": {
            "x": 0.013322214900798013,
            "y": 0.03998134496194569,
            "z": -0.030315346573383885,
            "w": 0.9986515860936218
        }
    }
}