{
    "header": {
        "seq": 42899,
        "stamp": {
            "secs": 1675626303,
            "nsecs": 22432388
        },
        "frame_id": "atracsys"
    },
    "pose": {
        "position": {
            "x": 0.26539959716796874,
            "y": 0.13549378967285156,
            "z": 0.89551318359375
        },
        "orientation": {
            "x": 0.012319282140766026,
            "y": 0.039977738269577116,
            "z": -0.029803497122267632,
            "w": 0.998680012461283
        }
    }
}