{
    "header": {
        "seq": 38934,
        "stamp": {
            "secs": 1675626259,
            "nsecs": 174548625
        },
        "frame_id": "atracsys"
    },
    "pose": {
        "position": {
            "x": 0.2652655334472656,
            "y": 0.13625520324707033,
            "z": 0.8952794189453125
        },
        "orientation": {
            "x": 0.013249035205240364,
            "y": 0.039933625987765266,
            "z": -0.030273779606130004,
            "w": 0.9986557298939205
        }
    }
}