{
    "header": {
        "seq": 9353,
        "stamp": {
            "secs": 1675625961,
            "nsecs": 641695086
        },
        "frame_id": "atracsys"
    },
    "pose": {
        "position": {
            "x": 0.26455618286132815,
            "y": 0.13694200134277343,
            "z": 0.8952391357421875
        },
        "orientation": {
            "x": 0.013664221902492113,
            "y": 0.04096408546704752,
            "z": -0.031427976368571246,
            "w": 0.998572738984509
        }
    }
}