{
    "header": {
        "seq": 39922,
        "stamp": {
            "secs": 1675626269,
            "nsecs": 111936111
        },
        "frame_id": "atracsys"
    },
    "pose": {
        "position": {
            "x": 0.26519097900390626,
            "y": 0.13625173950195313,
            "z": 0.8952921752929688
        },
        "orientation": {
            "x": 0.013279574237605937,
            "y": 0.04007254701153502,
            "z": -0.03059104912690459,
            "w": 0.9986400911226184
        }
    }
}