{
    "header": {
        "seq": 43876,
        "stamp": {
            "secs": 1675626312,
            "nsecs": 846364941
        },
        "frame_id": "atracsys"
    },
    "pose": {
        "position": {
            "x": 0.2654561462402344,
            "y": 0.13552127075195314,
            "z": 0.8954759521484376
        },
        "orientation": {
            "x": 0.01244608722930164,
            "y": 0.03991019754938585,
            "z": -0.029608395956647635,
            "w": 0.9986869449097269
        }
    }
}