{
    "header": {
        "seq": 24081,
        "stamp": {
            "secs": 1675626109,
            "nsecs": 785796087
        },
        "frame_id": "atracsys"
    },
    "pose": {
        "position": {
            "x": 0.2649435119628906,
            "y": 0.1361427917480469,
            "z": 0.8953878173828125
        },
        "orientation": {
            "x": 0.012945621080833376,
            "y": 0.04065731309797915,
            "z": -0.030125301561681136,
            "w": 0.9986349983814419
        }
    }
}