{
    "header": {
        "seq": 34112,
        "stamp": {
            "secs": 1675626210,
            "nsecs": 678869090
        },
        "frame_id": "atracsys"
    },
    "pose": {
        "position": {
            "x": 0.26500198364257815,
            "y": 0.13625456237792968,
            "z": 0.8953175659179687
        },
        "orientation": {
            "x": 0.01331918489493893,
            "y": 0.04049645545728597,
            "z": -0.030347252312433966,
            "w": 0.9986299017585123
        }
    }
}