{
    "header": {
        "seq": 16652,
        "stamp": {
            "secs": 1675626035,
            "nsecs": 66065947
        },
        "frame_id": "atracsys"
    },
    "pose": {
        "position": {
            "x": 0.2649908752441406,
            "y": 0.1361425018310547,
            "z": 0.8953762817382813
        },
        "orientation": {
            "x": 0.013079427826806687,
            "y": 0.04057758568620432,
            "z": -0.02994019522561406,
            "w": 0.9986420644141994
        }
    }
}