{
    "header": {
        "seq": 33248,
        "stamp": {
            "secs": 1675626201,
            "nsecs": 992179102
        },
        "frame_id": "atracsys"
    },
    "pose": {
        "position": {
            "x": 0.2649752807617188,
            "y": 0.13625128173828124,
            "z": 0.8953327026367187
        },
        "orientation": {
            "x": 0.013234779053907391,
            "y": 0.040497163969090255,
            "z": -0.03043926210961559,
            "w": 0.998628194903427
        }
    }
}