{
    "header": {
        "seq": 19685,
        "stamp": {
            "secs": 1675626065,
            "nsecs": 567619697
        },
        "frame_id": "atracsys"
    },
    "pose": {
        "position": {
            "x": 0.2650799560546875,
            "y": 0.1361742401123047,
            "z": 0.8953226928710938
        },
        "orientation": {
            "x": 0.01332619089955909,
            "y": 0.04045585619436726,
            "z": -0.029559701256738416,
            "w": 0.998655075788083
        }
    }
}