{
    "header": {
        "seq": 40734,
        "stamp": {
            "secs": 1675626277,
            "nsecs": 282056974
        },
        "frame_id": "atracsys"
    },
    "pose": {
        "position": {
            "x": 0.2652371826171875,
            "y": 0.13629254150390624,
            "z": 0.895272216796875
        },
        "orientation": {
            "x": 0.013275189499304969,
            "y": 0.04002484819271443,
            "z": -0.03034275964502743,
            "w": 0.9986496371641218
        }
    }
}