{
    "header": {
        "seq": 45099,
        "stamp": {
            "secs": 1675626325,
            "nsecs": 147895901
        },
        "frame_id": "atracsys"
    },
    "pose": {
        "position": {
            "x": 0.26537957763671877,
            "y": 0.13556195068359375,
            "z": 0.8954862060546875
        },
        "orientation": {
            "x": 0.012430455262850032,
            "y": 0.040057643374332076,
            "z": -0.029748168460983257,
            "w": 0.9986770826761121
        }
    }
}