{
    "header": {
        "seq": 30261,
        "stamp": {
            "secs": 1675626171,
            "nsecs": 947304347
        },
        "frame_id": "atracsys"
    },
    "pose": {
        "position": {
            "x": 0.26487432861328125,
            "y": 0.13641354370117187,
            "z": 0.8953099365234375
        },
        "orientation": {
            "x": 0.01333409476930562,
            "y": 0.040647247447641956,
            "z": -0.03035615487564029,
            "w": 0.9986233058830439
        }
    }
}