{
    "header": {
        "seq": 20184,
        "stamp": {
            "secs": 1675626070,
            "nsecs": 585559115
        },
        "frame_id": "atracsys"
    },
    "pose": {
        "position": {
            "x": 0.2650215759277344,
            "y": 0.13617745971679687,
            "z": 0.8953457031250001
        },
        "orientation": {
            "x": 0.013150397080974303,
            "y": 0.04055208127932821,
            "z": -0.02987268534981168,
            "w": 0.9986441901050236
        }
    }
}