{
    "header": {
        "seq": 25431,
        "stamp": {
            "secs": 1675626123,
            "nsecs": 361977153
        },
        "frame_id": "atracsys"
    },
    "pose": {
        "position": {
            "x": 0.2649567260742188,
            "y": 0.1361388702392578,
            "z": 0.8953903808593751
        },
        "orientation": {
            "x": 0.0130608412906697,
            "y": 0.0405840182068367,
            "z": -0.03004179782071497,
            "w": 0.9986389949699874
        }
    }
}