{
    "header": {
        "seq": 18864,
        "stamp": {
            "secs": 1675626057,
            "nsecs": 311023007
        },
        "frame_id": "atracsys"
    },
    "pose": {
        "position": {
            "x": 0.26502035522460937,
            "y": 0.136164794921875,
            "z": 0.8953402099609375
        },
        "orientation": {
            "x": 0.013227307432956272,
            "y": 0.0405770990221483,
            "z": -0.029874239404030962,
            "w": 0.9986421116661621
        }
    }
}