{
    "header": {
        "seq": 38217,
        "stamp": {
            "secs": 1675626251,
            "nsecs": 965601151
        },
        "frame_id": "atracsys"
    },
    "pose": {
        "position": {
            "x": 0.2651937866210938,
            "y": 0.13625181579589843,
            "z": 0.8952972412109376
        },
        "orientation": {
            "x": 0.013166995084909169,
            "y": 0.040090027636687425,
            "z": -0.03065987800786221,
            "w": 0.9986387694281986
        }
    }
}