{
    "header": {
        "seq": 36177,
        "stamp": {
            "secs": 1675626231,
            "nsecs": 452010883
        },
        "frame_id": "atracsys"
    },
    "pose": {
        "position": {
            "x": 0.26526812744140627,
            "y": 0.13622627258300782,
            "z": 0.8952882080078125
        },
        "orientation": {
            "x": 0.013219170773925643,
            "y": 0.03996879405484652,
            "z": -0.030281159919478336,
            "w": 0.9986544949980359
        }
    }
}