{
    "header": {
        "seq": 23705,
        "stamp": {
            "secs": 1675626106,
            "nsecs": 3668870
        },
        "frame_id": "atracsys"
    },
    "pose": {
        "position": {
            "x": 0.26497134399414063,
            "y": 0.13614451599121094,
            "z": 0.895368408203125
        },
        "orientation": {
            "x": 0.013166042280927562,
            "y": 0.04063641344811457,
            "z": -0.030046396985449628,
            "w": 0.9986353444881286
        }
    }
}