{
    "header": {
        "seq": 37403,
        "stamp": {
            "secs": 1675626243,
            "nsecs": 780400589
        },
        "frame_id": "atracsys"
    },
    "pose": {
        "position": {
            "x": 0.26519400024414064,
            "y": 0.13624620056152345,
            "z": 0.8952765502929688
        },
        "orientation": {
            "x": 0.01322321096997192,
            "y": 0.040063937218505055,
            "z": -0.03068586437416147,
            "w": 0.9986382755301372
        }
    }
}