{
    "header": {
        "seq": 32042,
        "stamp": {
            "secs": 1675626189,
            "nsecs": 860829483
        },
        "frame_id": "atracsys"
    },
    "pose": {
        "position": {
            "x": 0.26501589965820316,
            "y": 0.13627503967285157,
            "z": 0.89535693359375
        },
        "orientation": {
            "x": 0.012993037507758435,
            "y": 0.04051501498099828,
            "z": -0.03036806765535655,
            "w": 0.9986328129018649
        }
    }
}