{
    "header": {
        "seq": 16764,
        "stamp": {
            "secs": 1675626036,
            "nsecs": 191371179
        },
        "frame_id": "atracsys"
    },
    "pose": {
        "position": {
            "x": 0.2649993896484375,
            "y": 0.1361337432861328,
            "z": 0.8953836059570313
        },
        "orientation": {
            "x": 0.013053010457922993,
            "y": 0.04059845229728893,
            "z": -0.029927128379118432,
            "w": 0.9986419536430612
        }
    }
}