{
    "header": {
        "seq": 37379,
        "stamp": {
            "secs": 1675626243,
            "nsecs": 538605713
        },
        "frame_id": "atracsys"
    },
    "pose": {
        "position": {
            "x": 0.26523968505859374,
            "y": 0.13625181579589843,
            "z": 0.8952677612304688
        },
        "orientation": {
            "x": 0.013334222475025954,
            "y": 0.0399875469999788,
            "z": -0.030384283239787258,
            "w": 0.9986490824748779
        }
    }
}