{
    "header": {
        "seq": 37113,
        "stamp": {
            "secs": 1675626240,
            "nsecs": 863972554
        },
        "frame_id": "atracsys"
    },
    "pose": {
        "position": {
            "x": 0.26525494384765624,
            "y": 0.13623686218261719,
            "z": 0.89528369140625
        },
        "orientation": {
            "x": 0.013282556224529299,
            "y": 0.04001097314974445,
            "z": -0.03037019347365483,
            "w": 0.9986492612905321
        }
    }
}