{
    "header": {
        "seq": 19630,
        "stamp": {
            "secs": 1675626065,
            "nsecs": 15378765
        },
        "frame_id": "atracsys"
    },
    "pose": {
        "position": {
            "x": 0.2650280456542969,
            "y": 0.13618353271484376,
            "z": 0.895350341796875
        },
        "orientation": {
            "x": 0.013107445615296563,
            "y": 0.04053534559729453,
            "z": -0.029768784786910443,
            "w": 0.9986485368131576
        }
    }
}