{
    "header": {
        "seq": 26688,
        "stamp": {
            "secs": 1675626136,
            "nsecs": 6791824
        },
        "frame_id": "atracsys"
    },
    "pose": {
        "position": {
            "x": 0.2650142211914063,
            "y": 0.1361942138671875,
            "z": 0.8953450317382813
        },
        "orientation": {
            "x": 0.013161531254263097,
            "y": 0.04056916060997821,
            "z": -0.029855846791848523,
            "w": 0.9986438532904445
        }
    }
}