{
    "header": {
        "seq": 40528,
        "stamp": {
            "secs": 1675626275,
            "nsecs": 210383667
        },
        "frame_id": "atracsys"
    },
    "pose": {
        "position": {
            "x": 0.26518008422851563,
            "y": 0.13628384399414062,
            "z": 0.8952779541015625
        },
        "orientation": {
            "x": 0.013283656118056538,
            "y": 0.04009699035232915,
            "z": -0.030602730669893184,
            "w": 0.9986386977883285
        }
    }
}