{
    "header": {
        "seq": 24804,
        "stamp": {
            "secs": 1675626117,
            "nsecs": 57579971
        },
        "frame_id": "atracsys"
    },
    "pose": {
        "position": {
            "x": 0.2649729919433594,
            "y": 0.13615013122558595,
            "z": 0.8953810424804688
        },
        "orientation": {
            "x": 0.012995354809001101,
            "y": 0.0405922981207628,
            "z": -0.030059203983890403,
            "w": 0.9986389889957824
        }
    }
}