{
    "header": {
        "seq": 19404,
        "stamp": {
            "secs": 1675626062,
            "nsecs": 743745178
        },
        "frame_id": "atracsys"
    },
    "pose": {
        "position": {
            "x": 0.26502987670898437,
            "y": 0.13616285705566405,
            "z": 0.8953217773437501
        },
        "orientation": {
            "x": 0.013289149193645561,
            "y": 0.040545883324188944,
            "z": -0.02980453218378213,
            "w": 0.9986446413617189
        }
    }
}