{
    "header": {
        "seq": 23604,
        "stamp": {
            "secs": 1675626104,
            "nsecs": 988738529
        },
        "frame_id": "atracsys"
    },
    "pose": {
        "position": {
            "x": 0.2649768981933594,
            "y": 0.13615016174316408,
            "z": 0.8953779907226562
        },
        "orientation": {
            "x": 0.013042779323526153,
            "y": 0.04064233981798122,
            "z": -0.030074656266698762,
            "w": 0.9986358701609299
        }
    }
}