{
    "header": {
        "seq": 31794,
        "stamp": {
            "secs": 1675626187,
            "nsecs": 365296608
        },
        "frame_id": "atracsys"
    },
    "pose": {
        "position": {
            "x": 0.2650227355957031,
            "y": 0.1362766571044922,
            "z": 0.8953691406250001
        },
        "orientation": {
            "x": 0.013011312729390287,
            "y": 0.040433834195454633,
            "z": -0.030278390717572864,
            "w": 0.9986385882033934
        }
    }
}