{
    "header": {
        "seq": 23011,
        "stamp": {
            "secs": 1675626099,
            "nsecs": 21708194
        },
        "frame_id": "atracsys"
    },
    "pose": {
        "position": {
            "x": 0.2649538879394531,
            "y": 0.13615138244628908,
            "z": 0.8953455200195313
        },
        "orientation": {
            "x": 0.013157343991017317,
            "y": 0.04061795323408107,
            "z": -0.03012868320974833,
            "w": 0.9986337309655743
        }
    }
}