{
    "header": {
        "seq": 29951,
        "stamp": {
            "secs": 1675626168,
            "nsecs": 824990838
        },
        "frame_id": "atracsys"
    },
    "pose": {
        "position": {
            "x": 0.2648829650878906,
            "y": 0.13639979553222656,
            "z": 0.8953245239257813
        },
        "orientation": {
            "x": 0.013338461937908209,
            "y": 0.040635156760144946,
            "z": -0.030263135719190867,
            "w": 0.998626562877561
        }
    }
}