{
    "header": {
        "seq": 43643,
        "stamp": {
            "secs": 1675626310,
            "nsecs": 503064603
        },
        "frame_id": "atracsys"
    },
    "pose": {
        "position": {
            "x": 0.26544342041015623,
            "y": 0.13551901245117187,
            "z": 0.895499267578125
        },
        "orientation": {
            "x": 0.012343141953003794,
            "y": 0.03994597830209947,
            "z": -0.029580355581663963,
            "w": 0.9986876229471748
        }
    }
}