{
    "header": {
        "seq": 43763,
        "stamp": {
            "secs": 1675626311,
            "nsecs": 712032046
        },
        "frame_id": "atracsys"
    },
    "pose": {
        "position": {
            "x": 0.26541949462890624,
            "y": 0.1355233154296875,
            "z": 0.8954815673828125
        },
        "orientation": {
            "x": 0.012414940425603623,
            "y": 0.039972879876299675,
            "z": -0.02975954190632362,
            "w": 0.9986803331367599
        }
    }
}