{
    "header": {
        "seq": 35313,
        "stamp": {
            "secs": 1675626222,
            "nsecs": 759433056
        },
        "frame_id": "atracsys"
    },
    "pose": {
        "position": {
            "x": 0.26526498413085936,
            "y": 0.1361901397705078,
            "z": 0.89527294921875
        },
        "orientation": {
            "x": 0.013302655385323454,
            "y": 0.039968794518542475,
            "z": -0.03028354476292925,
            "w": 0.9986533140890415
        }
    }
}