{
    "header": {
        "seq": 34136,
        "stamp": {
            "secs": 1675626210,
            "nsecs": 920697301
        },
        "frame_id": "atracsys"
    },
    "pose": {
        "position": {
            "x": 0.2649999084472656,
            "y": 0.13625697326660158,
            "z": 0.8953251953125
        },
        "orientation": {
            "x": 0.013245305166071236,
            "y": 0.04051402742945044,
            "z": -0.030380097497152328,
            "w": 0.9986291729909391
        }
    }
}