{
    "header": {
        "seq": 19373,
        "stamp": {
            "secs": 1675626062,
            "nsecs": 430283103
        },
        "frame_id": "atracsys"
    },
    "pose": {
        "position": {
            "x": 0.26503518676757815,
            "y": 0.13617620849609374,
            "z": 0.8953228759765626
        },
        "orientation": {
            "x": 0.01328256912973976,
            "y": 0.040550816586679285,
            "z": -0.029779392767364743,
            "w": 0.9986452785638524
        }
    }
}