{
    "header": {
        "seq": 39174,
        "stamp": {
            "secs": 1675626261,
            "nsecs": 589444799
        },
        "frame_id": "atracsys"
    },
    "pose": {
        "position": {
            "x": 0.2652920837402344,
            "y": 0.1362388153076172,
            "z": 0.8952909545898438
        },
        "orientation": {
            "x": 0.013196362331923376,
            "y": 0.039936745503934,
            "z": -0.03017488869999293,
            "w": 0.9986592954915614
        }
    }
}