{
    "header": {
        "seq": 39267,
        "stamp": {
            "secs": 1675626262,
            "nsecs": 523760874
        },
        "frame_id": "atracsys"
    },
    "pose": {
        "position": {
            "x": 0.2652688293457031,
            "y": 0.13624237060546876,
            "z": 0.8952850952148438
        },
        "orientation": {
            "x": 0.013292064073553475,
            "y": 0.03995340360916055,
            "z": -0.030288824636475732,
            "w": 0.9986539108594373
        }
    }
}