{
    "header": {
        "seq": 19242,
        "stamp": {
            "secs": 1675626061,
            "nsecs": 113882464
        },
        "frame_id": "atracsys"
    },
    "pose": {
        "position": {
            "x": 0.26501400756835936,
            "y": 0.13616798400878907,
            "z": 0.8953345336914063
        },
        "orientation": {
            "x": 0.013247778776717385,
            "y": 0.04057367038178241,
            "z": -0.029841431086641303,
            "w": 0.9986429605319085
        }
    }
}