{
    "header": {
        "seq": 33435,
        "stamp": {
            "secs": 1675626203,
            "nsecs": 869838633
        },
        "frame_id": "atracsys"
    },
    "pose": {
        "position": {
            "x": 0.26489547729492186,
            "y": 0.136229248046875,
            "z": 0.8953598022460938
        },
        "orientation": {
            "x": 0.013102006241445804,
            "y": 0.04060448602983633,
            "z": -0.03079987051493003,
            "w": 0.9986145307990294
        }
    }
}