{
    "header": {
        "seq": 30560,
        "stamp": {
            "secs": 1675626174,
            "nsecs": 953317048
        },
        "frame_id": "atracsys"
    },
    "pose": {
        "position": {
            "x": 0.2649172058105469,
            "y": 0.13639248657226563,
            "z": 0.8953340454101563
        },
        "orientation": {
            "x": 0.013166216447118422,
            "y": 0.04063892854436346,
            "z": -0.030289921991353344,
            "w": 0.9986278830760694
        }
    }
}