{
    "header": {
        "seq": 24216,
        "stamp": {
            "secs": 1675626111,
            "nsecs": 144020666
        },
        "frame_id": "atracsys"
    },
    "pose": {
        "position": {
            "x": 0.2649114990234375,
            "y": 0.13613894653320313,
            "z": 0.8953780517578125
        },
        "orientation": {
            "x": 0.013034181092476047,
            "y": 0.04065123513668068,
            "z": -0.030252131628552385,
            "w": 0.9986302597743769
        }
    }
}