{
    "header": {
        "seq": 34085,
        "stamp": {
            "secs": 1675626210,
            "nsecs": 407256904
        },
        "frame_id": "atracsys"
    },
    "pose": {
        "position": {
            "x": 0.2650087585449219,
            "y": 0.1362590026855469,
            "z": 0.8953264770507813
        },
        "orientation": {
            "x": 0.013261323425245318,
            "y": 0.04049633758149109,
            "z": -0.03033285180207856,
            "w": 0.9986311140982189
        }
    }
}