{
    "header": {
        "seq": 35457,
        "stamp": {
            "secs": 1675626224,
            "nsecs": 207201825
        },
        "frame_id": "atracsys"
    },
    "pose": {
        "position": {
            "x": 0.2652594909667969,
            "y": 0.13620254516601563,
            "z": 0.8952987060546875
        },
        "orientation": {
            "x": 0.013171483123258353,
            "y": 0.03998966258292613,
            "z": -0.030354857685720205,
            "w": 0.9986520522853378
        }
    }
}