{
    "header": {
        "seq": 17943,
        "stamp": {
            "secs": 1675626048,
            "nsecs": 51083336
        },
        "frame_id": "atracsys"
    },
    "pose": {
        "position": {
            "x": 0.2650113525390625,
            "y": 0.13615432739257813,
            "z": 0.8953546752929687
        },
        "orientation": {
            "x": 0.013153262066504983,
            "y": 0.04058069195179145,
            "z": -0.029863140854024358,
            "w": 0.9986432756275169
        }
    }
}