{
    "header": {
        "seq": 35223,
        "stamp": {
            "secs": 1675626221,
            "nsecs": 854971783
        },
        "frame_id": "atracsys"
    },
    "pose": {
        "position": {
            "x": 0.2652588806152344,
            "y": 0.13618292236328125,
            "z": 0.8952875366210937
        },
        "orientation": {
            "x": 0.013156857512554816,
            "y": 0.04000253698692724,
            "z": -0.030317888912432412,
            "w": 0.9986528524702152
        }
    }
}