{
    "header": {
        "seq": 43071,
        "stamp": {
            "secs": 1675626304,
            "nsecs": 753772740
        },
        "frame_id": "atracsys"
    },
    "pose": {
        "position": {
            "x": 0.265387939453125,
            "y": 0.1355074920654297,
            "z": 0.8955042724609376
        },
        "orientation": {
            "x": 0.012374560867747813,
            "y": 0.04001583634962659,
            "z": -0.029845833661429434,
            "w": 0.9986765388741364
        }
    }
}