{
    "header": {
        "seq": 37652,
        "stamp": {
            "secs": 1675626246,
            "nsecs": 281862369
        },
        "frame_id": "atracsys"
    },
    "pose": {
        "position": {
            "x": 0.2652850036621094,
            "y": 0.13624496459960939,
            "z": 0.8952803344726563
        },
        "orientation": {
            "x": 0.013289772269059827,
            "y": 0.03995227127880402,
            "z": -0.030212835128920895,
            "w": 0.9986562885027931
        }
    }
}