{
    "header": {
        "seq": 36594,
        "stamp": {
            "secs": 1675626235,
            "nsecs": 643049174
        },
        "frame_id": "atracsys"
    },
    "pose": {
        "position": {
            "x": 0.26526593017578126,
            "y": 0.1362171630859375,
            "z": 0.8952725219726563
        },
        "orientation": {
            "x": 0.013333551985729119,
            "y": 0.03996302592165981,
            "z": -0.030302394538119733,
            "w": 0.9986525611221777
        }
    }
}