{
    "header": {
        "seq": 33792,
        "stamp": {
            "secs": 1675626207,
            "nsecs": 460866196
        },
        "frame_id": "atracsys"
    },
    "pose": {
        "position": {
            "x": 0.2649549560546875,
            "y": 0.13625074768066406,
            "z": 0.895340087890625
        },
        "orientation": {
            "x": 0.013254467536352338,
            "y": 0.04053970354733666,
            "z": -0.030543888083336506,
            "w": 0.9986230131673186
        }
    }
}