{
    "header": {
        "seq": 23124,
        "stamp": {
            "secs": 1675626100,
            "nsecs": 158864464
        },
        "frame_id": "atracsys"
    },
    "pose": {
        "position": {
            "x": 0.26497515869140625,
            "y": 0.136148681640625,
            "z": 0.89535888671875
        },
        "orientation": {
            "x": 0.013133398941618753,
            "y": 0.04060784299994115,
            "z": -0.0300393356064721,
            "w": 0.998637148936216
        }
    }
}