{
    "header": {
        "seq": 43040,
        "stamp": {
            "secs": 1675626304,
            "nsecs": 440352529
        },
        "frame_id": "atracsys"
    },
    "pose": {
        "position": {
            "x": 0.265381103515625,
            "y": 0.13549705505371093,
            "z": 0.8955116577148438
        },
        "orientation": {
            "x": 0.012342972454197547,
            "y": 0.03998753071189458,
            "z": -0.029807493904974097,
            "w": 0.9986792086178952
        }
    }
}