{
    "header": {
        "seq": 20395,
        "stamp": {
            "secs": 1675626072,
            "nsecs": 707982102
        },
        "frame_id": "atracsys"
    },
    "pose": {
        "position": {
            "x": 0.26502160644531253,
            "y": 0.1361775360107422,
            "z": 0.8953350830078125
        },
        "orientation": {
            "x": 0.013205734507037567,
            "y": 0.0405754549172154,
            "z": -0.029900316493110788,
            "w": 0.9986416835422015
        }
    }
}