{
    "header": {
        "seq": 23250,
        "stamp": {
            "secs": 1675626101,
            "nsecs": 427685189
        },
        "frame_id": "atracsys"
    },
    "pose": {
        "position": {
            "x": 0.2649673767089844,
            "y": 0.13615550231933593,
            "z": 0.8953605346679687
        },
        "orientation": {
            "x": 0.013173006344869958,
            "y": 0.04061303895275163,
            "z": -0.030043420130071545,
            "w": 0.9986362930906069
        }
    }
}