{
    "header": {
        "seq": 18291,
        "stamp": {
            "secs": 1675626051,
            "nsecs": 549616083
        },
        "frame_id": "atracsys"
    },
    "pose": {
        "position": {
            "x": 0.26500494384765627,
            "y": 0.13614555358886718,
            "z": 0.8953627319335937
        },
        "orientation": {
            "x": 0.013108696705687383,
            "y": 0.04059828555622014,
            "z": -0.029899202437296043,
            "w": 0.998642067496752
        }
    }
}