{
    "header": {
        "seq": 23652,
        "stamp": {
            "secs": 1675626105,
            "nsecs": 469358344
        },
        "frame_id": "atracsys"
    },
    "pose": {
        "position": {
            "x": 0.2649707946777344,
            "y": 0.13615072631835937,
            "z": 0.895377197265625
        },
        "orientation": {
            "x": 0.013033202571765021,
            "y": 0.04061875269305591,
            "z": -0.030046731499737245,
            "w": 0.9986377954426552
        }
    }
}