{
    "header": {
        "seq": 27951,
        "stamp": {
            "secs": 1675626148,
            "nsecs": 711365256
        },
        "frame_id": "atracsys"
    },
    "pose": {
        "position": {
            "x": 0.2649930725097656,
            "y": 0.13616049194335939,
            "z": 0.8953653564453126
        },
        "orientation": {
            "x": 0.013072926433012468,
            "y": 0.04057134053920777,
            "z": -0.029869766610831665,
            "w": 0.9986445123085308
        }
    }
}