{
    "header": {
        "seq": 18676,
        "stamp": {
            "secs": 1675626055,
            "nsecs": 421369055
        },
        "frame_id": "atracsys"
    },
    "pose": {
        "position": {
            "x": 0.2649963684082031,
            "y": 0.13615892028808593,
            "z": 0.8953438720703125
        },
        "orientation": {
            "x": 0.013184164567151817,
            "y": 0.040594199654263495,
            "z": -0.029987167364836177,
            "w": 0.99863860257479
        }
    }
}