{
    "header": {
        "seq": 21856,
        "stamp": {
            "secs": 1675626087,
            "nsecs": 406571604
        },
        "frame_id": "atracsys"
    },
    "pose": {
        "position": {
            "x": 0.2649678955078125,
            "y": 0.1361462860107422,
            "z": 0.895361083984375
        },
        "orientation": {
            "x": 0.013176350103118968,
            "y": 0.040606028260106494,
            "z": -0.030059222792910137,
            "w": 0.9986360585278231
        }
    }
}