{
    "header": {
        "seq": 39527,
        "stamp": {
            "secs": 1675626265,
            "nsecs": 138725541
        },
        "frame_id": "atracsys"
    },
    "pose": {
        "position": {
            "x": 0.2652752380371094,
            "y": 0.1362609405517578,
            "z": 0.89528759765625
        },
        "orientation": {
            "x": 0.013256820907612906,
            "y": 0.039961203644268195,
            "z": -0.030264664511368198,
            "w": 0.99865479971046
        }
    }
}