{
    "header": {
        "seq": 43418,
        "stamp": {
            "secs": 1675626308,
            "nsecs": 243518070
        },
        "frame_id": "atracsys"
    },
    "pose": {
        "position": {
            "x": 0.2653243713378906,
            "y": 0.13547332763671877,
            "z": 0.8955375366210938
        },
        "orientation": {
            "x": 0.012233372790325162,
            "y": 0.04010331650611632,
            "z": -0.03001109961503283,
            "w": 0.9986698165536395
        }
    }
}