{
    "header": {
        "seq": 37140,
        "stamp": {
            "secs": 1675626241,
            "nsecs": 135608306
        },
        "frame_id": "atracsys"
    },
    "pose": {
        "position": {
            "x": 0.26524114990234376,
            "y": 0.1362355651855469,
            "z": 0.8952893676757813
        },
        "orientation": {
            "x": 0.01323104553450867,
            "y": 0.039989025416920544,
            "z": -0.030426971698900004,
            "w": 0.9986490958657616
        }
    }
}