{
    "header": {
        "seq": 21483,
        "stamp": {
            "secs": 1675626083,
            "nsecs": 654306521
        },
        "frame_id": "atracsys"
    },
    "pose": {
        "position": {
            "x": 0.2649902038574219,
            "y": 0.13612515258789062,
            "z": 0.8953693237304687
        },
        "orientation": {
            "x": 0.013157721608770444,
            "y": 0.04058480964419058,
            "z": -0.02998435778939329,
            "w": 0.9986394173455044
        }
    }
}