{
    "header": {
        "seq": 33673,
        "stamp": {
            "secs": 1675626206,
            "nsecs": 263860364
        },
        "frame_id": "atracsys"
    },
    "pose": {
        "position": {
            "x": 0.26494622802734374,
            "y": 0.1362377624511719,
            "z": 0.8953450317382813
        },
        "orientation": {
            "x": 0.013184648714454326,
            "y": 0.04054976860943468,
            "z": -0.030617935833922066,
            "w": 0.9986212611942866
        }
    }
}