{
    "header": {
        "seq": 37913,
        "stamp": {
            "secs": 1675626248,
            "nsecs": 908795326
        },
        "frame_id": "atracsys"
    },
    "pose": {
        "position": {
            "x": 0.26519351196289065,
            "y": 0.13627639770507813,
            "z": 0.8952977294921876
        },
        "orientation": {
            "x": 0.013149241938971212,
            "y": 0.04007288800946672,
            "z": -0.03057056797996967,
            "w": 0.9986424292289975
        }
    }
}