{
    "header": {
        "seq": 35693,
        "stamp": {
            "secs": 1675626226,
            "nsecs": 583300327
        },
        "frame_id": "atracsys"
    },
    "pose": {
        "position": {
            "x": 0.2652724609375,
            "y": 0.13619949340820312,
            "z": 0.8952920532226563
        },
        "orientation": {
            "x": 0.013195716246243133,
            "y": 0.039988799589882926,
            "z": -0.030344563825661468,
            "w": 0.9986520797686946
        }
    }
}