{
    "header": {
        "seq": 37091,
        "stamp": {
            "secs": 1675626240,
            "nsecs": 643056705
        },
        "frame_id": "atracsys"
    },
    "pose": {
        "position": {
            "x": 0.26525634765625,
            "y": 0.13623593139648438,
            "z": 0.895288818359375
        },
        "orientation": {
            "x": 0.013259138579023963,
            "y": 0.03999440453136995,
            "z": -0.030364722258259473,
            "w": 0.9986504025395985
        }
    }
}