{
    "header": {
        "seq": 24260,
        "stamp": {
            "secs": 1675626111,
            "nsecs": 585798392
        },
        "frame_id": "atracsys"
    },
    "pose": {
        "position": {
            "x": 0.26494833374023435,
            "y": 0.13614276123046876,
            "z": 0.8953814086914063
        },
        "orientation": {
            "x": 0.012987234834007664,
            "y": 0.04064133804321079,
            "z": -0.030110815053696983,
            "w": 0.9986355452266988
        }
    }
}