{
    "header": {
        "seq": 37207,
        "stamp": {
            "secs": 1675626241,
            "nsecs": 807359031
        },
        "frame_id": "atracsys"
    },
    "pose": {
        "position": {
            "x": 0.265200927734375,
            "y": 0.13623811340332032,
            "z": 0.8952860717773438
        },
        "orientation": {
            "x": 0.013257367336168165,
            "y": 0.04003848404764129,
            "z": -0.030595825167391007,
            "w": 0.9986416061274471
        }
    }
}