{
    "header": {
        "seq": 20313,
        "stamp": {
            "secs": 1675626071,
            "nsecs": 884128607
        },
        "frame_id": "atracsys"
    },
    "pose": {
        "position": {
            "x": 0.2649664306640625,
            "y": 0.13616973876953126,
            "z": 0.8953309936523438
        },
        "orientation": {
            "x": 0.01324717936886189,
            "y": 0.040610977161071,
            "z": -0.030066489924687453,
            "w": 0.9986347014581463
        }
    }
}