{
    "header": {
        "seq": 30791,
        "stamp": {
            "secs": 1675626177,
            "nsecs": 278690012
        },
        "frame_id": "atracsys"
    },
    "pose": {
        "position": {
            "x": 0.2650047912597656,
            "y": 0.13639810180664064,
            "z": 0.8953157958984376
        },
        "orientation": {
            "x": 0.013268227840397426,
            "y": 0.040516547385648416,
            "z": -0.03005090100307165,
            "w": 0.9986387269011879
        }
    }
}