{
    "header": {
        "seq": 18974,
        "stamp": {
            "secs": 1675626058,
            "nsecs": 418339394
        },
        "frame_id": "atracsys"
    },
    "pose": {
        "position": {
            "x": 0.26501165771484375,
            "y": 0.1361581268310547,
            "z": 0.8953312377929687
        },
        "orientation": {
            "x": 0.013304164819650188,
            "y": 0.040563075609927814,
            "z": -0.02984143467659517,
            "w": 0.998642641224556
        }
    }
}