{
    "header": {
        "seq": 35778,
        "stamp": {
            "secs": 1675626227,
            "nsecs": 437069582
        },
        "frame_id": "atracsys"
    },
    "pose": {
        "position": {
            "x": 0.26524273681640625,
            "y": 0.13619422912597656,
            "z": 0.8952954711914063
        },
        "orientation": {
            "x": 0.013200573212345993,
            "y": 0.03999781502104991,
            "z": -0.030400586974963117,
            "w": 0.9986499506693951
        }
    }
}