{
    "header": {
        "seq": 18937,
        "stamp": {
            "secs": 1675626058,
            "nsecs": 45205412
        },
        "frame_id": "atracsys"
    },
    "pose": {
        "position": {
            "x": 0.26503366088867186,
            "y": 0.1361724853515625,
            "z": 0.8953380737304688
        },
        "orientation": {
            "x": 0.01325487522575012,
            "y": 0.040552858261434406,
            "z": -0.02979728655054656,
            "w": 0.9986450298698745
        }
    }
}