{
    "header": {
        "seq": 27626,
        "stamp": {
            "secs": 1675626145,
            "nsecs": 442691597
        },
        "frame_id": "atracsys"
    },
    "pose": {
        "position": {
            "x": 0.26498138427734375,
            "y": 0.13617892456054687,
            "z": 0.895327880859375
        },
        "orientation": {
            "x": 0.0133548195626833,
            "y": 0.040558774950166805,
            "z": -0.029957050823770693,
            "w": 0.9986386782389974
        }
    }
}