{
    "header": {
        "seq": 36237,
        "stamp": {
            "secs": 1675626232,
            "nsecs": 54997069
        },
        "frame_id": "atracsys"
    },
    "pose": {
        "position": {
            "x": 0.2652266540527344,
            "y": 0.13621800231933595,
            "z": 0.8952844848632813
        },
        "orientation": {
            "x": 0.013265744428259356,
            "y": 0.03999711082699225,
            "z": -0.030470105032059887,
            "w": 0.9986469966157175
        }
    }
}