{
    "header": {
        "seq": 25879,
        "stamp": {
            "secs": 1675626127,
            "nsecs": 866482564
        },
        "frame_id": "atracsys"
    },
    "pose": {
        "position": {
            "x": 0.26495895385742185,
            "y": 0.13616943359375,
            "z": 0.8953692626953125
        },
        "orientation": {
            "x": 0.013064951936744798,
            "y": 0.040614593998386295,
            "z": -0.030107728908144792,
            "w": 0.9986357125825366
        }
    }
}