{
    "header": {
        "seq": 19038,
        "stamp": {
            "secs": 1675626059,
            "nsecs": 63110517
        },
        "frame_id": "atracsys"
    },
    "pose": {
        "position": {
            "x": 0.265042236328125,
            "y": 0.1361563720703125,
            "z": 0.8953288574218751
        },
        "orientation": {
            "x": 0.013317750975967114,
            "y": 0.04050036536985928,
            "z": -0.029642080499233302,
            "w": 0.9986509425107089
        }
    }
}