{
    "header": {
        "seq": 35619,
        "stamp": {
            "secs": 1675626225,
            "nsecs": 837052359
        },
        "frame_id": "atracsys"
    },
    "pose": {
        "position": {
            "x": 0.26524554443359377,
            "y": 0.13621092224121095,
            "z": 0.8952886352539062
        },
        "orientation": {
            "x": 0.013241253470898358,
            "y": 0.040010330727019226,
            "z": -0.030432615360848108,
            "w": 0.998647935242412
        }
    }
}