{
    "header": {
        "seq": 30737,
        "stamp": {
            "secs": 1675626176,
            "nsecs": 735390349
        },
        "frame_id": "atracsys"
    },
    "pose": {
        "position": {
            "x": 0.26498486328125,
            "y": 0.13640655517578126,
            "z": 0.8953173828125001
        },
        "orientation": {
            "x": 0.013232326084412802,
            "y": 0.040557549333325484,
            "z": -0.030040762637462245,
            "w": 0.9986378439247285
        }
    }
}