{
    "header": {
        "seq": 24409,
        "stamp": {
            "secs": 1675626113,
            "nsecs": 84341792
        },
        "frame_id": "atracsys"
    },
    "pose": {
        "position": {
            "x": 0.2649450378417969,
            "y": 0.1361440124511719,
            "z": 0.8953739013671875
        },
        "orientation": {
            "x": 0.013118748717165413,
            "y": 0.04062549652724183,
            "z": -0.030115656777094907,
            "w": 0.9986343248060799
        }
    }
}