{
    "header": {
        "seq": 24489,
        "stamp": {
            "secs": 1675626113,
            "nsecs": 887320333
        },
        "frame_id": "atracsys"
    },
    "pose": {
        "position": {
            "x": 0.2649476318359375,
            "y": 0.1361350860595703,
            "z": 0.89537060546875
        },
        "orientation": {
            "x": 0.013118288886024775,
            "y": 0.04061595877528326,
            "z": -0.030094722403018494,
            "w": 0.9986353499015307
        }
    }
}