{
    "header": {
        "seq": 18508,
        "stamp": {
            "secs": 1675626053,
            "nsecs": 731747679
        },
        "frame_id": "atracsys"
    },
    "pose": {
        "position": {
            "x": 0.26499380493164065,
            "y": 0.1361731414794922,
            "z": 0.8953446044921876
        },
        "orientation": {
            "x": 0.013206155108023147,
            "y": 0.040607572609892735,
            "z": -0.030006283158369576,
            "w": 0.9986371941225778
        }
    }
}