{
    "header": {
        "seq": 24375,
        "stamp": {
            "secs": 1675626112,
            "nsecs": 741017870
        },
        "frame_id": "atracsys"
    },
    "pose": {
        "position": {
            "x": 0.2649410705566406,
            "y": 0.13613079833984376,
            "z": 0.89539306640625
        },
        "orientation": {
            "x": 0.012936926623734427,
            "y": 0.040631698343138366,
            "z": -0.030120641772467593,
            "w": 0.9986362941324028
        }
    }
}