{
    "header": {
        "seq": 22882,
        "stamp": {
            "secs": 1675626097,
            "nsecs": 726015373
        },
        "frame_id": "atracsys"
    },
    "pose": {
        "position": {
            "x": 0.2649862365722656,
            "y": 0.13617495727539064,
            "z": 0.8953419799804687
        },
        "orientation": {
            "x": 0.013252162819529649,
            "y": 0.040557754393715305,
            "z": -0.02994700318982971,
            "w": 0.9986403885979638
        }
    }
}