{
    "header": {
        "seq": 40756,
        "stamp": {
            "secs": 1675626277,
            "nsecs": 502976955
        },
        "frame_id": "atracsys"
    },
    "pose": {
        "position": {
            "x": 0.26524127197265623,
            "y": 0.13629107666015625,
            "z": 0.8952760009765626
        },
        "orientation": {
            "x": 0.013282175972651201,
            "y": 0.040000854595995713,
            "z": -0.030320358903912093,
            "w": 0.998651185984856
        }
    }
}