{
    "header": {
        "seq": 19654,
        "stamp": {
            "secs": 1675626065,
            "nsecs": 257168396
        },
        "frame_id": "atracsys"
    },
    "pose": {
        "position": {
            "x": 0.2650556945800781,
            "y": 0.13618711853027343,
            "z": 0.8953390502929688
        },
        "orientation": {
            "x": 0.013207638587844605,
            "y": 0.04051570472267416,
            "z": -0.029655949870147996,
            "w": 0.9986513708952975
        }
    }
}