{
    "header": {
        "seq": 44767,
        "stamp": {
            "secs": 1675626321,
            "nsecs": 810533550
        },
        "frame_id": "atracsys"
    },
    "pose": {
        "position": {
            "x": 0.2654918212890625,
            "y": 0.13557743835449218,
            "z": 0.8954841308593751
        },
        "orientation": {
            "x": 0.012384600314654324,
            "y": 0.03987844434649093,
            "z": -0.02937793052258566,
            "w": 0.9986957837849123
        }
    }
}