{
    "header": {
        "seq": 39897,
        "stamp": {
            "secs": 1675626268,
            "nsecs": 861094541
        },
        "frame_id": "atracsys"
    },
    "pose": {
        "position": {
            "x": 0.26520022583007813,
            "y": 0.1362683563232422,
            "z": 0.8952909545898438
        },
        "orientation": {
            "x": 0.013248367534634344,
            "y": 0.040064361314155875,
            "z": -0.030591859589958352,
            "w": 0.9986408092187021
        }
    }
}