{
    "header": {
        "seq": 44563,
        "stamp": {
            "secs": 1675626319,
            "nsecs": 756822744
        },
        "frame_id": "atracsys"
    },
    "pose": {
        "position": {
            "x": 0.2654505920410156,
            "y": 0.13555911254882813,
            "z": 0.8954683227539063
        },
        "orientation": {
            "x": 0.012434255436861266,
            "y": 0.039959584691005544,
            "z": -0.0296492615707499,
            "w": 0.9986839050326999
        }
    }
}