{
    "header": {
        "seq": 28042,
        "stamp": {
            "secs": 1675626149,
            "nsecs": 624805830
        },
        "frame_id": "atracsys"
    },
    "pose": {
        "position": {
            "x": 0.26499490356445315,
            "y": 0.13617803955078125,
            "z": 0.8953560180664063
        },
        "orientation": {
            "x": 0.013187599714624765,
            "y": 0.04057145830612705,
            "z": -0.02994204514480275,
            "w": 0.9986408352942652
        }
    }
}