{
    "header": {
        "seq": 36208,
        "stamp": {
            "secs": 1675626231,
            "nsecs": 762454507
        },
        "frame_id": "atracsys"
    },
    "pose": {
        "position": {
            "x": 0.26524600219726563,
            "y": 0.1362367401123047,
            "z": 0.8952797851562501
        },
        "orientation": {
            "x": 0.013234423535143045,
            "y": 0.04001042590699132,
            "z": -0.030443443265867544,
            "w": 0.9986476919387294
        }
    }
}