{
    "header": {
        "seq": 33188,
        "stamp": {
            "secs": 1675626201,
            "nsecs": 386207099
        },
        "frame_id": "atracsys"
    },
    "pose": {
        "position": {
            "x": 0.26495712280273437,
            "y": 0.13624554443359374,
            "z": 0.8953355712890625
        },
        "orientation": {
            "x": 0.013240459266851945,
            "y": 0.040528917838006,
            "z": -0.030546521367901338,
            "w": 0.9986235562460978
        }
    }
}