{
    "header": {
        "seq": 40631,
        "stamp": {
            "secs": 1675626276,
            "nsecs": 246203718
        },
        "frame_id": "atracsys"
    },
    "pose": {
        "position": {
            "x": 0.26520623779296876,
            "y": 0.13628302001953124,
            "z": 0.8952738037109376
        },
        "orientation": {
            "x": 0.01330018673460359,
            "y": 0.040056695743609705,
            "z": -0.030460542163578224,
            "w": 0.998644441996264
        }
    }
}