{
    "header": {
        "seq": 30674,
        "stamp": {
            "secs": 1675626176,
            "nsecs": 99574424
        },
        "frame_id": "atracsys"
    },
    "pose": {
        "position": {
            "x": 0.2649296875,
            "y": 0.136397216796875,
            "z": 0.8953153076171875
        },
        "orientation": {
            "x": 0.013270627505080458,
            "y": 0.04057998649303785,
            "z": -0.030171707681112277,
            "w": 0.998632476538517
        }
    }
}