{
    "header": {
        "seq": 19069,
        "stamp": {
            "secs": 1675626059,
            "nsecs": 373550990
        },
        "frame_id": "atracsys"
    },
    "pose": {
        "position": {
            "x": 0.26502151489257814,
            "y": 0.1361787567138672,
            "z": 0.8953275756835938
        },
        "orientation": {
            "x": 0.013241413441840749,
            "y": 0.040571230632015905,
            "z": -0.0298383974672145,
            "w": 0.9986432347198145
        }
    }
}