{
    "header": {
        "seq": 43687,
        "stamp": {
            "secs": 1675626310,
            "nsecs": 947829244
        },
        "frame_id": "atracsys"
    },
    "pose": {
        "position": {
            "x": 0.265450927734375,
            "y": 0.13552012634277344,
            "z": 0.8954808349609376
        },
        "orientation": {
            "x": 0.012436607039709953,
            "y": 0.039915398975348154,
            "z": -0.029543652024196673,
            "w": 0.9986887725187722
        }
    }
}