{
    "header": {
        "seq": 22714,
        "stamp": {
            "secs": 1675626096,
            "nsecs": 36452202
        },
        "frame_id": "atracsys"
    },
    "pose": {
        "position": {
            "x": 0.26500515747070313,
            "y": 0.1361545867919922,
            "z": 0.8953403930664062
        },
        "orientation": {
            "x": 0.013231472731199472,
            "y": 0.04054773525034664,
            "z": -0.029841453376106407,
            "w": 0.9986442294209852
        }
    }
}