{
    "header": {
        "seq": 43514,
        "stamp": {
            "secs": 1675626309,
            "nsecs": 207551539
        },
        "frame_id": "atracsys"
    },
    "pose": {
        "position": {
            "x": 0.26538571166992186,
            "y": 0.13553187561035157,
            "z": 0.8955168457031251
        },
        "orientation": {
            "x": 0.012390643152948176,
            "y": 0.040042423061886656,
            "z": -0.02976432115762525,
            "w": 0.9986777065217862
        }
    }
}