{
    "header": {
        "seq": 37539,
        "stamp": {
            "secs": 1675626245,
            "nsecs": 147538293
        },
        "frame_id": "atracsys"
    },
    "pose": {
        "position": {
            "x": 0.2652336730957031,
            "y": 0.13623963928222657,
            "z": 0.8952961425781251
        },
        "orientation": {
            "x": 0.013175179407497932,
            "y": 0.040034784509075404,
            "z": -0.03047282258116709,
            "w": 0.9986466030387471
        }
    }
}