{
    "header": {
        "seq": 17079,
        "stamp": {
            "secs": 1675626039,
            "nsecs": 361500286
        },
        "frame_id": "atracsys"
    },
    "pose": {
        "position": {
            "x": 0.2649943542480469,
            "y": 0.13613352966308595,
            "z": 0.8953652954101563
        },
        "orientation": {
            "x": 0.013144044958135925,
            "y": 0.040592740394886265,
            "z": -0.029890241690989375,
            "w": 0.9986420965295958
        }
    }
}