{
    "header": {
        "seq": 39210,
        "stamp": {
            "secs": 1675626261,
            "nsecs": 950649702
        },
        "frame_id": "atracsys"
    },
    "pose": {
        "position": {
            "x": 0.26526953125,
            "y": 0.1362413787841797,
            "z": 0.895291015625
        },
        "orientation": {
            "x": 0.013185597303034457,
            "y": 0.03996300185393645,
            "z": -0.0302837506988957,
            "w": 0.9986550920864479
        }
    }
}