{
    "header": {
        "seq": 38303,
        "stamp": {
            "secs": 1675626252,
            "nsecs": 831162200
        },
        "frame_id": "atracsys"
    },
    "pose": {
        "position": {
            "x": 0.2652345275878906,
            "y": 0.13624317932128907,
            "z": 0.8953074951171875
        },
        "orientation": {
            "x": 0.013129109300475322,
            "y": 0.04005030168846125,
            "z": -0.0304608421422361,
            "w": 0.9986469530918448
        }
    }
}