{
    "header": {
        "seq": 31260,
        "stamp": {
            "secs": 1675626181,
            "nsecs": 995086668
        },
        "frame_id": "atracsys"
    },
    "pose": {
        "position": {
            "x": 0.26506103515625,
            "y": 0.13627102661132812,
            "z": 0.8953275756835938
        },
        "orientation": {
            "x": 0.013189330060296786,
            "y": 0.04038313128548189,
            "z": -0.030118306169896046,
            "w": 0.9986431454296357
        }
    }
}