{
    "header": {
        "seq": 37310,
        "stamp": {
            "secs": 1675626242,
            "nsecs": 843207734
        },
        "frame_id": "atracsys"
    },
    "pose": {
        "position": {
            "x": 0.2652560119628906,
            "y": 0.13623101806640625,
            "z": 0.8952779541015625
        },
        "orientation": {
            "x": 0.013336390811779517,
            "y": 0.03998138107488794,
            "z": -0.03031798078417616,
            "w": 0.9986513154693336
        }
    }
}