{
    "header": {
        "seq": 35557,
        "stamp": {
            "secs": 1675626225,
            "nsecs": 213171473
        },
        "frame_id": "atracsys"
    },
    "pose": {
        "position": {
            "x": 0.2652437744140625,
            "y": 0.13619224548339845,
            "z": 0.8953082275390625
        },
        "orientation": {
            "x": 0.013104704369544392,
            "y": 0.04000109348588404,
            "z": -0.03042538285453653,
            "w": 0.9986503268519343
        }
    }
}