{
    "header": {
        "seq": 44229,
        "stamp": {
            "secs": 1675626316,
            "nsecs": 398571397
        },
        "frame_id": "atracsys"
    },
    "pose": {
        "position": {
            "x": 0.26545559692382814,
            "y": 0.13555931091308593,
            "z": 0.8954716796875
        },
        "orientation": {
            "x": 0.012471104545419064,
            "y": 0.039907550958205175,
            "z": -0.029674848214573106,
            "w": 0.9986847662357615
        }
    }
}