{
    "header": {
        "seq": 44273,
        "stamp": {
            "secs": 1675626316,
            "nsecs": 840383532
        },
        "frame_id": "atracsys"
    },
    "pose": {
        "position": {
            "x": 0.2654583740234375,
            "y": 0.1355535888671875,
            "z": 0.8954745483398437
        },
        "orientation": {
            "x": 0.012449294480626778,
            "y": 0.03988975133147831,
            "z": -0.029697608261626787,
            "w": 0.9986850729179777
        }
    }
}