{
    "header": {
        "seq": 24557,
        "stamp": {
            "secs": 1675626114,
            "nsecs": 570990770
        },
        "frame_id": "atracsys"
    },
    "pose": {
        "position": {
            "x": 0.2649472351074219,
            "y": 0.13614729309082033,
            "z": 0.8953748779296875
        },
        "orientation": {
            "x": 0.01309382016195533,
            "y": 0.04060377537106651,
            "z": -0.030150759470508614,
            "w": 0.9986344761736067
        }
    }
}