{
    "header": {
        "seq": 43597,
        "stamp": {
            "secs": 1675626310,
            "nsecs": 43354952
        },
        "frame_id": "atracsys"
    },
    "pose": {
        "position": {
            "x": 0.26542752075195314,
            "y": 0.13552191162109375,
            "z": 0.8955057983398438
        },
        "orientation": {
            "x": 0.012300019069298333,
            "y": 0.039947133817781276,
            "z": -0.029625454936354913,
            "w": 0.9986867719412594
        }
    }
}