{
    "header": {
        "seq": 44969,
        "stamp": {
            "secs": 1675626323,
            "nsecs": 840499618
        },
        "frame_id": "atracsys"
    },
    "pose": {
        "position": {
            "x": 0.2653939208984375,
            "y": 0.1355762481689453,
            "z": 0.8954808349609376
        },
        "orientation": {
            "x": 0.012386640089324911,
            "y": 0.040051166918428416,
            "z": -0.029758873753832245,
            "w": 0.9986775678909952
        }
    }
}