{
    "header": {
        "seq": 37978,
        "stamp": {
            "secs": 1675626249,
            "nsecs": 562492166
        },
        "frame_id": "atracsys"
    },
    "pose": {
        "position": {
            "x": 0.2652158203125,
            "y": 0.1362469940185547,
            "z": 0.8952916259765625
        },
        "orientation": {
            "x": 0.013240120803836082,
            "y": 0.0400267555983173,
            "z": -0.030448130458899086,
            "w": 0.9986468191452523
        }
    }
}