{
    "header": {
        "seq": 29659,
        "stamp": {
            "secs": 1675626165,
            "nsecs": 887563595
        },
        "frame_id": "atracsys"
    },
    "pose": {
        "position": {
            "x": 0.26489752197265626,
            "y": 0.13642472839355468,
            "z": 0.8953087158203126
        },
        "orientation": {
            "x": 0.013314863589589726,
            "y": 0.04061530939727867,
            "z": -0.03020947743494571,
            "w": 0.9986293098659089
        }
    }
}