{
    "header": {
        "seq": 36769,
        "stamp": {
            "secs": 1675626237,
            "nsecs": 404424028
        },
        "frame_id": "atracsys"
    },
    "pose": {
        "position": {
            "x": 0.26525674438476565,
            "y": 0.1362319793701172,
            "z": 0.8952869873046875
        },
        "orientation": {
            "x": 0.01313167852804224,
            "y": 0.039990057525356434,
            "z": -0.030409210886568748,
            "w": 0.9986509070798518
        }
    }
}