{
    "header": {
        "seq": 19879,
        "stamp": {
            "secs": 1675626067,
            "nsecs": 519868387
        },
        "frame_id": "atracsys"
    },
    "pose": {
        "position": {
            "x": 0.26503399658203125,
            "y": 0.13615907287597656,
            "z": 0.8953433227539063
        },
        "orientation": {
            "x": 0.013150592727102103,
            "y": 0.040536288863855546,
            "z": -0.02978351157528341,
            "w": 0.9986474921784548
        }
    }
}