{
    "header": {
        "seq": 35949,
        "stamp": {
            "secs": 1675626229,
            "nsecs": 159441105
        },
        "frame_id": "atracsys"
    },
    "pose": {
        "position": {
            "x": 0.265265869140625,
            "y": 0.1362162628173828,
            "z": 0.8953104858398437
        },
        "orientation": {
            "x": 0.013092706660535284,
            "y": 0.039963010458656086,
            "z": -0.030346783746905175,
            "w": 0.9986544004527298
        }
    }
}