{
    "header": {
        "seq": 22282,
        "stamp": {
            "secs": 1675626091,
            "nsecs": 690310903
        },
        "frame_id": "atracsys"
    },
    "pose": {
        "position": {
            "x": 0.2649897155761719,
            "y": 0.13616371154785156,
            "z": 0.8953543701171875
        },
        "orientation": {
            "x": 0.013225359883771066,
            "y": 0.040575271358019346,
            "z": -0.02991924333341976,
            "w": 0.9986408644194987
        }
    }
}