{
    "header": {
        "seq": 22140,
        "stamp": {
            "secs": 1677532021,
            "nsecs": 627548005
        },
        "frame_id": "atracsys"
    },
    "pose": {
        "position": {
            "x": 0.19652297973632812,
            "y": 0.19011912536621095,
            "z": 1.0392197265625
        },
        "orientation": {
            "x": -0.01571261320142216,
            "y": 0.08714030521539916,
            "z": -0.026994396273615235,
            "w": 0.9957062737389841
        }
    }
}