{
    "header": {
        "seq": 37517,
        "stamp": {
            "secs": 1677532176,
            "nsecs": 463676567
        },
        "frame_id": "atracsys"
    },
    "pose": {
        "position": {
            "x": 0.1965430145263672,
            "y": 0.19009185791015626,
            "z": 1.0392100830078126
        },
        "orientation": {
            "x": -0.015657220880220212,
            "y": 0.0871216168385252,
            "z": -0.0267999292522303,
            "w": 0.995714034804082
        }
    }
}