{
    "header": {
        "seq": 21646,
        "stamp": {
            "secs": 1677532016,
            "nsecs": 651330345
        },
        "frame_id": "atracsys"
    },
    "pose": {
        "position": {
            "x": 0.19653591918945312,
            "y": 0.19011651611328126,
            "z": 1.0392489013671875
        },
        "orientation": {
            "x": -0.015914551478912294,
            "y": 0.08712561308767257,
            "z": -0.026940271651290943,
            "w": 0.9957058181805895
        }
    }
}