{
    "header": {
        "seq": 36420,
        "stamp": {
            "secs": 1677532165,
            "nsecs": 424915743
        },
        "frame_id": "atracsys"
    },
    "pose": {
        "position": {
            "x": 0.19652508544921876,
            "y": 0.1901171875,
            "z": 1.0392080078125001
        },
        "orientation": {
            "x": -0.015748601351057427,
            "y": 0.08713762620877444,
            "z": -0.026960681847904996,
            "w": 0.9957068530890413
        }
    }
}