{
    "header": {
        "seq": 33995,
        "stamp": {
            "secs": 1677532140,
            "nsecs": 997878536
        },
        "frame_id": "atracsys"
    },
    "pose": {
        "position": {
            "x": 0.1965340118408203,
            "y": 0.19011241149902344,
            "z": 1.039223876953125
        },
        "orientation": {
            "x": -0.01576545156012262,
            "y": 0.08711543637718981,
            "z": -0.02688216038825391,
            "w": 0.9957106511104405
        }
    }
}