{
    "header": {
        "seq": 32181,
        "stamp": {
            "secs": 1677532122,
            "nsecs": 729192678
        },
        "frame_id": "atracsys"
    },
    "pose": {
        "position": {
            "x": 0.19653034973144531,
            "y": 0.19011306762695312,
            "z": 1.03923828125
        },
        "orientation": {
            "x": -0.01574197295840532,
            "y": 0.08711418192329697,
            "z": -0.02690574725896971,
            "w": 0.9957104952543425
        }
    }
}