{
    "header": {
        "seq": 33712,
        "stamp": {
            "secs": 1677532138,
            "nsecs": 150253094
        },
        "frame_id": "atracsys"
    },
    "pose": {
        "position": {
            "x": 0.19654469299316407,
            "y": 0.19011732482910157,
            "z": 1.039221923828125
        },
        "orientation": {
            "x": -0.015720777013984295,
            "y": 0.08711041045872554,
            "z": -0.02682129397649544,
            "w": 0.9957134385701618
        }
    }
}