{
    "header": {
        "seq": 31183,
        "stamp": {
            "secs": 1677532112,
            "nsecs": 675479638
        },
        "frame_id": "atracsys"
    },
    "pose": {
        "position": {
            "x": 0.1965341796875,
            "y": 0.1901090087890625,
            "z": 1.0392309570312501
        },
        "orientation": {
            "x": -0.015830355429439624,
            "y": 0.08711458801931427,
            "z": -0.02690527439011173,
            "w": 0.9957090712709187
        }
    }
}