{
    "header": {
        "seq": 25426,
        "stamp": {
            "secs": 1677532054,
            "nsecs": 702338107
        },
        "frame_id": "atracsys"
    },
    "pose": {
        "position": {
            "x": 0.1965389862060547,
            "y": 0.19012591552734376,
            "z": 1.03921826171875
        },
        "orientation": {
            "x": -0.015681424656518523,
            "y": 0.08710965020632641,
            "z": -0.02684655612137928,
            "w": 0.995713444815372
        }
    }
}