{
    "header": {
        "seq": 40701,
        "stamp": {
            "secs": 1677532208,
            "nsecs": 532472270
        },
        "frame_id": "atracsys"
    },
    "pose": {
        "position": {
            "x": 0.19651741027832031,
            "y": 0.19009796142578125,
            "z": 1.0392049560546874
        },
        "orientation": {
            "x": -0.015757239339751452,
            "y": 0.08712848994565725,
            "z": -0.026933299109229335,
            "w": 0.995708256994624
        }
    }
}