{
    "header": {
        "seq": 15997,
        "stamp": {
            "secs": 1677531959,
            "nsecs": 767660471
        },
        "frame_id": "atracsys"
    },
    "pose": {
        "position": {
            "x": 0.19655419921875,
            "y": 0.1901124267578125,
            "z": 1.0392381591796875
        },
        "orientation": {
            "x": -0.015860389188040672,
            "y": 0.08711087977170394,
            "z": -0.026846136737212447,
            "w": 0.9957105139660274
        }
    }
}