{
    "header": {
        "seq": 5718,
        "stamp": {
            "secs": 1677531856,
            "nsecs": 253815805
        },
        "frame_id": "atracsys"
    },
    "pose": {
        "position": {
            "x": 0.19654507446289063,
            "y": 0.19011567687988282,
            "z": 1.039229248046875
        },
        "orientation": {
            "x": -0.01572257732803621,
            "y": 0.0871202339459679,
            "z": -0.026926742722729963,
            "w": 0.9957097046457404
        }
    }
}