{
    "header": {
        "seq": 24750,
        "stamp": {
            "secs": 1677532047,
            "nsecs": 896219159
        },
        "frame_id": "atracsys"
    },
    "pose": {
        "position": {
            "x": 0.19652613830566407,
            "y": 0.1901119384765625,
            "z": 1.03922314453125
        },
        "orientation": {
            "x": -0.015673721156233188,
            "y": 0.08710023260469195,
            "z": -0.026906405715413355,
            "w": 0.9957127744871023
        }
    }
}