{
    "header": {
        "seq": 16140,
        "stamp": {
            "secs": 1677531961,
            "nsecs": 209564439
        },
        "frame_id": "atracsys"
    },
    "pose": {
        "position": {
            "x": 0.1965392761230469,
            "y": 0.1901129608154297,
            "z": 1.0392374267578126
        },
        "orientation": {
            "x": -0.015770196812427913,
            "y": 0.08713024514105981,
            "z": -0.026925039968000872,
            "w": 0.9957081216385041
        }
    }
}