{
    "header": {
        "seq": 38293,
        "stamp": {
            "secs": 1677532184,
            "nsecs": 275630408
        },
        "frame_id": "atracsys"
    },
    "pose": {
        "position": {
            "x": 0.19654670715332032,
            "y": 0.19010401916503908,
            "z": 1.0392220458984376
        },
        "orientation": {
            "x": -0.015857513048198348,
            "y": 0.08714346999060893,
            "z": -0.02683994500076119,
            "w": 0.9957078749664875
        }
    }
}