{
    "header": {
        "seq": 10009,
        "stamp": {
            "secs": 1677531899,
            "nsecs": 466058255
        },
        "frame_id": "atracsys"
    },
    "pose": {
        "position": {
            "x": 0.19654176330566406,
            "y": 0.19011842346191407,
            "z": 1.0392393798828126
        },
        "orientation": {
            "x": -0.01574083401375186,
            "y": 0.08711757171442709,
            "z": -0.026922747023567086,
            "w": 0.9957097571761756
        }
    }
}