{
    "header": {
        "seq": 18061,
        "stamp": {
            "secs": 1677531980,
            "nsecs": 552856964
        },
        "frame_id": "atracsys"
    },
    "pose": {
        "position": {
            "x": 0.19652838134765627,
            "y": 0.19011685180664062,
            "z": 1.03921435546875
        },
        "orientation": {
            "x": -0.01559876492253631,
            "y": 0.08711026411354013,
            "z": -0.026919356860599243,
            "w": 0.9957127239546417
        }
    }
}