{
    "header": {
        "seq": 39384,
        "stamp": {
            "secs": 1677532195,
            "nsecs": 254765421
        },
        "frame_id": "atracsys"
    },
    "pose": {
        "position": {
            "x": 0.19657826232910156,
            "y": 0.19012533569335938,
            "z": 1.039186767578125
        },
        "orientation": {
            "x": -0.015483914398429497,
            "y": 0.08708068830074028,
            "z": -0.026516073631891887,
            "w": 0.995727924665729
        }
    }
}