{
    "header": {
        "seq": 34207,
        "stamp": {
            "secs": 1677532143,
            "nsecs": 132220453
        },
        "frame_id": "atracsys"
    },
    "pose": {
        "position": {
            "x": 0.19653146362304688,
            "y": 0.1901061248779297,
            "z": 1.039228515625
        },
        "orientation": {
            "x": -0.015799006519590236,
            "y": 0.08709132866168962,
            "z": -0.02690661685903875,
            "w": 0.995711567590804
        }
    }
}