{
    "header": {
        "seq": 29073,
        "stamp": {
            "secs": 1677532091,
            "nsecs": 421698800
        },
        "frame_id": "atracsys"
    },
    "pose": {
        "position": {
            "x": 0.19652581787109374,
            "y": 0.19012855529785155,
            "z": 1.039226318359375
        },
        "orientation": {
            "x": -0.01579186061395703,
            "y": 0.08713467358980105,
            "z": -0.02694520833535568,
            "w": 0.9957068451831155
        }
    }
}