{
    "header": {
        "seq": 13135,
        "stamp": {
            "secs": 1677531930,
            "nsecs": 967551735
        },
        "frame_id": "atracsys"
    },
    "pose": {
        "position": {
            "x": 0.19656605529785157,
            "y": 0.19011199951171875,
            "z": 1.0392257080078124
        },
        "orientation": {
            "x": -0.01573340382234174,
            "y": 0.08710257324088835,
            "z": -0.026744124971051057,
            "w": 0.9957160004331113
        }
    }
}