{
    "header": {
        "seq": 27406,
        "stamp": {
            "secs": 1677532074,
            "nsecs": 636634898
        },
        "frame_id": "atracsys"
    },
    "pose": {
        "position": {
            "x": 0.196518310546875,
            "y": 0.19011396789550783,
            "z": 1.039221435546875
        },
        "orientation": {
            "x": -0.0156735811344141,
            "y": 0.08711056447073907,
            "z": -0.026970499589174943,
            "w": 0.9957101388275218
        }
    }
}