{
    "header": {
        "seq": 31723,
        "stamp": {
            "secs": 1677532118,
            "nsecs": 117241483
        },
        "frame_id": "atracsys"
    },
    "pose": {
        "position": {
            "x": 0.196525634765625,
            "y": 0.19011265563964844,
            "z": 1.0392257080078124
        },
        "orientation": {
            "x": -0.015685593912851983,
            "y": 0.08710678280973305,
            "z": -0.026915427351346385,
            "w": 0.995711770696035
        }
    }
}