{
    "header": {
        "seq": 30617,
        "stamp": {
            "secs": 1677532106,
            "nsecs": 976900682
        },
        "frame_id": "atracsys"
    },
    "pose": {
        "position": {
            "x": 0.19652938842773438,
            "y": 0.19010989379882812,
            "z": 1.0392232666015626
        },
        "orientation": {
            "x": -0.015756201363392407,
            "y": 0.0870940664092441,
            "z": -0.026901727531129543,
            "w": 0.9957121385072792
        }
    }
}