{
    "header": {
        "seq": 15874,
        "stamp": {
            "secs": 1677531958,
            "nsecs": 531820058
        },
        "frame_id": "atracsys"
    },
    "pose": {
        "position": {
            "x": 0.196557861328125,
            "y": 0.19010072326660157,
            "z": 1.0392393798828126
        },
        "orientation": {
            "x": -0.015855824434982704,
            "y": 0.0871585410625205,
            "z": -0.026847710569691756,
            "w": 0.9957063733794748
        }
    }
}