{
    "header": {
        "seq": 25321,
        "stamp": {
            "secs": 1677532053,
            "nsecs": 645511414
        },
        "frame_id": "atracsys"
    },
    "pose": {
        "position": {
            "x": 0.1965322265625,
            "y": 0.19012022399902345,
            "z": 1.0392403564453125
        },
        "orientation": {
            "x": -0.01581521489239792,
            "y": 0.08709894255011419,
            "z": -0.026927690275499072,
            "w": 0.9957100746105695
        }
    }
}