{
    "header": {
        "seq": 37648,
        "stamp": {
            "secs": 1677532177,
            "nsecs": 780216019
        },
        "frame_id": "atracsys"
    },
    "pose": {
        "position": {
            "x": 0.19653364562988282,
            "y": 0.1901094970703125,
            "z": 1.0392159423828125
        },
        "orientation": {
            "x": -0.0156853731865231,
            "y": 0.08709435946036942,
            "z": -0.026879229051281765,
            "w": 0.9957138387427364
        }
    }
}