{
    "header": {
        "seq": 29836,
        "stamp": {
            "secs": 1677532099,
            "nsecs": 108318067
        },
        "frame_id": "atracsys"
    },
    "pose": {
        "position": {
            "x": 0.19653912353515626,
            "y": 0.1901031036376953,
            "z": 1.0392144775390626
        },
        "orientation": {
            "x": -0.015728045838678407,
            "y": 0.0870957700643854,
            "z": -0.026821582573357962,
            "w": 0.9957145967189839
        }
    }
}