{
    "header": {
        "seq": 40414,
        "stamp": {
            "secs": 1677532205,
            "nsecs": 639931214
        },
        "frame_id": "atracsys"
    },
    "pose": {
        "position": {
            "x": 0.1965240936279297,
            "y": 0.19012025451660156,
            "z": 1.0392550048828124
        },
        "orientation": {
            "x": -0.01596023822875585,
            "y": 0.0871021983146319,
            "z": -0.02690632940868537,
            "w": 0.9957080532375899
        }
    }
}