{
    "header": {
        "seq": 37256,
        "stamp": {
            "secs": 1677532173,
            "nsecs": 836887529
        },
        "frame_id": "atracsys"
    },
    "pose": {
        "position": {
            "x": 0.19652322387695312,
            "y": 0.190117431640625,
            "z": 1.03920166015625
        },
        "orientation": {
            "x": -0.015686127658696775,
            "y": 0.0871313698149146,
            "z": -0.02694961354172626,
            "w": 0.9957086863752889
        }
    }
}