{
    "header": {
        "seq": 37372,
        "stamp": {
            "secs": 1677532175,
            "nsecs": 4074347
        },
        "frame_id": "atracsys"
    },
    "pose": {
        "position": {
            "x": 0.19653276062011718,
            "y": 0.19010940551757813,
            "z": 1.0392022705078126
        },
        "orientation": {
            "x": -0.01567651375191798,
            "y": 0.08710656723868301,
            "z": -0.026841400014583384,
            "w": 0.9957139308585251
        }
    }
}