{
    "header": {
        "seq": 32070,
        "stamp": {
            "secs": 1677532121,
            "nsecs": 609878072
        },
        "frame_id": "atracsys"
    },
    "pose": {
        "position": {
            "x": 0.19652835083007814,
            "y": 0.19012164306640625,
            "z": 1.0392294921875
        },
        "orientation": {
            "x": -0.015748306351021254,
            "y": 0.08710598727324455,
            "z": -0.02688537314071662,
            "w": 0.9957116623497548
        }
    }
}