{
    "header": {
        "seq": 6163,
        "stamp": {
            "secs": 1677531860,
            "nsecs": 731454906
        },
        "frame_id": "atracsys"
    },
    "pose": {
        "position": {
            "x": 0.19654754638671876,
            "y": 0.19011141967773437,
            "z": 1.0392374267578126
        },
        "orientation": {
            "x": -0.01573116429498892,
            "y": 0.08710502033766081,
            "z": -0.026905732197290297,
            "w": 0.9957114679849919
        }
    }
}