{
    "header": {
        "seq": 25076,
        "stamp": {
            "secs": 1677532051,
            "nsecs": 176769146
        },
        "frame_id": "atracsys"
    },
    "pose": {
        "position": {
            "x": 0.19653689575195313,
            "y": 0.19011392211914063,
            "z": 1.0392447509765625
        },
        "orientation": {
            "x": -0.015791409978093144,
            "y": 0.08710531339630868,
            "z": -0.026892221952195837,
            "w": 0.9957108536857016
        }
    }
}