{
    "header": {
        "seq": 41068,
        "stamp": {
            "secs": 1677532212,
            "nsecs": 227925651
        },
        "frame_id": "atracsys"
    },
    "pose": {
        "position": {
            "x": 0.19655636596679688,
            "y": 0.19011245727539064,
            "z": 1.0392061767578125
        },
        "orientation": {
            "x": -0.01564438731123703,
            "y": 0.08706132945189275,
            "z": -0.026644221316680202,
            "w": 0.9957236883443884
        }
    }
}