{
    "header": {
        "seq": 39632,
        "stamp": {
            "secs": 1677532197,
            "nsecs": 756241974
        },
        "frame_id": "atracsys"
    },
    "pose": {
        "position": {
            "x": 0.1965564422607422,
            "y": 0.19011973571777344,
            "z": 1.0391873779296876
        },
        "orientation": {
            "x": -0.015521883635386638,
            "y": 0.08709566531527517,
            "z": -0.026688596406558695,
            "w": 0.9957214143692737
        }
    }
}