{
    "header": {
        "seq": 33350,
        "stamp": {
            "secs": 1677532134,
            "nsecs": 505443160
        },
        "frame_id": "atracsys"
    },
    "pose": {
        "position": {
            "x": 0.1965390625,
            "y": 0.19010325622558594,
            "z": 1.039221435546875
        },
        "orientation": {
            "x": -0.015739528255677652,
            "y": 0.08710257247336303,
            "z": -0.0268403857187193,
            "w": 0.9957133135663505
        }
    }
}