{
    "header": {
        "seq": 13298,
        "stamp": {
            "secs": 1677531932,
            "nsecs": 615436058
        },
        "frame_id": "atracsys"
    },
    "pose": {
        "position": {
            "x": 0.19656639099121095,
            "y": 0.19012145996093752,
            "z": 1.03922900390625
        },
        "orientation": {
            "x": -0.01570479470199806,
            "y": 0.0871214462831384,
            "z": -0.026785966949666555,
            "w": 0.9957136762119287
        }
    }
}