{
    "header": {
        "seq": 30080,
        "stamp": {
            "secs": 1677532101,
            "nsecs": 561974874
        },
        "frame_id": "atracsys"
    },
    "pose": {
        "position": {
            "x": 0.1965331268310547,
            "y": 0.19011041259765626,
            "z": 1.03921484375
        },
        "orientation": {
            "x": -0.015663158037388603,
            "y": 0.0871170477555325,
            "z": -0.02687133673294589,
            "w": 0.9957124166810619
        }
    }
}