{
    "header": {
        "seq": 34304,
        "stamp": {
            "secs": 1677532144,
            "nsecs": 105346306
        },
        "frame_id": "atracsys"
    },
    "pose": {
        "position": {
            "x": 0.19653057861328124,
            "y": 0.19011309814453126,
            "z": 1.0392176513671876
        },
        "orientation": {
            "x": -0.015701569154308894,
            "y": 0.0871117052924481,
            "z": -0.026893014985624082,
            "w": 0.9957116938512458
        }
    }
}