{
    "header": {
        "seq": 13952,
        "stamp": {
            "secs": 1677531939,
            "nsecs": 203506520
        },
        "frame_id": "atracsys"
    },
    "pose": {
        "position": {
            "x": 0.1965699462890625,
            "y": 0.19011874389648437,
            "z": 1.03922705078125
        },
        "orientation": {
            "x": -0.015719203842359992,
            "y": 0.08710331429902794,
            "z": -0.02681200661504724,
            "w": 0.9957143343198198
        }
    }
}