{
    "header": {
        "seq": 24553,
        "stamp": {
            "secs": 1677532045,
            "nsecs": 914176768
        },
        "frame_id": "atracsys"
    },
    "pose": {
        "position": {
            "x": 0.1965423583984375,
            "y": 0.19011521911621093,
            "z": 1.0392373046875
        },
        "orientation": {
            "x": -0.015828137429377154,
            "y": 0.08711248941483841,
            "z": -0.026872966024509188,
            "w": 0.9957101626228949
        }
    }
}