{
    "header": {
        "seq": 29356,
        "stamp": {
            "secs": 1677532094,
            "nsecs": 269516322
        },
        "frame_id": "atracsys"
    },
    "pose": {
        "position": {
            "x": 0.19653021240234375,
            "y": 0.19011180114746093,
            "z": 1.0392161865234375
        },
        "orientation": {
            "x": -0.015707427201488704,
            "y": 0.08710378675606932,
            "z": -0.026864185110096268,
            "w": 0.9957130724369514
        }
    }
}