{
    "header": {
        "seq": 31479,
        "stamp": {
            "secs": 1677532115,
            "nsecs": 657620694
        },
        "frame_id": "atracsys"
    },
    "pose": {
        "position": {
            "x": 0.19652087402343751,
            "y": 0.1901185302734375,
            "z": 1.039215087890625
        },
        "orientation": {
            "x": -0.015727416702038265,
            "y": 0.08711386821092465,
            "z": -0.026999363871964756,
            "w": 0.9957082186462655
        }
    }
}