{
    "header": {
        "seq": 34337,
        "stamp": {
            "secs": 1677532144,
            "nsecs": 439774209
        },
        "frame_id": "atracsys"
    },
    "pose": {
        "position": {
            "x": 0.1965107421875,
            "y": 0.1901278533935547,
            "z": 1.0392333984375
        },
        "orientation": {
            "x": -0.015727675405806555,
            "y": 0.08705941649103133,
            "z": -0.026980463029513697,
            "w": 0.9957134893337962
        }
    }
}