{
    "header": {
        "seq": 13063,
        "stamp": {
            "secs": 1677531930,
            "nsecs": 242201719
        },
        "frame_id": "atracsys"
    },
    "pose": {
        "position": {
            "x": 0.1965670623779297,
            "y": 0.1901197509765625,
            "z": 1.0392366943359375
        },
        "orientation": {
            "x": -0.01577617148997238,
            "y": 0.08710582641356278,
            "z": -0.02678243440461604,
            "w": 0.9957140094551706
        }
    }
}