{
    "header": {
        "seq": 5468,
        "stamp": {
            "secs": 1677531853,
            "nsecs": 734398271
        },
        "frame_id": "atracsys"
    },
    "pose": {
        "position": {
            "x": 0.196549560546875,
            "y": 0.19011453247070312,
            "z": 1.0392388916015625
        },
        "orientation": {
            "x": -0.015733588404402813,
            "y": 0.08710500703107876,
            "z": -0.026883160034037436,
            "w": 0.9957120405280943
        }
    }
}