{
    "header": {
        "seq": 30291,
        "stamp": {
            "secs": 1677532103,
            "nsecs": 687377880
        },
        "frame_id": "atracsys"
    },
    "pose": {
        "position": {
            "x": 0.19653489685058595,
            "y": 0.19011412048339843,
            "z": 1.03921826171875
        },
        "orientation": {
            "x": -0.015704401536871606,
            "y": 0.08710895518032645,
            "z": -0.02685950933150373,
            "w": 0.9957127941621677
        }
    }
}