{
    "header": {
        "seq": 32818,
        "stamp": {
            "secs": 1677532129,
            "nsecs": 147125963
        },
        "frame_id": "atracsys"
    },
    "pose": {
        "position": {
            "x": 0.19652903747558595,
            "y": 0.190105224609375,
            "z": 1.0392320556640626
        },
        "orientation": {
            "x": -0.01573801157471817,
            "y": 0.08711033111692902,
            "z": -0.02686672671826481,
            "w": 0.9957119484066761
        }
    }
}