{
    "header": {
        "seq": 26420,
        "stamp": {
            "secs": 1677532064,
            "nsecs": 708232342
        },
        "frame_id": "atracsys"
    },
    "pose": {
        "position": {
            "x": 0.19652986145019533,
            "y": 0.19011337280273438,
            "z": 1.03923828125
        },
        "orientation": {
            "x": -0.01579184761037363,
            "y": 0.08710577119476036,
            "z": -0.026899167393173398,
            "w": 0.9957106190892868
        }
    }
}