{
    "header": {
        "seq": 32847,
        "stamp": {
            "secs": 1677532129,
            "nsecs": 439738808
        },
        "frame_id": "atracsys"
    },
    "pose": {
        "position": {
            "x": 0.19652809143066408,
            "y": 0.190110595703125,
            "z": 1.0392152099609375
        },
        "orientation": {
            "x": -0.01566365659353451,
            "y": 0.08710894128579072,
            "z": -0.026867122953118317,
            "w": 0.9957132317662604
        }
    }
}