{
    "header": {
        "seq": 40575,
        "stamp": {
            "secs": 1677532207,
            "nsecs": 263760216
        },
        "frame_id": "atracsys"
    },
    "pose": {
        "position": {
            "x": 0.19651748657226564,
            "y": 0.1901243438720703,
            "z": 1.0391435546875
        },
        "orientation": {
            "x": -0.015308629814259156,
            "y": 0.08712024975998814,
            "z": -0.026838462212597104,
            "w": 0.9957185369777096
        }
    }
}