{
    "header": {
        "seq": 16731,
        "stamp": {
            "secs": 1677531967,
            "nsecs": 164675304
        },
        "frame_id": "atracsys"
    },
    "pose": {
        "position": {
            "x": 0.19654925537109375,
            "y": 0.19009478759765625,
            "z": 1.039256591796875
        },
        "orientation": {
            "x": -0.015959953498621712,
            "y": 0.08709963517310712,
            "z": -0.026854293834909386,
            "w": 0.9957096867760511
        }
    }
}