{
    "header": {
        "seq": 11796,
        "stamp": {
            "secs": 1677531917,
            "nsecs": 480969556
        },
        "frame_id": "atracsys"
    },
    "pose": {
        "position": {
            "x": 0.19655918884277343,
            "y": 0.1901046600341797,
            "z": 1.0392255859375
        },
        "orientation": {
            "x": -0.015673574879505887,
            "y": 0.08713457960219932,
            "z": -0.026779674914709794,
            "w": 0.9957131881719289
        }
    }
}