{
    "header": {
        "seq": 34733,
        "stamp": {
            "secs": 1677532148,
            "nsecs": 427867112
        },
        "frame_id": "atracsys"
    },
    "pose": {
        "position": {
            "x": 0.19653668212890626,
            "y": 0.19011973571777344,
            "z": 1.03922216796875
        },
        "orientation": {
            "x": -0.015735467805481303,
            "y": 0.08711053788999931,
            "z": -0.026871796254317615,
            "w": 0.9957118337187342
        }
    }
}