{
    "header": {
        "seq": 37795,
        "stamp": {
            "secs": 1677532179,
            "nsecs": 263729430
        },
        "frame_id": "atracsys"
    },
    "pose": {
        "position": {
            "x": 0.19652822875976564,
            "y": 0.19011204528808595,
            "z": 1.03923046875
        },
        "orientation": {
            "x": -0.015944308782009343,
            "y": 0.08716955399847147,
            "z": -0.02695477956354496,
            "w": 0.9957011036108437
        }
    }
}