{
    "header": {
        "seq": 31006,
        "stamp": {
            "secs": 1677532110,
            "nsecs": 890420904
        },
        "frame_id": "atracsys"
    },
    "pose": {
        "position": {
            "x": 0.19654115295410157,
            "y": 0.19010784912109374,
            "z": 1.0392144775390626
        },
        "orientation": {
            "x": -0.01572135685089443,
            "y": 0.0871071119715218,
            "z": -0.02685090962094571,
            "w": 0.9957129197892711
        }
    }
}