{
    "header": {
        "seq": 31527,
        "stamp": {
            "secs": 1677532116,
            "nsecs": 144194636
        },
        "frame_id": "atracsys"
    },
    "pose": {
        "position": {
            "x": 0.19653575134277343,
            "y": 0.1901055450439453,
            "z": 1.0392122802734376
        },
        "orientation": {
            "x": -0.015757061441135957,
            "y": 0.08712189607561978,
            "z": -0.026887327884429164,
            "w": 0.9957100792088852
        }
    }
}