{
    "header": {
        "seq": 23028,
        "stamp": {
            "secs": 1677532030,
            "nsecs": 576725820
        },
        "frame_id": "atracsys"
    },
    "pose": {
        "position": {
            "x": 0.19656085205078125,
            "y": 0.19011196899414062,
            "z": 1.0392218017578125
        },
        "orientation": {
            "x": -0.015710968282194593,
            "y": 0.08707566606484249,
            "z": -0.02672400493547593,
            "w": 0.995719248290003
        }
    }
}