{
    "header": {
        "seq": 36641,
        "stamp": {
            "secs": 1677532167,
            "nsecs": 645800496
        },
        "frame_id": "atracsys"
    },
    "pose": {
        "position": {
            "x": 0.19653950500488282,
            "y": 0.19011126708984374,
            "z": 1.039212646484375
        },
        "orientation": {
            "x": -0.015713616074217375,
            "y": 0.08711451313646887,
            "z": -0.026852645875985914,
            "w": 0.9957123476588643
        }
    }
}