{
    "header": {
        "seq": 28339,
        "stamp": {
            "secs": 1677532084,
            "nsecs": 21635978
        },
        "frame_id": "atracsys"
    },
    "pose": {
        "position": {
            "x": 0.19651724243164062,
            "y": 0.19012184143066407,
            "z": 1.039217041015625
        },
        "orientation": {
            "x": -0.01573908458344679,
            "y": 0.08708784867068706,
            "z": -0.026961952367338272,
            "w": 0.9957113241070065
        }
    }
}