{
    "header": {
        "seq": 40763,
        "stamp": {
            "secs": 1677532209,
            "nsecs": 156402362
        },
        "frame_id": "atracsys"
    },
    "pose": {
        "position": {
            "x": 0.19650312805175782,
            "y": 0.1900831756591797,
            "z": 1.0392287597656251
        },
        "orientation": {
            "x": -0.015855084815155563,
            "y": 0.08709879233876608,
            "z": -0.026997498978966864,
            "w": 0.9957075633475491
        }
    }
}