{
    "header": {
        "seq": 21426,
        "stamp": {
            "secs": 1677532014,
            "nsecs": 436383518
        },
        "frame_id": "atracsys"
    },
    "pose": {
        "position": {
            "x": 0.19653472900390626,
            "y": 0.1901092529296875,
            "z": 1.039212646484375
        },
        "orientation": {
            "x": -0.01572409469624187,
            "y": 0.08710896552951508,
            "z": -0.02689623983820721,
            "w": 0.9957114909716203
        }
    }
}