{
    "header": {
        "seq": 25018,
        "stamp": {
            "secs": 1677532050,
            "nsecs": 594678205
        },
        "frame_id": "atracsys"
    },
    "pose": {
        "position": {
            "x": 0.19652267456054687,
            "y": 0.1901154022216797,
            "z": 1.0392044677734376
        },
        "orientation": {
            "x": -0.015701229052951786,
            "y": 0.08717485488389153,
            "z": -0.026971702167257878,
            "w": 0.9957040440634958
        }
    }
}