{
    "header": {
        "seq": 36164,
        "stamp": {
            "secs": 1677532162,
            "nsecs": 845731975
        },
        "frame_id": "atracsys"
    },
    "pose": {
        "position": {
            "x": 0.19654400634765626,
            "y": 0.19009950256347657,
            "z": 1.039220458984375
        },
        "orientation": {
            "x": -0.01572563731958841,
            "y": 0.08710439962747642,
            "z": -0.026806863551423556,
            "w": 0.995714276267527
        }
    }
}