{
    "header": {
        "seq": 39453,
        "stamp": {
            "secs": 1677532195,
            "nsecs": 950262676
        },
        "frame_id": "atracsys"
    },
    "pose": {
        "position": {
            "x": 0.19657167053222657,
            "y": 0.19012332153320313,
            "z": 1.03921826171875
        },
        "orientation": {
            "x": -0.015581629054349665,
            "y": 0.08702769966525455,
            "z": -0.026559969753954523,
            "w": 0.9957298631323939
        }
    }
}