{
    "header": {
        "seq": 32491,
        "stamp": {
            "secs": 1677532125,
            "nsecs": 848624214
        },
        "frame_id": "atracsys"
    },
    "pose": {
        "position": {
            "x": 0.19654409790039062,
            "y": 0.19010342407226563,
            "z": 1.03923681640625
        },
        "orientation": {
            "x": -0.01585309140070342,
            "y": 0.0870706231969823,
            "z": -0.026825617649678463,
            "w": 0.9957147042736907
        }
    }
}