{
    "header": {
        "seq": 32145,
        "stamp": {
            "secs": 1677532122,
            "nsecs": 365113814
        },
        "frame_id": "atracsys"
    },
    "pose": {
        "position": {
            "x": 0.1965335693359375,
            "y": 0.1901179656982422,
            "z": 1.0392359619140625
        },
        "orientation": {
            "x": -0.01579687928221315,
            "y": 0.08712921612805112,
            "z": -0.026902896373688753,
            "w": 0.9957083872643442
        }
    }
}