{
    "header": {
        "seq": 27259,
        "stamp": {
            "secs": 1677532073,
            "nsecs": 152967265
        },
        "frame_id": "atracsys"
    },
    "pose": {
        "position": {
            "x": 0.19650674438476562,
            "y": 0.19012153625488282,
            "z": 1.03921142578125
        },
        "orientation": {
            "x": -0.015648391906180927,
            "y": 0.08711922239400455,
            "z": -0.027008712772637007,
            "w": 0.9957087417285135
        }
    }
}