{
    "header": {
        "seq": 27140,
        "stamp": {
            "secs": 1677532071,
            "nsecs": 952928217
        },
        "frame_id": "atracsys"
    },
    "pose": {
        "position": {
            "x": 0.19651104736328126,
            "y": 0.19011820983886718,
            "z": 1.0392167968750001
        },
        "orientation": {
            "x": -0.015698294264444527,
            "y": 0.08712963623870132,
            "z": -0.027015603290568534,
            "w": 0.9957068580786943
        }
    }
}