{
    "header": {
        "seq": 22375,
        "stamp": {
            "secs": 1677532024,
            "nsecs": 690705
        },
        "frame_id": "atracsys"
    },
    "pose": {
        "position": {
            "x": 0.19652078247070312,
            "y": 0.190114013671875,
            "z": 1.0392288818359374
        },
        "orientation": {
            "x": -0.01571564609114696,
            "y": 0.08711412967892593,
            "z": -0.026992781853715217,
            "w": 0.9957085600746932
        }
    }
}