{
    "header": {
        "seq": 19823,
        "stamp": {
            "secs": 1677531998,
            "nsecs": 290109637
        },
        "frame_id": "atracsys"
    },
    "pose": {
        "position": {
            "x": 0.19653411865234374,
            "y": 0.1901229248046875,
            "z": 1.0392283935546875
        },
        "orientation": {
            "x": -0.015783504735170432,
            "y": 0.08710858446952775,
            "z": -0.026918377735582033,
            "w": 0.9957099861054295
        }
    }
}