{
    "header": {
        "seq": 33445,
        "stamp": {
            "secs": 1677532135,
            "nsecs": 457824813
        },
        "frame_id": "atracsys"
    },
    "pose": {
        "position": {
            "x": 0.19653723144531252,
            "y": 0.19010369873046876,
            "z": 1.03921728515625
        },
        "orientation": {
            "x": -0.015706873897555373,
            "y": 0.08711248848450084,
            "z": -0.026832488885528298,
            "w": 0.9957131745651516
        }
    }
}