{
    "header": {
        "seq": 18005,
        "stamp": {
            "secs": 1677531979,
            "nsecs": 988595239
        },
        "frame_id": "atracsys"
    },
    "pose": {
        "position": {
            "x": 0.19652395629882813,
            "y": 0.19011376953125,
            "z": 1.0392135009765626
        },
        "orientation": {
            "x": -0.015608113899717006,
            "y": 0.08707986093048722,
            "z": -0.026924892722275634,
            "w": 0.9957150871372367
        }
    }
}