{
    "header": {
        "seq": 27564,
        "stamp": {
            "secs": 1677532076,
            "nsecs": 224669910
        },
        "frame_id": "atracsys"
    },
    "pose": {
        "position": {
            "x": 0.1965247802734375,
            "y": 0.19012637329101562,
            "z": 1.0392142333984375
        },
        "orientation": {
            "x": -0.015720661479051157,
            "y": 0.08712931755753767,
            "z": -0.02692542660558379,
            "w": 0.9957089756684562
        }
    }
}