{
    "header": {
        "seq": 18665,
        "stamp": {
            "secs": 1677531986,
            "nsecs": 633450651
        },
        "frame_id": "atracsys"
    },
    "pose": {
        "position": {
            "x": 0.19656538391113282,
            "y": 0.19011740112304687,
            "z": 1.0392593994140624
        },
        "orientation": {
            "x": -0.01593238889262218,
            "y": 0.08711018638310938,
            "z": -0.02678583648919192,
            "w": 0.9957110491382771
        }
    }
}