{
    "header": {
        "seq": 38928,
        "stamp": {
            "secs": 1677532190,
            "nsecs": 666781431
        },
        "frame_id": "atracsys"
    },
    "pose": {
        "position": {
            "x": 0.19654469299316407,
            "y": 0.19010980224609375,
            "z": 1.0392149658203125
        },
        "orientation": {
            "x": -0.015710759694418826,
            "y": 0.08711072420118272,
            "z": -0.026773158294097894,
            "w": 0.995714864684629
        }
    }
}