{
    "header": {
        "seq": 30888,
        "stamp": {
            "secs": 1677532109,
            "nsecs": 702392521
        },
        "frame_id": "atracsys"
    },
    "pose": {
        "position": {
            "x": 0.19651763916015624,
            "y": 0.19011065673828126,
            "z": 1.03923046875
        },
        "orientation": {
            "x": -0.015792961992292687,
            "y": 0.08711186372311201,
            "z": -0.026967735727561594,
            "w": 0.9957082136750326
        }
    }
}