{
    "header": {
        "seq": 33911,
        "stamp": {
            "secs": 1677532140,
            "nsecs": 153117019
        },
        "frame_id": "atracsys"
    },
    "pose": {
        "position": {
            "x": 0.1965305633544922,
            "y": 0.19011439514160156,
            "z": 1.0392279052734374
        },
        "orientation": {
            "x": -0.01577622979339313,
            "y": 0.08711270715973438,
            "z": -0.02690007743577304,
            "w": 0.99571023528874
        }
    }
}