{
    "header": {
        "seq": 21958,
        "stamp": {
            "secs": 1677532019,
            "nsecs": 791644385
        },
        "frame_id": "atracsys"
    },
    "pose": {
        "position": {
            "x": 0.19652766418457032,
            "y": 0.19011918640136719,
            "z": 1.0392166748046876
        },
        "orientation": {
            "x": -0.01568356442225189,
            "y": 0.08712204668532833,
            "z": -0.026941544559733056,
            "w": 0.995709760906816
        }
    }
}