{
    "header": {
        "seq": 37861,
        "stamp": {
            "secs": 1677532179,
            "nsecs": 929324269
        },
        "frame_id": "atracsys"
    },
    "pose": {
        "position": {
            "x": 0.19653120422363282,
            "y": 0.19010874938964845,
            "z": 1.03919580078125
        },
        "orientation": {
            "x": -0.015807634743834467,
            "y": 0.08708193952015526,
            "z": -0.026886334818087238,
            "w": 0.9957127997034402
        }
    }
}