{
    "header": {
        "seq": 13845,
        "stamp": {
            "secs": 1677531938,
            "nsecs": 125895902
        },
        "frame_id": "atracsys"
    },
    "pose": {
        "position": {
            "x": 0.19658294677734375,
            "y": 0.1901126251220703,
            "z": 1.0392276611328126
        },
        "orientation": {
            "x": -0.015714073473815437,
            "y": 0.08710712925642412,
            "z": -0.02670998020324131,
            "w": 0.9957168236426994
        }
    }
}