{
    "header": {
        "seq": 28292,
        "stamp": {
            "secs": 1677532083,
            "nsecs": 549969106
        },
        "frame_id": "atracsys"
    },
    "pose": {
        "position": {
            "x": 0.19652555847167968,
            "y": 0.19011576843261718,
            "z": 1.0392154541015626
        },
        "orientation": {
            "x": -0.015681454105809088,
            "y": 0.08709607876160307,
            "z": -0.02691346040942064,
            "w": 0.995712825422205
        }
    }
}