{
    "header": {
        "seq": 30756,
        "stamp": {
            "secs": 1677532108,
            "nsecs": 373952875
        },
        "frame_id": "atracsys"
    },
    "pose": {
        "position": {
            "x": 0.19652740478515626,
            "y": 0.19011419677734376,
            "z": 1.0392164306640626
        },
        "orientation": {
            "x": -0.015718925572746924,
            "y": 0.087123400279518,
            "z": -0.026916320196651328,
            "w": 0.9957097670554632
        }
    }
}