{
    "header": {
        "seq": 41007,
        "stamp": {
            "secs": 1677532211,
            "nsecs": 613144627
        },
        "frame_id": "atracsys"
    },
    "pose": {
        "position": {
            "x": 0.19655804443359376,
            "y": 0.19011656188964843,
            "z": 1.0392183837890625
        },
        "orientation": {
            "x": -0.015719307818235797,
            "y": 0.08705684304318251,
            "z": -0.026663891875453722,
            "w": 0.9957223741139517
        }
    }
}