{
    "header": {
        "seq": 31565,
        "stamp": {
            "secs": 1677532116,
            "nsecs": 526272638
        },
        "frame_id": "atracsys"
    },
    "pose": {
        "position": {
            "x": 0.19653041076660158,
            "y": 0.19011227416992188,
            "z": 1.0392003173828126
        },
        "orientation": {
            "x": -0.015716460346734847,
            "y": 0.08710003119621341,
            "z": -0.026910969625226697,
            "w": 0.9957119950837282
        }
    }
}