{
    "header": {
        "seq": 35412,
        "stamp": {
            "secs": 1677532155,
            "nsecs": 272572369
        },
        "frame_id": "atracsys"
    },
    "pose": {
        "position": {
            "x": 0.19652503967285156,
            "y": 0.19011709594726564,
            "z": 1.0392401123046875
        },
        "orientation": {
            "x": -0.015863638582885038,
            "y": 0.08713533894602486,
            "z": -0.027009399048531776,
            "w": 0.9957039068120151
        }
    }
}