{
    "header": {
        "seq": 25571,
        "stamp": {
            "secs": 1677532056,
            "nsecs": 161847566
        },
        "frame_id": "atracsys"
    },
    "pose": {
        "position": {
            "x": 0.19652439880371095,
            "y": 0.19011573791503908,
            "z": 1.039231201171875
        },
        "orientation": {
            "x": -0.01571451282114917,
            "y": 0.08713668891163624,
            "z": -0.026955999840883448,
            "w": 0.9957076004555198
        }
    }
}