{
    "header": {
        "seq": 26786,
        "stamp": {
            "secs": 1677532068,
            "nsecs": 391747998
        },
        "frame_id": "atracsys"
    },
    "pose": {
        "position": {
            "x": 0.19651580810546876,
            "y": 0.19012976074218751,
            "z": 1.039221923828125
        },
        "orientation": {
            "x": -0.01570107215555614,
            "y": 0.08710286841846984,
            "z": -0.026998022607566598,
            "w": 0.9957096330867359
        }
    }
}