{
    "header": {
        "seq": 33413,
        "stamp": {
            "secs": 1677532135,
            "nsecs": 138358446
        },
        "frame_id": "atracsys"
    },
    "pose": {
        "position": {
            "x": 0.19653849792480468,
            "y": 0.19011477661132814,
            "z": 1.039209716796875
        },
        "orientation": {
            "x": -0.015671907789225524,
            "y": 0.08710110418954523,
            "z": -0.026863855451203147,
            "w": 0.9957138756819174
        }
    }
}