{
    "header": {
        "seq": 19401,
        "stamp": {
            "secs": 1677531994,
            "nsecs": 42430581
        },
        "frame_id": "atracsys"
    },
    "pose": {
        "position": {
            "x": 0.19652882385253906,
            "y": 0.1901210174560547,
            "z": 1.0392041015625
        },
        "orientation": {
            "x": -0.015649402814931126,
            "y": 0.0871755137106146,
            "z": -0.026938402079994168,
            "w": 0.9957057037569901
        }
    }
}