{
    "header": {
        "seq": 22317,
        "stamp": {
            "secs": 1677532023,
            "nsecs": 415614805
        },
        "frame_id": "atracsys"
    },
    "pose": {
        "position": {
            "x": 0.19652479553222657,
            "y": 0.1901119842529297,
            "z": 1.03922314453125
        },
        "orientation": {
            "x": -0.01572989086550843,
            "y": 0.08712670356870776,
            "z": -0.026973322432393455,
            "w": 0.9957077623156143
        }
    }
}