{
    "header": {
        "seq": 32004,
        "stamp": {
            "secs": 1677532120,
            "nsecs": 944181501
        },
        "frame_id": "atracsys"
    },
    "pose": {
        "position": {
            "x": 0.19653057861328124,
            "y": 0.19011288452148437,
            "z": 1.0392261962890625
        },
        "orientation": {
            "x": -0.015756568761438862,
            "y": 0.08712989106795259,
            "z": -0.02690266740653601,
            "w": 0.9957089730989503
        }
    }
}