{
    "header": {
        "seq": 12125,
        "stamp": {
            "secs": 1677531920,
            "nsecs": 791421495
        },
        "frame_id": "atracsys"
    },
    "pose": {
        "position": {
            "x": 0.19655387878417968,
            "y": 0.19011692810058595,
            "z": 1.039218505859375
        },
        "orientation": {
            "x": -0.015746813685390586,
            "y": 0.0871279688420607,
            "z": -0.02683654725013296,
            "w": 0.9957110799001414
        }
    }
}