{
    "header": {
        "seq": 19452,
        "stamp": {
            "secs": 1677531994,
            "nsecs": 555768336
        },
        "frame_id": "atracsys"
    },
    "pose": {
        "position": {
            "x": 0.19652740478515626,
            "y": 0.19012818908691406,
            "z": 1.0392227783203125
        },
        "orientation": {
            "x": -0.015734428477329837,
            "y": 0.08711866071709788,
            "z": -0.02697640366284398,
            "w": 0.9957083108826452
        }
    }
}