{
    "header": {
        "seq": 9405,
        "stamp": {
            "secs": 1677531893,
            "nsecs": 388324723
        },
        "frame_id": "atracsys"
    },
    "pose": {
        "position": {
            "x": 0.19655203247070313,
            "y": 0.19010801696777344,
            "z": 1.0392325439453125
        },
        "orientation": {
            "x": -0.015759282779037362,
            "y": 0.08711267803404882,
            "z": -0.026868918798817795,
            "w": 0.9957113474971595
        }
    }
}