{
    "header": {
        "seq": 16527,
        "stamp": {
            "secs": 1677531965,
            "nsecs": 108062758
        },
        "frame_id": "atracsys"
    },
    "pose": {
        "position": {
            "x": 0.1965432891845703,
            "y": 0.19009674072265625,
            "z": 1.0392523193359375
        },
        "orientation": {
            "x": -0.015866384567730134,
            "y": 0.08711159747721553,
            "z": -0.026894876106051988,
            "w": 0.9957090403651845
        }
    }
}