{
    "header": {
        "seq": 20075,
        "stamp": {
            "secs": 1677532000,
            "nsecs": 830391426
        },
        "frame_id": "atracsys"
    },
    "pose": {
        "position": {
            "x": 0.19652447509765625,
            "y": 0.19012725830078125,
            "z": 1.0392158203125
        },
        "orientation": {
            "x": -0.01566213470541824,
            "y": 0.08715404334070216,
            "z": -0.02698527009154927,
            "w": 0.9957061140034859
        }
    }
}