{
    "header": {
        "seq": 41212,
        "stamp": {
            "secs": 1677532213,
            "nsecs": 675709601
        },
        "frame_id": "atracsys"
    },
    "pose": {
        "position": {
            "x": 0.19648794555664062,
            "y": 0.1900913848876953,
            "z": 1.0392344970703125
        },
        "orientation": {
            "x": -0.015906881687013714,
            "y": 0.08708902356462693,
            "z": -0.027099441990974374,
            "w": 0.9957048223913215
        }
    }
}