{
    "header": {
        "seq": 25854,
        "stamp": {
            "secs": 1677532059,
            "nsecs": 9619829
        },
        "frame_id": "atracsys"
    },
    "pose": {
        "position": {
            "x": 0.1965391845703125,
            "y": 0.19012155151367188,
            "z": 1.03924560546875
        },
        "orientation": {
            "x": -0.015852226810742734,
            "y": 0.08710097735428297,
            "z": -0.02687388988857073,
            "w": 0.9957107615624764
        }
    }
}