{
    "header": {
        "seq": 31047,
        "stamp": {
            "secs": 1677532111,
            "nsecs": 305302393
        },
        "frame_id": "atracsys"
    },
    "pose": {
        "position": {
            "x": 0.19654165649414063,
            "y": 0.19010296630859375,
            "z": 1.039211181640625
        },
        "orientation": {
            "x": -0.01571385449947065,
            "y": 0.08709741689824281,
            "z": -0.026804991153066816,
            "w": 0.995715123514606
        }
    }
}