{
    "header": {
        "seq": 20773,
        "stamp": {
            "secs": 1677532007,
            "nsecs": 860250472
        },
        "frame_id": "atracsys"
    },
    "pose": {
        "position": {
            "x": 0.19652943420410157,
            "y": 0.19012014770507812,
            "z": 1.039218505859375
        },
        "orientation": {
            "x": -0.015695108071665836,
            "y": 0.08710235216560092,
            "z": -0.026917643864057934,
            "w": 0.9957119484462593
        }
    }
}