{
    "header": {
        "seq": 4738,
        "stamp": {
            "secs": 1677531846,
            "nsecs": 382194909
        },
        "frame_id": "atracsys"
    },
    "pose": {
        "position": {
            "x": 0.1965464782714844,
            "y": 0.19015155029296876,
            "z": 1.0392332763671874
        },
        "orientation": {
            "x": -0.015691383272422133,
            "y": 0.08708050848411061,
            "z": -0.026906899823919264,
            "w": 0.9957142081315363
        }
    }
}