{
    "header": {
        "seq": 20384,
        "stamp": {
            "secs": 1677532003,
            "nsecs": 937898869
        },
        "frame_id": "atracsys"
    },
    "pose": {
        "position": {
            "x": 0.19653257751464845,
            "y": 0.19011758422851563,
            "z": 1.0392410888671875
        },
        "orientation": {
            "x": -0.015800603820854114,
            "y": 0.08712713579803033,
            "z": -0.026936051452080605,
            "w": 0.9957076138398756
        }
    }
}