{
    "header": {
        "seq": 19712,
        "stamp": {
            "secs": 1677531997,
            "nsecs": 173661792
        },
        "frame_id": "atracsys"
    },
    "pose": {
        "position": {
            "x": 0.19651654052734374,
            "y": 0.190134765625,
            "z": 1.0392188720703126
        },
        "orientation": {
            "x": -0.015692975557425,
            "y": 0.08716605376556931,
            "z": -0.027045645337888533,
            "w": 0.9957029389618919
        }
    }
}