{
    "header": {
        "seq": 32960,
        "stamp": {
            "secs": 1677532130,
            "nsecs": 577056932
        },
        "frame_id": "atracsys"
    },
    "pose": {
        "position": {
            "x": 0.1965277099609375,
            "y": 0.19011355590820314,
            "z": 1.039217041015625
        },
        "orientation": {
            "x": -0.01570883294508833,
            "y": 0.08713848208812598,
            "z": -0.02691282488324902,
            "w": 0.9957087010585396
        }
    }
}