{
    "header": {
        "seq": 27294,
        "stamp": {
            "secs": 1677532073,
            "nsecs": 508265899
        },
        "frame_id": "atracsys"
    },
    "pose": {
        "position": {
            "x": 0.19652001953125,
            "y": 0.1901139373779297,
            "z": 1.039210693359375
        },
        "orientation": {
            "x": -0.015655222667761877,
            "y": 0.0871077246278493,
            "z": -0.026959625780127446,
            "w": 0.9957109705588149
        }
    }
}