{
    "header": {
        "seq": 38774,
        "stamp": {
            "secs": 1677532189,
            "nsecs": 114460229
        },
        "frame_id": "atracsys"
    },
    "pose": {
        "position": {
            "x": 0.19653855895996095,
            "y": 0.19009866333007813,
            "z": 1.039227783203125
        },
        "orientation": {
            "x": -0.015881434875175196,
            "y": 0.08710326868934196,
            "z": -0.02684320213443422,
            "w": 0.9957109234657958
        }
    }
}