{
    "header": {
        "seq": 37070,
        "stamp": {
            "secs": 1677532171,
            "nsecs": 968131812
        },
        "frame_id": "atracsys"
    },
    "pose": {
        "position": {
            "x": 0.19654464721679688,
            "y": 0.19011175537109376,
            "z": 1.0392088623046876
        },
        "orientation": {
            "x": -0.015740594361664643,
            "y": 0.08713943961240171,
            "z": -0.02681824954723337,
            "w": 0.9957106674352748
        }
    }
}