{
    "header": {
        "seq": 33473,
        "stamp": {
            "secs": 1677532135,
            "nsecs": 741168544
        },
        "frame_id": "atracsys"
    },
    "pose": {
        "position": {
            "x": 0.19653555297851563,
            "y": 0.1901072998046875,
            "z": 1.0392281494140625
        },
        "orientation": {
            "x": -0.01574892030260819,
            "y": 0.0871274025541446,
            "z": -0.026879252618923113,
            "w": 0.9957099442167474
        }
    }
}