{
    "header": {
        "seq": 37217,
        "stamp": {
            "secs": 1677532173,
            "nsecs": 445844858
        },
        "frame_id": "atracsys"
    },
    "pose": {
        "position": {
            "x": 0.19652883911132812,
            "y": 0.19012286376953125,
            "z": 1.0391834716796875
        },
        "orientation": {
            "x": -0.015576820525779713,
            "y": 0.0871073859437158,
            "z": -0.026890588954405728,
            "w": 0.9957140966171191
        }
    }
}