{
    "header": {
        "seq": 32267,
        "stamp": {
            "secs": 1677532123,
            "nsecs": 594943720
        },
        "frame_id": "atracsys"
    },
    "pose": {
        "position": {
            "x": 0.19654421997070312,
            "y": 0.19010691833496093,
            "z": 1.0392349853515626
        },
        "orientation": {
            "x": -0.015797463369378907,
            "y": 0.08713410115556494,
            "z": -0.026842289467130076,
            "w": 0.9957095862062733
        }
    }
}