{
    "header": {
        "seq": 38891,
        "stamp": {
            "secs": 1677532190,
            "nsecs": 293669471
        },
        "frame_id": "atracsys"
    },
    "pose": {
        "position": {
            "x": 0.1965472869873047,
            "y": 0.1901096649169922,
            "z": 1.039193359375
        },
        "orientation": {
            "x": -0.015714961493315135,
            "y": 0.08707138803093975,
            "z": -0.026796730725077263,
            "w": 0.9957176048428976
        }
    }
}