{
    "header": {
        "seq": 11983,
        "stamp": {
            "secs": 1677531919,
            "nsecs": 361552127
        },
        "frame_id": "atracsys"
    },
    "pose": {
        "position": {
            "x": 0.1965614471435547,
            "y": 0.19011611938476564,
            "z": 1.0392357177734375
        },
        "orientation": {
            "x": -0.015813656067400633,
            "y": 0.08711806998600341,
            "z": -0.0268296278700554,
            "w": 0.9957110731693457
        }
    }
}