{
    "header": {
        "seq": 33533,
        "stamp": {
            "secs": 1677532136,
            "nsecs": 344186321
        },
        "frame_id": "atracsys"
    },
    "pose": {
        "position": {
            "x": 0.19652900695800782,
            "y": 0.1901069793701172,
            "z": 1.039199951171875
        },
        "orientation": {
            "x": -0.015720824774354356,
            "y": 0.08709434240873153,
            "z": -0.026951590360446056,
            "w": 0.9957113251167969
        }
    }
}