{
    "header": {
        "seq": 23175,
        "stamp": {
            "secs": 1677532032,
            "nsecs": 54367385
        },
        "frame_id": "atracsys"
    },
    "pose": {
        "position": {
            "x": 0.19654380798339843,
            "y": 0.19010838317871095,
            "z": 1.03922998046875
        },
        "orientation": {
            "x": -0.015717802985013768,
            "y": 0.08712149822355617,
            "z": -0.02684797672331524,
            "w": 0.9957117963359033
        }
    }
}