{
    "header": {
        "seq": 31916,
        "stamp": {
            "secs": 1677532120,
            "nsecs": 60586025
        },
        "frame_id": "atracsys"
    },
    "pose": {
        "position": {
            "x": 0.19651513671875,
            "y": 0.1901150665283203,
            "z": 1.0392330322265626
        },
        "orientation": {
            "x": -0.015889009602149368,
            "y": 0.08712977877434562,
            "z": -0.027070106239000614,
            "w": 0.9957023402467254
        }
    }
}