{
    "header": {
        "seq": 25131,
        "stamp": {
            "secs": 1677532051,
            "nsecs": 729013904
        },
        "frame_id": "atracsys"
    },
    "pose": {
        "position": {
            "x": 0.1965289764404297,
            "y": 0.1901268310546875,
            "z": 1.03922802734375
        },
        "orientation": {
            "x": -0.015742409985680647,
            "y": 0.08710859186768816,
            "z": -0.026933120069154392,
            "w": 0.9957102373652748
        }
    }
}