{
    "header": {
        "seq": 37942,
        "stamp": {
            "secs": 1677532180,
            "nsecs": 741364531
        },
        "frame_id": "atracsys"
    },
    "pose": {
        "position": {
            "x": 0.19653363037109375,
            "y": 0.19011375427246094,
            "z": 1.039230712890625
        },
        "orientation": {
            "x": -0.01572912708534743,
            "y": 0.08715170536964206,
            "z": -0.026836421187554728,
            "w": 0.9957092855397807
        }
    }
}