{
    "header": {
        "seq": 19922,
        "stamp": {
            "secs": 1677531999,
            "nsecs": 290099321
        },
        "frame_id": "atracsys"
    },
    "pose": {
        "position": {
            "x": 0.1965401153564453,
            "y": 0.19009945678710938,
            "z": 1.0392159423828125
        },
        "orientation": {
            "x": -0.015654215689821463,
            "y": 0.08711528895382151,
            "z": -0.02684564269433271,
            "w": 0.9957134042634744
        }
    }
}