{
    "header": {
        "seq": 39657,
        "stamp": {
            "secs": 1677532198,
            "nsecs": 7005924
        },
        "frame_id": "atracsys"
    },
    "pose": {
        "position": {
            "x": 0.19655657958984377,
            "y": 0.1901129150390625,
            "z": 1.0391915283203126
        },
        "orientation": {
            "x": -0.015592081373639669,
            "y": 0.08708796457659447,
            "z": -0.026709165911465146,
            "w": 0.9957204396218136
        }
    }
}