{
    "header": {
        "seq": 19762,
        "stamp": {
            "secs": 1677531997,
            "nsecs": 675182925
        },
        "frame_id": "atracsys"
    },
    "pose": {
        "position": {
            "x": 0.19652644348144532,
            "y": 0.19012347412109376,
            "z": 1.0392255859375
        },
        "orientation": {
            "x": -0.01573285228360225,
            "y": 0.08710465781191488,
            "z": -0.026942987088344906,
            "w": 0.9957104656441293
        }
    }
}