{
    "header": {
        "seq": 30677,
        "stamp": {
            "secs": 1677532107,
            "nsecs": 579909483
        },
        "frame_id": "atracsys"
    },
    "pose": {
        "position": {
            "x": 0.19653086853027343,
            "y": 0.19010476684570313,
            "z": 1.0392166748046876
        },
        "orientation": {
            "x": -0.01573989575384687,
            "y": 0.0870975343874153,
            "z": -0.026879172789700673,
            "w": 0.995712702166359
        }
    }
}