{
    "header": {
        "seq": 18764,
        "stamp": {
            "secs": 1677531987,
            "nsecs": 627380722
        },
        "frame_id": "atracsys"
    },
    "pose": {
        "position": {
            "x": 0.19654518127441406,
            "y": 0.19012145996093752,
            "z": 1.0392490234375
        },
        "orientation": {
            "x": -0.015826788344776323,
            "y": 0.08711762757069504,
            "z": -0.02689852362233069,
            "w": 0.9957090444321988
        }
    }
}