{
    "header": {
        "seq": 35774,
        "stamp": {
            "secs": 1677532158,
            "nsecs": 914465434
        },
        "frame_id": "atracsys"
    },
    "pose": {
        "position": {
            "x": 0.1965357666015625,
            "y": 0.19012065124511718,
            "z": 1.039203369140625
        },
        "orientation": {
            "x": -0.01566186336699759,
            "y": 0.08711084126079965,
            "z": -0.026879220887226222,
            "w": 0.9957127672452558
        }
    }
}