{
    "header": {
        "seq": 19249,
        "stamp": {
            "secs": 1677532039,
            "nsecs": 218527865
        },
        "frame_id": "atracsys"
    },
    "pose": {
        "position": {
            "x": 0.7938661499023437,
            "y": 0.22682205200195313,
            "z": 0.5768824462890625
        },
        "orientation": {
            "x": 0.32222257327889164,
            "y": -0.519748822543435,
            "z": -0.05406702717517516,
            "w": 0.7893735055768473
        }
    }
}