{
    "header": {
        "seq": 10331,
        "stamp": {
            "secs": 1677531949,
            "nsecs": 451282780
        },
        "frame_id": "atracsys"
    },
    "pose": {
        "position": {
            "x": 0.3524341125488281,
            "y": 0.4399454345703125,
            "z": 0.33956796264648437
        },
        "orientation": {
            "x": 0.40449381855712324,
            "y": -0.22412569760466555,
            "z": -0.24530907162915558,
            "w": 0.8520421831099333
        }
    }
}