{
    "header": {
        "seq": 32502,
        "stamp": {
            "secs": 1677532172,
            "nsecs": 654776039
        },
        "frame_id": "atracsys"
    },
    "pose": {
        "position": {
            "x": 0.7380823364257812,
            "y": 0.3065993347167969,
            "z": 0.6362616577148438
        },
        "orientation": {
            "x": 0.40555621756009447,
            "y": -0.501153229640724,
            "z": -0.13484845023506953,
            "w": 0.7524529821113217
        }
    }
}