{
    "header": {
        "seq": 1849,
        "stamp": {
            "secs": 1677531853,
            "nsecs": 737402648
        },
        "frame_id": "atracsys"
    },
    "pose": {
        "position": {
            "x": 0.2948858947753906,
            "y": -0.1105966796875,
            "z": 0.31845706176757815
        },
        "orientation": {
            "x": 0.09003474885617442,
            "y": -0.19581203563642893,
            "z": -0.03751212281332299,
            "w": 0.9757787819687216
        }
    }
}