{
    "header": {
        "seq": 8841,
        "stamp": {
            "secs": 1677531934,
            "nsecs": 463159568
        },
        "frame_id": "atracsys"
    },
    "pose": {
        "position": {
            "x": 0.3189302062988281,
            "y": 0.39408609008789064,
            "z": 0.3534101867675781
        },
        "orientation": {
            "x": 0.3797138947788109,
            "y": -0.23227879460896456,
            "z": -0.2097248582826507,
            "w": 0.8705626936098484
        }
    }
}