{
    "header": {
        "seq": 2433,
        "stamp": {
            "secs": 1677531859,
            "nsecs": 612018245
        },
        "frame_id": "atracsys"
    },
    "pose": {
        "position": {
            "x": 0.30280020141601566,
            "y": -0.12490998840332032,
            "z": 0.3338544616699219
        },
        "orientation": {
            "x": 0.08559703992626899,
            "y": -0.21011161999999356,
            "z": -0.03898961760601867,
            "w": 0.9731423655435908
        }
    }
}