{
    "header": {
        "seq": 23348,
        "stamp": {
            "secs": 1677532080,
            "nsecs": 493351411
        },
        "frame_id": "atracsys"
    },
    "pose": {
        "position": {
            "x": 0.7667277832031251,
            "y": 0.18038229370117187,
            "z": 0.5786427001953125
        },
        "orientation": {
            "x": 0.30644561114960056,
            "y": -0.5171482064442877,
            "z": -0.06857507636029074,
            "w": 0.7962074345802007
        }
    }
}