{
    "header": {
        "seq": 15237,
        "stamp": {
            "secs": 1677531998,
            "nsecs": 806516384
        },
        "frame_id": "atracsys"
    },
    "pose": {
        "position": {
            "x": 0.7360358276367188,
            "y": 0.20395625305175782,
            "z": 0.5102156982421875
        },
        "orientation": {
            "x": 0.31431407983236387,
            "y": -0.4859205025861173,
            "z": -0.08402914560589016,
            "w": 0.8111886507307247
        }
    }
}