{
    "header": {
        "seq": 14763,
        "stamp": {
            "secs": 1677531994,
            "nsecs": 39456819
        },
        "frame_id": "atracsys"
    },
    "pose": {
        "position": {
            "x": 0.7646674194335937,
            "y": 0.18401246643066407,
            "z": 0.5507149047851563
        },
        "orientation": {
            "x": 0.3049513936225058,
            "y": -0.5052103834331335,
            "z": -0.07426103058397526,
            "w": 0.8038982618065819
        }
    }
}