{
    "header": {
        "seq": 33917,
        "stamp": {
            "secs": 1677532186,
            "nsecs": 908451216
        },
        "frame_id": "atracsys"
    },
    "pose": {
        "position": {
            "x": 0.7610276489257812,
            "y": 0.3139305114746094,
            "z": 0.6775419311523437
        },
        "orientation": {
            "x": 0.40913275740697425,
            "y": -0.5257969099198694,
            "z": -0.11262014397034521,
            "w": 0.737200582953772
        }
    }
}