{
    "header": {
        "seq": 15538,
        "stamp": {
            "secs": 1677532001,
            "nsecs": 836385752
        },
        "frame_id": "atracsys"
    },
    "pose": {
        "position": {
            "x": 0.72574169921875,
            "y": 0.21109176635742188,
            "z": 0.5079357299804688
        },
        "orientation": {
            "x": 0.31499805229707106,
            "y": -0.4832814691560374,
            "z": -0.07647240383555956,
            "w": 0.8132448709159159
        }
    }
}