{
    "header": {
        "seq": 29668,
        "stamp": {
            "secs": 1677532144,
            "nsecs": 108344415
        },
        "frame_id": "atracsys"
    },
    "pose": {
        "position": {
            "x": 0.7367335205078125,
            "y": 0.3302257080078125,
            "z": 0.6717804565429688
        },
        "orientation": {
            "x": 0.40657449091852454,
            "y": -0.5134227109695602,
            "z": -0.08531197717075395,
            "w": 0.750876933822199
        }
    }
}