{
    "header": {
        "seq": 21394,
        "stamp": {
            "secs": 1677532060,
            "nsecs": 821683369
        },
        "frame_id": "atracsys"
    },
    "pose": {
        "position": {
            "x": 0.8479237060546875,
            "y": 0.07839315032958985,
            "z": 0.6458230590820313
        },
        "orientation": {
            "x": 0.23042404445015097,
            "y": -0.5685316096726551,
            "z": -0.02732354672314277,
            "w": 0.7892591414337391
        }
    }
}