{
    "header": {
        "seq": 20549,
        "stamp": {
            "secs": 1677532052,
            "nsecs": 314278075
        },
        "frame_id": "atracsys"
    },
    "pose": {
        "position": {
            "x": 0.8170687866210937,
            "y": 0.19207815551757812,
            "z": 0.6053613891601562
        },
        "orientation": {
            "x": 0.31147997220540946,
            "y": -0.5377094398017646,
            "z": -0.06330680182823702,
            "w": 0.7809231934737694
        }
    }
}