{
    "header": {
        "seq": 18339,
        "stamp": {
            "secs": 1677532030,
            "nsecs": 54365593
        },
        "frame_id": "atracsys"
    },
    "pose": {
        "position": {
            "x": 0.7947102050781251,
            "y": 0.2021875,
            "z": 0.5704791870117187
        },
        "orientation": {
            "x": 0.3086639739283497,
            "y": -0.5197676055388377,
            "z": -0.06281833904523258,
            "w": 0.7941171473471534
        }
    }
}