{
    "header": {
        "seq": 28476,
        "stamp": {
            "secs": 1677532132,
            "nsecs": 105327469
        },
        "frame_id": "atracsys"
    },
    "pose": {
        "position": {
            "x": 0.7463022460937501,
            "y": 0.31713888549804686,
            "z": 0.6597794189453126
        },
        "orientation": {
            "x": 0.4012027433622136,
            "y": -0.5169060414718432,
            "z": -0.09458655150759425,
            "w": 0.7502652112969413
        }
    }
}