{
    "header": {
        "seq": 14027,
        "stamp": {
            "secs": 1677531986,
            "nsecs": 630474430
        },
        "frame_id": "atracsys"
    },
    "pose": {
        "position": {
            "x": 0.754096923828125,
            "y": 0.2064327850341797,
            "z": 0.51864013671875
        },
        "orientation": {
            "x": 0.31028651598234613,
            "y": -0.4982475796366629,
            "z": -0.07041626767232809,
            "w": 0.806543970675402
        }
    }
}