{
    "header": {
        "seq": 11888,
        "stamp": {
            "secs": 1677531965,
            "nsecs": 110967058
        },
        "frame_id": "atracsys"
    },
    "pose": {
        "position": {
            "x": 0.5724658203125,
            "y": 0.63044091796875,
            "z": 0.59204931640625
        },
        "orientation": {
            "x": 0.574392385586494,
            "y": -0.31301132179824,
            "z": -0.23275910988599288,
            "w": 0.7196669344713953
        }
    }
}