{
    "header": {
        "seq": 15923,
        "stamp": {
            "secs": 1677532005,
            "nsecs": 708115264
        },
        "frame_id": "atracsys"
    },
    "pose": {
        "position": {
            "x": 0.7328992309570312,
            "y": 0.2183206481933594,
            "z": 0.533933349609375
        },
        "orientation": {
            "x": 0.3230913289400667,
            "y": -0.49355165758600633,
            "z": -0.07627258731192466,
            "w": 0.8038664359721658
        }
    }
}