{
    "header": {
        "seq": 30593,
        "stamp": {
            "secs": 1677532153,
            "nsecs": 430841084
        },
        "frame_id": "atracsys"
    },
    "pose": {
        "position": {
            "x": 0.7402427978515626,
            "y": 0.33101773071289065,
            "z": 0.6870667114257812
        },
        "orientation": {
            "x": 0.4087019435253418,
            "y": -0.520169804162695,
            "z": -0.08471821745247901,
            "w": 0.745123425901794
        }
    }
}