{
    "header": {
        "seq": 18111,
        "stamp": {
            "secs": 1677532027,
            "nsecs": 761884100
        },
        "frame_id": "atracsys"
    },
    "pose": {
        "position": {
            "x": 0.7824779663085938,
            "y": 0.2121593475341797,
            "z": 0.5552471923828125
        },
        "orientation": {
            "x": 0.3125182089915881,
            "y": -0.5101667028860547,
            "z": -0.06053280485998416,
            "w": 0.7989981751236014
        }
    }
}