{
    "header": {
        "seq": 17165,
        "stamp": {
            "secs": 1677532018,
            "nsecs": 227444670
        },
        "frame_id": "atracsys"
    },
    "pose": {
        "position": {
            "x": 0.770149658203125,
            "y": 0.18890104675292968,
            "z": 0.57598974609375
        },
        "orientation": {
            "x": 0.3135502399047791,
            "y": -0.5169826847182047,
            "z": -0.073643840130263,
            "w": 0.7930899920993083
        }
    }
}