{
    "header": {
        "seq": 32380,
        "stamp": {
            "secs": 1677532171,
            "nsecs": 424833355
        },
        "frame_id": "atracsys"
    },
    "pose": {
        "position": {
            "x": 0.7427437744140625,
            "y": 0.2975799255371094,
            "z": 0.646591552734375
        },
        "orientation": {
            "x": 0.40380469641937483,
            "y": -0.5062377304427104,
            "z": -0.1381520702247933,
            "w": 0.7493858371483104
        }
    }
}