{
    "header": {
        "seq": 35675,
        "stamp": {
            "secs": 1677532204,
            "nsecs": 625012547
        },
        "frame_id": "atracsys"
    },
    "pose": {
        "position": {
            "x": 0.69782861328125,
            "y": 0.045612300872802734,
            "z": 0.4812286376953125
        },
        "orientation": {
            "x": 0.21647919795347845,
            "y": -0.4852166203773789,
            "z": -0.12784238881869223,
            "w": 0.8374711408664203
        }
    }
}