{
    "header": {
        "seq": 32057,
        "stamp": {
            "secs": 1677532168,
            "nsecs": 174076768
        },
        "frame_id": "atracsys"
    },
    "pose": {
        "position": {
            "x": 0.7356641235351563,
            "y": 0.3433018493652344,
            "z": 0.70765185546875
        },
        "orientation": {
            "x": 0.4054703260398996,
            "y": -0.5277852182251163,
            "z": -0.06715337044378214,
            "w": 0.7433216013020234
        }
    }
}