{
    "header": {
        "seq": 23125,
        "stamp": {
            "secs": 1677532078,
            "nsecs": 245592599
        },
        "frame_id": "atracsys"
    },
    "pose": {
        "position": {
            "x": 0.77813818359375,
            "y": 0.1719869842529297,
            "z": 0.5979328002929688
        },
        "orientation": {
            "x": 0.3046437988074917,
            "y": -0.5250997581619373,
            "z": -0.07051859409696094,
            "w": 0.791510914462336
        }
    }
}