{
    "header": {
        "seq": 30530,
        "stamp": {
            "secs": 1677532152,
            "nsecs": 795039764
        },
        "frame_id": "atracsys"
    },
    "pose": {
        "position": {
            "x": 0.7489146118164063,
            "y": 0.32425387573242187,
            "z": 0.6985139160156251
        },
        "orientation": {
            "x": 0.40810153221281464,
            "y": -0.5255896816368356,
            "z": -0.08574357081057817,
            "w": 0.741523206667933
        }
    }
}