{
    "header": {
        "seq": 7155,
        "stamp": {
            "secs": 1677531917,
            "nsecs": 486952739
        },
        "frame_id": "atracsys"
    },
    "pose": {
        "position": {
            "x": 0.34697442626953123,
            "y": 0.3310213012695313,
            "z": 0.3911665649414063
        },
        "orientation": {
            "x": 0.35427726908447743,
            "y": -0.2604767853664191,
            "z": -0.1977970301146825,
            "w": 0.8760797884742191
        }
    }
}