{
    "header": {
        "seq": 968,
        "stamp": {
            "secs": 1677531844,
            "nsecs": 877716817
        },
        "frame_id": "atracsys"
    },
    "pose": {
        "position": {
            "x": 0.297523193359375,
            "y": -0.11050877380371094,
            "z": 0.3018224792480469
        },
        "orientation": {
            "x": 0.0834173055591663,
            "y": -0.18481681079066503,
            "z": -0.016491969501684765,
            "w": 0.9790874907404199
        }
    }
}