{
    "header": {
        "seq": 10512,
        "stamp": {
            "secs": 1677531951,
            "nsecs": 272205275
        },
        "frame_id": "atracsys"
    },
    "pose": {
        "position": {
            "x": 0.3815955810546875,
            "y": 0.4507185974121094,
            "z": 0.3491829528808594
        },
        "orientation": {
            "x": 0.414172414411175,
            "y": -0.23474754433878947,
            "z": -0.24634721079978486,
            "w": 0.8441965726647392
        }
    }
}