{
    "header": {
        "seq": 16567,
        "stamp": {
            "secs": 1677532012,
            "nsecs": 191643310
        },
        "frame_id": "atracsys"
    },
    "pose": {
        "position": {
            "x": 0.7711386108398438,
            "y": 0.19810311889648438,
            "z": 0.596267578125
        },
        "orientation": {
            "x": 0.31705904632423715,
            "y": -0.5263505949220152,
            "z": -0.06493519229325347,
            "w": 0.7862646076042366
        }
    }
}