{
    "header": {
        "seq": 9434,
        "stamp": {
            "secs": 1677531940,
            "nsecs": 427296270
        },
        "frame_id": "atracsys"
    },
    "pose": {
        "position": {
            "x": 0.3287350769042969,
            "y": 0.4082322692871094,
            "z": 0.3357492370605469
        },
        "orientation": {
            "x": 0.38629506174885553,
            "y": -0.22851347365620486,
            "z": -0.22768269378059977,
            "w": 0.8641286412212204
        }
    }
}