{
    "header": {
        "seq": 32349,
        "stamp": {
            "secs": 1677532171,
            "nsecs": 114489313
        },
        "frame_id": "atracsys"
    },
    "pose": {
        "position": {
            "x": 0.7436514282226563,
            "y": 0.30076602172851563,
            "z": 0.654173828125
        },
        "orientation": {
            "x": 0.40628173642397963,
            "y": -0.5076461262234101,
            "z": -0.13586297793090626,
            "w": 0.7475104095639257
        }
    }
}