{
    "header": {
        "seq": 15810,
        "stamp": {
            "secs": 1677532004,
            "nsecs": 570789055
        },
        "frame_id": "atracsys"
    },
    "pose": {
        "position": {
            "x": 0.7311666870117187,
            "y": 0.21907965087890627,
            "z": 0.5279703979492187
        },
        "orientation": {
            "x": 0.322296851860878,
            "y": -0.4908292914330887,
            "z": -0.0748673556248638,
            "w": 0.8059815289531141
        }
    }
}