{
    "header": {
        "seq": 2099,
        "stamp": {
            "secs": 1677531856,
            "nsecs": 250820808
        },
        "frame_id": "atracsys"
    },
    "pose": {
        "position": {
            "x": 0.29738311767578124,
            "y": -0.12012215423583984,
            "z": 0.3273818054199219
        },
        "orientation": {
            "x": 0.08705043315408482,
            "y": -0.20237805859859243,
            "z": -0.040046016395971426,
            "w": 0.9746084650034417
        }
    }
}