{
    "header": {
        "seq": 20111,
        "stamp": {
            "secs": 1677532047,
            "nsecs": 899192294
        },
        "frame_id": "atracsys"
    },
    "pose": {
        "position": {
            "x": 0.8140178833007813,
            "y": 0.19972299194335938,
            "z": 0.5962662353515625
        },
        "orientation": {
            "x": 0.31735969281753623,
            "y": -0.528790090661617,
            "z": -0.06945098888139324,
            "w": 0.7841176095052543
        }
    }
}