{
    "header": {
        "seq": 33879,
        "stamp": {
            "secs": 1677532186,
            "nsecs": 526469165
        },
        "frame_id": "atracsys"
    },
    "pose": {
        "position": {
            "x": 0.765095703125,
            "y": 0.30720703125,
            "z": 0.6788783569335938
        },
        "orientation": {
            "x": 0.4064956333448224,
            "y": -0.5277097366783561,
            "z": -0.11373928286920729,
            "w": 0.7371208241657878
        }
    }
}