{
    "header": {
        "seq": 33698,
        "stamp": {
            "secs": 1677532184,
            "nsecs": 696514470
        },
        "frame_id": "atracsys"
    },
    "pose": {
        "position": {
            "x": 0.781994384765625,
            "y": 0.2943890075683594,
            "z": 0.7159219970703126
        },
        "orientation": {
            "x": 0.4063372234275482,
            "y": -0.5438250654578761,
            "z": -0.11359741231834801,
            "w": 0.7254240049457301
        }
    }
}