{
    "header": {
        "seq": 12411,
        "stamp": {
            "secs": 1677531970,
            "nsecs": 376763363
        },
        "frame_id": "atracsys"
    },
    "pose": {
        "position": {
            "x": 0.5991471557617187,
            "y": 0.5801237182617187,
            "z": 0.5631611328125
        },
        "orientation": {
            "x": 0.5511126856866692,
            "y": -0.3308396363719285,
            "z": -0.24743694891867563,
            "w": 0.7249792403857737
        }
    }
}