{
    "header": {
        "seq": 27367,
        "stamp": {
            "secs": 1677532120,
            "nsecs": 944181896
        },
        "frame_id": "atracsys"
    },
    "pose": {
        "position": {
            "x": 0.7428086547851562,
            "y": 0.3243072509765625,
            "z": 0.6460220336914063
        },
        "orientation": {
            "x": 0.4072863129643053,
            "y": -0.5086986673833179,
            "z": -0.09719584756738145,
            "w": 0.7522609203527968
        }
    }
}