{
    "header": {
        "seq": 12194,
        "stamp": {
            "secs": 1677531968,
            "nsecs": 194634353
        },
        "frame_id": "atracsys"
    },
    "pose": {
        "position": {
            "x": 0.607090087890625,
            "y": 0.5705264282226563,
            "z": 0.5700827026367188
        },
        "orientation": {
            "x": 0.5470010725975635,
            "y": -0.34259514206043234,
            "z": -0.24410271774836634,
            "w": 0.7237625704618669
        }
    }
}