{
    "header": {
        "seq": 20931,
        "stamp": {
            "secs": 1677532056,
            "nsecs": 158856889
        },
        "frame_id": "atracsys"
    },
    "pose": {
        "position": {
            "x": 0.8293739624023437,
            "y": 0.10786563110351563,
            "z": 0.614029052734375
        },
        "orientation": {
            "x": 0.24586988247575686,
            "y": -0.5504467949724857,
            "z": -0.02985669737920933,
            "w": 0.7972859615078408
        }
    }
}