{
    "header": {
        "seq": 1585,
        "stamp": {
            "secs": 1677531851,
            "nsecs": 83632504
        },
        "frame_id": "atracsys"
    },
    "pose": {
        "position": {
            "x": 0.30279788208007813,
            "y": -0.10456861877441406,
            "z": 0.3155982971191406
        },
        "orientation": {
            "x": 0.09235895066244444,
            "y": -0.19617510848877637,
            "z": -0.03242553215531826,
            "w": 0.9756709157837972
        }
    }
}