{
    "header": {
        "seq": 29359,
        "stamp": {
            "secs": 1677532141,
            "nsecs": 860323
        },
        "frame_id": "atracsys"
    },
    "pose": {
        "position": {
            "x": 0.763310546875,
            "y": 0.30498318481445313,
            "z": 0.7022813110351562
        },
        "orientation": {
            "x": 0.4048392652031968,
            "y": -0.5279415821182062,
            "z": -0.09463376951456844,
            "w": 0.7405587788202397
        }
    }
}