{
    "header": {
        "seq": 12740,
        "stamp": {
            "secs": 1677531973,
            "nsecs": 687088114
        },
        "frame_id": "atracsys"
    },
    "pose": {
        "position": {
            "x": 0.6058929443359375,
            "y": 0.5778788452148438,
            "z": 0.5677023315429688
        },
        "orientation": {
            "x": 0.553096815392433,
            "y": -0.3301162302218939,
            "z": -0.24653197111903227,
            "w": 0.7241057758111028
        }
    }
}