{
    "header": {
        "seq": 22815,
        "stamp": {
            "secs": 1677532075,
            "nsecs": 120214839
        },
        "frame_id": "atracsys"
    },
    "pose": {
        "position": {
            "x": 0.7814503173828126,
            "y": 0.15301341247558595,
            "z": 0.582841064453125
        },
        "orientation": {
            "x": 0.28660253934589364,
            "y": -0.5264460174715836,
            "z": -0.05725618092195413,
            "w": 0.7983954564468833
        }
    }
}