{
    "header": {
        "seq": 25073,
        "stamp": {
            "secs": 1677532097,
            "nsecs": 857572499
        },
        "frame_id": "atracsys"
    },
    "pose": {
        "position": {
            "x": 0.7651494750976563,
            "y": 0.21462840270996095,
            "z": 0.6135044555664063
        },
        "orientation": {
            "x": 0.3312629844846585,
            "y": -0.5294066578909519,
            "z": -0.07450331202541946,
            "w": 0.7774591193035763
        }
    }
}