{
    "header": {
        "seq": 7483,
        "stamp": {
            "secs": 1677531920,
            "nsecs": 788487295
        },
        "frame_id": "atracsys"
    },
    "pose": {
        "position": {
            "x": 0.3290896911621094,
            "y": 0.35859915161132816,
            "z": 0.382796142578125
        },
        "orientation": {
            "x": 0.3661635814672465,
            "y": -0.24664585417531532,
            "z": -0.20061100611699034,
            "w": 0.8745543313310712
        }
    }
}