{
    "header": {
        "seq": 11964,
        "stamp": {
            "secs": 1677531965,
            "nsecs": 878104629
        },
        "frame_id": "atracsys"
    },
    "pose": {
        "position": {
            "x": 0.5682638549804687,
            "y": 0.6226216430664062,
            "z": 0.5830883178710937
        },
        "orientation": {
            "x": 0.5691613791353929,
            "y": -0.3153110155377527,
            "z": -0.23074173598545605,
            "w": 0.7234587336231879
        }
    }
}