{
    "header": {
        "seq": 34746,
        "stamp": {
            "secs": 1677532195,
            "nsecs": 257749874
        },
        "frame_id": "atracsys"
    },
    "pose": {
        "position": {
            "x": 0.7367461547851563,
            "y": 0.07902596282958985,
            "z": 0.5154348754882813
        },
        "orientation": {
            "x": 0.25372330169036084,
            "y": -0.5047722455311896,
            "z": -0.15849160124602982,
            "w": 0.8097591485467838
        }
    }
}