{
    "header": {
        "seq": 31286,
        "stamp": {
            "secs": 1677532160,
            "nsecs": 412877395
        },
        "frame_id": "atracsys"
    },
    "pose": {
        "position": {
            "x": 0.7375615844726563,
            "y": 0.3413445129394531,
            "z": 0.7002088012695312
        },
        "orientation": {
            "x": 0.4113475994701004,
            "y": -0.523285775334304,
            "z": -0.0781792711611581,
            "w": 0.742194820315847
        }
    }
}