{
    "header": {
        "seq": 20835,
        "stamp": {
            "secs": 1677532055,
            "nsecs": 191756391
        },
        "frame_id": "atracsys"
    },
    "pose": {
        "position": {
            "x": 0.8222870483398438,
            "y": 0.1769588623046875,
            "z": 0.61437353515625
        },
        "orientation": {
            "x": 0.2978002949197173,
            "y": -0.541713984909497,
            "z": -0.050191020815167284,
            "w": 0.7844372532769809
        }
    }
}