{
    "header": {
        "seq": 32032,
        "stamp": {
            "secs": 1677532167,
            "nsecs": 923454412
        },
        "frame_id": "atracsys"
    },
    "pose": {
        "position": {
            "x": 0.736885498046875,
            "y": 0.34269482421875,
            "z": 0.7110345458984375
        },
        "orientation": {
            "x": 0.4070425579924664,
            "y": -0.5276778810052852,
            "z": -0.069019210652662,
            "w": 0.7423669971392889
        }
    }
}