{
    "header": {
        "seq": 32764,
        "stamp": {
            "secs": 1677532175,
            "nsecs": 293510731
        },
        "frame_id": "atracsys"
    },
    "pose": {
        "position": {
            "x": 0.7226362915039063,
            "y": 0.3114198303222656,
            "z": 0.6179860229492188
        },
        "orientation": {
            "x": 0.4020723184517204,
            "y": -0.4940440644996046,
            "z": -0.1295144275564119,
            "w": 0.7599238949541617
        }
    }
}