{
    "header": {
        "seq": 16199,
        "stamp": {
            "secs": 1677532008,
            "nsecs": 484125772
        },
        "frame_id": "atracsys"
    },
    "pose": {
        "position": {
            "x": 0.7405648803710938,
            "y": 0.22888227844238282,
            "z": 0.5620543212890625
        },
        "orientation": {
            "x": 0.3293202556487403,
            "y": -0.5023552218536608,
            "z": -0.06568192464136621,
            "w": 0.7967893605409235
        }
    }
}