{
    "header": {
        "seq": 31694,
        "stamp": {
            "secs": 1677532164,
            "nsecs": 523450356
        },
        "frame_id": "atracsys"
    },
    "pose": {
        "position": {
            "x": 0.7441947021484375,
            "y": 0.3461355285644531,
            "z": 0.724373291015625
        },
        "orientation": {
            "x": 0.41432129384108013,
            "y": -0.5307085726294041,
            "z": -0.07120903918128829,
            "w": 0.7359453438580826
        }
    }
}