{
    "header": {
        "seq": 32284,
        "stamp": {
            "secs": 1677532170,
            "nsecs": 457663361
        },
        "frame_id": "atracsys"
    },
    "pose": {
        "position": {
            "x": 0.742740234375,
            "y": 0.297728515625,
            "z": 0.6544237670898437
        },
        "orientation": {
            "x": 0.40375435844761637,
            "y": -0.5076868994530651,
            "z": -0.13382766275836813,
            "w": 0.7492173161632876
        }
    }
}