{
    "header": {
        "seq": 24347,
        "stamp": {
            "secs": 1677532090,
            "nsecs": 553080006
        },
        "frame_id": "atracsys"
    },
    "pose": {
        "position": {
            "x": 0.7975606079101563,
            "y": 0.1759574432373047,
            "z": 0.6313949584960937
        },
        "orientation": {
            "x": 0.30909478693131975,
            "y": -0.5446071027651701,
            "z": -0.06349002918977643,
            "w": 0.7770666203763296
        }
    }
}