{
    "header": {
        "seq": 29957,
        "stamp": {
            "secs": 1677532147,
            "nsecs": 21802490
        },
        "frame_id": "atracsys"
    },
    "pose": {
        "position": {
            "x": 0.7090733642578125,
            "y": 0.3607160949707031,
            "z": 0.6408681640625
        },
        "orientation": {
            "x": 0.414271707503287,
            "y": -0.49665052480333893,
            "z": -0.08143154948148895,
            "w": 0.7583443224050159
        }
    }
}