{
    "header": {
        "seq": 35594,
        "stamp": {
            "secs": 1677532203,
            "nsecs": 810108461
        },
        "frame_id": "atracsys"
    },
    "pose": {
        "position": {
            "x": 0.713502685546875,
            "y": 0.02274117660522461,
            "z": 0.5069380493164063
        },
        "orientation": {
            "x": 0.2067637254168575,
            "y": -0.503313704753676,
            "z": -0.12960108272532492,
            "w": 0.8289316231241848
        }
    }
}