{
    "header": {
        "seq": 26293,
        "stamp": {
            "secs": 1677532110,
            "nsecs": 135223244
        },
        "frame_id": "atracsys"
    },
    "pose": {
        "position": {
            "x": 0.7418892211914062,
            "y": 0.29157333374023436,
            "z": 0.6183179321289063
        },
        "orientation": {
            "x": 0.3800315838107868,
            "y": -0.5123393469495647,
            "z": -0.09129384631286501,
            "w": 0.7646893634012191
        }
    }
}