{
    "header": {
        "seq": 35739,
        "stamp": {
            "secs": 1677532205,
            "nsecs": 269781894
        },
        "frame_id": "atracsys"
    },
    "pose": {
        "position": {
            "x": 0.7033872680664063,
            "y": 0.05317183303833008,
            "z": 0.48363323974609373
        },
        "orientation": {
            "x": 0.218243537741851,
            "y": -0.48644760599763054,
            "z": -0.1201366608225385,
            "w": 0.8374399486408
        }
    }
}