{
    "header": {
        "seq": 11771,
        "stamp": {
            "secs": 1677531963,
            "nsecs": 934907560
        },
        "frame_id": "atracsys"
    },
    "pose": {
        "position": {
            "x": 0.565713134765625,
            "y": 0.6393848266601563,
            "z": 0.581209716796875
        },
        "orientation": {
            "x": 0.5716542197202464,
            "y": -0.3082907989782682,
            "z": -0.22901884000180192,
            "w": 0.7250645538609692
        }
    }
}