{
    "header": {
        "seq": 26963,
        "stamp": {
            "secs": 1677532116,
            "nsecs": 878498395
        },
        "frame_id": "atracsys"
    },
    "pose": {
        "position": {
            "x": 0.781325439453125,
            "y": 0.28446966552734376,
            "z": 0.6908289184570313
        },
        "orientation": {
            "x": 0.39529573601349505,
            "y": -0.533540750157807,
            "z": -0.09928509856864023,
            "w": 0.7410924491673149
        }
    }
}