{
    "header": {
        "seq": 23865,
        "stamp": {
            "secs": 1677532085,
            "nsecs": 699246907
        },
        "frame_id": "atracsys"
    },
    "pose": {
        "position": {
            "x": 0.7773099975585938,
            "y": 0.1793802490234375,
            "z": 0.615251708984375
        },
        "orientation": {
            "x": 0.31222190413460005,
            "y": -0.5320196829794548,
            "z": -0.07220861396267923,
            "w": 0.7837464230033805
        }
    }
}