{
    "header": {
        "seq": 17320,
        "stamp": {
            "secs": 1677532019,
            "nsecs": 791644560
        },
        "frame_id": "atracsys"
    },
    "pose": {
        "position": {
            "x": 0.7742415161132813,
            "y": 0.1979427032470703,
            "z": 0.5787387084960938
        },
        "orientation": {
            "x": 0.3182927285772286,
            "y": -0.5156603478832292,
            "z": -0.07292955610142984,
            "w": 0.792127151663581
        }
    }
}