{
    "header": {
        "seq": 17844,
        "stamp": {
            "secs": 1677532025,
            "nsecs": 72325232
        },
        "frame_id": "atracsys"
    },
    "pose": {
        "position": {
            "x": 0.770520263671875,
            "y": 0.20148414611816406,
            "z": 0.5745390014648437
        },
        "orientation": {
            "x": 0.3197339851905632,
            "y": -0.512630869292313,
            "z": -0.07163264626929793,
            "w": 0.7936299733195729
        }
    }
}