{
    "header": {
        "seq": 20682,
        "stamp": {
            "secs": 1677532053,
            "nsecs": 651496476
        },
        "frame_id": "atracsys"
    },
    "pose": {
        "position": {
            "x": 0.808675537109375,
            "y": 0.20167860412597657,
            "z": 0.6020103759765625
        },
        "orientation": {
            "x": 0.31769874574671436,
            "y": -0.5320111730791786,
            "z": -0.06360744766065234,
            "w": 0.7822951561092387
        }
    }
}