{
    "header": {
        "seq": 33956,
        "stamp": {
            "secs": 1677532187,
            "nsecs": 302591850
        },
        "frame_id": "atracsys"
    },
    "pose": {
        "position": {
            "x": 0.7592277221679687,
            "y": 0.3170310363769531,
            "z": 0.6792960205078125
        },
        "orientation": {
            "x": 0.40880278579236007,
            "y": -0.5267573584949261,
            "z": -0.10779696725019286,
            "w": 0.7374189999257643
        }
    }
}