{
    "header": {
        "seq": 9947,
        "stamp": {
            "secs": 1677531945,
            "nsecs": 585594824
        },
        "frame_id": "atracsys"
    },
    "pose": {
        "position": {
            "x": 0.3453161010742188,
            "y": 0.4299814758300781,
            "z": 0.3368629150390625
        },
        "orientation": {
            "x": 0.39871357622017906,
            "y": -0.22679741418415153,
            "z": -0.2361639603098714,
            "w": 0.8566311930509275
        }
    }
}