{
    "header": {
        "seq": 22146,
        "stamp": {
            "secs": 1677532068,
            "nsecs": 391748571
        },
        "frame_id": "atracsys"
    },
    "pose": {
        "position": {
            "x": 0.8032398071289063,
            "y": 0.12149880981445313,
            "z": 0.5967155151367187
        },
        "orientation": {
            "x": 0.26149467793972525,
            "y": -0.5367362147648472,
            "z": -0.04536238311738505,
            "w": 0.8009226076013928
        }
    }
}