{
    "header": {
        "seq": 31963,
        "stamp": {
            "secs": 1677532167,
            "nsecs": 230873360
        },
        "frame_id": "atracsys"
    },
    "pose": {
        "position": {
            "x": 0.74448974609375,
            "y": 0.3311034851074219,
            "z": 0.7183224487304688
        },
        "orientation": {
            "x": 0.4030780265796944,
            "y": -0.5328145338410515,
            "z": -0.07135352276253917,
            "w": 0.7406385432893281
        }
    }
}