{
    "header": {
        "seq": 18391,
        "stamp": {
            "secs": 1677532030,
            "nsecs": 579713518
        },
        "frame_id": "atracsys"
    },
    "pose": {
        "position": {
            "x": 0.7998778076171875,
            "y": 0.20419163513183594,
            "z": 0.5782326049804688
        },
        "orientation": {
            "x": 0.3114812141657004,
            "y": -0.5232950690188236,
            "z": -0.06290644169407,
            "w": 0.7906860967260246
        }
    }
}