{
    "header": {
        "seq": 32470,
        "stamp": {
            "secs": 1677532172,
            "nsecs": 329328202
        },
        "frame_id": "atracsys"
    },
    "pose": {
        "position": {
            "x": 0.7377650146484375,
            "y": 0.30457354736328124,
            "z": 0.6352828369140625
        },
        "orientation": {
            "x": 0.4042689015498995,
            "y": -0.5011237767020936,
            "z": -0.13524267609530904,
            "w": 0.7530943063295907
        }
    }
}