{
    "header": {
        "seq": 5577,
        "stamp": {
            "secs": 1677531901,
            "nsecs": 609405486
        },
        "frame_id": "atracsys"
    },
    "pose": {
        "position": {
            "x": 0.5528719482421875,
            "y": 0.40167266845703126,
            "z": 0.5358748168945313
        },
        "orientation": {
            "x": 0.41545352927841206,
            "y": -0.37285718248188937,
            "z": -0.012611613883381686,
            "w": 0.8295883519415127
        }
    }
}