{
    "header": {
        "seq": 35496,
        "stamp": {
            "secs": 1677532202,
            "nsecs": 825100344
        },
        "frame_id": "atracsys"
    },
    "pose": {
        "position": {
            "x": 0.7169939575195312,
            "y": -0.007476956367492676,
            "z": 0.520972900390625
        },
        "orientation": {
            "x": 0.19682680847975143,
            "y": -0.5163086129692263,
            "z": -0.14114814885695381,
            "w": 0.821438873995944
        }
    }
}