{
    "header": {
        "seq": 5454,
        "stamp": {
            "secs": 1677531900,
            "nsecs": 373463453
        },
        "frame_id": "atracsys"
    },
    "pose": {
        "position": {
            "x": 0.5549745483398437,
            "y": 0.4043355712890625,
            "z": 0.537880615234375
        },
        "orientation": {
            "x": 0.41845652052286253,
            "y": -0.37256783516098385,
            "z": -0.01486836106397983,
            "w": 0.8281704416813174
        }
    }
}