{
    "header": {
        "seq": 10067,
        "stamp": {
            "secs": 1677531946,
            "nsecs": 794471109
        },
        "frame_id": "atracsys"
    },
    "pose": {
        "position": {
            "x": 0.35136587524414065,
            "y": 0.4279991455078125,
            "z": 0.3360345153808594
        },
        "orientation": {
            "x": 0.3977436215371004,
            "y": -0.22855462058606968,
            "z": -0.2392294800550929,
            "w": 0.8557640170092919
        }
    }
}