{
    "header": {
        "seq": 31842,
        "stamp": {
            "secs": 1677532166,
            "nsecs": 12976469
        },
        "frame_id": "atracsys"
    },
    "pose": {
        "position": {
            "x": 0.7349423217773438,
            "y": 0.3492334899902344,
            "z": 0.7067019653320312
        },
        "orientation": {
            "x": 0.40930768061645956,
            "y": -0.5269206262260312,
            "z": -0.06855456963383516,
            "w": 0.7417021957822836
        }
    }
}