{
    "header": {
        "seq": 21214,
        "stamp": {
            "secs": 1677532059,
            "nsecs": 9619574
        },
        "frame_id": "atracsys"
    },
    "pose": {
        "position": {
            "x": 0.8423299560546875,
            "y": 0.08585591125488282,
            "z": 0.6318148803710938
        },
        "orientation": {
            "x": 0.23034370030030976,
            "y": -0.5615216835092872,
            "z": -0.022671989179413345,
            "w": 0.7944313435329107
        }
    }
}