{
    "header": {
        "seq": 7278,
        "stamp": {
            "secs": 1677531918,
            "nsecs": 722853214
        },
        "frame_id": "atracsys"
    },
    "pose": {
        "position": {
            "x": 0.3289662780761719,
            "y": 0.3491446533203125,
            "z": 0.3866175231933594
        },
        "orientation": {
            "x": 0.3621479319366416,
            "y": -0.24757033947577822,
            "z": -0.20025908098436832,
            "w": 0.8760445781403808
        }
    }
}