{
    "header": {
        "seq": 36431,
        "stamp": {
            "secs": 1677532212,
            "nsecs": 236878225
        },
        "frame_id": "atracsys"
    },
    "pose": {
        "position": {
            "x": 0.6878551025390626,
            "y": 0.10851956176757813,
            "z": 0.4659416198730469
        },
        "orientation": {
            "x": 0.25192126415715016,
            "y": -0.4649930476146988,
            "z": -0.13690470706684962,
            "w": 0.8376002886331869
        }
    }
}