{
    "header": {
        "seq": 23549,
        "stamp": {
            "secs": 1677532082,
            "nsecs": 517157644
        },
        "frame_id": "atracsys"
    },
    "pose": {
        "position": {
            "x": 0.8003985595703125,
            "y": 0.16697932434082033,
            "z": 0.6513648071289062
        },
        "orientation": {
            "x": 0.31040727907510035,
            "y": -0.5465908557693692,
            "z": -0.0726104222460618,
            "w": 0.7743471340863541
        }
    }
}