{
    "header": {
        "seq": 25487,
        "stamp": {
            "secs": 1677532102,
            "nsecs": 24661263
        },
        "frame_id": "atracsys"
    },
    "pose": {
        "position": {
            "x": 0.7142628173828125,
            "y": 0.2909246520996094,
            "z": 0.57135791015625
        },
        "orientation": {
            "x": 0.3597234831531685,
            "y": -0.4984331520066876,
            "z": -0.07262608439324697,
            "w": 0.7854227272714581
        }
    }
}