{
    "header": {
        "seq": 19738,
        "stamp": {
            "secs": 1677532044,
            "nsecs": 140944421
        },
        "frame_id": "atracsys"
    },
    "pose": {
        "position": {
            "x": 0.8305170288085938,
            "y": 0.18992454528808594,
            "z": 0.6101715698242187
        },
        "orientation": {
            "x": 0.3097917228819917,
            "y": -0.5429649082264455,
            "z": -0.061954140789941645,
            "w": 0.7780616179374453
        }
    }
}