{
    "header": {
        "seq": 10454,
        "stamp": {
            "secs": 1677531950,
            "nsecs": 687001900
        },
        "frame_id": "atracsys"
    },
    "pose": {
        "position": {
            "x": 0.3900786437988281,
            "y": 0.4262594299316406,
            "z": 0.34316326904296873
        },
        "orientation": {
            "x": 0.4015570781798036,
            "y": -0.24471864065832288,
            "z": -0.24471153651929756,
            "w": 0.8479274519511715
        }
    }
}