{
    "header": {
        "seq": 22295,
        "stamp": {
            "secs": 1677532069,
            "nsecs": 890243155
        },
        "frame_id": "atracsys"
    },
    "pose": {
        "position": {
            "x": 0.797822265625,
            "y": 0.11317658996582032,
            "z": 0.5934959716796875
        },
        "orientation": {
            "x": 0.2567624022587917,
            "y": -0.5374888347222304,
            "z": -0.044835255134826495,
            "w": 0.8019779431083054
        }
    }
}