{
    "header": {
        "seq": 17009,
        "stamp": {
            "secs": 1677532016,
            "nsecs": 654290816
        },
        "frame_id": "atracsys"
    },
    "pose": {
        "position": {
            "x": 0.7751136474609375,
            "y": 0.18497587585449218,
            "z": 0.5856351318359375
        },
        "orientation": {
            "x": 0.3115265368753673,
            "y": -0.5240228896944645,
            "z": -0.07170007522724224,
            "w": 0.7894367150767131
        }
    }
}