{
    "header": {
        "seq": 20036,
        "stamp": {
            "secs": 1677532047,
            "nsecs": 144049524
        },
        "frame_id": "atracsys"
    },
    "pose": {
        "position": {
            "x": 0.8242564086914063,
            "y": 0.18654989624023438,
            "z": 0.6051098022460938
        },
        "orientation": {
            "x": 0.31020696644758283,
            "y": -0.5387162194710253,
            "z": -0.06714851450298133,
            "w": 0.7804149856622934
        }
    }
}