{
    "header": {
        "seq": 10279,
        "stamp": {
            "secs": 1677531948,
            "nsecs": 925807060
        },
        "frame_id": "atracsys"
    },
    "pose": {
        "position": {
            "x": 0.353227294921875,
            "y": 0.43793682861328126,
            "z": 0.33929531860351564
        },
        "orientation": {
            "x": 0.4033373633484105,
            "y": -0.22630285802095845,
            "z": -0.24387723361137015,
            "w": 0.852425881062256
        }
    }
}