{
    "header": {
        "seq": 22461,
        "stamp": {
            "secs": 1677532071,
            "nsecs": 561887979
        },
        "frame_id": "atracsys"
    },
    "pose": {
        "position": {
            "x": 0.817144775390625,
            "y": 0.13046974182128906,
            "z": 0.6372738647460937
        },
        "orientation": {
            "x": 0.2809671259059932,
            "y": -0.5521504849422939,
            "z": -0.06216170311615961,
            "w": 0.782510855390399
        }
    }
}