{
    "header": {
        "seq": 29571,
        "stamp": {
            "secs": 1677532143,
            "nsecs": 132220621
        },
        "frame_id": "atracsys"
    },
    "pose": {
        "position": {
            "x": 0.748479736328125,
            "y": 0.3156771240234375,
            "z": 0.6820404663085937
        },
        "orientation": {
            "x": 0.4011128823814507,
            "y": -0.5220283988274983,
            "z": -0.08616858731036998,
            "w": 0.7477765581817727
        }
    }
}