{
    "header": {
        "seq": 28898,
        "stamp": {
            "secs": 1677532136,
            "nsecs": 356148923
        },
        "frame_id": "atracsys"
    },
    "pose": {
        "position": {
            "x": 0.6969218139648438,
            "y": 0.37400408935546875,
            "z": 0.6136561889648438
        },
        "orientation": {
            "x": 0.41638426259094025,
            "y": -0.4860131790868697,
            "z": -0.08857779310006356,
            "w": 0.7632622813882497
        }
    }
}