{
    "header": {
        "seq": 29639,
        "stamp": {
            "secs": 1677532143,
            "nsecs": 815844212
        },
        "frame_id": "atracsys"
    },
    "pose": {
        "position": {
            "x": 0.738550048828125,
            "y": 0.3270735778808594,
            "z": 0.6731475830078125
        },
        "orientation": {
            "x": 0.4052392144966993,
            "y": -0.5148271819252193,
            "z": -0.08586929091424217,
            "w": 0.7505735251545452
        }
    }
}