{
    "header": {
        "seq": 10807,
        "stamp": {
            "secs": 1677531954,
            "nsecs": 236364279
        },
        "frame_id": "atracsys"
    },
    "pose": {
        "position": {
            "x": 0.38394009399414064,
            "y": 0.46866018676757815,
            "z": 0.3553005065917969
        },
        "orientation": {
            "x": 0.4244134118072602,
            "y": -0.22748890333570956,
            "z": -0.2576970029383029,
            "w": 0.8376838958783042
        }
    }
}