{
    "header": {
        "seq": 20491,
        "stamp": {
            "secs": 1677532051,
            "nsecs": 729013986
        },
        "frame_id": "atracsys"
    },
    "pose": {
        "position": {
            "x": 0.8092486572265625,
            "y": 0.19876869201660158,
            "z": 0.5977496948242188
        },
        "orientation": {
            "x": 0.3153282519529896,
            "y": -0.5298968591246884,
            "z": -0.06397563539604165,
            "w": 0.7846556762591697
        }
    }
}