{
    "header": {
        "seq": 28571,
        "stamp": {
            "secs": 1677532133,
            "nsecs": 63537888
        },
        "frame_id": "atracsys"
    },
    "pose": {
        "position": {
            "x": 0.7358510131835938,
            "y": 0.31893865966796875,
            "z": 0.6453531494140625
        },
        "orientation": {
            "x": 0.39891132847304234,
            "y": -0.5107846938251379,
            "z": -0.094273059099982,
            "w": 0.7556992383863862
        }
    }
}