{
    "header": {
        "seq": 6361,
        "stamp": {
            "secs": 1677531909,
            "nsecs": 501908064
        },
        "frame_id": "atracsys"
    },
    "pose": {
        "position": {
            "x": 0.36441522216796873,
            "y": 0.2706160888671875,
            "z": 0.38947357177734376
        },
        "orientation": {
            "x": 0.32774327711511575,
            "y": -0.26996145456122683,
            "z": -0.2181233230303975,
            "w": 0.8787077860740783
        }
    }
}