{
    "header": {
        "seq": 30745,
        "stamp": {
            "secs": 1677532154,
            "nsecs": 962111578
        },
        "frame_id": "atracsys"
    },
    "pose": {
        "position": {
            "x": 0.72425537109375,
            "y": 0.3492261657714844,
            "z": 0.67181787109375
        },
        "orientation": {
            "x": 0.41190609644954274,
            "y": -0.5110028468454869,
            "z": -0.07983285097470698,
            "w": 0.7502240826104946
        }
    }
}