{
    "header": {
        "seq": 17503,
        "stamp": {
            "secs": 1677532021,
            "nsecs": 636542302
        },
        "frame_id": "atracsys"
    },
    "pose": {
        "position": {
            "x": 0.7730375366210938,
            "y": 0.19772154235839845,
            "z": 0.5705042724609375
        },
        "orientation": {
            "x": 0.3160245897543143,
            "y": -0.5113832009488355,
            "z": -0.07244317876824621,
            "w": 0.7958439962127579
        }
    }
}