{
    "header": {
        "seq": 22655,
        "stamp": {
            "secs": 1677532073,
            "nsecs": 511266019
        },
        "frame_id": "atracsys"
    },
    "pose": {
        "position": {
            "x": 0.7936385498046875,
            "y": 0.15143040466308594,
            "z": 0.6031585083007812
        },
        "orientation": {
            "x": 0.2876698966627385,
            "y": -0.5339722138808682,
            "z": -0.059328257936306125,
            "w": 0.7928428994242536
        }
    }
}