{
    "header": {
        "seq": 9775,
        "stamp": {
            "secs": 1677531943,
            "nsecs": 857221712
        },
        "frame_id": "atracsys"
    },
    "pose": {
        "position": {
            "x": 0.3322361145019531,
            "y": 0.4299049072265625,
            "z": 0.3348030700683594
        },
        "orientation": {
            "x": 0.3970910665828914,
            "y": -0.22151307595337827,
            "z": -0.23312784440001544,
            "w": 0.8595941194465774
        }
    }
}