{
    "header": {
        "seq": 31527,
        "stamp": {
            "secs": 1677532162,
            "nsecs": 839810023
        },
        "frame_id": "atracsys"
    },
    "pose": {
        "position": {
            "x": 0.7167119750976563,
            "y": 0.3600048828125,
            "z": 0.6690869140625
        },
        "orientation": {
            "x": 0.405819982092658,
            "y": -0.5123458622620735,
            "z": -0.06896620202525197,
            "w": 0.7536945817341792
        }
    }
}