{
    "header": {
        "seq": 16898,
        "stamp": {
            "secs": 1677532015,
            "nsecs": 534900187
        },
        "frame_id": "atracsys"
    },
    "pose": {
        "position": {
            "x": 0.77072900390625,
            "y": 0.18490296936035155,
            "z": 0.5829760131835937
        },
        "orientation": {
            "x": 0.30881595896503683,
            "y": -0.5223523191367924,
            "z": -0.06883587859851867,
            "w": 0.791860076022582
        }
    }
}