{
    "header": {
        "seq": 36092,
        "stamp": {
            "secs": 1677532208,
            "nsecs": 825047618
        },
        "frame_id": "atracsys"
    },
    "pose": {
        "position": {
            "x": 0.67855029296875,
            "y": 0.05159117889404297,
            "z": 0.45988385009765625
        },
        "orientation": {
            "x": 0.21863117551905353,
            "y": -0.47199487897318904,
            "z": -0.12618201617788227,
            "w": 0.8446889025597093
        }
    }
}