{
    "header": {
        "seq": 25549,
        "stamp": {
            "secs": 1677532102,
            "nsecs": 648581960
        },
        "frame_id": "atracsys"
    },
    "pose": {
        "position": {
            "x": 0.7178023071289062,
            "y": 0.30463116455078126,
            "z": 0.5818316040039062
        },
        "orientation": {
            "x": 0.36406665016739465,
            "y": -0.5029190986079142,
            "z": -0.06438416162785772,
            "w": 0.7812698216511199
        }
    }
}