{
    "header": {
        "seq": 27631,
        "stamp": {
            "secs": 1677532123,
            "nsecs": 600921894
        },
        "frame_id": "atracsys"
    },
    "pose": {
        "position": {
            "x": 0.7113054809570313,
            "y": 0.36791543579101565,
            "z": 0.6278757934570313
        },
        "orientation": {
            "x": 0.41838709149081693,
            "y": -0.4951571124360286,
            "z": -0.08777497373704618,
            "w": 0.7563512607666689
        }
    }
}