{
    "header": {
        "seq": 16653,
        "stamp": {
            "secs": 1677532013,
            "nsecs": 60260416
        },
        "frame_id": "atracsys"
    },
    "pose": {
        "position": {
            "x": 0.7703211059570313,
            "y": 0.19802879333496093,
            "z": 0.59269482421875
        },
        "orientation": {
            "x": 0.3176678036613506,
            "y": -0.5239567467610939,
            "z": -0.06690946323575094,
            "w": 0.7874513431127083
        }
    }
}