{
    "header": {
        "seq": 26118,
        "stamp": {
            "secs": 1677532108,
            "nsecs": 373952568
        },
        "frame_id": "atracsys"
    },
    "pose": {
        "position": {
            "x": 0.7680253295898438,
            "y": 0.26782937622070313,
            "z": 0.6437315063476563
        },
        "orientation": {
            "x": 0.37389972507374514,
            "y": -0.5250729901757177,
            "z": -0.09189892685537043,
            "w": 0.7589808547127783
        }
    }
}