{
    "header": {
        "seq": 27201,
        "stamp": {
            "secs": 1677532119,
            "nsecs": 275437459
        },
        "frame_id": "atracsys"
    },
    "pose": {
        "position": {
            "x": 0.7550221557617187,
            "y": 0.30723989868164064,
            "z": 0.652289306640625
        },
        "orientation": {
            "x": 0.3993095621049427,
            "y": -0.5154783676483167,
            "z": -0.09655893711154148,
            "w": 0.7520041873301474
        }
    }
}