{
    "header": {
        "seq": 11422,
        "stamp": {
            "secs": 1677531960,
            "nsecs": 424364977
        },
        "frame_id": "atracsys"
    },
    "pose": {
        "position": {
            "x": 0.59485888671875,
            "y": 0.6179381103515625,
            "z": 0.5919064331054688
        },
        "orientation": {
            "x": 0.5673178385007946,
            "y": -0.3284644755060067,
            "z": -0.2223046794581452,
            "w": 0.7216939711126604
        }
    }
}