{
    "header": {
        "seq": 25297,
        "stamp": {
            "secs": 1677532100,
            "nsecs": 111350151
        },
        "frame_id": "atracsys"
    },
    "pose": {
        "position": {
            "x": 0.740228271484375,
            "y": 0.25153355407714845,
            "z": 0.5878961181640625
        },
        "orientation": {
            "x": 0.34324141643380984,
            "y": -0.5149651095104201,
            "z": -0.07290552144024846,
            "w": 0.7821004097780274
        }
    }
}