{
    "header": {
        "seq": 13538,
        "stamp": {
            "secs": 1677531981,
            "nsecs": 714030164
        },
        "frame_id": "atracsys"
    },
    "pose": {
        "position": {
            "x": 0.7459793090820312,
            "y": 0.19939776611328125,
            "z": 0.5059600830078125
        },
        "orientation": {
            "x": 0.3040351471222248,
            "y": -0.4856627567724664,
            "z": -0.06726377053074852,
            "w": 0.8168046897346527
        }
    }
}