{
    "header": {
        "seq": 36615,
        "stamp": {
            "secs": 1677532214,
            "nsecs": 87630411
        },
        "frame_id": "atracsys"
    },
    "pose": {
        "position": {
            "x": 0.6788014526367188,
            "y": 0.1045008316040039,
            "z": 0.46897866821289064
        },
        "orientation": {
            "x": 0.25433718469466005,
            "y": -0.46551490270427015,
            "z": -0.13953081986684668,
            "w": 0.8361456943315045
        }
    }
}