{
    "header": {
        "seq": 27027,
        "stamp": {
            "secs": 1677532117,
            "nsecs": 523298121
        },
        "frame_id": "atracsys"
    },
    "pose": {
        "position": {
            "x": 0.7732560424804688,
            "y": 0.29395379638671876,
            "z": 0.6801787719726563
        },
        "orientation": {
            "x": 0.3981164166131766,
            "y": -0.5285765402228461,
            "z": -0.09901788800410863,
            "w": 0.7431726702485334
        }
    }
}