{
    "header": {
        "seq": 30317,
        "stamp": {
            "secs": 1677532150,
            "nsecs": 645795290
        },
        "frame_id": "atracsys"
    },
    "pose": {
        "position": {
            "x": 0.7736876831054688,
            "y": 0.30452337646484373,
            "z": 0.7318733520507813
        },
        "orientation": {
            "x": 0.40473728634335954,
            "y": -0.5412354505930531,
            "z": -0.08574588324313522,
            "w": 0.7320516099098499
        }
    }
}