{
    "header": {
        "seq": 30395,
        "stamp": {
            "secs": 1677532151,
            "nsecs": 433855708
        },
        "frame_id": "atracsys"
    },
    "pose": {
        "position": {
            "x": 0.7651013793945313,
            "y": 0.3068147277832031,
            "z": 0.7176522827148437
        },
        "orientation": {
            "x": 0.4034694154380847,
            "y": -0.5356439776715892,
            "z": -0.08665844800207062,
            "w": 0.7367416598646236
        }
    }
}