{
    "header": {
        "seq": 10665,
        "stamp": {
            "secs": 1677531952,
            "nsecs": 809500536
        },
        "frame_id": "atracsys"
    },
    "pose": {
        "position": {
            "x": 0.3810489196777344,
            "y": 0.4604208068847656,
            "z": 0.35109210205078123
        },
        "orientation": {
            "x": 0.4185718339864073,
            "y": -0.2318831703686615,
            "z": -0.25346830233213125,
            "w": 0.8407030598290345
        }
    }
}