{
    "header": {
        "seq": 24535,
        "stamp": {
            "secs": 1677532092,
            "nsecs": 448542618
        },
        "frame_id": "atracsys"
    },
    "pose": {
        "position": {
            "x": 0.7822782592773437,
            "y": 0.20749359130859377,
            "z": 0.6154456176757812
        },
        "orientation": {
            "x": 0.32241639962966995,
            "y": -0.5344059928112747,
            "z": -0.05702172397987109,
            "w": 0.7792345109731731
        }
    }
}