{
    "header": {
        "seq": 36575,
        "stamp": {
            "secs": 1677532213,
            "nsecs": 684637143
        },
        "frame_id": "atracsys"
    },
    "pose": {
        "position": {
            "x": 0.6763250732421875,
            "y": 0.11104148864746094,
            "z": 0.46655972290039066
        },
        "orientation": {
            "x": 0.2566542954317825,
            "y": -0.46260443082367786,
            "z": -0.13809219343500867,
            "w": 0.8372910242747289
        }
    }
}