{
    "header": {
        "seq": 18656,
        "stamp": {
            "secs": 1677532033,
            "nsecs": 248486902
        },
        "frame_id": "atracsys"
    },
    "pose": {
        "position": {
            "x": 0.811250244140625,
            "y": 0.20902604675292968,
            "z": 0.6040554199218751
        },
        "orientation": {
            "x": 0.3201641696018651,
            "y": -0.5343019517996074,
            "z": -0.06639283304028011,
            "w": 0.7794923479593393
        }
    }
}