{
    "header": {
        "seq": 9157,
        "stamp": {
            "secs": 1677531937,
            "nsecs": 642285088
        },
        "frame_id": "atracsys"
    },
    "pose": {
        "position": {
            "x": 0.30904656982421874,
            "y": 0.40050222778320316,
            "z": 0.3378509216308594
        },
        "orientation": {
            "x": 0.38014859938199336,
            "y": -0.22181553548839184,
            "z": -0.22265153495856088,
            "w": 0.8698914901207526
        }
    }
}