{
    "header": {
        "seq": 4760,
        "stamp": {
            "secs": 1677531893,
            "nsecs": 391344754
        },
        "frame_id": "atracsys"
    },
    "pose": {
        "position": {
            "x": 0.5474690551757813,
            "y": 0.38038421630859376,
            "z": 0.5043770141601562
        },
        "orientation": {
            "x": 0.40588996794823917,
            "y": -0.35902416195274534,
            "z": -0.028705550989007407,
            "w": 0.8399589135163242
        }
    }
}