{
    "header": {
        "seq": 29814,
        "stamp": {
            "secs": 1677532145,
            "nsecs": 580090289
        },
        "frame_id": "atracsys"
    },
    "pose": {
        "position": {
            "x": 0.7186512451171875,
            "y": 0.34139700317382815,
            "z": 0.6477750854492188
        },
        "orientation": {
            "x": 0.4084233201063317,
            "y": -0.4996403126744864,
            "z": -0.08483415726928933,
            "w": 0.7591792379301951
        }
    }
}