{
    "header": {
        "seq": 23422,
        "stamp": {
            "secs": 1666021967,
            "nsecs": 951949453
        },
        "frame_id": "atracsys"
    },
    "pose": {
        "position": {
            "x": -0.06834960174560548,
            "y": -0.020892749786376955,
            "z": 1.0067335815429688
        },
        "orientation": {
            "x": -0.23513201952148868,
            "y": -0.3138267505027659,
            "z": 0.6004070204143024,
            "w": 0.69694842987257
        }
    }
}