{
    "header": {
        "seq": 6310,
        "stamp": {
            "secs": 1666021793,
            "nsecs": 810686611
        },
        "frame_id": "atracsys"
    },
    "pose": {
        "position": {
            "x": -0.015423583030700684,
            "y": -0.10350435638427735,
            "z": 1.02444287109375
        },
        "orientation": {
            "x": -0.39520448194515484,
            "y": -0.20122929298909273,
            "z": 0.6795481169908796,
            "w": 0.5844095702396751
        }
    }
}