{
    "header": {
        "seq": 12451,
        "stamp": {
            "secs": 1666021855,
            "nsecs": 652547289
        },
        "frame_id": "atracsys"
    },
    "pose": {
        "position": {
            "x": -0.11220913696289063,
            "y": -0.07905477905273438,
            "z": 1.03695068359375
        },
        "orientation": {
            "x": -0.3808880477867236,
            "y": -0.23409768229304898,
            "z": 0.6052496242513673,
            "w": 0.6586315074013843
        }
    }
}