{
    "header": {
        "seq": 30042,
        "stamp": {
            "secs": 1666022034,
            "nsecs": 663028831
        },
        "frame_id": "atracsys"
    },
    "pose": {
        "position": {
            "x": -0.10798019409179688,
            "y": -0.08059844207763672,
            "z": 1.0463001708984376
        },
        "orientation": {
            "x": -0.32340166575119245,
            "y": -0.20424269456365846,
            "z": 0.6317467812973324,
            "w": 0.6742345946532191
        }
    }
}