{
    "header": {
        "seq": 28858,
        "stamp": {
            "secs": 1666022022,
            "nsecs": 734637603
        },
        "frame_id": "atracsys"
    },
    "pose": {
        "position": {
            "x": -0.0970699691772461,
            "y": -0.09235313415527344,
            "z": 1.0455400390625
        },
        "orientation": {
            "x": -0.32366895905141474,
            "y": -0.1616783207654153,
            "z": 0.6632266836930539,
            "w": 0.6551556239387425
        }
    }
}