{
    "header": {
        "seq": 29354,
        "stamp": {
            "secs": 1666022027,
            "nsecs": 731724454
        },
        "frame_id": "atracsys"
    },
    "pose": {
        "position": {
            "x": -0.11921288299560547,
            "y": -0.07052674102783203,
            "z": 1.0248297119140626
        },
        "orientation": {
            "x": -0.28432122960476025,
            "y": -0.1619759669655196,
            "z": 0.6751318681246913,
            "w": 0.6611521649091733
        }
    }
}