{
    "header": {
        "seq": 17050,
        "stamp": {
            "secs": 1666021903,
            "nsecs": 804927100
        },
        "frame_id": "atracsys"
    },
    "pose": {
        "position": {
            "x": 0.020781986236572268,
            "y": -0.1697468719482422,
            "z": 1.063869873046875
        },
        "orientation": {
            "x": -0.4698983622374538,
            "y": -0.12431387566065924,
            "z": 0.7844990567586715,
            "w": 0.3851010509327904
        }
    }
}