{
    "header": {
        "seq": 33786,
        "stamp": {
            "secs": 1666022072,
            "nsecs": 385800573
        },
        "frame_id": "atracsys"
    },
    "pose": {
        "position": {
            "x": -0.1391623992919922,
            "y": -0.06927147674560546,
            "z": 1.0392896728515626
        },
        "orientation": {
            "x": -0.316526770861364,
            "y": -0.1913744224829988,
            "z": 0.6373532168584175,
            "w": 0.6759937209084143
        }
    }
}