{
    "header": {
        "seq": 38508,
        "stamp": {
            "secs": 1666022124,
            "nsecs": 646007896
        },
        "frame_id": "atracsys"
    },
    "pose": {
        "position": {
            "x": 0.09959883880615235,
            "y": -0.1265994873046875,
            "z": 1.0533868408203124
        },
        "orientation": {
            "x": -0.41516349757891796,
            "y": -0.30009248172467234,
            "z": 0.844525606872025,
            "w": 0.156077775572965
        }
    }
}