{
    "header": {
        "seq": 7947,
        "stamp": {
            "secs": 1666021810,
            "nsecs": 282341242
        },
        "frame_id": "atracsys"
    },
    "pose": {
        "position": {
            "x": -0.03796645736694336,
            "y": -0.056885520935058595,
            "z": 1.0035633544921876
        },
        "orientation": {
            "x": -0.34984829696718955,
            "y": -0.23883604019257854,
            "z": 0.6221869206961255,
            "w": 0.6583668815553827
        }
    }
}