{
    "header": {
        "seq": 23274,
        "stamp": {
            "secs": 1666021966,
            "nsecs": 462324421
        },
        "frame_id": "atracsys"
    },
    "pose": {
        "position": {
            "x": -0.06462271118164063,
            "y": -0.027735956192016603,
            "z": 1.0129935913085937
        },
        "orientation": {
            "x": -0.24406965776020856,
            "y": -0.3148472653570418,
            "z": 0.5973554672148033,
            "w": 0.6960371020618019
        }
    }
}