{
    "header": {
        "seq": 36181,
        "stamp": {
            "secs": 1666022098,
            "nsecs": 768214712
        },
        "frame_id": "atracsys"
    },
    "pose": {
        "position": {
            "x": -0.09483406066894531,
            "y": -0.13230014038085938,
            "z": 1.2709918212890625
        },
        "orientation": {
            "x": -0.10749958413770043,
            "y": 0.3716086430396851,
            "z": 0.8063622230667232,
            "w": 0.4473598339584339
        }
    }
}