{
    "header": {
        "seq": 21667,
        "stamp": {
            "secs": 1666021950,
            "nsecs": 274042286
        },
        "frame_id": "atracsys"
    },
    "pose": {
        "position": {
            "x": -0.06290916061401368,
            "y": -0.026975696563720702,
            "z": 1.006460205078125
        },
        "orientation": {
            "x": -0.24395721552013377,
            "y": -0.30737241137634197,
            "z": 0.6086133069956436,
            "w": 0.6896353531165454
        }
    }
}