{
    "header": {
        "seq": 9208,
        "stamp": {
            "secs": 1666021822,
            "nsecs": 971929327
        },
        "frame_id": "atracsys"
    },
    "pose": {
        "position": {
            "x": -0.07006427764892578,
            "y": -0.04139262771606445,
            "z": 0.9905545654296876
        },
        "orientation": {
            "x": -0.32556416529242055,
            "y": -0.24897500545100051,
            "z": 0.6307897848091478,
            "w": 0.6588806176528134
        }
    }
}