{
    "header": {
        "seq": 9741,
        "stamp": {
            "secs": 1666021828,
            "nsecs": 339029899
        },
        "frame_id": "atracsys"
    },
    "pose": {
        "position": {
            "x": -0.08548347473144531,
            "y": -0.04007412719726563,
            "z": 0.994025146484375
        },
        "orientation": {
            "x": -0.327006448962947,
            "y": -0.2482374696532412,
            "z": 0.6268459917677697,
            "w": 0.6622001537310914
        }
    }
}