{
    "header": {
        "seq": 32357,
        "stamp": {
            "secs": 1666022058,
            "nsecs": 626521
        },
        "frame_id": "atracsys"
    },
    "pose": {
        "position": {
            "x": -0.12758940887451173,
            "y": -0.07196839141845704,
            "z": 1.0404322509765624
        },
        "orientation": {
            "x": -0.3056744916366894,
            "y": -0.19740237006546013,
            "z": 0.6363568515093005,
            "w": 0.680180392978481
        }
    }
}