{
    "header": {
        "seq": 34586,
        "stamp": {
            "secs": 1666022080,
            "nsecs": 439727869
        },
        "frame_id": "atracsys"
    },
    "pose": {
        "position": {
            "x": -0.14667219543457033,
            "y": -0.06184768295288086,
            "z": 1.0352614746093751
        },
        "orientation": {
            "x": -0.314615766660244,
            "y": -0.18653101598433586,
            "z": 0.6404156391539019,
            "w": 0.6753450292789145
        }
    }
}