{
    "header": {
        "seq": 11503,
        "stamp": {
            "secs": 1666021846,
            "nsecs": 100346280
        },
        "frame_id": "atracsys"
    },
    "pose": {
        "position": {
            "x": -0.12031514739990234,
            "y": -0.05313310623168945,
            "z": 1.0153751220703124
        },
        "orientation": {
            "x": -0.34627828704248065,
            "y": -0.2451633979505796,
            "z": 0.620734120118006,
            "w": 0.6592991796973328
        }
    }
}