{
    "header": {
        "seq": 33493,
        "stamp": {
            "secs": 1666022069,
            "nsecs": 439493632
        },
        "frame_id": "atracsys"
    },
    "pose": {
        "position": {
            "x": -0.14419517517089844,
            "y": -0.05682239151000976,
            "z": 1.0295289306640625
        },
        "orientation": {
            "x": -0.2871970199929794,
            "y": -0.18703467489524908,
            "z": 0.6546155956684855,
            "w": 0.6738058503764826
        }
    }
}