{
    "header": {
        "seq": 13459,
        "stamp": {
            "secs": 1666021865,
            "nsecs": 819639398
        },
        "frame_id": "atracsys"
    },
    "pose": {
        "position": {
            "x": -0.0767210693359375,
            "y": -0.1026058120727539,
            "z": 1.0531705322265625
        },
        "orientation": {
            "x": -0.40347948094738983,
            "y": -0.2110467584926012,
            "z": 0.6207128187905451,
            "w": 0.6382626189690935
        }
    }
}