{
    "header": {
        "seq": 34460,
        "stamp": {
            "secs": 1666022079,
            "nsecs": 173997680
        },
        "frame_id": "atracsys"
    },
    "pose": {
        "position": {
            "x": -0.14607669067382814,
            "y": -0.05978920364379883,
            "z": 1.03239453125
        },
        "orientation": {
            "x": -0.3044283517424528,
            "y": -0.1885112950422372,
            "z": 0.6474508953143983,
            "w": 0.6727512233013452
        }
    }
}