{
    "header": {
        "seq": 27814,
        "stamp": {
            "secs": 1666022012,
            "nsecs": 212041877
        },
        "frame_id": "atracsys"
    },
    "pose": {
        "position": {
            "x": -0.10717029571533203,
            "y": -0.09642376708984375,
            "z": 1.033672119140625
        },
        "orientation": {
            "x": -0.3148212386825461,
            "y": -0.12089083380066667,
            "z": 0.703920690252524,
            "w": 0.625114914085224
        }
    }
}