{
    "header": {
        "seq": 31462,
        "stamp": {
            "secs": 1666022048,
            "nsecs": 976662601
        },
        "frame_id": "atracsys"
    },
    "pose": {
        "position": {
            "x": -0.12212488555908203,
            "y": -0.07736631774902344,
            "z": 1.044235595703125
        },
        "orientation": {
            "x": -0.3026730936721845,
            "y": -0.18610173216367448,
            "z": 0.64552260685784,
            "w": 0.6760589528199797
        }
    }
}