{
    "header": {
        "seq": 13299,
        "stamp": {
            "secs": 1666021864,
            "nsecs": 210783068
        },
        "frame_id": "atracsys"
    },
    "pose": {
        "position": {
            "x": -0.08376412200927734,
            "y": -0.09974907684326172,
            "z": 1.0517812500000001
        },
        "orientation": {
            "x": -0.39970341014015504,
            "y": -0.21145965033406205,
            "z": 0.6155314711184927,
            "w": 0.6454788983891196
        }
    }
}