{
    "header": {
        "seq": 24414,
        "stamp": {
            "secs": 1666021977,
            "nsecs": 943139775
        },
        "frame_id": "atracsys"
    },
    "pose": {
        "position": {
            "x": -0.07138064575195313,
            "y": -0.012170465469360351,
            "z": 1.0063508911132812
        },
        "orientation": {
            "x": -0.22213200524467808,
            "y": -0.32903279589919127,
            "z": 0.5928077072187505,
            "w": 0.7006952359840815
        }
    }
}