{
    "header": {
        "seq": 21908,
        "stamp": {
            "secs": 1666021952,
            "nsecs": 701139914
        },
        "frame_id": "atracsys"
    },
    "pose": {
        "position": {
            "x": -0.06811975860595704,
            "y": -0.016493358612060548,
            "z": 0.9984729614257812
        },
        "orientation": {
            "x": -0.23209771337740565,
            "y": -0.3137604505210288,
            "z": 0.6164461880554811,
            "w": 0.6838706956477132
        }
    }
}