{
    "header": {
        "seq": 7316,
        "stamp": {
            "secs": 1666021803,
            "nsecs": 935977619
        },
        "frame_id": "atracsys"
    },
    "pose": {
        "position": {
            "x": -0.04179952621459961,
            "y": -0.09844136810302735,
            "z": 1.0202992553710937
        },
        "orientation": {
            "x": -0.3772553244745886,
            "y": -0.18234450766294288,
            "z": 0.6756910189282195,
            "w": 0.6065233281749979
        }
    }
}