{
    "header": {
        "seq": 22923,
        "stamp": {
            "secs": 1666021962,
            "nsecs": 928046317
        },
        "frame_id": "atracsys"
    },
    "pose": {
        "position": {
            "x": -0.07113851928710938,
            "y": -0.02064931869506836,
            "z": 1.0020237426757812
        },
        "orientation": {
            "x": -0.2354903075991283,
            "y": -0.3034738751434821,
            "z": 0.6165281116843696,
            "w": 0.6872706960399022
        }
    }
}