{
    "header": {
        "seq": 7077,
        "stamp": {
            "secs": 1666021801,
            "nsecs": 530087023
        },
        "frame_id": "atracsys"
    },
    "pose": {
        "position": {
            "x": -0.03609096908569336,
            "y": -0.1019481201171875,
            "z": 1.0224384765625
        },
        "orientation": {
            "x": -0.382607324142047,
            "y": -0.18080683748374865,
            "z": 0.6793801691280682,
            "w": 0.5994690224085856
        }
    }
}