{
    "header": {
        "seq": 8248,
        "stamp": {
            "secs": 1666021813,
            "nsecs": 312191232
        },
        "frame_id": "atracsys"
    },
    "pose": {
        "position": {
            "x": -0.04204071044921875,
            "y": -0.047179275512695316,
            "z": 0.999749755859375
        },
        "orientation": {
            "x": -0.33667062928117486,
            "y": -0.2514630604609151,
            "z": 0.6198758805171042,
            "w": 0.6627013726831962
        }
    }
}