{
    "header": {
        "seq": 22659,
        "stamp": {
            "secs": 1666021960,
            "nsecs": 271259619
        },
        "frame_id": "atracsys"
    },
    "pose": {
        "position": {
            "x": -0.06075705337524414,
            "y": -0.03233983993530273,
            "z": 1.0121822509765626
        },
        "orientation": {
            "x": -0.24956192635919558,
            "y": -0.3089263664754429,
            "z": 0.6055776849545581,
            "w": 0.6896078686422058
        }
    }
}