{
    "header": {
        "seq": 30376,
        "stamp": {
            "secs": 1666022038,
            "nsecs": 33297123
        },
        "frame_id": "atracsys"
    },
    "pose": {
        "position": {
            "x": -0.11182368469238281,
            "y": -0.07252951049804687,
            "z": 1.034647705078125
        },
        "orientation": {
            "x": -0.28684281455227684,
            "y": -0.18844184353736995,
            "z": 0.6532678521865486,
            "w": 0.6748718283078199
        }
    }
}