{
    "header": {
        "seq": 30189,
        "stamp": {
            "secs": 1666022036,
            "nsecs": 143637091
        },
        "frame_id": "atracsys"
    },
    "pose": {
        "position": {
            "x": -0.10924748229980469,
            "y": -0.07399360656738281,
            "z": 1.0409423828125
        },
        "orientation": {
            "x": -0.3045894415239426,
            "y": -0.20511642982603476,
            "z": 0.6367138054647279,
            "w": 0.6780472345332431
        }
    }
}