{
    "header": {
        "seq": 7775,
        "stamp": {
            "secs": 1666021808,
            "nsecs": 553932426
        },
        "frame_id": "atracsys"
    },
    "pose": {
        "position": {
            "x": -0.03442771530151367,
            "y": -0.06324944686889648,
            "z": 1.0064984130859376
        },
        "orientation": {
            "x": -0.35381438767834017,
            "y": -0.23344288251263792,
            "z": 0.6285553732972838,
            "w": 0.6521027084555806
        }
    }
}