{
    "header": {
        "seq": 17909,
        "stamp": {
            "secs": 1666021912,
            "nsecs": 455821532
        },
        "frame_id": "atracsys"
    },
    "pose": {
        "position": {
            "x": -0.03372574615478516,
            "y": -0.05232031631469727,
            "z": 1.01383984375
        },
        "orientation": {
            "x": -0.2836652267545339,
            "y": -0.28462307405466636,
            "z": 0.6389524545348781,
            "w": 0.6559447428631662
        }
    }
}