{
    "header": {
        "seq": 8827,
        "stamp": {
            "secs": 1666021819,
            "nsecs": 138983629
        },
        "frame_id": "atracsys"
    },
    "pose": {
        "position": {
            "x": -0.056091312408447266,
            "y": -0.03910547637939453,
            "z": 0.9904119262695312
        },
        "orientation": {
            "x": -0.326770037062258,
            "y": -0.2505603633953064,
            "z": 0.6254874140610169,
            "w": 0.6627264458468551
        }
    }
}