{
    "header": {
        "seq": 6472,
        "stamp": {
            "secs": 1666021795,
            "nsecs": 443434759
        },
        "frame_id": "atracsys"
    },
    "pose": {
        "position": {
            "x": -0.0206097469329834,
            "y": -0.10111346435546875,
            "z": 1.024198486328125
        },
        "orientation": {
            "x": -0.38722259722342695,
            "y": -0.19583541059322143,
            "z": 0.679012197206948,
            "w": 0.5921567260460028
        }
    }
}