{
    "header": {
        "seq": 18072,
        "stamp": {
            "secs": 1666021914,
            "nsecs": 97521288
        },
        "frame_id": "atracsys"
    },
    "pose": {
        "position": {
            "x": -0.03338347244262695,
            "y": -0.046774559020996094,
            "z": 1.0097084350585939
        },
        "orientation": {
            "x": -0.2763686485967438,
            "y": -0.2925443311330447,
            "z": 0.6402337898395853,
            "w": 0.6543232219189311
        }
    }
}