{
    "header": {
        "seq": 16353,
        "stamp": {
            "secs": 1666021896,
            "nsecs": 786986249
        },
        "frame_id": "atracsys"
    },
    "pose": {
        "position": {
            "x": 0.009616076469421387,
            "y": -0.16859536743164064,
            "z": 1.068104736328125
        },
        "orientation": {
            "x": -0.48078543069746676,
            "y": -0.15958556814559863,
            "z": 0.7613728630547498,
            "w": 0.40458519433181306
        }
    }
}