{
    "header": {
        "seq": 29965,
        "stamp": {
            "secs": 1666022033,
            "nsecs": 887012180
        },
        "frame_id": "atracsys"
    },
    "pose": {
        "position": {
            "x": -0.10680593872070313,
            "y": -0.08009686279296875,
            "z": 1.0502106933593751
        },
        "orientation": {
            "x": -0.33038290567925416,
            "y": -0.21257215998907164,
            "z": 0.6221584634867806,
            "w": 0.6771846563119116
        }
    }
}