{
    "header": {
        "seq": 29474,
        "stamp": {
            "secs": 1666022028,
            "nsecs": 943622972
        },
        "frame_id": "atracsys"
    },
    "pose": {
        "position": {
            "x": -0.12621014404296876,
            "y": -0.0636914405822754,
            "z": 1.0222122802734375
        },
        "orientation": {
            "x": -0.27805684930965574,
            "y": -0.16286685523987404,
            "z": 0.676911985792037,
            "w": 0.6617771071194155
        }
    }
}