{
    "header": {
        "seq": 37109,
        "stamp": {
            "secs": 1666022108,
            "nsecs": 114457831
        },
        "frame_id": "atracsys"
    },
    "pose": {
        "position": {
            "x": -0.08985948181152344,
            "y": -0.12783733367919922,
            "z": 1.2776357421875
        },
        "orientation": {
            "x": -0.12592907666734743,
            "y": 0.4020027467137791,
            "z": 0.7956091999692965,
            "w": 0.43536382510321453
        }
    }
}