{
    "header": {
        "seq": 32036,
        "stamp": {
            "secs": 1666022054,
            "nsecs": 761790269
        },
        "frame_id": "atracsys"
    },
    "pose": {
        "position": {
            "x": -0.1441534881591797,
            "y": -0.05884328079223633,
            "z": 1.0267548828125
        },
        "orientation": {
            "x": -0.28954376042647506,
            "y": -0.18109060328939686,
            "z": 0.6728949431195854,
            "w": 0.6561882349771812
        }
    }
}