{
    "header": {
        "seq": 18485,
        "stamp": {
            "secs": 1666021918,
            "nsecs": 252757785
        },
        "frame_id": "atracsys"
    },
    "pose": {
        "position": {
            "x": -0.04037618255615234,
            "y": -0.050221824645996095,
            "z": 1.0133453979492189
        },
        "orientation": {
            "x": -0.27882361209705275,
            "y": -0.28914225226008133,
            "z": 0.6326312637922057,
            "w": 0.6621418544147443
        }
    }
}