{
    "header": {
        "seq": 17649,
        "stamp": {
            "secs": 1666021909,
            "nsecs": 831753030
        },
        "frame_id": "atracsys"
    },
    "pose": {
        "position": {
            "x": -0.029667251586914065,
            "y": -0.054180156707763674,
            "z": 1.0148834838867187
        },
        "orientation": {
            "x": -0.28748988323535346,
            "y": -0.2822807735825285,
            "z": 0.6424546971065334,
            "w": 0.6518581855501431
        }
    }
}