{
    "header": {
        "seq": 10312,
        "stamp": {
            "secs": 1666021834,
            "nsecs": 91259919
        },
        "frame_id": "atracsys"
    },
    "pose": {
        "position": {
            "x": -0.10163001251220703,
            "y": -0.04444795989990234,
            "z": 1.0009625244140625
        },
        "orientation": {
            "x": -0.3334176240937603,
            "y": -0.24751891840856682,
            "z": 0.6274896666067201,
            "w": 0.6586530128036403
        }
    }
}