{
    "header": {
        "seq": 38851,
        "stamp": {
            "secs": 1666022128,
            "nsecs": 96792333
        },
        "frame_id": "atracsys"
    },
    "pose": {
        "position": {
            "x": 0.09644269561767578,
            "y": -0.140189697265625,
            "z": 1.0512001953125
        },
        "orientation": {
            "x": -0.42052864096286613,
            "y": -0.3027701708195023,
            "z": 0.837719219113596,
            "w": 0.17237283927452463
        }
    }
}