{
    "header": {
        "seq": 26994,
        "stamp": {
            "secs": 1666022003,
            "nsecs": 964188515
        },
        "frame_id": "atracsys"
    },
    "pose": {
        "position": {
            "x": -0.0764501953125,
            "y": -0.11610407257080078,
            "z": 1.0580313720703125
        },
        "orientation": {
            "x": -0.35051569662538157,
            "y": -0.12061149340506776,
            "z": 0.6924913703194527,
            "w": 0.6189081645211261
        }
    }
}