{
    "header": {
        "seq": 27948,
        "stamp": {
            "secs": 1666022013,
            "nsecs": 564387178
        },
        "frame_id": "atracsys"
    },
    "pose": {
        "position": {
            "x": -0.11630207824707031,
            "y": -0.0922445068359375,
            "z": 1.031299560546875
        },
        "orientation": {
            "x": -0.3079873255099814,
            "y": -0.11507797522641368,
            "z": 0.7082658359678062,
            "w": 0.6247082299312395
        }
    }
}