{
    "header": {
        "seq": 9992,
        "stamp": {
            "secs": 1666021830,
            "nsecs": 861426909
        },
        "frame_id": "atracsys"
    },
    "pose": {
        "position": {
            "x": -0.09365364074707032,
            "y": -0.04004927062988281,
            "z": 0.9963319702148438
        },
        "orientation": {
            "x": -0.32429064138805963,
            "y": -0.24310209786473677,
            "z": 0.6295894357945728,
            "w": 0.6628379079818505
        }
    }
}