{
    "header": {
        "seq": 6965,
        "stamp": {
            "secs": 1666021800,
            "nsecs": 401669847
        },
        "frame_id": "atracsys"
    },
    "pose": {
        "position": {
            "x": -0.03442476654052735,
            "y": -0.10070625305175782,
            "z": 1.0229668579101563
        },
        "orientation": {
            "x": -0.3799896464009375,
            "y": -0.18026302213971387,
            "z": 0.6793729481611436,
            "w": 0.6013031754314819
        }
    }
}