{
    "header": {
        "seq": 29625,
        "stamp": {
            "secs": 1666022030,
            "nsecs": 460092349
        },
        "frame_id": "atracsys"
    },
    "pose": {
        "position": {
            "x": -0.1331798858642578,
            "y": -0.061301006317138675,
            "z": 1.0240142822265625
        },
        "orientation": {
            "x": -0.28038580379548794,
            "y": -0.16667480078197594,
            "z": 0.6733342901407955,
            "w": 0.663493967971705
        }
    }
}