{
    "header": {
        "seq": 25468,
        "stamp": {
            "secs": 1666021988,
            "nsecs": 573084501
        },
        "frame_id": "atracsys"
    },
    "pose": {
        "position": {
            "x": -0.08070502471923828,
            "y": -0.011915605545043945,
            "z": 1.00740966796875
        },
        "orientation": {
            "x": -0.218355894759225,
            "y": -0.311874262162706,
            "z": 0.5979032396827523,
            "w": 0.7053841958828079
        }
    }
}