{
    "header": {
        "seq": 19600,
        "stamp": {
            "secs": 1666021929,
            "nsecs": 476769382
        },
        "frame_id": "atracsys"
    },
    "pose": {
        "position": {
            "x": -0.04993169021606445,
            "y": -0.015255433082580566,
            "z": 0.9976027221679687
        },
        "orientation": {
            "x": -0.24144477063597272,
            "y": -0.31391418568960694,
            "z": 0.6260655178706344,
            "w": 0.6717174064208461
        }
    }
}