{
    "header": {
        "seq": 27329,
        "stamp": {
            "secs": 1666022007,
            "nsecs": 337363649
        },
        "frame_id": "atracsys"
    },
    "pose": {
        "position": {
            "x": -0.08872702026367188,
            "y": -0.10888259887695313,
            "z": 1.049413330078125
        },
        "orientation": {
            "x": -0.33674604148592513,
            "y": -0.11945391061466035,
            "z": 0.692168033267987,
            "w": 0.6270855448057714
        }
    }
}