{
    "header": {
        "seq": 29818,
        "stamp": {
            "secs": 1666022032,
            "nsecs": 409380754
        },
        "frame_id": "atracsys"
    },
    "pose": {
        "position": {
            "x": -0.13923541259765626,
            "y": -0.060484260559082036,
            "z": 1.025033203125
        },
        "orientation": {
            "x": -0.2876718213948097,
            "y": -0.1707532107521142,
            "z": 0.6770165973963883,
            "w": 0.655543126760592
        }
    }
}