{
    "header": {
        "seq": 34294,
        "stamp": {
            "secs": 1666022077,
            "nsecs": 502250955
        },
        "frame_id": "atracsys"
    },
    "pose": {
        "position": {
            "x": -0.14019871520996094,
            "y": -0.0667331314086914,
            "z": 1.0385582275390626
        },
        "orientation": {
            "x": -0.317015551361085,
            "y": -0.19472821740165178,
            "z": 0.6343431725825119,
            "w": 0.677636186268676
        }
    }
}