{
    "header": {
        "seq": 36684,
        "stamp": {
            "secs": 1666022103,
            "nsecs": 836831869
        },
        "frame_id": "atracsys"
    },
    "pose": {
        "position": {
            "x": -0.08715347290039063,
            "y": -0.12220901489257813,
            "z": 1.2766108398437501
        },
        "orientation": {
            "x": -0.12305742736397296,
            "y": 0.3923779561278127,
            "z": 0.8051840200570916,
            "w": 0.427288079590599
        }
    }
}