{
    "header": {
        "seq": 23216,
        "stamp": {
            "secs": 1666021965,
            "nsecs": 877284122
        },
        "frame_id": "atracsys"
    },
    "pose": {
        "position": {
            "x": -0.06290435791015625,
            "y": -0.030322839736938476,
            "z": 1.0158764038085937
        },
        "orientation": {
            "x": -0.2503241022714994,
            "y": -0.31296094140197184,
            "z": 0.5949376789418178,
            "w": 0.6967370028598179
        }
    }
}