{
    "header": {
        "seq": 14946,
        "stamp": {
            "secs": 1666021880,
            "nsecs": 810728922
        },
        "frame_id": "atracsys"
    },
    "pose": {
        "position": {
            "x": -0.018658184051513673,
            "y": -0.1301941833496094,
            "z": 1.075762451171875
        },
        "orientation": {
            "x": -0.428379167588135,
            "y": -0.179930744217023,
            "z": 0.7119448206960265,
            "w": 0.5265460932777942
        }
    }
}