{
    "header": {
        "seq": 33973,
        "stamp": {
            "secs": 1666022074,
            "nsecs": 266499750
        },
        "frame_id": "atracsys"
    },
    "pose": {
        "position": {
            "x": -0.13878945922851563,
            "y": -0.06451103973388672,
            "z": 1.036160400390625
        },
        "orientation": {
            "x": -0.30255071822204777,
            "y": -0.19009753402952606,
            "z": 0.6386969360433531,
            "w": 0.6814632890684935
        }
    }
}