{
    "header": {
        "seq": 32807,
        "stamp": {
            "secs": 1666022062,
            "nsecs": 535061720
        },
        "frame_id": "atracsys"
    },
    "pose": {
        "position": {
            "x": -0.14214764404296876,
            "y": -0.05949934005737305,
            "z": 1.0280577392578125
        },
        "orientation": {
            "x": -0.28856453251866326,
            "y": -0.18169965447099595,
            "z": 0.6625197079818007,
            "w": 0.666920821892011
        }
    }
}