{
    "header": {
        "seq": 33726,
        "stamp": {
            "secs": 1666022071,
            "nsecs": 782914703
        },
        "frame_id": "atracsys"
    },
    "pose": {
        "position": {
            "x": -0.13766845703125,
            "y": -0.06986437988281251,
            "z": 1.0437490234375
        },
        "orientation": {
            "x": -0.3206403449604066,
            "y": -0.2000785948712078,
            "z": 0.6283452236209691,
            "w": 0.6799563258112603
        }
    }
}