{
    "header": {
        "seq": 19516,
        "stamp": {
            "secs": 1666021928,
            "nsecs": 631986703
        },
        "frame_id": "atracsys"
    },
    "pose": {
        "position": {
            "x": -0.04681777191162109,
            "y": -0.019029745101928713,
            "z": 1.0005717163085939
        },
        "orientation": {
            "x": -0.24755093870438988,
            "y": -0.3168236667906722,
            "z": 0.6202481288316859,
            "w": 0.6735232405705692
        }
    }
}