{
    "header": {
        "seq": 32863,
        "stamp": {
            "secs": 1666022063,
            "nsecs": 96247572
        },
        "frame_id": "atracsys"
    },
    "pose": {
        "position": {
            "x": -0.14497525024414062,
            "y": -0.05640655517578125,
            "z": 1.0280748291015624
        },
        "orientation": {
            "x": -0.2845796545125218,
            "y": -0.181959054671414,
            "z": 0.6625685207103366,
            "w": 0.6685119879436235
        }
    }
}