{
    "header": {
        "seq": 32189,
        "stamp": {
            "secs": 1666022056,
            "nsecs": 308094972
        },
        "frame_id": "atracsys"
    },
    "pose": {
        "position": {
            "x": -0.12618917846679686,
            "y": -0.07493379211425781,
            "z": 1.0476893310546875
        },
        "orientation": {
            "x": -0.32064808958510693,
            "y": -0.20618738291712482,
            "z": 0.6241178002002304,
            "w": 0.682017988944891
        }
    }
}