{
    "header": {
        "seq": 24296,
        "stamp": {
            "secs": 1666021976,
            "nsecs": 754939145
        },
        "frame_id": "atracsys"
    },
    "pose": {
        "position": {
            "x": -0.06637447357177735,
            "y": -0.016456998825073243,
            "z": 1.0092263793945313
        },
        "orientation": {
            "x": -0.2279151027078635,
            "y": -0.32981439846228083,
            "z": 0.5897161622615062,
            "w": 0.7010791799020911
        }
    }
}