{
    "header": {
        "seq": 16796,
        "stamp": {
            "secs": 1666021901,
            "nsecs": 249695329
        },
        "frame_id": "atracsys"
    },
    "pose": {
        "position": {
            "x": 0.02474587059020996,
            "y": -0.169022705078125,
            "z": 1.0680421142578125
        },
        "orientation": {
            "x": -0.47478229614197354,
            "y": -0.1443045543245439,
            "z": 0.7759823987929367,
            "w": 0.3893703682034751
        }
    }
}