{
    "header": {
        "seq": 21982,
        "stamp": {
            "secs": 1666021953,
            "nsecs": 447255897
        },
        "frame_id": "atracsys"
    },
    "pose": {
        "position": {
            "x": -0.06969913482666015,
            "y": -0.014758245468139648,
            "z": 0.9954689941406251
        },
        "orientation": {
            "x": -0.23085566477670416,
            "y": -0.3104611627969256,
            "z": 0.6230580060036169,
            "w": 0.6797927990131136
        }
    }
}