{
    "header": {
        "seq": 16021,
        "stamp": {
            "secs": 1666021893,
            "nsecs": 446555328
        },
        "frame_id": "atracsys"
    },
    "pose": {
        "position": {
            "x": 0.006828636169433594,
            "y": -0.15918063354492187,
            "z": 1.06703369140625
        },
        "orientation": {
            "x": -0.47476088568507585,
            "y": -0.19492277747197131,
            "z": 0.7459595118279063,
            "w": 0.4244427157575053
        }
    }
}