{
    "header": {
        "seq": 12256,
        "stamp": {
            "secs": 1666021853,
            "nsecs": 688392773
        },
        "frame_id": "atracsys"
    },
    "pose": {
        "position": {
            "x": -0.118991455078125,
            "y": -0.07175031280517578,
            "z": 1.031400146484375
        },
        "orientation": {
            "x": -0.37303784289280184,
            "y": -0.23429398856191883,
            "z": 0.6125551316103404,
            "w": 0.6562966596223628
        }
    }
}