{
    "header": {
        "seq": 37613,
        "stamp": {
            "secs": 1666022113,
            "nsecs": 189173447
        },
        "frame_id": "atracsys"
    },
    "pose": {
        "position": {
            "x": -0.09821739959716796,
            "y": -0.13435643005371095,
            "z": 1.2800972900390626
        },
        "orientation": {
            "x": -0.1302886296224177,
            "y": 0.4087818161351373,
            "z": 0.784725301086814,
            "w": 0.447357241611869
        }
    }
}