{
    "header": {
        "seq": 36993,
        "stamp": {
            "secs": 1666022106,
            "nsecs": 947293224
        },
        "frame_id": "atracsys"
    },
    "pose": {
        "position": {
            "x": -0.08804680633544922,
            "y": -0.12624922943115235,
            "z": 1.2770426025390624
        },
        "orientation": {
            "x": -0.12448294868863796,
            "y": 0.3982792110496316,
            "z": 0.7996817372774753,
            "w": 0.4317253578333615
        }
    }
}