{
    "header": {
        "seq": 28150,
        "stamp": {
            "secs": 1666022015,
            "nsecs": 600217189
        },
        "frame_id": "atracsys"
    },
    "pose": {
        "position": {
            "x": -0.1290763397216797,
            "y": -0.08305171966552735,
            "z": 1.0291607666015625
        },
        "orientation": {
            "x": -0.30148985235976244,
            "y": -0.11963242396636853,
            "z": 0.7110280382973484,
            "w": 0.6238838680516146
        }
    }
}