{
    "header": {
        "seq": 35180,
        "stamp": {
            "secs": 1666022088,
            "nsecs": 693501144
        },
        "frame_id": "atracsys"
    },
    "pose": {
        "position": {
            "x": -0.09763067626953126,
            "y": -0.12352719116210938,
            "z": 1.2500394287109375
        },
        "orientation": {
            "x": -0.0697590442498531,
            "y": 0.28530773062786946,
            "z": 0.8392870936671657,
            "w": 0.45752633693924605
        }
    }
}