{
    "header": {
        "seq": 24677,
        "stamp": {
            "secs": 1666021980,
            "nsecs": 593822527
        },
        "frame_id": "atracsys"
    },
    "pose": {
        "position": {
            "x": -0.08617970275878907,
            "y": -0.00036678636074066165,
            "z": 0.9987020263671875
        },
        "orientation": {
            "x": -0.2103317861813405,
            "y": -0.32019406312602855,
            "z": 0.6024730690895335,
            "w": 0.7001874768106395
        }
    }
}