{
    "header": {
        "seq": 38668,
        "stamp": {
            "secs": 1666022126,
            "nsecs": 258058988
        },
        "frame_id": "atracsys"
    },
    "pose": {
        "position": {
            "x": 0.09748870849609376,
            "y": -0.13194024658203124,
            "z": 1.050204833984375
        },
        "orientation": {
            "x": -0.4140981047268393,
            "y": -0.3074184293537094,
            "z": 0.840515623982861,
            "w": 0.16598239303022472
        }
    }
}