{
    "header": {
        "seq": 23639,
        "stamp": {
            "secs": 1666021970,
            "nsecs": 136987029
        },
        "frame_id": "atracsys"
    },
    "pose": {
        "position": {
            "x": -0.07217668151855469,
            "y": -0.01648453712463379,
            "z": 1.0038156127929687
        },
        "orientation": {
            "x": -0.2319508742341601,
            "y": -0.31598242808076027,
            "z": 0.6021473044733664,
            "w": 0.6955375768437353
        }
    }
}