{
    "header": {
        "seq": 19675,
        "stamp": {
            "secs": 1666021930,
            "nsecs": 229024603
        },
        "frame_id": "atracsys"
    },
    "pose": {
        "position": {
            "x": -0.054333892822265625,
            "y": -0.014608676910400391,
            "z": 0.9945140991210938
        },
        "orientation": {
            "x": -0.2407598528339106,
            "y": -0.3114876713306155,
            "z": 0.6293074670292587,
            "w": 0.6700613671997833
        }
    }
}