{
    "header": {
        "seq": 12531,
        "stamp": {
            "secs": 1666021856,
            "nsecs": 461541447
        },
        "frame_id": "atracsys"
    },
    "pose": {
        "position": {
            "x": -0.11016612243652343,
            "y": -0.08144174194335937,
            "z": 1.038116943359375
        },
        "orientation": {
            "x": -0.38361517178271953,
            "y": -0.23330700011063346,
            "z": 0.6057325042122046,
            "w": 0.6568830771288776
        }
    }
}