{
    "header": {
        "seq": 18374,
        "stamp": {
            "secs": 1666021917,
            "nsecs": 136445797
        },
        "frame_id": "atracsys"
    },
    "pose": {
        "position": {
            "x": -0.039092788696289064,
            "y": -0.04739833068847656,
            "z": 1.009640625
        },
        "orientation": {
            "x": -0.274087012500292,
            "y": -0.2883667572185035,
            "z": 0.6403179536050816,
            "w": 0.6570493445708245
        }
    }
}