{
    "header": {
        "seq": 38919,
        "stamp": {
            "secs": 1666022128,
            "nsecs": 783376095
        },
        "frame_id": "atracsys"
    },
    "pose": {
        "position": {
            "x": 0.09557168579101563,
            "y": -0.14458766174316406,
            "z": 1.0504794921875
        },
        "orientation": {
            "x": -0.41749510962736497,
            "y": -0.2964078643033093,
            "z": 0.8399094279042886,
            "w": 0.17997878856653146
        }
    }
}