{
    "header": {
        "seq": 24621,
        "stamp": {
            "secs": 1666021980,
            "nsecs": 29623046
        },
        "frame_id": "atracsys"
    },
    "pose": {
        "position": {
            "x": -0.08252951812744141,
            "y": -0.001623980402946472,
            "z": 0.9996666259765625
        },
        "orientation": {
            "x": -0.21029550134055355,
            "y": -0.32283432873745466,
            "z": 0.6001896969805715,
            "w": 0.7009465927893024
        }
    }
}