{
    "header": {
        "seq": 26714,
        "stamp": {
            "secs": 1666022001,
            "nsecs": 143300366
        },
        "frame_id": "atracsys"
    },
    "pose": {
        "position": {
            "x": -0.0680534439086914,
            "y": -0.11891942596435547,
            "z": 1.06432568359375
        },
        "orientation": {
            "x": -0.36230293264089514,
            "y": -0.12238220298956506,
            "z": 0.6982832598626563,
            "w": 0.6051112876048588
        }
    }
}