{
    "header": {
        "seq": 14616,
        "stamp": {
            "secs": 1666021877,
            "nsecs": 476446608
        },
        "frame_id": "atracsys"
    },
    "pose": {
        "position": {
            "x": -0.024224203109741212,
            "y": -0.12196659088134766,
            "z": 1.0711871337890626
        },
        "orientation": {
            "x": -0.4302569005461188,
            "y": -0.2138410392393375,
            "z": 0.6794270494971826,
            "w": 0.5545537790702003
        }
    }
}