{
    "header": {
        "seq": 21275,
        "stamp": {
            "secs": 1666021946,
            "nsecs": 330719706
        },
        "frame_id": "atracsys"
    },
    "pose": {
        "position": {
            "x": -0.0644149169921875,
            "y": -0.013108590126037599,
            "z": 0.99620751953125
        },
        "orientation": {
            "x": -0.22733085827530763,
            "y": -0.3124614421045865,
            "z": 0.6262687914139718,
            "w": 0.6771085060569075
        }
    }
}