{
    "header": {
        "seq": 36308,
        "stamp": {
            "secs": 1666022100,
            "nsecs": 45840550
        },
        "frame_id": "atracsys"
    },
    "pose": {
        "position": {
            "x": -0.092741455078125,
            "y": -0.12514800262451173,
            "z": 1.273530517578125
        },
        "orientation": {
            "x": -0.11718852530180641,
            "y": 0.37896449451475006,
            "z": 0.8062421474103224,
            "w": 0.4388921976681284
        }
    }
}