{
    "header": {
        "seq": 39640,
        "stamp": {
            "secs": 1666022136,
            "nsecs": 37163682
        },
        "frame_id": "atracsys"
    },
    "pose": {
        "position": {
            "x": 0.09496805572509766,
            "y": -0.16047554016113283,
            "z": 1.0926029052734376
        },
        "orientation": {
            "x": -0.44964240820814494,
            "y": -0.2394583246056623,
            "z": 0.8467631992514335,
            "w": 0.15321063902779908
        }
    }
}