{
    "header": {
        "seq": 32547,
        "stamp": {
            "secs": 1666022059,
            "nsecs": 914088034
        },
        "frame_id": "atracsys"
    },
    "pose": {
        "position": {
            "x": -0.1302744140625,
            "y": -0.06812734222412109,
            "z": 1.0370748291015626
        },
        "orientation": {
            "x": -0.29766950977259343,
            "y": -0.19170829218580823,
            "z": 0.6400525908881958,
            "w": 0.6818896351729161
        }
    }
}