{
    "header": {
        "seq": 16788,
        "stamp": {
            "secs": 1681247919,
            "nsecs": 73334600
        },
        "frame_id": "atracsys"
    },
    "pose": {
        "position": {
            "x": 0.18212974548339844,
            "y": 0.1666155242919922,
            "z": 0.933783935546875
        },
        "orientation": {
            "x": 0.8251486935586422,
            "y": -0.132926878248213,
            "z": 0.22616836127150483,
            "w": 0.5003078561420088
        }
    }
}