{
    "header": {
        "seq": 15650,
        "stamp": {
            "secs": 1681247907,
            "nsecs": 622543873
        },
        "frame_id": "atracsys"
    },
    "pose": {
        "position": {
            "x": 0.18212193298339843,
            "y": 0.1666080322265625,
            "z": 0.9338720703125
        },
        "orientation": {
            "x": 0.8251478482829252,
            "y": -0.1329827367010959,
            "z": 0.22621868292673503,
            "w": 0.5002716539125908
        }
    }
}