{
    "header": {
        "seq": 8822,
        "stamp": {
            "secs": 1681247838,
            "nsecs": 900156852
        },
        "frame_id": "atracsys"
    },
    "pose": {
        "position": {
            "x": 0.18210118103027345,
            "y": 0.16659356689453125,
            "z": 0.9339435424804687
        },
        "orientation": {
            "x": 0.8251338423695912,
            "y": -0.13300529551130463,
            "z": 0.22623042297197452,
            "w": 0.500283448920976
        }
    }
}