{
    "header": {
        "seq": 23367,
        "stamp": {
            "secs": 1681247985,
            "nsecs": 273238623
        },
        "frame_id": "atracsys"
    },
    "pose": {
        "position": {
            "x": 0.18211135864257813,
            "y": 0.16661470031738282,
            "z": 0.933928955078125
        },
        "orientation": {
            "x": 0.8251194048231093,
            "y": -0.1329266331199565,
            "z": 0.22608607810091166,
            "w": 0.5003934085104428
        }
    }
}