{
    "header": {
        "seq": 5744,
        "stamp": {
            "secs": 1681247807,
            "nsecs": 945106462
        },
        "frame_id": "atracsys"
    },
    "pose": {
        "position": {
            "x": 0.18212939453125002,
            "y": 0.16660618591308593,
            "z": 0.9338401489257813
        },
        "orientation": {
            "x": 0.8251552515087203,
            "y": -0.1329416730986285,
            "z": 0.22613204576366205,
            "w": 0.5003095245346216
        }
    }
}