{
    "header": {
        "seq": 15354,
        "stamp": {
            "secs": 1681247904,
            "nsecs": 643418741
        },
        "frame_id": "atracsys"
    },
    "pose": {
        "position": {
            "x": 0.18211750793457032,
            "y": 0.16661683654785156,
            "z": 0.9338287353515625
        },
        "orientation": {
            "x": 0.8251380676179628,
            "y": -0.13298301033942994,
            "z": 0.22623561646335713,
            "w": 0.500280055740984
        }
    }
}