{
    "header": {
        "seq": 23181,
        "stamp": {
            "secs": 1681247983,
            "nsecs": 401662039
        },
        "frame_id": "atracsys"
    },
    "pose": {
        "position": {
            "x": 0.18210827636718752,
            "y": 0.16660934448242187,
            "z": 0.9339336547851562
        },
        "orientation": {
            "x": 0.825142481009658,
            "y": -0.13293877553007669,
            "z": 0.22613007702791824,
            "w": 0.5003322458698197
        }
    }
}