{
    "header": {
        "seq": 28473,
        "stamp": {
            "secs": 1681248036,
            "nsecs": 649345347
        },
        "frame_id": "atracsys"
    },
    "pose": {
        "position": {
            "x": 0.18209846496582033,
            "y": 0.16659706115722656,
            "z": 0.9339452514648438
        },
        "orientation": {
            "x": 0.8251616388686377,
            "y": -0.13295462383944956,
            "z": 0.22611444855662644,
            "w": 0.5003035017799367
        }
    }
}