{
    "header": {
        "seq": 14442,
        "stamp": {
            "secs": 1681247895,
            "nsecs": 467345189
        },
        "frame_id": "atracsys"
    },
    "pose": {
        "position": {
            "x": 0.18210131835937501,
            "y": 0.16659332275390626,
            "z": 0.933864990234375
        },
        "orientation": {
            "x": 0.8251434753216422,
            "y": -0.13299315639757306,
            "z": 0.22609968948051348,
            "w": 0.5003298870768653
        }
    }
}