{
    "header": {
        "seq": 23509,
        "stamp": {
            "secs": 1681247986,
            "nsecs": 700105185
        },
        "frame_id": "atracsys"
    },
    "pose": {
        "position": {
            "x": 0.18211030578613283,
            "y": 0.16661592102050782,
            "z": 0.9339281616210938
        },
        "orientation": {
            "x": 0.825163865204791,
            "y": -0.13292263758590547,
            "z": 0.2260970153692616,
            "w": 0.5003162076313411
        }
    }
}