{
    "header": {
        "seq": 10333,
        "stamp": {
            "secs": 1681247854,
            "nsecs": 112087520
        },
        "frame_id": "atracsys"
    },
    "pose": {
        "position": {
            "x": 0.1821175231933594,
            "y": 0.16660226440429687,
            "z": 0.9339356079101563
        },
        "orientation": {
            "x": 0.8251297173457809,
            "y": -0.13297279552533875,
            "z": 0.22612749780675195,
            "w": 0.5003454206232988
        }
    }
}