{
    "header": {
        "seq": 3907,
        "stamp": {
            "secs": 1681247789,
            "nsecs": 464395278
        },
        "frame_id": "atracsys"
    },
    "pose": {
        "position": {
            "x": 0.18215144348144532,
            "y": 0.16661331176757813,
            "z": 0.9337698364257813
        },
        "orientation": {
            "x": 0.8251655170551352,
            "y": -0.13295242473109598,
            "z": 0.22617481400921238,
            "w": 0.5002704026115793
        }
    }
}