{
    "header": {
        "seq": 10572,
        "stamp": {
            "secs": 1681247856,
            "nsecs": 518106249
        },
        "frame_id": "atracsys"
    },
    "pose": {
        "position": {
            "x": 0.18210716247558595,
            "y": 0.1665989532470703,
            "z": 0.9339598388671875
        },
        "orientation": {
            "x": 0.8251233983315724,
            "y": -0.13300477833752775,
            "z": 0.2261215166934903,
            "w": 0.5003500436228401
        }
    }
}