{
    "header": {
        "seq": 9191,
        "stamp": {
            "secs": 1681247842,
            "nsecs": 610613957
        },
        "frame_id": "atracsys"
    },
    "pose": {
        "position": {
            "x": 0.18210986328125,
            "y": 0.16659632873535157,
            "z": 0.9339412841796875
        },
        "orientation": {
            "x": 0.8251316497262665,
            "y": -0.13294847475440894,
            "z": 0.22611737187724754,
            "w": 0.5003532730139901
        }
    }
}