{
    "header": {
        "seq": 16235,
        "stamp": {
            "secs": 1681247913,
            "nsecs": 506208018
        },
        "frame_id": "atracsys"
    },
    "pose": {
        "position": {
            "x": 0.1821426544189453,
            "y": 0.16661917114257813,
            "z": 0.9337340087890625
        },
        "orientation": {
            "x": 0.825161463838047,
            "y": -0.1329348606091961,
            "z": 0.2260726309789299,
            "w": 0.5003279394094734
        }
    }
}