{
    "header": {
        "seq": 4863,
        "stamp": {
            "secs": 1681247799,
            "nsecs": 85353460
        },
        "frame_id": "atracsys"
    },
    "pose": {
        "position": {
            "x": 0.1821319580078125,
            "y": 0.16660906982421875,
            "z": 0.9338272094726563
        },
        "orientation": {
            "x": 0.8251567119487507,
            "y": -0.13294153153482816,
            "z": 0.22615283193694719,
            "w": 0.5002977578662529
        }
    }
}