{
    "header": {
        "seq": 5773,
        "stamp": {
            "secs": 1681247808,
            "nsecs": 234672460
        },
        "frame_id": "atracsys"
    },
    "pose": {
        "position": {
            "x": 0.18212913513183593,
            "y": 0.16661241149902345,
            "z": 0.9338557739257812
        },
        "orientation": {
            "x": 0.8251225588891259,
            "y": -0.13294664330261746,
            "z": 0.22617399008119732,
            "w": 0.5003431612979017
        }
    }
}