{
    "header": {
        "seq": 15972,
        "stamp": {
            "secs": 1681247910,
            "nsecs": 861344843
        },
        "frame_id": "atracsys"
    },
    "pose": {
        "position": {
            "x": 0.18211170959472656,
            "y": 0.16660818481445314,
            "z": 0.9338782348632813
        },
        "orientation": {
            "x": 0.8251694933203654,
            "y": -0.1329470346244131,
            "z": 0.22614829045921875,
            "w": 0.5002772671233018
        }
    }
}