{
    "header": {
        "seq": 20934,
        "stamp": {
            "secs": 1681247960,
            "nsecs": 786675708
        },
        "frame_id": "atracsys"
    },
    "pose": {
        "position": {
            "x": 0.1821158447265625,
            "y": 0.1666187286376953,
            "z": 0.9339073486328126
        },
        "orientation": {
            "x": 0.8251518847601347,
            "y": -0.13295661563700897,
            "z": 0.22616397379882847,
            "w": 0.5002966743749881
        }
    }
}