{
    "header": {
        "seq": 26524,
        "stamp": {
            "secs": 1681248017,
            "nsecs": 31458354
        },
        "frame_id": "atracsys"
    },
    "pose": {
        "position": {
            "x": 0.18212579345703125,
            "y": 0.16660307312011718,
            "z": 0.9338858642578125
        },
        "orientation": {
            "x": 0.8251896178603743,
            "y": -0.1329398832229354,
            "z": 0.22612492478746943,
            "w": 0.5002565346039801
        }
    }
}