{
    "header": {
        "seq": 30850,
        "stamp": {
            "secs": 1681248060,
            "nsecs": 559809187
        },
        "frame_id": "atracsys"
    },
    "pose": {
        "position": {
            "x": 0.18208792114257813,
            "y": 0.16660656738281251,
            "z": 0.9339803466796875
        },
        "orientation": {
            "x": 0.8251778874969307,
            "y": -0.13292139160116537,
            "z": 0.22609836254956336,
            "w": 0.5002928023600965
        }
    }
}