{
    "header": {
        "seq": 30385,
        "stamp": {
            "secs": 1681248055,
            "nsecs": 882102196
        },
        "frame_id": "atracsys"
    },
    "pose": {
        "position": {
            "x": 0.18208981323242188,
            "y": 0.1666011962890625,
            "z": 0.9339487915039063
        },
        "orientation": {
            "x": 0.8251678989149892,
            "y": -0.13291595392568364,
            "z": 0.22608259781020412,
            "w": 0.5003178457337267
        }
    }
}