{
    "header": {
        "seq": 6740,
        "stamp": {
            "secs": 1681247817,
            "nsecs": 959883268
        },
        "frame_id": "atracsys"
    },
    "pose": {
        "position": {
            "x": 0.1821184539794922,
            "y": 0.16660771179199219,
            "z": 0.9338539428710938
        },
        "orientation": {
            "x": 0.8251664603721099,
            "y": -0.1329138176502086,
            "z": 0.22610664230714309,
            "w": 0.500309920008788
        }
    }
}