{
    "header": {
        "seq": 18045,
        "stamp": {
            "secs": 1681247931,
            "nsecs": 721007612
        },
        "frame_id": "atracsys"
    },
    "pose": {
        "position": {
            "x": 0.1821417236328125,
            "y": 0.16662290954589845,
            "z": 0.9337787475585938
        },
        "orientation": {
            "x": 0.8251835055747962,
            "y": -0.13292078044713412,
            "z": 0.22614424010239215,
            "w": 0.5002629617722331
        }
    }
}