{
    "header": {
        "seq": 18211,
        "stamp": {
            "secs": 1681247933,
            "nsecs": 392643755
        },
        "frame_id": "atracsys"
    },
    "pose": {
        "position": {
            "x": 0.1821333465576172,
            "y": 0.16661505126953124,
            "z": 0.9337291259765625
        },
        "orientation": {
            "x": 0.8251713037898794,
            "y": -0.13293437564495988,
            "z": 0.22609285003932383,
            "w": 0.5003027027057633
        }
    }
}