{
    "header": {
        "seq": 12226,
        "stamp": {
            "secs": 1681247873,
            "nsecs": 168814206
        },
        "frame_id": "atracsys"
    },
    "pose": {
        "position": {
            "x": 0.18211604309082033,
            "y": 0.16659658813476563,
            "z": 0.933869384765625
        },
        "orientation": {
            "x": 0.8251669363221591,
            "y": -0.1329733678652108,
            "z": 0.2261148895462922,
            "w": 0.5002895835061463
        }
    }
}