{
    "header": {
        "seq": 1592,
        "stamp": {
            "secs": 1681247766,
            "nsecs": 165889525
        },
        "frame_id": "atracsys"
    },
    "pose": {
        "position": {
            "x": 0.18213858032226563,
            "y": 0.1665997314453125,
            "z": 0.9337813110351563
        },
        "orientation": {
            "x": 0.8251232107605123,
            "y": -0.13296648661492527,
            "z": 0.2261351247782887,
            "w": 0.5003543802576871
        }
    }
}