{
    "header": {
        "seq": 13020,
        "stamp": {
            "secs": 1681247881,
            "nsecs": 156860222
        },
        "frame_id": "atracsys"
    },
    "pose": {
        "position": {
            "x": 0.18211416625976562,
            "y": 0.16659805297851563,
            "z": 0.9338833618164063
        },
        "orientation": {
            "x": 0.8251760286556192,
            "y": -0.13298974268417912,
            "z": 0.2261783259320246,
            "w": 0.5002415566019315
        }
    }
}