{
    "header": {
        "seq": 31720,
        "stamp": {
            "secs": 1681248069,
            "nsecs": 311915514
        },
        "frame_id": "atracsys"
    },
    "pose": {
        "position": {
            "x": 0.18209896850585938,
            "y": 0.1666085662841797,
            "z": 0.9339265747070312
        },
        "orientation": {
            "x": 0.8251509215924903,
            "y": -0.1329426675143429,
            "z": 0.22605922802119696,
            "w": 0.5003493071602031
        }
    }
}