{
    "header": {
        "seq": 19452,
        "stamp": {
            "secs": 1681247945,
            "nsecs": 870245605
        },
        "frame_id": "atracsys"
    },
    "pose": {
        "position": {
            "x": 0.18212013244628908,
            "y": 0.1666029052734375,
            "z": 0.9338621215820313
        },
        "orientation": {
            "x": 0.8252021129313428,
            "y": -0.1329623566435739,
            "z": 0.2261298113677975,
            "w": 0.5002277410742019
        }
    }
}