{
    "header": {
        "seq": 4181,
        "stamp": {
            "secs": 1681247792,
            "nsecs": 222613119
        },
        "frame_id": "atracsys"
    },
    "pose": {
        "position": {
            "x": 0.1821502685546875,
            "y": 0.1666116485595703,
            "z": 0.9337545166015625
        },
        "orientation": {
            "x": 0.8251505193003188,
            "y": -0.13294952653637496,
            "z": 0.22616463792298536,
            "w": 0.500300510138989
        }
    }
}