{
    "header": {
        "seq": 13477,
        "stamp": {
            "secs": 1681247885,
            "nsecs": 756961051
        },
        "frame_id": "atracsys"
    },
    "pose": {
        "position": {
            "x": 0.18211978149414063,
            "y": 0.16659843444824218,
            "z": 0.9338292236328125
        },
        "orientation": {
            "x": 0.8251309419396701,
            "y": -0.1329874496367835,
            "z": 0.22611441304328483,
            "w": 0.5003454197921149
        }
    }
}