{
    "header": {
        "seq": 26663,
        "stamp": {
            "secs": 1681248018,
            "nsecs": 431356640
        },
        "frame_id": "atracsys"
    },
    "pose": {
        "position": {
            "x": 0.18211880493164062,
            "y": 0.16660769653320312,
            "z": 0.9339117431640626
        },
        "orientation": {
            "x": 0.8251312836881657,
            "y": -0.132954971467383,
            "z": 0.22608840828776763,
            "w": 0.5003652384799836
        }
    }
}