{
    "header": {
        "seq": 22013,
        "stamp": {
            "secs": 1681247971,
            "nsecs": 646370355
        },
        "frame_id": "atracsys"
    },
    "pose": {
        "position": {
            "x": 0.1821128387451172,
            "y": 0.1666175537109375,
            "z": 0.9339310913085938
        },
        "orientation": {
            "x": 0.825216431489257,
            "y": -0.1329309438483883,
            "z": 0.2260434035888459,
            "w": 0.500251521798468
        }
    }
}