{
    "header": {
        "seq": 30406,
        "stamp": {
            "secs": 1681248056,
            "nsecs": 94034780
        },
        "frame_id": "atracsys"
    },
    "pose": {
        "position": {
            "x": 0.18209297180175782,
            "y": 0.16660615539550783,
            "z": 0.9339505004882813
        },
        "orientation": {
            "x": 0.8251568450509151,
            "y": -0.13292848674643293,
            "z": 0.22614005180759866,
            "w": 0.5003067813305951
        }
    }
}