{
    "header": {
        "seq": 11985,
        "stamp": {
            "secs": 1681247870,
            "nsecs": 742046706
        },
        "frame_id": "atracsys"
    },
    "pose": {
        "position": {
            "x": 0.18211308288574218,
            "y": 0.16660052490234376,
            "z": 0.9338682861328125
        },
        "orientation": {
            "x": 0.8251353590473344,
            "y": -0.1329995325370563,
            "z": 0.22609067485228282,
            "w": 0.5003456508650699
        }
    }
}