{
    "header": {
        "seq": 23867,
        "stamp": {
            "secs": 1681247990,
            "nsecs": 303026459
        },
        "frame_id": "atracsys"
    },
    "pose": {
        "position": {
            "x": 0.18211985778808595,
            "y": 0.16660903930664062,
            "z": 0.9338862915039062
        },
        "orientation": {
            "x": 0.8251588909168098,
            "y": -0.13294120263465292,
            "z": 0.2261553645456833,
            "w": 0.5002931065587468
        }
    }
}