{
    "header": {
        "seq": 16829,
        "stamp": {
            "secs": 1681247919,
            "nsecs": 485200713
        },
        "frame_id": "atracsys"
    },
    "pose": {
        "position": {
            "x": 0.1821288299560547,
            "y": 0.16661380004882814,
            "z": 0.9337899780273438
        },
        "orientation": {
            "x": 0.8251694659060969,
            "y": -0.13293422214231906,
            "z": 0.22610364455587936,
            "w": 0.5003008964995085
        }
    }
}