{
    "header": {
        "seq": 22544,
        "stamp": {
            "secs": 1681247976,
            "nsecs": 989614998
        },
        "frame_id": "atracsys"
    },
    "pose": {
        "position": {
            "x": 0.1821209411621094,
            "y": 0.16661503601074218,
            "z": 0.9338811645507813
        },
        "orientation": {
            "x": 0.8251281332444526,
            "y": -0.13297013745401942,
            "z": 0.22616242491058028,
            "w": 0.5003329529748666
        }
    }
}