{
    "header": {
        "seq": 30323,
        "stamp": {
            "secs": 1681248055,
            "nsecs": 258336815
        },
        "frame_id": "atracsys"
    },
    "pose": {
        "position": {
            "x": 0.1820862579345703,
            "y": 0.166600830078125,
            "z": 0.93397021484375
        },
        "orientation": {
            "x": 0.8251380843080052,
            "y": -0.13293703418436018,
            "z": 0.22608808315869774,
            "w": 0.5003589365849354
        }
    }
}