{
    "header": {
        "seq": 8744,
        "stamp": {
            "secs": 1681247838,
            "nsecs": 115074071
        },
        "frame_id": "atracsys"
    },
    "pose": {
        "position": {
            "x": 0.1821055908203125,
            "y": 0.1665895233154297,
            "z": 0.9339215698242188
        },
        "orientation": {
            "x": 0.8251774126351393,
            "y": -0.13297646460831364,
            "z": 0.22619094778972237,
            "w": 0.5002370964603067
        }
    }
}