{
    "header": {
        "seq": 20702,
        "stamp": {
            "secs": 1681247958,
            "nsecs": 452332237
        },
        "frame_id": "atracsys"
    },
    "pose": {
        "position": {
            "x": 0.18211744689941406,
            "y": 0.1666083984375,
            "z": 0.9338728637695313
        },
        "orientation": {
            "x": 0.8251595547711909,
            "y": -0.13297096228315905,
            "z": 0.22610041573213782,
            "w": 0.5003089389217978
        }
    }
}