{
    "header": {
        "seq": 14762,
        "stamp": {
            "secs": 1681247898,
            "nsecs": 688190289
        },
        "frame_id": "atracsys"
    },
    "pose": {
        "position": {
            "x": 0.18211427307128908,
            "y": 0.1666094512939453,
            "z": 0.9338422241210937
        },
        "orientation": {
            "x": 0.8251419940425234,
            "y": -0.1329308656162804,
            "z": 0.2260427806728541,
            "w": 0.5003745956178416
        }
    }
}