{
    "header": {
        "seq": 15930,
        "stamp": {
            "secs": 1681247910,
            "nsecs": 440440541
        },
        "frame_id": "atracsys"
    },
    "pose": {
        "position": {
            "x": 0.18211253356933593,
            "y": 0.16660981750488282,
            "z": 0.933863037109375
        },
        "orientation": {
            "x": 0.8252119723398641,
            "y": -0.1329531981603656,
            "z": 0.22613801382278614,
            "w": 0.5002102023251497
        }
    }
}