{
    "header": {
        "seq": 19741,
        "stamp": {
            "secs": 1681247948,
            "nsecs": 777738702
        },
        "frame_id": "atracsys"
    },
    "pose": {
        "position": {
            "x": 0.18212066650390626,
            "y": 0.16660818481445314,
            "z": 0.9338505249023438
        },
        "orientation": {
            "x": 0.8251647511255001,
            "y": -0.13296919778588465,
            "z": 0.2261376348662988,
            "w": 0.5002840153725144
        }
    }
}