{
    "header": {
        "seq": 29520,
        "stamp": {
            "secs": 1681248047,
            "nsecs": 180639121
        },
        "frame_id": "atracsys"
    },
    "pose": {
        "position": {
            "x": 0.1820939178466797,
            "y": 0.16660316467285158,
            "z": 0.9339359741210937
        },
        "orientation": {
            "x": 0.8251309134897509,
            "y": -0.13295418944118043,
            "z": 0.22609630472753092,
            "w": 0.5003624887041028
        }
    }
}