{
    "header": {
        "seq": 26581,
        "stamp": {
            "secs": 1681248017,
            "nsecs": 607478127
        },
        "frame_id": "atracsys"
    },
    "pose": {
        "position": {
            "x": 0.18212799072265626,
            "y": 0.1666100311279297,
            "z": 0.933888427734375
        },
        "orientation": {
            "x": 0.825166403474988,
            "y": -0.13292973310563297,
            "z": 0.22617936392246182,
            "w": 0.5002729134864781
        }
    }
}