{
    "header": {
        "seq": 17741,
        "stamp": {
            "secs": 1681247928,
            "nsecs": 667280957
        },
        "frame_id": "atracsys"
    },
    "pose": {
        "position": {
            "x": 0.1821349792480469,
            "y": 0.16663119506835938,
            "z": 0.9337786865234375
        },
        "orientation": {
            "x": 0.8251601428188337,
            "y": -0.13294002015007614,
            "z": 0.2261026254095987,
            "w": 0.5003151931818444
        }
    }
}