{
    "header": {
        "seq": 16394,
        "stamp": {
            "secs": 1681247915,
            "nsecs": 109139991
        },
        "frame_id": "atracsys"
    },
    "pose": {
        "position": {
            "x": 0.18213174438476562,
            "y": 0.166612548828125,
            "z": 0.9337232055664063
        },
        "orientation": {
            "x": 0.8251696159925548,
            "y": -0.1329204212031333,
            "z": 0.2261284813866583,
            "w": 0.5002930904736194
        }
    }
}