{
    "header": {
        "seq": 18790,
        "stamp": {
            "secs": 1681247939,
            "nsecs": 213565149
        },
        "frame_id": "atracsys"
    },
    "pose": {
        "position": {
            "x": 0.1821468963623047,
            "y": 0.16659890747070313,
            "z": 0.933744384765625
        },
        "orientation": {
            "x": 0.8251797855887536,
            "y": -0.13296088969110936,
            "z": 0.22607967757201947,
            "w": 0.5002876199319537
        }
    }
}