{
    "header": {
        "seq": 26680,
        "stamp": {
            "secs": 1681248018,
            "nsecs": 601499073
        },
        "frame_id": "atracsys"
    },
    "pose": {
        "position": {
            "x": 0.18212475585937501,
            "y": 0.16660107421875,
            "z": 0.9338931884765626
        },
        "orientation": {
            "x": 0.8251509047819242,
            "y": -0.13295347331401386,
            "z": 0.22609861441019508,
            "w": 0.5003286668112286
        }
    }
}