{
    "header": {
        "seq": 7936,
        "stamp": {
            "secs": 1681247829,
            "nsecs": 989832181
        },
        "frame_id": "atracsys"
    },
    "pose": {
        "position": {
            "x": 0.18212725830078125,
            "y": 0.16659210205078126,
            "z": 0.9338531494140625
        },
        "orientation": {
            "x": 0.825172806611602,
            "y": -0.1329867225645998,
            "z": 0.22610971723831844,
            "w": 0.5002786889531332
        }
    }
}