{
    "header": {
        "seq": 10378,
        "stamp": {
            "secs": 1681247854,
            "nsecs": 562878198
        },
        "frame_id": "atracsys"
    },
    "pose": {
        "position": {
            "x": 0.1821112518310547,
            "y": 0.16660015869140626,
            "z": 0.9339363403320313
        },
        "orientation": {
            "x": 0.8251621222726295,
            "y": -0.1329616951401912,
            "z": 0.22609541605459588,
            "w": 0.5003094266862018
        }
    }
}