{
    "header": {
        "seq": 27383,
        "stamp": {
            "secs": 1681248025,
            "nsecs": 682084137
        },
        "frame_id": "atracsys"
    },
    "pose": {
        "position": {
            "x": 0.1821085205078125,
            "y": 0.16660408020019532,
            "z": 0.9339008178710938
        },
        "orientation": {
            "x": 0.825169701142996,
            "y": -0.13293695245227832,
            "z": 0.22614610722149953,
            "w": 0.5002805904458429
        }
    }
}