{
    "header": {
        "seq": 6699,
        "stamp": {
            "secs": 1681247817,
            "nsecs": 547927941
        },
        "frame_id": "atracsys"
    },
    "pose": {
        "position": {
            "x": 0.1821204833984375,
            "y": 0.1666097869873047,
            "z": 0.9338633422851562
        },
        "orientation": {
            "x": 0.8251569676518887,
            "y": -0.1329433042764112,
            "z": 0.22620213311293574,
            "w": 0.5002745761666958
        }
    }
}