{
    "header": {
        "seq": 15855,
        "stamp": {
            "secs": 1681247909,
            "nsecs": 685247568
        },
        "frame_id": "atracsys"
    },
    "pose": {
        "position": {
            "x": 0.1821175994873047,
            "y": 0.16660847473144533,
            "z": 0.933809814453125
        },
        "orientation": {
            "x": 0.8251549781076396,
            "y": -0.13298693252907945,
            "z": 0.22617036790077252,
            "w": 0.5002806238145906
        }
    }
}