{
    "header": {
        "seq": 25157,
        "stamp": {
            "secs": 1681248003,
            "nsecs": 279145802
        },
        "frame_id": "atracsys"
    },
    "pose": {
        "position": {
            "x": 0.18210867309570314,
            "y": 0.1666296844482422,
            "z": 0.9339668579101563
        },
        "orientation": {
            "x": 0.8251164933788331,
            "y": -0.13292246954406636,
            "z": 0.22615278872879238,
            "w": 0.5003691693087364
        }
    }
}