{
    "header": {
        "seq": 19799,
        "stamp": {
            "secs": 1681247949,
            "nsecs": 362827162
        },
        "frame_id": "atracsys"
    },
    "pose": {
        "position": {
            "x": 0.18212258911132814,
            "y": 0.16660829162597657,
            "z": 0.933867431640625
        },
        "orientation": {
            "x": 0.8251740858066209,
            "y": -0.13295381355357402,
            "z": 0.2261175910550933,
            "w": 0.5002817671974571
        }
    }
}