{
    "header": {
        "seq": 17504,
        "stamp": {
            "secs": 1681247926,
            "nsecs": 279205250
        },
        "frame_id": "atracsys"
    },
    "pose": {
        "position": {
            "x": 0.18212458801269532,
            "y": 0.1666217498779297,
            "z": 0.9338190307617188
        },
        "orientation": {
            "x": 0.8251507096516106,
            "y": -0.13296018803520476,
            "z": 0.22615428161604106,
            "w": 0.500302044434978
        }
    }
}