{
    "header": {
        "seq": 30532,
        "stamp": {
            "secs": 1681248057,
            "nsecs": 359826371
        },
        "frame_id": "atracsys"
    },
    "pose": {
        "position": {
            "x": 0.18208811950683595,
            "y": 0.16661094665527343,
            "z": 0.9339710083007813
        },
        "orientation": {
            "x": 0.8251292406881341,
            "y": -0.1329568278910382,
            "z": 0.2261733122298398,
            "w": 0.5003297421836522
        }
    }
}