{
    "header": {
        "seq": 9284,
        "stamp": {
            "secs": 1681247843,
            "nsecs": 547916155
        },
        "frame_id": "atracsys"
    },
    "pose": {
        "position": {
            "x": 0.18211195373535158,
            "y": 0.1666000213623047,
            "z": 0.9339517211914062
        },
        "orientation": {
            "x": 0.8251579588326469,
            "y": -0.1329499516767322,
            "z": 0.22612612925114522,
            "w": 0.5003055336433816
        }
    }
}