{
    "header": {
        "seq": 24816,
        "stamp": {
            "secs": 1681247999,
            "nsecs": 849296713
        },
        "frame_id": "atracsys"
    },
    "pose": {
        "position": {
            "x": 0.18211286926269532,
            "y": 0.1666217498779297,
            "z": 0.933939453125
        },
        "orientation": {
            "x": 0.8251525808540853,
            "y": -0.13293088328326202,
            "z": 0.2262016163874207,
            "w": 0.500285345900809
        }
    }
}