{
    "header": {
        "seq": 13002,
        "stamp": {
            "secs": 1681247880,
            "nsecs": 974775135
        },
        "frame_id": "atracsys"
    },
    "pose": {
        "position": {
            "x": 0.1821163024902344,
            "y": 0.16659455871582032,
            "z": 0.9338715209960937
        },
        "orientation": {
            "x": 0.8251397282039472,
            "y": -0.13299363636523734,
            "z": 0.22617086179687287,
            "w": 0.5003037706233356
        }
    }
}