{
    "header": {
        "seq": 16374,
        "stamp": {
            "secs": 1681247914,
            "nsecs": 906110748
        },
        "frame_id": "atracsys"
    },
    "pose": {
        "position": {
            "x": 0.18213204956054688,
            "y": 0.16661688232421876,
            "z": 0.9337308349609376
        },
        "orientation": {
            "x": 0.8251841743821147,
            "y": -0.1329365914633069,
            "z": 0.22615672936542333,
            "w": 0.5002520112524889
        }
    }
}