{
    "header": {
        "seq": 7061,
        "stamp": {
            "secs": 1681247821,
            "nsecs": 189755981
        },
        "frame_id": "atracsys"
    },
    "pose": {
        "position": {
            "x": 0.1821276397705078,
            "y": 0.1666144714355469,
            "z": 0.9338544311523438
        },
        "orientation": {
            "x": 0.8251340587033609,
            "y": -0.1329073852049351,
            "z": 0.2261545128461944,
            "w": 0.5003434305004976
        }
    }
}