{
    "header": {
        "seq": 6361,
        "stamp": {
            "secs": 1681247814,
            "nsecs": 148098431
        },
        "frame_id": "atracsys"
    },
    "pose": {
        "position": {
            "x": 0.18212403869628907,
            "y": 0.16661041259765624,
            "z": 0.9338701171875
        },
        "orientation": {
            "x": 0.8251492762294382,
            "y": -0.1329480919585366,
            "z": 0.22620399866586757,
            "w": 0.5002851464616864
        }
    }
}