{
    "header": {
        "seq": 8639,
        "stamp": {
            "secs": 1681247837,
            "nsecs": 58473897
        },
        "frame_id": "atracsys"
    },
    "pose": {
        "position": {
            "x": 0.1821064910888672,
            "y": 0.1665941619873047,
            "z": 0.9339144897460938
        },
        "orientation": {
            "x": 0.8251565186975549,
            "y": -0.13297879731786136,
            "z": 0.22616349684352482,
            "w": 0.5002833515222508
        }
    }
}