{
    "header": {
        "seq": 6207,
        "stamp": {
            "secs": 1681247812,
            "nsecs": 598846639
        },
        "frame_id": "atracsys"
    },
    "pose": {
        "position": {
            "x": 0.18213179016113282,
            "y": 0.16660989379882812,
            "z": 0.933832275390625
        },
        "orientation": {
            "x": 0.8251759609308055,
            "y": -0.13290404273542922,
            "z": 0.22605340953214748,
            "w": 0.5003209019873066
        }
    }
}