{
    "header": {
        "seq": 17717,
        "stamp": {
            "secs": 1681247928,
            "nsecs": 425558844
        },
        "frame_id": "atracsys"
    },
    "pose": {
        "position": {
            "x": 0.18212973022460938,
            "y": 0.16661766052246094,
            "z": 0.9337886352539063
        },
        "orientation": {
            "x": 0.8251374693978816,
            "y": -0.1329737137844822,
            "z": 0.22613749310545866,
            "w": 0.5003278747481507
        }
    }
}