{
    "header": {
        "seq": 9782,
        "stamp": {
            "secs": 1681247848,
            "nsecs": 559855115
        },
        "frame_id": "atracsys"
    },
    "pose": {
        "position": {
            "x": 0.18210473632812502,
            "y": 0.1665930938720703,
            "z": 0.9339524536132813
        },
        "orientation": {
            "x": 0.8251382284559095,
            "y": -0.1329795961191407,
            "z": 0.22612896471733726,
            "w": 0.5003289140880216
        }
    }
}