{
    "header": {
        "seq": 2081,
        "stamp": {
            "secs": 1681247771,
            "nsecs": 88381506
        },
        "frame_id": "atracsys"
    },
    "pose": {
        "position": {
            "x": 0.182140380859375,
            "y": 0.16660041809082032,
            "z": 0.9337803344726563
        },
        "orientation": {
            "x": 0.8251263289693043,
            "y": -0.1329811578181085,
            "z": 0.22613903495974144,
            "w": 0.5003435717329361
        }
    }
}