{
    "header": {
        "seq": 31565,
        "stamp": {
            "secs": 1681248067,
            "nsecs": 753844514
        },
        "frame_id": "atracsys"
    },
    "pose": {
        "position": {
            "x": 0.18207968139648437,
            "y": 0.1666026611328125,
            "z": 0.9339720458984375
        },
        "orientation": {
            "x": 0.8250995627987687,
            "y": -0.13295472023290933,
            "z": 0.22610341204589235,
            "w": 0.5004108321152483
        }
    }
}