{
    "header": {
        "seq": 30284,
        "stamp": {
            "secs": 1681248054,
            "nsecs": 867148896
        },
        "frame_id": "atracsys"
    },
    "pose": {
        "position": {
            "x": 0.18209046936035156,
            "y": 0.16660496520996093,
            "z": 0.9339761962890625
        },
        "orientation": {
            "x": 0.825157797721995,
            "y": -0.13291693008127944,
            "z": 0.22608469366732797,
            "w": 0.5003332987576442
        }
    }
}