{
    "header": {
        "seq": 32576,
        "stamp": {
            "secs": 1681248077,
            "nsecs": 926838142
        },
        "frame_id": "atracsys"
    },
    "pose": {
        "position": {
            "x": 0.1820922393798828,
            "y": 0.16661598205566405,
            "z": 0.9339879760742188
        },
        "orientation": {
            "x": 0.8251710908712061,
            "y": -0.1329314370518471,
            "z": 0.22609933467879187,
            "w": 0.5003009041482558
        }
    }
}