{
    "header": {
        "seq": 20327,
        "stamp": {
            "secs": 1681247954,
            "nsecs": 679230157
        },
        "frame_id": "atracsys"
    },
    "pose": {
        "position": {
            "x": 0.18212103271484376,
            "y": 0.16661238098144532,
            "z": 0.9338768310546876
        },
        "orientation": {
            "x": 0.8251678633949735,
            "y": -0.13297220362182588,
            "z": 0.2262186027476205,
            "w": 0.5002414757445092
        }
    }
}