{
    "header": {
        "seq": 7509,
        "stamp": {
            "secs": 1681247825,
            "nsecs": 694358111
        },
        "frame_id": "atracsys"
    },
    "pose": {
        "position": {
            "x": 0.18212823486328125,
            "y": 0.16661007690429688,
            "z": 0.9338646240234375
        },
        "orientation": {
            "x": 0.8251266772299723,
            "y": -0.13292227701833667,
            "z": 0.2261573828528395,
            "w": 0.5003503502315549
        }
    }
}