{
    "header": {
        "seq": 28404,
        "stamp": {
            "secs": 1681248035,
            "nsecs": 956702524
        },
        "frame_id": "atracsys"
    },
    "pose": {
        "position": {
            "x": 0.18210084533691406,
            "y": 0.1666009521484375,
            "z": 0.933974365234375
        },
        "orientation": {
            "x": 0.825157347420353,
            "y": -0.13294752987336425,
            "z": 0.22617046496175486,
            "w": 0.5002871446257255
        }
    }
}