{
    "header": {
        "seq": 1701,
        "stamp": {
            "secs": 1681247767,
            "nsecs": 261495842
        },
        "frame_id": "atracsys"
    },
    "pose": {
        "position": {
            "x": 0.1821333770751953,
            "y": 0.16660691833496094,
            "z": 0.933796142578125
        },
        "orientation": {
            "x": 0.825133560711587,
            "y": -0.1329725164029466,
            "z": 0.2261600371860174,
            "w": 0.5003244491816334
        }
    }
}