{
    "header": {
        "seq": 11751,
        "stamp": {
            "secs": 1681247868,
            "nsecs": 386735692
        },
        "frame_id": "atracsys"
    },
    "pose": {
        "position": {
            "x": 0.18212150573730468,
            "y": 0.16659953308105468,
            "z": 0.9338579711914062
        },
        "orientation": {
            "x": 0.825161030007871,
            "y": -0.13298395192013107,
            "z": 0.22618945011222405,
            "w": 0.5002628066786329
        }
    }
}