{
    "header": {
        "seq": 7885,
        "stamp": {
            "secs": 1681247829,
            "nsecs": 476357639
        },
        "frame_id": "atracsys"
    },
    "pose": {
        "position": {
            "x": 0.18212944030761719,
            "y": 0.16658900451660158,
            "z": 0.9338276977539063
        },
        "orientation": {
            "x": 0.8251301677833557,
            "y": -0.1330098162643907,
            "z": 0.22615994801062045,
            "w": 0.5003201703978742
        }
    }
}