{
    "header": {
        "seq": 30629,
        "stamp": {
            "secs": 1681248058,
            "nsecs": 335803091
        },
        "frame_id": "atracsys"
    },
    "pose": {
        "position": {
            "x": 0.18209811401367187,
            "y": 0.16661479187011718,
            "z": 0.9339404907226563
        },
        "orientation": {
            "x": 0.8251763414803718,
            "y": -0.13293763263299327,
            "z": 0.22605177310801708,
            "w": 0.500312089765704
        }
    }
}