{
    "header": {
        "seq": 17325,
        "stamp": {
            "secs": 1681247924,
            "nsecs": 479360659
        },
        "frame_id": "atracsys"
    },
    "pose": {
        "position": {
            "x": 0.18215013122558593,
            "y": 0.16663552856445313,
            "z": 0.9338031005859375
        },
        "orientation": {
            "x": 0.8251443158553552,
            "y": -0.13295126896795545,
            "z": 0.226184625158586,
            "w": 0.5003012426861223
        }
    }
}