{
    "header": {
        "seq": 14091,
        "stamp": {
            "secs": 1681247891,
            "nsecs": 936127010
        },
        "frame_id": "atracsys"
    },
    "pose": {
        "position": {
            "x": 0.1821145782470703,
            "y": 0.16660633850097656,
            "z": 0.9338488159179688
        },
        "orientation": {
            "x": 0.8251366749578427,
            "y": -0.13296168790214144,
            "z": 0.22608564471574774,
            "w": 0.5003558118411271
        }
    }
}