{
    "header": {
        "seq": 31268,
        "stamp": {
            "secs": 1681248064,
            "nsecs": 765793785
        },
        "frame_id": "atracsys"
    },
    "pose": {
        "position": {
            "x": 0.18208595275878905,
            "y": 0.16659901428222657,
            "z": 0.9339647827148437
        },
        "orientation": {
            "x": 0.8251411349939546,
            "y": -0.13294045749752328,
            "z": 0.22610610213022594,
            "w": 0.5003448537566
        }
    }
}