{
    "header": {
        "seq": 21530,
        "stamp": {
            "secs": 1681247966,
            "nsecs": 786650593
        },
        "frame_id": "atracsys"
    },
    "pose": {
        "position": {
            "x": 0.1821183319091797,
            "y": 0.16661741638183594,
            "z": 0.9339130249023437
        },
        "orientation": {
            "x": 0.825136650892328,
            "y": -0.1329904753612619,
            "z": 0.2261625297902304,
            "w": 0.5003134526836766
        }
    }
}