{
    "header": {
        "seq": 22709,
        "stamp": {
            "secs": 1681247978,
            "nsecs": 649354570
        },
        "frame_id": "atracsys"
    },
    "pose": {
        "position": {
            "x": 0.18212138366699218,
            "y": 0.1666150665283203,
            "z": 0.9338760986328125
        },
        "orientation": {
            "x": 0.8251574955675974,
            "y": -0.13296022380619216,
            "z": 0.22615018723410146,
            "w": 0.5002926935384912
        }
    }
}