{
    "header": {
        "seq": 28513,
        "stamp": {
            "secs": 1681248037,
            "nsecs": 52224357
        },
        "frame_id": "atracsys"
    },
    "pose": {
        "position": {
            "x": 0.18209739685058593,
            "y": 0.16660163879394532,
            "z": 0.9339560546875
        },
        "orientation": {
            "x": 0.8251413955308541,
            "y": -0.1329597402122633,
            "z": 0.22612650635471224,
            "w": 0.5003300790357245
        }
    }
}