{
    "header": {
        "seq": 21676,
        "stamp": {
            "secs": 1681247968,
            "nsecs": 258435983
        },
        "frame_id": "atracsys"
    },
    "pose": {
        "position": {
            "x": 0.18212307739257813,
            "y": 0.16661293029785157,
            "z": 0.9338721313476562
        },
        "orientation": {
            "x": 0.825153112082558,
            "y": -0.13297622980604648,
            "z": 0.2262108173335732,
            "w": 0.5002682580859149
        }
    }
}