{
    "header": {
        "seq": 21630,
        "stamp": {
            "secs": 1681247967,
            "nsecs": 795784663
        },
        "frame_id": "atracsys"
    },
    "pose": {
        "position": {
            "x": 0.18211163330078126,
            "y": 0.1666115264892578,
            "z": 0.9338983764648437
        },
        "orientation": {
            "x": 0.8251500206000923,
            "y": -0.13295301244657678,
            "z": 0.22615262693265617,
            "w": 0.5003058357809814
        }
    }
}