{
    "header": {
        "seq": 12276,
        "stamp": {
            "secs": 1681247873,
            "nsecs": 673273983
        },
        "frame_id": "atracsys"
    },
    "pose": {
        "position": {
            "x": 0.18212022399902345,
            "y": 0.16659854125976564,
            "z": 0.9338724365234375
        },
        "orientation": {
            "x": 0.8251887601523218,
            "y": -0.1329845405394041,
            "z": 0.2261655302811456,
            "w": 0.5002277231506124
        }
    }
}