{
    "header": {
        "seq": 15409,
        "stamp": {
            "secs": 1681247905,
            "nsecs": 198623449
        },
        "frame_id": "atracsys"
    },
    "pose": {
        "position": {
            "x": 0.18210791015625,
            "y": 0.166609375,
            "z": 0.9338748779296875
        },
        "orientation": {
            "x": 0.8251809664259437,
            "y": -0.13294772558703696,
            "z": 0.226170164446156,
            "w": 0.5002482699859923
        }
    }
}