{
    "header": {
        "seq": 23389,
        "stamp": {
            "secs": 1681247985,
            "nsecs": 494200133
        },
        "frame_id": "atracsys"
    },
    "pose": {
        "position": {
            "x": 0.1821099853515625,
            "y": 0.16660372924804687,
            "z": 0.9339261474609375
        },
        "orientation": {
            "x": 0.8252062413834882,
            "y": -0.13294527326137212,
            "z": 0.22625818067568965,
            "w": 0.5001674211466821
        }
    }
}