{
    "header": {
        "seq": 19532,
        "stamp": {
            "secs": 1681247946,
            "nsecs": 676222993
        },
        "frame_id": "atracsys"
    },
    "pose": {
        "position": {
            "x": 0.18211380004882813,
            "y": 0.16660319519042968,
            "z": 0.9339046630859376
        },
        "orientation": {
            "x": 0.8251949591909983,
            "y": -0.13298333126955367,
            "z": 0.22622581035782238,
            "w": 0.5001905593453011
        }
    }
}