{
    "header": {
        "seq": 20638,
        "stamp": {
            "secs": 1681247957,
            "nsecs": 807589323
        },
        "frame_id": "atracsys"
    },
    "pose": {
        "position": {
            "x": 0.18211764526367188,
            "y": 0.166611083984375,
            "z": 0.9338953247070313
        },
        "orientation": {
            "x": 0.8251259715245917,
            "y": -0.13297746486504733,
            "z": 0.22611068057483724,
            "w": 0.5003579569504693
        }
    }
}