{
    "header": {
        "seq": 23144,
        "stamp": {
            "secs": 1681247983,
            "nsecs": 28444800
        },
        "frame_id": "atracsys"
    },
    "pose": {
        "position": {
            "x": 0.18211189270019532,
            "y": 0.16662211608886718,
            "z": 0.9339435424804687
        },
        "orientation": {
            "x": 0.8251756231720608,
            "y": -0.1329370560145475,
            "z": 0.22617256862130303,
            "w": 0.5002588322698839
        }
    }
}