{
    "header": {
        "seq": 24512,
        "stamp": {
            "secs": 1681247996,
            "nsecs": 792629847
        },
        "frame_id": "atracsys"
    },
    "pose": {
        "position": {
            "x": 0.1821078338623047,
            "y": 0.16662625122070313,
            "z": 0.9339353637695312
        },
        "orientation": {
            "x": 0.8250996719138605,
            "y": -0.1329472904619568,
            "z": 0.22615300646109737,
            "w": 0.5003902147675061
        }
    }
}