{
    "header": {
        "seq": 15371,
        "stamp": {
            "secs": 1681247904,
            "nsecs": 816568689
        },
        "frame_id": "atracsys"
    },
    "pose": {
        "position": {
            "x": 0.182107421875,
            "y": 0.1666107177734375,
            "z": 0.9338771362304688
        },
        "orientation": {
            "x": 0.8251657371281312,
            "y": -0.13296705983504734,
            "z": 0.22617480068268903,
            "w": 0.5002661559657585
        }
    }
}