{
    "header": {
        "seq": 4470,
        "stamp": {
            "secs": 1681247795,
            "nsecs": 133047187
        },
        "frame_id": "atracsys"
    },
    "pose": {
        "position": {
            "x": 0.18213209533691407,
            "y": 0.16661029052734375,
            "z": 0.9338464965820312
        },
        "orientation": {
            "x": 0.8251542469741705,
            "y": -0.13295872852777985,
            "z": 0.22614446671242125,
            "w": 0.5003010347621922
        }
    }
}