{
    "header": {
        "seq": 32557,
        "stamp": {
            "secs": 1681248077,
            "nsecs": 735925300
        },
        "frame_id": "atracsys"
    },
    "pose": {
        "position": {
            "x": 0.18208909606933593,
            "y": 0.1666084442138672,
            "z": 0.9339591674804688
        },
        "orientation": {
            "x": 0.8251438074292811,
            "y": -0.1329479457996192,
            "z": 0.2261052838951769,
            "w": 0.5003388265600147
        }
    }
}