{
    "header": {
        "seq": 23309,
        "stamp": {
            "secs": 1681247984,
            "nsecs": 688275756
        },
        "frame_id": "atracsys"
    },
    "pose": {
        "position": {
            "x": 0.18211741638183593,
            "y": 0.16660725402832033,
            "z": 0.9338880004882812
        },
        "orientation": {
            "x": 0.8251197082148881,
            "y": -0.13296569812702314,
            "z": 0.2261536274545697,
            "w": 0.5003520031199147
        }
    }
}