{
    "header": {
        "seq": 9408,
        "stamp": {
            "secs": 1681247844,
            "nsecs": 792676570
        },
        "frame_id": "atracsys"
    },
    "pose": {
        "position": {
            "x": 0.1821049346923828,
            "y": 0.16658779907226562,
            "z": 0.9339494018554688
        },
        "orientation": {
            "x": 0.8251085598840954,
            "y": -0.1330253413056871,
            "z": 0.22620152748483036,
            "w": 0.5003328811301824
        }
    }
}