{
    "header": {
        "seq": 32653,
        "stamp": {
            "secs": 1681248078,
            "nsecs": 699972748
        },
        "frame_id": "atracsys"
    },
    "pose": {
        "position": {
            "x": 0.18209091186523438,
            "y": 0.16661021423339845,
            "z": 0.933967529296875
        },
        "orientation": {
            "x": 0.8251830701253788,
            "y": -0.13293593372288687,
            "z": 0.22610462166831086,
            "w": 0.5002775613236201
        }
    }
}