{
    "header": {
        "seq": 18698,
        "stamp": {
            "secs": 1681247938,
            "nsecs": 288154086
        },
        "frame_id": "atracsys"
    },
    "pose": {
        "position": {
            "x": 0.18213832092285157,
            "y": 0.1666039733886719,
            "z": 0.9337913208007813
        },
        "orientation": {
            "x": 0.8252190153256915,
            "y": -0.13297048441509643,
            "z": 0.22613052253277943,
            "w": 0.5001973748415348
        }
    }
}