{
    "header": {
        "seq": 11306,
        "stamp": {
            "secs": 1681247863,
            "nsecs": 909101645
        },
        "frame_id": "atracsys"
    },
    "pose": {
        "position": {
            "x": 0.18213063049316405,
            "y": 0.16659236145019532,
            "z": 0.9338339233398437
        },
        "orientation": {
            "x": 0.8251539481132342,
            "y": -0.13299916215409133,
            "z": 0.2261496677550541,
            "w": 0.5002884293622336
        }
    }
}