{
    "header": {
        "seq": 27747,
        "stamp": {
            "secs": 1681248029,
            "nsecs": 344786865
        },
        "frame_id": "atracsys"
    },
    "pose": {
        "position": {
            "x": 0.1821029815673828,
            "y": 0.16660691833496094,
            "z": 0.9339439086914063
        },
        "orientation": {
            "x": 0.8250521402652259,
            "y": -0.13298670593991196,
            "z": 0.22609414817040244,
            "w": 0.5004847031130137
        }
    }
}