{
    "header": {
        "seq": 18411,
        "stamp": {
            "secs": 1681247935,
            "nsecs": 401707536
        },
        "frame_id": "atracsys"
    },
    "pose": {
        "position": {
            "x": 0.18213879394531252,
            "y": 0.16662950134277343,
            "z": 0.9337510986328125
        },
        "orientation": {
            "x": 0.8251987943189921,
            "y": -0.13292504934488292,
            "z": 0.22612390575530344,
            "w": 0.5002457999394985
        }
    }
}