{
    "header": {
        "seq": 21115,
        "stamp": {
            "secs": 1681247962,
            "nsecs": 607669742
        },
        "frame_id": "atracsys"
    },
    "pose": {
        "position": {
            "x": 0.18211396789550782,
            "y": 0.16661369323730468,
            "z": 0.9338963623046875
        },
        "orientation": {
            "x": 0.8251941524879107,
            "y": -0.13294015346000568,
            "z": 0.22612120491184326,
            "w": 0.5002506641544867
        }
    }
}