{
    "header": {
        "seq": 27619,
        "stamp": {
            "secs": 1681248028,
            "nsecs": 55245683
        },
        "frame_id": "atracsys"
    },
    "pose": {
        "position": {
            "x": 0.1821017608642578,
            "y": 0.16660299682617188,
            "z": 0.9339485473632813
        },
        "orientation": {
            "x": 0.8251436727243247,
            "y": -0.1329199509141569,
            "z": 0.22609972500181771,
            "w": 0.5003489985660944
        }
    }
}