{
    "header": {
        "seq": 14324,
        "stamp": {
            "secs": 1681247894,
            "nsecs": 279304411
        },
        "frame_id": "atracsys"
    },
    "pose": {
        "position": {
            "x": 0.18210821533203125,
            "y": 0.16659721374511718,
            "z": 0.9338690795898438
        },
        "orientation": {
            "x": 0.8251273711322337,
            "y": -0.13297856102732394,
            "z": 0.22612338707752153,
            "w": 0.500349615301242
        }
    }
}