{
    "header": {
        "seq": 9606,
        "stamp": {
            "secs": 1681247846,
            "nsecs": 786756547
        },
        "frame_id": "atracsys"
    },
    "pose": {
        "position": {
            "x": 0.18210325622558593,
            "y": 0.16659266662597658,
            "z": 0.933956787109375
        },
        "orientation": {
            "x": 0.825149656635118,
            "y": -0.132987017602998,
            "z": 0.2261819130265786,
            "w": 0.5002841587774335
        }
    }
}