{
    "header": {
        "seq": 11048,
        "stamp": {
            "secs": 1681247861,
            "nsecs": 315120077
        },
        "frame_id": "atracsys"
    },
    "pose": {
        "position": {
            "x": 0.1821158447265625,
            "y": 0.16658856201171876,
            "z": 0.9339002685546876
        },
        "orientation": {
            "x": 0.8252181768922067,
            "y": -0.13298145387454655,
            "z": 0.22616281605823976,
            "w": 0.5001812412363356
        }
    }
}