{
    "header": {
        "seq": 27422,
        "stamp": {
            "secs": 1681248026,
            "nsecs": 73127433
        },
        "frame_id": "atracsys"
    },
    "pose": {
        "position": {
            "x": 0.18211399841308595,
            "y": 0.16661158752441407,
            "z": 0.9339319458007813
        },
        "orientation": {
            "x": 0.825144883078761,
            "y": -0.13293437037735303,
            "z": 0.2261607645102316,
            "w": 0.5003155841041353
        }
    }
}