{
    "header": {
        "seq": 3428,
        "stamp": {
            "secs": 1681247784,
            "nsecs": 646566297
        },
        "frame_id": "atracsys"
    },
    "pose": {
        "position": {
            "x": 0.18214859008789064,
            "y": 0.16660804748535157,
            "z": 0.9337527465820312
        },
        "orientation": {
            "x": 0.8251973600596306,
            "y": -0.13294804948594088,
            "z": 0.22616444874551714,
            "w": 0.5002237251591896
        }
    }
}