{
    "header": {
        "seq": 23590,
        "stamp": {
            "secs": 1681247987,
            "nsecs": 517971984
        },
        "frame_id": "atracsys"
    },
    "pose": {
        "position": {
            "x": 0.18210946655273438,
            "y": 0.166607421875,
            "z": 0.9339227294921875
        },
        "orientation": {
            "x": 0.8251397450290089,
            "y": -0.13297122787762797,
            "z": 0.2261580752836441,
            "w": 0.5003154791870583
        }
    }
}