{
    "header": {
        "seq": 3811,
        "stamp": {
            "secs": 1681247788,
            "nsecs": 500199954
        },
        "frame_id": "atracsys"
    },
    "pose": {
        "position": {
            "x": 0.1821485137939453,
            "y": 0.16661294555664063,
            "z": 0.9337378540039063
        },
        "orientation": {
            "x": 0.825162687785748,
            "y": -0.13295643911738803,
            "z": 0.22617282732189772,
            "w": 0.5002749005943068
        }
    }
}