{
    "header": {
        "seq": 15557,
        "stamp": {
            "secs": 1681247906,
            "nsecs": 688198381
        },
        "frame_id": "atracsys"
    },
    "pose": {
        "position": {
            "x": 0.18211134338378906,
            "y": 0.1666097106933594,
            "z": 0.933882080078125
        },
        "orientation": {
            "x": 0.825148415252322,
            "y": -0.13298908083605365,
            "z": 0.22631801670753138,
            "w": 0.5002241022767022
        }
    }
}