{
    "header": {
        "seq": 3392,
        "stamp": {
            "secs": 1681247784,
            "nsecs": 285396264
        },
        "frame_id": "atracsys"
    },
    "pose": {
        "position": {
            "x": 0.18215338134765624,
            "y": 0.16661473083496095,
            "z": 0.9337607421875
        },
        "orientation": {
            "x": 0.8251960469515238,
            "y": -0.13294514712139652,
            "z": 0.2261343139782369,
            "w": 0.5002402862565559
        }
    }
}