{
    "header": {
        "seq": 16809,
        "stamp": {
            "secs": 1681247919,
            "nsecs": 285220075
        },
        "frame_id": "atracsys"
    },
    "pose": {
        "position": {
            "x": 0.18213076782226562,
            "y": 0.16661398315429687,
            "z": 0.9337764892578125
        },
        "orientation": {
            "x": 0.8251370488483469,
            "y": -0.13293860016736497,
            "z": 0.22613548401586184,
            "w": 0.5003388072819199
        }
    }
}