{
    "header": {
        "seq": 29198,
        "stamp": {
            "secs": 1681248043,
            "nsecs": 941786394
        },
        "frame_id": "atracsys"
    },
    "pose": {
        "position": {
            "x": 0.1820889434814453,
            "y": 0.166596923828125,
            "z": 0.93397216796875
        },
        "orientation": {
            "x": 0.8251423112835756,
            "y": -0.1329385965468485,
            "z": 0.2261091351574339,
            "w": 0.5003420376863318
        }
    }
}