{
    "header": {
        "seq": 23757,
        "stamp": {
            "secs": 1681247989,
            "nsecs": 198576788
        },
        "frame_id": "atracsys"
    },
    "pose": {
        "position": {
            "x": 0.18211813354492187,
            "y": 0.16660975646972656,
            "z": 0.9339061889648438
        },
        "orientation": {
            "x": 0.8251413257118283,
            "y": -0.13293962134258375,
            "z": 0.22617204883531503,
            "w": 0.5003149548089209
        }
    }
}