{
    "header": {
        "seq": 17376,
        "stamp": {
            "secs": 1681247924,
            "nsecs": 992746530
        },
        "frame_id": "atracsys"
    },
    "pose": {
        "position": {
            "x": 0.1821453094482422,
            "y": 0.16663127136230468,
            "z": 0.93377001953125
        },
        "orientation": {
            "x": 0.825180641397567,
            "y": -0.1329014659921562,
            "z": 0.2260933061081727,
            "w": 0.500295838812309
        }
    }
}