{
    "header": {
        "seq": 16927,
        "stamp": {
            "secs": 1681247920,
            "nsecs": 470314489
        },
        "frame_id": "atracsys"
    },
    "pose": {
        "position": {
            "x": 0.18213323974609374,
            "y": 0.1666187744140625,
            "z": 0.9337909545898437
        },
        "orientation": {
            "x": 0.8251791955593208,
            "y": -0.13291246076831503,
            "z": 0.22609527018443018,
            "w": 0.5002944151085567
        }
    }
}