{
    "header": {
        "seq": 28665,
        "stamp": {
            "secs": 1681248038,
            "nsecs": 580707271
        },
        "frame_id": "atracsys"
    },
    "pose": {
        "position": {
            "x": 0.18210140991210938,
            "y": 0.16660383605957033,
            "z": 0.9339440307617187
        },
        "orientation": {
            "x": 0.8251901365553378,
            "y": -0.13292507742215354,
            "z": 0.22609803420084992,
            "w": 0.5002717673970904
        }
    }
}