{
    "header": {
        "seq": 15688,
        "stamp": {
            "secs": 1681247908,
            "nsecs": 4629432
        },
        "frame_id": "atracsys"
    },
    "pose": {
        "position": {
            "x": 0.18211474609375,
            "y": 0.1666138916015625,
            "z": 0.9338770141601562
        },
        "orientation": {
            "x": 0.8252187545180187,
            "y": -0.13295542528593784,
            "z": 0.2262023133461846,
            "w": 0.5001693468372487
        }
    }
}