{
    "header": {
        "seq": 19760,
        "stamp": {
            "secs": 1681247948,
            "nsecs": 968774922
        },
        "frame_id": "atracsys"
    },
    "pose": {
        "position": {
            "x": 0.18212475585937501,
            "y": 0.16660865783691406,
            "z": 0.9338403930664063
        },
        "orientation": {
            "x": 0.8251651107292713,
            "y": -0.13295194082498563,
            "z": 0.2261296168508224,
            "w": 0.5002916327992296
        }
    }
}