{
    "header": {
        "seq": 19856,
        "stamp": {
            "secs": 1681247949,
            "nsecs": 935943735
        },
        "frame_id": "atracsys"
    },
    "pose": {
        "position": {
            "x": 0.18212252807617188,
            "y": 0.16660809326171874,
            "z": 0.9338790893554688
        },
        "orientation": {
            "x": 0.8251717539261892,
            "y": -0.1329744441297368,
            "z": 0.22619320458111478,
            "w": 0.500245947441946
        }
    }
}