{
    "header": {
        "seq": 17620,
        "stamp": {
            "secs": 1681247927,
            "nsecs": 449403836
        },
        "frame_id": "atracsys"
    },
    "pose": {
        "position": {
            "x": 0.18212591552734375,
            "y": 0.16661997985839844,
            "z": 0.933812255859375
        },
        "orientation": {
            "x": 0.8251478343029723,
            "y": -0.13294456975304142,
            "z": 0.2261410518354129,
            "w": 0.5003169171565822
        }
    }
}