{
    "header": {
        "seq": 29157,
        "stamp": {
            "secs": 1681248043,
            "nsecs": 529866830
        },
        "frame_id": "atracsys"
    },
    "pose": {
        "position": {
            "x": 0.18209243774414063,
            "y": 0.16660025024414063,
            "z": 0.9339606323242188
        },
        "orientation": {
            "x": 0.8251651373404542,
            "y": -0.13292669972768617,
            "z": 0.22610025741030443,
            "w": 0.5003115651435702
        }
    }
}