{
    "header": {
        "seq": 27289,
        "stamp": {
            "secs": 1681248024,
            "nsecs": 732838641
        },
        "frame_id": "atracsys"
    },
    "pose": {
        "position": {
            "x": 0.18211216735839844,
            "y": 0.16660333251953124,
            "z": 0.93388818359375
        },
        "orientation": {
            "x": 0.825130807048376,
            "y": -0.13293608724971684,
            "z": 0.22615537933530674,
            "w": 0.5003407762356918
        }
    }
}