{
    "header": {
        "seq": 19969,
        "stamp": {
            "secs": 1681247951,
            "nsecs": 73301160
        },
        "frame_id": "atracsys"
    },
    "pose": {
        "position": {
            "x": 0.1821168670654297,
            "y": 0.16660331726074218,
            "z": 0.9338843383789063
        },
        "orientation": {
            "x": 0.8251601809634823,
            "y": -0.13297137650094382,
            "z": 0.22619407789397408,
            "w": 0.5002654574417987
        }
    }
}