{
    "header": {
        "seq": 27955,
        "stamp": {
            "secs": 1681248031,
            "nsecs": 440341886
        },
        "frame_id": "atracsys"
    },
    "pose": {
        "position": {
            "x": 0.18210162353515624,
            "y": 0.16660220336914064,
            "z": 0.9339675903320312
        },
        "orientation": {
            "x": 0.825133652613008,
            "y": -0.13293425122520244,
            "z": 0.22615272356040014,
            "w": 0.5003377717131936
        }
    }
}