{
    "header": {
        "seq": 4956,
        "stamp": {
            "secs": 1681247800,
            "nsecs": 19719008
        },
        "frame_id": "atracsys"
    },
    "pose": {
        "position": {
            "x": 0.18213555908203125,
            "y": 0.16660984802246095,
            "z": 0.9338385620117188
        },
        "orientation": {
            "x": 0.8251282671000766,
            "y": -0.1329554946542466,
            "z": 0.22610514665865297,
            "w": 0.5003625105142654
        }
    }
}