{
    "header": {
        "seq": 29635,
        "stamp": {
            "secs": 1681248048,
            "nsecs": 335923897
        },
        "frame_id": "atracsys"
    },
    "pose": {
        "position": {
            "x": 0.18209671020507812,
            "y": 0.1666121063232422,
            "z": 0.9339423217773438
        },
        "orientation": {
            "x": 0.8251461363744097,
            "y": -0.13295274974767557,
            "z": 0.2261036681510669,
            "w": 0.500334439359863
        }
    }
}