{
    "header": {
        "seq": 22413,
        "stamp": {
            "secs": 1681247975,
            "nsecs": 673337332
        },
        "frame_id": "atracsys"
    },
    "pose": {
        "position": {
            "x": 0.18211494445800783,
            "y": 0.16661468505859375,
            "z": 0.9338794555664063
        },
        "orientation": {
            "x": 0.8251397381734538,
            "y": -0.1329636020761991,
            "z": 0.2261663518305343,
            "w": 0.5003137758543464
        }
    }
}