{
    "header": {
        "seq": 31928,
        "stamp": {
            "secs": 1681248071,
            "nsecs": 404556895
        },
        "frame_id": "atracsys"
    },
    "pose": {
        "position": {
            "x": 0.1820781707763672,
            "y": 0.16660638427734376,
            "z": 0.9339907836914063
        },
        "orientation": {
            "x": 0.8251574057813668,
            "y": -0.132930057067366,
            "z": 0.2261316117942147,
            "w": 0.5003092541214706
        }
    }
}