{
    "header": {
        "seq": 22310,
        "stamp": {
            "secs": 1681247974,
            "nsecs": 637429857
        },
        "frame_id": "atracsys"
    },
    "pose": {
        "position": {
            "x": 0.18211627197265626,
            "y": 0.1666176300048828,
            "z": 0.9339276733398437
        },
        "orientation": {
            "x": 0.825131778536684,
            "y": -0.13294994817754982,
            "z": 0.22617221958469064,
            "w": 0.5003278789120291
        }
    }
}