{
    "header": {
        "seq": 22033,
        "stamp": {
            "secs": 1681247971,
            "nsecs": 849325512
        },
        "frame_id": "atracsys"
    },
    "pose": {
        "position": {
            "x": 0.18210890197753907,
            "y": 0.16661111450195312,
            "z": 0.93390185546875
        },
        "orientation": {
            "x": 0.8251407364737825,
            "y": -0.13295618277827229,
            "z": 0.2261388566985747,
            "w": 0.5003265293421846
        }
    }
}