{
    "header": {
        "seq": 7442,
        "stamp": {
            "secs": 1681247825,
            "nsecs": 19749524
        },
        "frame_id": "atracsys"
    },
    "pose": {
        "position": {
            "x": 0.1821255340576172,
            "y": 0.16661619567871094,
            "z": 0.9338907470703125
        },
        "orientation": {
            "x": 0.825092105619863,
            "y": -0.13294257058536632,
            "z": 0.22618024986418667,
            "w": 0.500391631366183
        }
    }
}