{
    "header": {
        "seq": 14841,
        "stamp": {
            "secs": 1681247899,
            "nsecs": 485217190
        },
        "frame_id": "atracsys"
    },
    "pose": {
        "position": {
            "x": 0.18209976196289063,
            "y": 0.16660467529296874,
            "z": 0.9338902587890625
        },
        "orientation": {
            "x": 0.8251667137950286,
            "y": -0.13294035282731523,
            "z": 0.22606616964841986,
            "w": 0.5003207411005008
        }
    }
}