{
    "header": {
        "seq": 11894,
        "stamp": {
            "secs": 1681247869,
            "nsecs": 825523582
        },
        "frame_id": "atracsys"
    },
    "pose": {
        "position": {
            "x": 0.18212149047851564,
            "y": 0.1665923309326172,
            "z": 0.9338676757812501
        },
        "orientation": {
            "x": 0.8251655342293308,
            "y": -0.13299671599189375,
            "z": 0.2261974926302952,
            "w": 0.5002483473067774
        }
    }
}