{
    "header": {
        "seq": 13955,
        "stamp": {
            "secs": 1681247890,
            "nsecs": 565923881
        },
        "frame_id": "atracsys"
    },
    "pose": {
        "position": {
            "x": 0.18211253356933593,
            "y": 0.16658851623535156,
            "z": 0.9337996826171875
        },
        "orientation": {
            "x": 0.825147223634613,
            "y": -0.1329938702056152,
            "z": 0.2260872995118406,
            "w": 0.5003291144989118
        }
    }
}