{
    "header": {
        "seq": 13346,
        "stamp": {
            "secs": 1681247884,
            "nsecs": 437451846
        },
        "frame_id": "atracsys"
    },
    "pose": {
        "position": {
            "x": 0.18211810302734374,
            "y": 0.16659823608398439,
            "z": 0.9338506469726563
        },
        "orientation": {
            "x": 0.8252037865450366,
            "y": -0.132984545057757,
            "z": 0.22616975337759815,
            "w": 0.5002010236941062
        }
    }
}