{
    "header": {
        "seq": 30979,
        "stamp": {
            "secs": 1681248061,
            "nsecs": 858325440
        },
        "frame_id": "atracsys"
    },
    "pose": {
        "position": {
            "x": 0.18209609985351563,
            "y": 0.16661212158203126,
            "z": 0.9339302368164063
        },
        "orientation": {
            "x": 0.8251146093136816,
            "y": -0.1329748585411635,
            "z": 0.22614186776183098,
            "w": 0.5003632921570872
        }
    }
}