{
    "header": {
        "seq": 5960,
        "stamp": {
            "secs": 1681247810,
            "nsecs": 115294035
        },
        "frame_id": "atracsys"
    },
    "pose": {
        "position": {
            "x": 0.18213293457031252,
            "y": 0.16661033630371094,
            "z": 0.9338297119140625
        },
        "orientation": {
            "x": 0.8251809126009327,
            "y": -0.13291629308627706,
            "z": 0.22616598336739938,
            "w": 0.5002586016039625
        }
    }
}