{
    "header": {
        "seq": 29837,
        "stamp": {
            "secs": 1681248050,
            "nsecs": 368660573
        },
        "frame_id": "atracsys"
    },
    "pose": {
        "position": {
            "x": 0.18208674621582033,
            "y": 0.16660029602050783,
            "z": 0.9339782714843751
        },
        "orientation": {
            "x": 0.8251440020710064,
            "y": -0.1329603062267311,
            "z": 0.22616740749877226,
            "w": 0.5003071422632512
        }
    }
}