{
    "header": {
        "seq": 32343,
        "stamp": {
            "secs": 1681248075,
            "nsecs": 580554190
        },
        "frame_id": "atracsys"
    },
    "pose": {
        "position": {
            "x": 0.1820963134765625,
            "y": 0.16661599731445312,
            "z": 0.9339789428710937
        },
        "orientation": {
            "x": 0.8252057783283909,
            "y": -0.13291922698149403,
            "z": 0.22612961034762863,
            "w": 0.5002332474317419
        }
    }
}