{
    "header": {
        "seq": 24170,
        "stamp": {
            "secs": 1681247993,
            "nsecs": 350885294
        },
        "frame_id": "atracsys"
    },
    "pose": {
        "position": {
            "x": 0.1821152801513672,
            "y": 0.16661077880859376,
            "z": 0.9339175415039063
        },
        "orientation": {
            "x": 0.8251291553552118,
            "y": -0.13293061801282147,
            "z": 0.22618847397884093,
            "w": 0.5003299931211872
        }
    }
}