{
    "header": {
        "seq": 20381,
        "stamp": {
            "secs": 1681247955,
            "nsecs": 222504368
        },
        "frame_id": "atracsys"
    },
    "pose": {
        "position": {
            "x": 0.1821186218261719,
            "y": 0.16661242675781252,
            "z": 0.9338873291015625
        },
        "orientation": {
            "x": 0.825153848832851,
            "y": -0.1329753674662735,
            "z": 0.2261227268747172,
            "w": 0.5003070954866462
        }
    }
}