{
    "header": {
        "seq": 21203,
        "stamp": {
            "secs": 1681247963,
            "nsecs": 494122190
        },
        "frame_id": "atracsys"
    },
    "pose": {
        "position": {
            "x": 0.1821184539794922,
            "y": 0.16660781860351562,
            "z": 0.93387060546875
        },
        "orientation": {
            "x": 0.8251785796690109,
            "y": -0.13295873533786084,
            "z": 0.2261320190916686,
            "w": 0.5002665252586022
        }
    }
}