{
    "header": {
        "seq": 22390,
        "stamp": {
            "secs": 1681247975,
            "nsecs": 440403460
        },
        "frame_id": "atracsys"
    },
    "pose": {
        "position": {
            "x": 0.18211924743652344,
            "y": 0.16662193298339845,
            "z": 0.93391845703125
        },
        "orientation": {
            "x": 0.8251882971848832,
            "y": -0.1329226988604364,
            "z": 0.22610147397570068,
            "w": 0.5002738787732037
        }
    }
}