{
    "header": {
        "seq": 23825,
        "stamp": {
            "secs": 1681247989,
            "nsecs": 882137713
        },
        "frame_id": "atracsys"
    },
    "pose": {
        "position": {
            "x": 0.18212628173828124,
            "y": 0.16661985778808594,
            "z": 0.9338628540039062
        },
        "orientation": {
            "x": 0.8251327382003878,
            "y": -0.13294804225391968,
            "z": 0.22614433899312888,
            "w": 0.500339405156281
        }
    }
}