{
    "header": {
        "seq": 9172,
        "stamp": {
            "secs": 1681247842,
            "nsecs": 419566641
        },
        "frame_id": "atracsys"
    },
    "pose": {
        "position": {
            "x": 0.18211135864257813,
            "y": 0.16659494018554688,
            "z": 0.9339327392578125
        },
        "orientation": {
            "x": 0.8251139955743146,
            "y": -0.1329705244427715,
            "z": 0.22616446648357988,
            "w": 0.5003552418402369
        }
    }
}