{
    "header": {
        "seq": 20761,
        "stamp": {
            "secs": 1681247959,
            "nsecs": 46480082
        },
        "frame_id": "atracsys"
    },
    "pose": {
        "position": {
            "x": 0.18211351013183594,
            "y": 0.16661369323730468,
            "z": 0.933914306640625
        },
        "orientation": {
            "x": 0.8251939959219355,
            "y": -0.13293812799460716,
            "z": 0.22607378128747108,
            "w": 0.5002728941628386
        }
    }
}