{
    "header": {
        "seq": 26465,
        "stamp": {
            "secs": 1681248016,
            "nsecs": 440405771
        },
        "frame_id": "atracsys"
    },
    "pose": {
        "position": {
            "x": 0.1821264190673828,
            "y": 0.16660411071777345,
            "z": 0.9338701171875
        },
        "orientation": {
            "x": 0.8252001552086827,
            "y": -0.13294206158122648,
            "z": 0.22614347410522695,
            "w": 0.5002301882390925
        }
    }
}