{
    "header": {
        "seq": 19430,
        "stamp": {
            "secs": 1681247945,
            "nsecs": 649346953
        },
        "frame_id": "atracsys"
    },
    "pose": {
        "position": {
            "x": 0.18211720275878907,
            "y": 0.16660263061523437,
            "z": 0.9338798828125
        },
        "orientation": {
            "x": 0.825145208568082,
            "y": -0.13298560263063325,
            "z": 0.2261397995205397,
            "w": 0.5003109086787074
        }
    }
}