{
    "header": {
        "seq": 14649,
        "stamp": {
            "secs": 1681247897,
            "nsecs": 550988358
        },
        "frame_id": "atracsys"
    },
    "pose": {
        "position": {
            "x": 0.18211480712890626,
            "y": 0.1666040496826172,
            "z": 0.933855712890625
        },
        "orientation": {
            "x": 0.8251432418000367,
            "y": -0.13298694074790915,
            "z": 0.22616715687267494,
            "w": 0.5003014303940865
        }
    }
}