{
    "header": {
        "seq": 7173,
        "stamp": {
            "secs": 1681247822,
            "nsecs": 315118390
        },
        "frame_id": "atracsys"
    },
    "pose": {
        "position": {
            "x": 0.18212646484375,
            "y": 0.16661343383789062,
            "z": 0.9338766479492188
        },
        "orientation": {
            "x": 0.8251472152940635,
            "y": -0.13292623087669636,
            "z": 0.2262229236961425,
            "w": 0.5002857973516107
        }
    }
}