{
    "header": {
        "seq": 3474,
        "stamp": {
            "secs": 1681247785,
            "nsecs": 109156812
        },
        "frame_id": "atracsys"
    },
    "pose": {
        "position": {
            "x": 0.1821550750732422,
            "y": 0.16660838317871093,
            "z": 0.93374462890625
        },
        "orientation": {
            "x": 0.8251974113045024,
            "y": -0.13293813380794836,
            "z": 0.22623345862551233,
            "w": 0.5001950691023919
        }
    }
}