{
    "header": {
        "seq": 20559,
        "stamp": {
            "secs": 1681247957,
            "nsecs": 13631702
        },
        "frame_id": "atracsys"
    },
    "pose": {
        "position": {
            "x": 0.1821185760498047,
            "y": 0.16660752868652345,
            "z": 0.9338689575195313
        },
        "orientation": {
            "x": 0.8251454193663698,
            "y": -0.1329536247734723,
            "z": 0.22615361672199394,
            "w": 0.5003128143490373
        }
    }
}