{
    "header": {
        "seq": 8296,
        "stamp": {
            "secs": 1681247833,
            "nsecs": 610589705
        },
        "frame_id": "atracsys"
    },
    "pose": {
        "position": {
            "x": 0.18212437438964843,
            "y": 0.1666009521484375,
            "z": 0.933896240234375
        },
        "orientation": {
            "x": 0.8251642948140662,
            "y": -0.13297255685307804,
            "z": 0.2261634388042792,
            "w": 0.5002722105376062
        }
    }
}