{
    "header": {
        "seq": 4691,
        "stamp": {
            "secs": 1681247797,
            "nsecs": 354048555
        },
        "frame_id": "atracsys"
    },
    "pose": {
        "position": {
            "x": 0.18212910461425783,
            "y": 0.16660377502441406,
            "z": 0.9338538818359375
        },
        "orientation": {
            "x": 0.8251468989629647,
            "y": -0.132958420852548,
            "z": 0.22619735977285413,
            "w": 0.500289324179509
        }
    }
}