{
    "header": {
        "seq": 31802,
        "stamp": {
            "secs": 1681248070,
            "nsecs": 135769757
        },
        "frame_id": "atracsys"
    },
    "pose": {
        "position": {
            "x": 0.18208377075195312,
            "y": 0.1666056671142578,
            "z": 0.9339839477539063
        },
        "orientation": {
            "x": 0.8251628866771487,
            "y": -0.1329271631866551,
            "z": 0.22610028633182772,
            "w": 0.500315140944634
        }
    }
}