{
    "header": {
        "seq": 31134,
        "stamp": {
            "secs": 1681248063,
            "nsecs": 416511182
        },
        "frame_id": "atracsys"
    },
    "pose": {
        "position": {
            "x": 0.18208718872070312,
            "y": 0.16660572814941407,
            "z": 0.9339711914062501
        },
        "orientation": {
            "x": 0.8251245594103993,
            "y": -0.13296680204256614,
            "z": 0.22614345903790065,
            "w": 0.5003483056299289
        }
    }
}