{
    "header": {
        "seq": 9822,
        "stamp": {
            "secs": 1681247848,
            "nsecs": 962874940
        },
        "frame_id": "atracsys"
    },
    "pose": {
        "position": {
            "x": 0.18209420776367188,
            "y": 0.16659495544433595,
            "z": 0.9339717407226563
        },
        "orientation": {
            "x": 0.825209354732409,
            "y": -0.1329736394684327,
            "z": 0.22617608784754828,
            "w": 0.5001918725395472
        }
    }
}