{
    "header": {
        "seq": 22112,
        "stamp": {
            "secs": 1681247972,
            "nsecs": 643407799
        },
        "frame_id": "atracsys"
    },
    "pose": {
        "position": {
            "x": 0.18211973571777343,
            "y": 0.16660731506347656,
            "z": 0.9338935546875
        },
        "orientation": {
            "x": 0.8252086156275511,
            "y": -0.13291084386099375,
            "z": 0.22605795614218016,
            "w": 0.500263179479601
        }
    }
}