{
    "header": {
        "seq": 27890,
        "stamp": {
            "secs": 1681248030,
            "nsecs": 786560736
        },
        "frame_id": "atracsys"
    },
    "pose": {
        "position": {
            "x": 0.1821005859375,
            "y": 0.16660432434082031,
            "z": 0.9339661865234375
        },
        "orientation": {
            "x": 0.8251504082961781,
            "y": -0.13292629554705573,
            "z": 0.2261402720369407,
            "w": 0.5003178799561794
        }
    }
}