{
    "header": {
        "seq": 20398,
        "stamp": {
            "secs": 1681247955,
            "nsecs": 392743620
        },
        "frame_id": "atracsys"
    },
    "pose": {
        "position": {
            "x": 0.1821238555908203,
            "y": 0.16660975646972656,
            "z": 0.9338832397460938
        },
        "orientation": {
            "x": 0.8251286727117292,
            "y": -0.1329854185215956,
            "z": 0.22618469670856256,
            "w": 0.5003179338225562
        }
    }
}