{
    "header": {
        "seq": 28104,
        "stamp": {
            "secs": 1681248032,
            "nsecs": 938925333
        },
        "frame_id": "atracsys"
    },
    "pose": {
        "position": {
            "x": 0.18210157775878907,
            "y": 0.1666027526855469,
            "z": 0.9339300537109375
        },
        "orientation": {
            "x": 0.8251470221675534,
            "y": -0.13295686346128818,
            "z": 0.22616371478316497,
            "w": 0.5003047455122078
        }
    }
}