{
    "header": {
        "seq": 14820,
        "stamp": {
            "secs": 1681247899,
            "nsecs": 273278046
        },
        "frame_id": "atracsys"
    },
    "pose": {
        "position": {
            "x": 0.18210873413085937,
            "y": 0.16660755920410156,
            "z": 0.9338706665039063
        },
        "orientation": {
            "x": 0.8251395976106445,
            "y": -0.13296209695328673,
            "z": 0.22614080703723283,
            "w": 0.5003259543750229
        }
    }
}