{
    "header": {
        "seq": 21055,
        "stamp": {
            "secs": 1681247962,
            "nsecs": 4576412
        },
        "frame_id": "atracsys"
    },
    "pose": {
        "position": {
            "x": 0.18211299133300782,
            "y": 0.1666128387451172,
            "z": 0.9339455566406251
        },
        "orientation": {
            "x": 0.825164867803576,
            "y": -0.1329716813020602,
            "z": 0.22617048933600115,
            "w": 0.5002683106773046
        }
    }
}