{
    "header": {
        "seq": 13263,
        "stamp": {
            "secs": 1681247883,
            "nsecs": 601626970
        },
        "frame_id": "atracsys"
    },
    "pose": {
        "position": {
            "x": 0.18211929321289064,
            "y": 0.1665961456298828,
            "z": 0.933854736328125
        },
        "orientation": {
            "x": 0.825129004759954,
            "y": -0.13300870076925933,
            "z": 0.22618566554259062,
            "w": 0.5003107591553244
        }
    }
}