{
    "header": {
        "seq": 14074,
        "stamp": {
            "secs": 1681247891,
            "nsecs": 762850974
        },
        "frame_id": "atracsys"
    },
    "pose": {
        "position": {
            "x": 0.18211305236816408,
            "y": 0.1665968475341797,
            "z": 0.9338453979492187
        },
        "orientation": {
            "x": 0.8251981080493899,
            "y": -0.1329510493990323,
            "z": 0.22610196204269653,
            "w": 0.5002499412252306
        }
    }
}