{
    "header": {
        "seq": 31759,
        "stamp": {
            "secs": 1681248069,
            "nsecs": 702957973
        },
        "frame_id": "atracsys"
    },
    "pose": {
        "position": {
            "x": 0.18209185791015625,
            "y": 0.16661236572265625,
            "z": 0.9339526977539063
        },
        "orientation": {
            "x": 0.82513541969355,
            "y": -0.1329450567871193,
            "z": 0.22610560725038772,
            "w": 0.500353280605766
        }
    }
}