{
    "header": {
        "seq": 30142,
        "stamp": {
            "secs": 1681248053,
            "nsecs": 437392747
        },
        "frame_id": "atracsys"
    },
    "pose": {
        "position": {
            "x": 0.18208238220214845,
            "y": 0.16661137390136718,
            "z": 0.9339942626953125
        },
        "orientation": {
            "x": 0.8251203246689723,
            "y": -0.13293589221890292,
            "z": 0.22603366089323929,
            "w": 0.5004131118599251
        }
    }
}