{
    "header": {
        "seq": 28295,
        "stamp": {
            "secs": 1681248034,
            "nsecs": 858213098
        },
        "frame_id": "atracsys"
    },
    "pose": {
        "position": {
            "x": 0.1821065673828125,
            "y": 0.16660580444335937,
            "z": 0.9339442749023438
        },
        "orientation": {
            "x": 0.8252012471382761,
            "y": -0.13290894619742877,
            "z": 0.22614934370851913,
            "w": 0.5002345330765647
        }
    }
}