{
    "header": {
        "seq": 31822,
        "stamp": {
            "secs": 1681248070,
            "nsecs": 338763016
        },
        "frame_id": "atracsys"
    },
    "pose": {
        "position": {
            "x": 0.1820809783935547,
            "y": 0.16660484313964843,
            "z": 0.933986083984375
        },
        "orientation": {
            "x": 0.8251122214940508,
            "y": -0.13295382255121915,
            "z": 0.2262095485097939,
            "w": 0.5003422260544942
        }
    }
}