{
    "header": {
        "seq": 19407,
        "stamp": {
            "secs": 1681247945,
            "nsecs": 419511070
        },
        "frame_id": "atracsys"
    },
    "pose": {
        "position": {
            "x": 0.18211961364746093,
            "y": 0.16660511779785156,
            "z": 0.9338921508789063
        },
        "orientation": {
            "x": 0.8251514166561785,
            "y": -0.13297940353587004,
            "z": 0.2261541410325873,
            "w": 0.5002958348011289
        }
    }
}