{
    "header": {
        "seq": 15597,
        "stamp": {
            "secs": 1681247907,
            "nsecs": 91188556
        },
        "frame_id": "atracsys"
    },
    "pose": {
        "position": {
            "x": 0.18210908508300783,
            "y": 0.16660284423828126,
            "z": 0.9338513793945312
        },
        "orientation": {
            "x": 0.8251559895667568,
            "y": -0.1329710773119639,
            "z": 0.22615935245082386,
            "w": 0.5002881497493479
        }
    }
}