{
    "header": {
        "seq": 21410,
        "stamp": {
            "secs": 1681247965,
            "nsecs": 577700683
        },
        "frame_id": "atracsys"
    },
    "pose": {
        "position": {
            "x": 0.18212879943847657,
            "y": 0.166614013671875,
            "z": 0.9338429565429688
        },
        "orientation": {
            "x": 0.8252027705176469,
            "y": -0.13295943176387304,
            "z": 0.22614684576301278,
            "w": 0.5002197329039189
        }
    }
}