{
    "header": {
        "seq": 17930,
        "stamp": {
            "secs": 1681247930,
            "nsecs": 565830207
        },
        "frame_id": "atracsys"
    },
    "pose": {
        "position": {
            "x": 0.18213179016113282,
            "y": 0.16662562561035157,
            "z": 0.9337811279296875
        },
        "orientation": {
            "x": 0.825143512536653,
            "y": -0.13293877948331498,
            "z": 0.22610095550914203,
            "w": 0.5003437044132901
        }
    }
}