{
    "header": {
        "seq": 8480,
        "stamp": {
            "secs": 1681247835,
            "nsecs": 461316440
        },
        "frame_id": "atracsys"
    },
    "pose": {
        "position": {
            "x": 0.18212054443359377,
            "y": 0.16660125732421877,
            "z": 0.9338925170898438
        },
        "orientation": {
            "x": 0.8251652353596258,
            "y": -0.13297794462243515,
            "z": 0.22618497832897094,
            "w": 0.5002594888417499
        }
    }
}