{
    "header": {
        "seq": 14150,
        "stamp": {
            "secs": 1681247892,
            "nsecs": 530175583
        },
        "frame_id": "atracsys"
    },
    "pose": {
        "position": {
            "x": 0.18210411071777344,
            "y": 0.16659368896484375,
            "z": 0.9338582153320313
        },
        "orientation": {
            "x": 0.8251548163245692,
            "y": -0.13298641435929676,
            "z": 0.22616055016877887,
            "w": 0.5002854667483146
        }
    }
}