{
    "header": {
        "seq": 27853,
        "stamp": {
            "secs": 1681248030,
            "nsecs": 413443912
        },
        "frame_id": "atracsys"
    },
    "pose": {
        "position": {
            "x": 0.1820997772216797,
            "y": 0.16659405517578124,
            "z": 0.9339498901367188
        },
        "orientation": {
            "x": 0.8251455456591947,
            "y": -0.13298684833333338,
            "z": 0.22621391003156366,
            "w": 0.500276517095684
        }
    }
}