{
    "header": {
        "seq": 21365,
        "stamp": {
            "secs": 1681247965,
            "nsecs": 124051458
        },
        "frame_id": "atracsys"
    },
    "pose": {
        "position": {
            "x": 0.18211550903320312,
            "y": 0.1666082305908203,
            "z": 0.933877685546875
        },
        "orientation": {
            "x": 0.8251724786932552,
            "y": -0.1329639737932188,
            "z": 0.2261881877367488,
            "w": 0.5002498034069688
        }
    }
}