{
    "header": {
        "seq": 5371,
        "stamp": {
            "secs": 1681247804,
            "nsecs": 192830772
        },
        "frame_id": "atracsys"
    },
    "pose": {
        "position": {
            "x": 0.18213877868652345,
            "y": 0.16660577392578124,
            "z": 0.9338104858398437
        },
        "orientation": {
            "x": 0.8251708855868525,
            "y": -0.13292938628900755,
            "z": 0.22614435733533161,
            "w": 0.5002814382785226
        }
    }
}