{
    "header": {
        "seq": 28257,
        "stamp": {
            "secs": 1681248034,
            "nsecs": 476240175
        },
        "frame_id": "atracsys"
    },
    "pose": {
        "position": {
            "x": 0.18209646606445312,
            "y": 0.16660202026367188,
            "z": 0.9339476318359375
        },
        "orientation": {
            "x": 0.8251577213629193,
            "y": -0.13292834300480647,
            "z": 0.22607207176895192,
            "w": 0.5003360959067866
        }
    }
}