{
    "header": {
        "seq": 28082,
        "stamp": {
            "secs": 1681248032,
            "nsecs": 717900960
        },
        "frame_id": "atracsys"
    },
    "pose": {
        "position": {
            "x": 0.1820992431640625,
            "y": 0.1665998992919922,
            "z": 0.9339453125
        },
        "orientation": {
            "x": 0.8251160295926816,
            "y": -0.13297428002475767,
            "z": 0.22613972364836554,
            "w": 0.5003620728525964
        }
    }
}