{
    "header": {
        "seq": 22072,
        "stamp": {
            "secs": 1681247972,
            "nsecs": 240377400
        },
        "frame_id": "atracsys"
    },
    "pose": {
        "position": {
            "x": 0.18211402893066406,
            "y": 0.16660952758789063,
            "z": 0.9339078369140625
        },
        "orientation": {
            "x": 0.825173236871891,
            "y": -0.13295759553721606,
            "z": 0.22617164406481977,
            "w": 0.5002577279366552
        }
    }
}