{
    "header": {
        "seq": 12812,
        "stamp": {
            "secs": 1681247879,
            "nsecs": 64334043
        },
        "frame_id": "atracsys"
    },
    "pose": {
        "position": {
            "x": 0.18211582946777344,
            "y": 0.16659828186035155,
            "z": 0.9338797607421875
        },
        "orientation": {
            "x": 0.8251599211674219,
            "y": -0.13299994536726611,
            "z": 0.22621279317435047,
            "w": 0.500249828821097
        }
    }
}