{
    "header": {
        "seq": 8554,
        "stamp": {
            "secs": 1681247836,
            "nsecs": 204609002
        },
        "frame_id": "atracsys"
    },
    "pose": {
        "position": {
            "x": 0.1821125946044922,
            "y": 0.16659925842285156,
            "z": 0.9339336547851562
        },
        "orientation": {
            "x": 0.8251389974786778,
            "y": -0.1329797150128468,
            "z": 0.226247481026742,
            "w": 0.5002740324702439
        }
    }
}