{
    "header": {
        "seq": 16562,
        "stamp": {
            "secs": 1681247916,
            "nsecs": 798621392
        },
        "frame_id": "atracsys"
    },
    "pose": {
        "position": {
            "x": 0.18213717651367187,
            "y": 0.16662709045410157,
            "z": 0.9337680053710937
        },
        "orientation": {
            "x": 0.8251886843122614,
            "y": -0.13291032372492276,
            "z": 0.22612357149902787,
            "w": 0.5002665404990218
        }
    }
}