{
    "header": {
        "seq": 18435,
        "stamp": {
            "secs": 1681247935,
            "nsecs": 643394591
        },
        "frame_id": "atracsys"
    },
    "pose": {
        "position": {
            "x": 0.18214393615722657,
            "y": 0.16662495422363283,
            "z": 0.933725341796875
        },
        "orientation": {
            "x": 0.8251955204090132,
            "y": -0.132910442194754,
            "z": 0.22614392550553858,
            "w": 0.5002460318777533
        }
    }
}