{
    "header": {
        "seq": 8375,
        "stamp": {
            "secs": 1681247834,
            "nsecs": 404718155
        },
        "frame_id": "atracsys"
    },
    "pose": {
        "position": {
            "x": 0.1821136474609375,
            "y": 0.1665918731689453,
            "z": 0.9339083862304688
        },
        "orientation": {
            "x": 0.8251203442347682,
            "y": -0.1329936791425165,
            "z": 0.2261842670671903,
            "w": 0.50032966748866
        }
    }
}