{
    "header": {
        "seq": 19910,
        "stamp": {
            "secs": 1681247950,
            "nsecs": 479309765
        },
        "frame_id": "atracsys"
    },
    "pose": {
        "position": {
            "x": 0.18212234497070312,
            "y": 0.16661195373535156,
            "z": 0.9338818359375001
        },
        "orientation": {
            "x": 0.8251684237132103,
            "y": -0.13297679835950227,
            "z": 0.22614726800661925,
            "w": 0.5002715830205174
        }
    }
}