{
    "header": {
        "seq": 9007,
        "stamp": {
            "secs": 1681247840,
            "nsecs": 759830760
        },
        "frame_id": "atracsys"
    },
    "pose": {
        "position": {
            "x": 0.18211331176757814,
            "y": 0.16659402465820314,
            "z": 0.9339016723632813
        },
        "orientation": {
            "x": 0.8251497900977242,
            "y": -0.13295914997108338,
            "z": 0.22618921827407712,
            "w": 0.5002880429084937
        }
    }
}