{
    "header": {
        "seq": 28176,
        "stamp": {
            "secs": 1681248033,
            "nsecs": 661319678
        },
        "frame_id": "atracsys"
    },
    "pose": {
        "position": {
            "x": 0.18211293029785156,
            "y": 0.16660479736328127,
            "z": 0.9338910522460938
        },
        "orientation": {
            "x": 0.8251448186077718,
            "y": -0.13294000074812548,
            "z": 0.2260575842254507,
            "w": 0.5003608229467903
        }
    }
}