{
    "header": {
        "seq": 23290,
        "stamp": {
            "secs": 1681247984,
            "nsecs": 497094478
        },
        "frame_id": "atracsys"
    },
    "pose": {
        "position": {
            "x": 0.18212405395507814,
            "y": 0.16662017822265626,
            "z": 0.933885986328125
        },
        "orientation": {
            "x": 0.8251476970203863,
            "y": -0.13293146578948414,
            "z": 0.226150235222104,
            "w": 0.5003164744579166
        }
    }
}