{
    "header": {
        "seq": 20954,
        "stamp": {
            "secs": 1681247960,
            "nsecs": 986656668
        },
        "frame_id": "atracsys"
    },
    "pose": {
        "position": {
            "x": 0.18211148071289063,
            "y": 0.1666148681640625,
            "z": 0.9339291381835938
        },
        "orientation": {
            "x": 0.8251318976435279,
            "y": -0.13297407765311856,
            "z": 0.22614909681335765,
            "w": 0.500331722134421
        }
    }
}