{
    "header": {
        "seq": 17259,
        "stamp": {
            "secs": 1681247923,
            "nsecs": 813658897
        },
        "frame_id": "atracsys"
    },
    "pose": {
        "position": {
            "x": 0.18212872314453124,
            "y": 0.16662200927734375,
            "z": 0.9338133544921875
        },
        "orientation": {
            "x": 0.8251902649614453,
            "y": -0.13292959239850302,
            "z": 0.22615101999999798,
            "w": 0.5002464055149104
        }
    }
}