{
    "header": {
        "seq": 14705,
        "stamp": {
            "secs": 1681247898,
            "nsecs": 115080201
        },
        "frame_id": "atracsys"
    },
    "pose": {
        "position": {
            "x": 0.18210838317871095,
            "y": 0.16661546325683593,
            "z": 0.9338739624023438
        },
        "orientation": {
            "x": 0.8251609349469374,
            "y": -0.13298706545933137,
            "z": 0.22618927738733188,
            "w": 0.5002622138968807
        }
    }
}