{
    "header": {
        "seq": 8190,
        "stamp": {
            "secs": 1681247832,
            "nsecs": 544890672
        },
        "frame_id": "atracsys"
    },
    "pose": {
        "position": {
            "x": 0.18211668395996095,
            "y": 0.1665954132080078,
            "z": 0.9338997192382813
        },
        "orientation": {
            "x": 0.8251475224980283,
            "y": -0.1329644168385228,
            "z": 0.22614392721180715,
            "w": 0.5003108575229785
        }
    }
}