{
    "header": {
        "seq": 26719,
        "stamp": {
            "secs": 1681248018,
            "nsecs": 995568343
        },
        "frame_id": "atracsys"
    },
    "pose": {
        "position": {
            "x": 0.18212625122070314,
            "y": 0.1666092987060547,
            "z": 0.9338920288085938
        },
        "orientation": {
            "x": 0.8251423920125843,
            "y": -0.13295774883908698,
            "z": 0.22614806374156915,
            "w": 0.5003192212910995
        }
    }
}