{
    "header": {
        "seq": 14781,
        "stamp": {
            "secs": 1681247898,
            "nsecs": 879233754
        },
        "frame_id": "atracsys"
    },
    "pose": {
        "position": {
            "x": 0.18211042785644532,
            "y": 0.16661175537109377,
            "z": 0.9338391723632813
        },
        "orientation": {
            "x": 0.8251610689046726,
            "y": -0.13293188646639395,
            "z": 0.22601757834484487,
            "w": 0.5003542527087342
        }
    }
}