{
    "header": {
        "seq": 20722,
        "stamp": {
            "secs": 1681247958,
            "nsecs": 652352734
        },
        "frame_id": "atracsys"
    },
    "pose": {
        "position": {
            "x": 0.18212083435058593,
            "y": 0.166604736328125,
            "z": 0.9338774414062501
        },
        "orientation": {
            "x": 0.8252044840222093,
            "y": -0.13294245497140025,
            "z": 0.22603276406305026,
            "w": 0.5002729782686992
        }
    }
}