{
    "header": {
        "seq": 9449,
        "stamp": {
            "secs": 1681247845,
            "nsecs": 207624003
        },
        "frame_id": "atracsys"
    },
    "pose": {
        "position": {
            "x": 0.18210562133789063,
            "y": 0.16658702087402344,
            "z": 0.933952392578125
        },
        "orientation": {
            "x": 0.8251333537883027,
            "y": -0.13299022589601245,
            "z": 0.22616891618364965,
            "w": 0.5003160697344315
        }
    }
}