{
    "header": {
        "seq": 4732,
        "stamp": {
            "secs": 1681247797,
            "nsecs": 768847925
        },
        "frame_id": "atracsys"
    },
    "pose": {
        "position": {
            "x": 0.18213003540039063,
            "y": 0.1666028289794922,
            "z": 0.9338612670898437
        },
        "orientation": {
            "x": 0.8251266883857006,
            "y": -0.13296636735655135,
            "z": 0.22612948598914573,
            "w": 0.500351225472602
        }
    }
}