{
    "header": {
        "seq": 16950,
        "stamp": {
            "secs": 1681247920,
            "nsecs": 703211708
        },
        "frame_id": "atracsys"
    },
    "pose": {
        "position": {
            "x": 0.18213555908203125,
            "y": 0.16662522888183595,
            "z": 0.9337835693359375
        },
        "orientation": {
            "x": 0.8252214258647735,
            "y": -0.1328998441349568,
            "z": 0.22614902961712954,
            "w": 0.5002038045895343
        }
    }
}