{
    "header": {
        "seq": 7487,
        "stamp": {
            "secs": 1681247825,
            "nsecs": 473306802
        },
        "frame_id": "atracsys"
    },
    "pose": {
        "position": {
            "x": 0.1821278533935547,
            "y": 0.16661566162109376,
            "z": 0.9338499145507813
        },
        "orientation": {
            "x": 0.8250962759963281,
            "y": -0.13294827175915838,
            "z": 0.22617811255398743,
            "w": 0.5003842061603861
        }
    }
}