{
    "header": {
        "seq": 24394,
        "stamp": {
            "secs": 1681247995,
            "nsecs": 604513575
        },
        "frame_id": "atracsys"
    },
    "pose": {
        "position": {
            "x": 0.18211311340332031,
            "y": 0.16661778259277343,
            "z": 0.9339057617187501
        },
        "orientation": {
            "x": 0.8251749792391795,
            "y": -0.132925706924767,
            "z": 0.2261760350841423,
            "w": 0.5002613429296606
        }
    }
}