{
    "header": {
        "seq": 17293,
        "stamp": {
            "secs": 1681247924,
            "nsecs": 156830204
        },
        "frame_id": "atracsys"
    },
    "pose": {
        "position": {
            "x": 0.1821344757080078,
            "y": 0.16662901306152345,
            "z": 0.933814453125
        },
        "orientation": {
            "x": 0.8251441167046796,
            "y": -0.13293456973098605,
            "z": 0.22615952391743352,
            "w": 0.5003173558647864
        }
    }
}