{
    "header": {
        "seq": 1641,
        "stamp": {
            "secs": 1681247766,
            "nsecs": 658439321
        },
        "frame_id": "atracsys"
    },
    "pose": {
        "position": {
            "x": 0.18213787841796875,
            "y": 0.166602783203125,
            "z": 0.933787353515625
        },
        "orientation": {
            "x": 0.825102401057125,
            "y": -0.1329906960564018,
            "z": 0.22618430461180686,
            "w": 0.5003600332555291
        }
    }
}