{
    "header": {
        "seq": 6577,
        "stamp": {
            "secs": 1681247816,
            "nsecs": 321198488
        },
        "frame_id": "atracsys"
    },
    "pose": {
        "position": {
            "x": 0.1821288299560547,
            "y": 0.16661061096191407,
            "z": 0.9338484497070313
        },
        "orientation": {
            "x": 0.8251212632603327,
            "y": -0.13295791890779504,
            "z": 0.2262681821631217,
            "w": 0.5002997126283176
        }
    }
}