{
    "header": {
        "seq": 29257,
        "stamp": {
            "secs": 1681248044,
            "nsecs": 535915838
        },
        "frame_id": "atracsys"
    },
    "pose": {
        "position": {
            "x": 0.182087890625,
            "y": 0.16659768676757813,
            "z": 0.9339807739257813
        },
        "orientation": {
            "x": 0.8252176512483546,
            "y": -0.13290871724156497,
            "z": 0.22606915817377524,
            "w": 0.5002437772446067
        }
    }
}