{
    "header": {
        "seq": 28724,
        "stamp": {
            "secs": 1681248039,
            "nsecs": 174757671
        },
        "frame_id": "atracsys"
    },
    "pose": {
        "position": {
            "x": 0.1821008758544922,
            "y": 0.16660281372070312,
            "z": 0.9339656982421876
        },
        "orientation": {
            "x": 0.8251660220694959,
            "y": -0.13293356160105413,
            "z": 0.2261495063801796,
            "w": 0.5002860231768066
        }
    }
}