{
    "header": {
        "seq": 6321,
        "stamp": {
            "secs": 1681247813,
            "nsecs": 745116199
        },
        "frame_id": "atracsys"
    },
    "pose": {
        "position": {
            "x": 0.18213182067871095,
            "y": 0.16661216735839843,
            "z": 0.9338658447265625
        },
        "orientation": {
            "x": 0.8251368674722716,
            "y": -0.13293890876840078,
            "z": 0.22617339853786883,
            "w": 0.5003218866563247
        }
    }
}