{
    "header": {
        "seq": 19650,
        "stamp": {
            "secs": 1681247947,
            "nsecs": 864309725
        },
        "frame_id": "atracsys"
    },
    "pose": {
        "position": {
            "x": 0.1821183319091797,
            "y": 0.16660787963867188,
            "z": 0.9338908081054688
        },
        "orientation": {
            "x": 0.825112256432289,
            "y": -0.13299356411631047,
            "z": 0.2261993190505116,
            "w": 0.5003362311985236
        }
    }
}