{
    "header": {
        "seq": 30830,
        "stamp": {
            "secs": 1681248060,
            "nsecs": 359820368
        },
        "frame_id": "atracsys"
    },
    "pose": {
        "position": {
            "x": 0.18208885192871094,
            "y": 0.16660517883300782,
            "z": 0.9339661254882813
        },
        "orientation": {
            "x": 0.8251526942258556,
            "y": -0.13292738870290757,
            "z": 0.2260180076884783,
            "w": 0.5003690645363369
        }
    }
}