{
    "header": {
        "seq": 19553,
        "stamp": {
            "secs": 1681247946,
            "nsecs": 888160192
        },
        "frame_id": "atracsys"
    },
    "pose": {
        "position": {
            "x": 0.18211614990234376,
            "y": 0.16660003662109377,
            "z": 0.9338950805664062
        },
        "orientation": {
            "x": 0.8251343785145752,
            "y": -0.13298588157269203,
            "z": 0.22616870747352655,
            "w": 0.5003156288338936
        }
    }
}