{
    "header": {
        "seq": 32080,
        "stamp": {
            "secs": 1681248072,
            "nsecs": 932929910
        },
        "frame_id": "atracsys"
    },
    "pose": {
        "position": {
            "x": 0.18209251403808593,
            "y": 0.1666122741699219,
            "z": 0.9339733276367188
        },
        "orientation": {
            "x": 0.8250835734587095,
            "y": -0.13297218974836306,
            "z": 0.22611893182789117,
            "w": 0.5004255411458783
        }
    }
}