{
    "header": {
        "seq": 29943,
        "stamp": {
            "secs": 1681248051,
            "nsecs": 434312781
        },
        "frame_id": "atracsys"
    },
    "pose": {
        "position": {
            "x": 0.1820901336669922,
            "y": 0.16660806274414064,
            "z": 0.9339732055664063
        },
        "orientation": {
            "x": 0.825169605153051,
            "y": -0.1329183142440015,
            "z": 0.22612582223979524,
            "w": 0.5002948700381279
        }
    }
}