{
    "header": {
        "seq": 26391,
        "stamp": {
            "secs": 1681248015,
            "nsecs": 694161366
        },
        "frame_id": "atracsys"
    },
    "pose": {
        "position": {
            "x": 0.1821276397705078,
            "y": 0.1666022491455078,
            "z": 0.9338477172851563
        },
        "orientation": {
            "x": 0.8251521691181776,
            "y": -0.13294996902238307,
            "z": 0.22609875568056417,
            "w": 0.5003274489933712
        }
    }
}