{
    "header": {
        "seq": 18343,
        "stamp": {
            "secs": 1681247934,
            "nsecs": 718027159
        },
        "frame_id": "atracsys"
    },
    "pose": {
        "position": {
            "x": 0.18214059448242187,
            "y": 0.16662789916992188,
            "z": 0.9337471313476563
        },
        "orientation": {
            "x": 0.825192534198629,
            "y": -0.132928099337716,
            "z": 0.22613450886628916,
            "w": 0.5002505230473115
        }
    }
}