{
    "header": {
        "seq": 28428,
        "stamp": {
            "secs": 1681248036,
            "nsecs": 195645274
        },
        "frame_id": "atracsys"
    },
    "pose": {
        "position": {
            "x": 0.18209719848632813,
            "y": 0.16660202026367188,
            "z": 0.9339718627929687
        },
        "orientation": {
            "x": 0.8251337880721601,
            "y": -0.1329562226475895,
            "z": 0.2261800976581322,
            "w": 0.5003193360887922
        }
    }
}