{
    "header": {
        "seq": 11196,
        "stamp": {
            "secs": 1681247862,
            "nsecs": 804625113
        },
        "frame_id": "atracsys"
    },
    "pose": {
        "position": {
            "x": 0.18211956787109376,
            "y": 0.1665961456298828,
            "z": 0.9338789672851563
        },
        "orientation": {
            "x": 0.8251758403173001,
            "y": -0.13297394029108558,
            "z": 0.2261070645208197,
            "w": 0.5002782816931776
        }
    }
}