{
    "header": {
        "seq": 26701,
        "stamp": {
            "secs": 1681248018,
            "nsecs": 813430578
        },
        "frame_id": "atracsys"
    },
    "pose": {
        "position": {
            "x": 0.18212428283691406,
            "y": 0.1666068115234375,
            "z": 0.933915771484375
        },
        "orientation": {
            "x": 0.8251708311018432,
            "y": -0.13295103965145375,
            "z": 0.2261814834558654,
            "w": 0.5002589900201646
        }
    }
}