{
    "header": {
        "seq": 15501,
        "stamp": {
            "secs": 1681247906,
            "nsecs": 124001769
        },
        "frame_id": "atracsys"
    },
    "pose": {
        "position": {
            "x": 0.18211384582519533,
            "y": 0.16661465454101562,
            "z": 0.9338675537109375
        },
        "orientation": {
            "x": 0.8251479911396635,
            "y": -0.13297843195868825,
            "z": 0.2261261368065879,
            "w": 0.5003144007570786
        }
    }
}