{
    "header": {
        "seq": 13935,
        "stamp": {
            "secs": 1681247890,
            "nsecs": 365941025
        },
        "frame_id": "atracsys"
    },
    "pose": {
        "position": {
            "x": 0.18211778259277345,
            "y": 0.16659321594238283,
            "z": 0.93379345703125
        },
        "orientation": {
            "x": 0.8251418812058043,
            "y": -0.13297612000194223,
            "z": 0.22606378046678532,
            "w": 0.5003532697509235
        }
    }
}