{
    "header": {
        "seq": 19328,
        "stamp": {
            "secs": 1681247944,
            "nsecs": 622517482
        },
        "frame_id": "atracsys"
    },
    "pose": {
        "position": {
            "x": 0.18212310791015626,
            "y": 0.16660386657714843,
            "z": 0.9338508911132812
        },
        "orientation": {
            "x": 0.8251505252785273,
            "y": -0.1329947494940799,
            "z": 0.22617189465180054,
            "w": 0.5002851999701693
        }
    }
}