{
    "header": {
        "seq": 27122,
        "stamp": {
            "secs": 1681248023,
            "nsecs": 49254587
        },
        "frame_id": "atracsys"
    },
    "pose": {
        "position": {
            "x": 0.1821236572265625,
            "y": 0.1666068878173828,
            "z": 0.9338782958984375
        },
        "orientation": {
            "x": 0.8251135438837165,
            "y": -0.13296663959306754,
            "z": 0.22612599696987917,
            "w": 0.5003744057696793
        }
    }
}