{
    "header": {
        "seq": 11923,
        "stamp": {
            "secs": 1681247870,
            "nsecs": 118042698
        },
        "frame_id": "atracsys"
    },
    "pose": {
        "position": {
            "x": 0.18211456298828124,
            "y": 0.16659820556640625,
            "z": 0.9338823242187501
        },
        "orientation": {
            "x": 0.8251859244086575,
            "y": -0.13296024039985938,
            "z": 0.2261007346645421,
            "w": 0.5002681505100991
        }
    }
}