{
    "header": {
        "seq": 12982,
        "stamp": {
            "secs": 1681247880,
            "nsecs": 774760979
        },
        "frame_id": "atracsys"
    },
    "pose": {
        "position": {
            "x": 0.1821171417236328,
            "y": 0.1665950469970703,
            "z": 0.9338533935546875
        },
        "orientation": {
            "x": 0.8251795943424881,
            "y": -0.13298065747190543,
            "z": 0.2261628204306464,
            "w": 0.5002451003997556
        }
    }
}