{
    "header": {
        "seq": 31781,
        "stamp": {
            "secs": 1681248069,
            "nsecs": 926917252
        },
        "frame_id": "atracsys"
    },
    "pose": {
        "position": {
            "x": 0.18208538818359377,
            "y": 0.1666105194091797,
            "z": 0.9339786987304688
        },
        "orientation": {
            "x": 0.825145267575241,
            "y": -0.1329311391635486,
            "z": 0.22615523489450728,
            "w": 0.5003183080486617
        }
    }
}