{
    "header": {
        "seq": 29136,
        "stamp": {
            "secs": 1681248043,
            "nsecs": 318015562
        },
        "frame_id": "atracsys"
    },
    "pose": {
        "position": {
            "x": 0.1820911407470703,
            "y": 0.1666033477783203,
            "z": 0.9339556274414063
        },
        "orientation": {
            "x": 0.825128362582371,
            "y": -0.13294845440202216,
            "z": 0.22613693258389053,
            "w": 0.5003498590544398
        }
    }
}