{
    "header": {
        "seq": 2794,
        "stamp": {
            "secs": 1681247778,
            "nsecs": 270454474
        },
        "frame_id": "atracsys"
    },
    "pose": {
        "position": {
            "x": 0.18214788818359376,
            "y": 0.16661116027832032,
            "z": 0.9337565307617187
        },
        "orientation": {
            "x": 0.8251234580265586,
            "y": -0.13296765165145452,
            "z": 0.22617013912321435,
            "w": 0.5003378366639657
        }
    }
}