{
    "header": {
        "seq": 21695,
        "stamp": {
            "secs": 1681247968,
            "nsecs": 449490354
        },
        "frame_id": "atracsys"
    },
    "pose": {
        "position": {
            "x": 0.18212445068359376,
            "y": 0.16660993957519532,
            "z": 0.93389453125
        },
        "orientation": {
            "x": 0.8251671445825469,
            "y": -0.13295703076280505,
            "z": 0.22613587981368433,
            "w": 0.5002840946233605
        }
    }
}