{
    "header": {
        "seq": 9999,
        "stamp": {
            "secs": 1681247850,
            "nsecs": 744969299
        },
        "frame_id": "atracsys"
    },
    "pose": {
        "position": {
            "x": 0.18210098266601563,
            "y": 0.16658671569824218,
            "z": 0.9339663696289062
        },
        "orientation": {
            "x": 0.8251211667953143,
            "y": -0.13300465560316974,
            "z": 0.22616520614203095,
            "w": 0.5003340096624993
        }
    }
}