{
    "header": {
        "seq": 4071,
        "stamp": {
            "secs": 1681247791,
            "nsecs": 115220299
        },
        "frame_id": "atracsys"
    },
    "pose": {
        "position": {
            "x": 0.18214993286132813,
            "y": 0.16661117553710938,
            "z": 0.9337457885742187
        },
        "orientation": {
            "x": 0.8251575973969105,
            "y": -0.1329241060864205,
            "z": 0.22610571814029468,
            "w": 0.5003222218766078
        }
    }
}