{
    "header": {
        "seq": 22751,
        "stamp": {
            "secs": 1681247979,
            "nsecs": 73316319
        },
        "frame_id": "atracsys"
    },
    "pose": {
        "position": {
            "x": 0.18212173461914063,
            "y": 0.16660551452636718,
            "z": 0.93389404296875
        },
        "orientation": {
            "x": 0.8251388235889034,
            "y": -0.13296941527759829,
            "z": 0.22618084262579596,
            "w": 0.500307188471382
        }
    }
}