{
    "header": {
        "seq": 27243,
        "stamp": {
            "secs": 1681248024,
            "nsecs": 270142956
        },
        "frame_id": "atracsys"
    },
    "pose": {
        "position": {
            "x": 0.18210816955566406,
            "y": 0.16660101318359374,
            "z": 0.9339085083007813
        },
        "orientation": {
            "x": 0.8251085423394051,
            "y": -0.13294046103972623,
            "z": 0.2261082726073911,
            "w": 0.5003976181354072
        }
    }
}