{
    "header": {
        "seq": 22865,
        "stamp": {
            "secs": 1681247980,
            "nsecs": 219494296
        },
        "frame_id": "atracsys"
    },
    "pose": {
        "position": {
            "x": 0.1821210632324219,
            "y": 0.16661509704589844,
            "z": 0.9338916015625001
        },
        "orientation": {
            "x": 0.8251335886184592,
            "y": -0.13294543468125056,
            "z": 0.22612734754867633,
            "w": 0.5003463750459645
        }
    }
}