{
    "header": {
        "seq": 12959,
        "stamp": {
            "secs": 1681247880,
            "nsecs": 541942237
        },
        "frame_id": "atracsys"
    },
    "pose": {
        "position": {
            "x": 0.1821228790283203,
            "y": 0.16659593200683595,
            "z": 0.9338470458984375
        },
        "orientation": {
            "x": 0.8251853879919134,
            "y": -0.1329567141427029,
            "z": 0.22605727620329932,
            "w": 0.5002896116096719
        }
    }
}