{
    "header": {
        "seq": 13986,
        "stamp": {
            "secs": 1681247890,
            "nsecs": 879279105
        },
        "frame_id": "atracsys"
    },
    "pose": {
        "position": {
            "x": 0.18212171936035157,
            "y": 0.1665988006591797,
            "z": 0.933810302734375
        },
        "orientation": {
            "x": 0.8251947277031692,
            "y": -0.1329616717832383,
            "z": 0.2261282574449374,
            "w": 0.5002408084037276
        }
    }
}