{
    "header": {
        "seq": 15168,
        "stamp": {
            "secs": 1681247902,
            "nsecs": 774743293
        },
        "frame_id": "atracsys"
    },
    "pose": {
        "position": {
            "x": 0.1821071014404297,
            "y": 0.16660585021972657,
            "z": 0.9338623046875
        },
        "orientation": {
            "x": 0.8251657865215934,
            "y": -0.13297648729578612,
            "z": 0.22612883743751605,
            "w": 0.5002843466068382
        }
    }
}