{
    "header": {
        "seq": 21261,
        "stamp": {
            "secs": 1681247964,
            "nsecs": 79183886
        },
        "frame_id": "atracsys"
    },
    "pose": {
        "position": {
            "x": 0.1821146697998047,
            "y": 0.1666114044189453,
            "z": 0.9339129028320313
        },
        "orientation": {
            "x": 0.8251410822064501,
            "y": -0.13297244711390774,
            "z": 0.22616963962688277,
            "w": 0.5003077221818122
        }
    }
}