{
    "header": {
        "seq": 23471,
        "stamp": {
            "secs": 1681247986,
            "nsecs": 317991533
        },
        "frame_id": "atracsys"
    },
    "pose": {
        "position": {
            "x": 0.18211311340332031,
            "y": 0.16661138916015625,
            "z": 0.9339320068359375
        },
        "orientation": {
            "x": 0.8251631777290263,
            "y": -0.13293739388513506,
            "z": 0.22616600120010757,
            "w": 0.5002822396690859
        }
    }
}