{
    "header": {
        "seq": 8132,
        "stamp": {
            "secs": 1681247831,
            "nsecs": 959821163
        },
        "frame_id": "atracsys"
    },
    "pose": {
        "position": {
            "x": 0.1821245574951172,
            "y": 0.16659532165527344,
            "z": 0.9338616333007813
        },
        "orientation": {
            "x": 0.8251212756083149,
            "y": -0.13297389662233003,
            "z": 0.22617642055754203,
            "w": 0.5003369366130778
        }
    }
}