{
    "header": {
        "seq": 15209,
        "stamp": {
            "secs": 1681247903,
            "nsecs": 186707479
        },
        "frame_id": "atracsys"
    },
    "pose": {
        "position": {
            "x": 0.18210479736328125,
            "y": 0.16660452270507814,
            "z": 0.9338517456054688
        },
        "orientation": {
            "x": 0.8251592810352945,
            "y": -0.132959409500823,
            "z": 0.2260297945539553,
            "w": 0.5003443697298944
        }
    }
}