{
    "header": {
        "seq": 16506,
        "stamp": {
            "secs": 1681247916,
            "nsecs": 234563895
        },
        "frame_id": "atracsys"
    },
    "pose": {
        "position": {
            "x": 0.18214001464843751,
            "y": 0.16662443542480468,
            "z": 0.933759521484375
        },
        "orientation": {
            "x": 0.8251757832763013,
            "y": -0.1329241685885055,
            "z": 0.22611508082133303,
            "w": 0.5002879793924289
        }
    }
}