{
    "header": {
        "seq": 31208,
        "stamp": {
            "secs": 1681248064,
            "nsecs": 162751680
        },
        "frame_id": "atracsys"
    },
    "pose": {
        "position": {
            "x": 0.18209097290039064,
            "y": 0.1666138916015625,
            "z": 0.933958984375
        },
        "orientation": {
            "x": 0.8251505389928726,
            "y": -0.13295629379306056,
            "z": 0.22616424515866415,
            "w": 0.5002988568369879
        }
    }
}