{
    "header": {
        "seq": 14166,
        "stamp": {
            "secs": 1681247892,
            "nsecs": 691302104
        },
        "frame_id": "atracsys"
    },
    "pose": {
        "position": {
            "x": 0.18211624145507813,
            "y": 0.16659803771972656,
            "z": 0.9338396606445313
        },
        "orientation": {
            "x": 0.8251547678686625,
            "y": -0.13296093346816246,
            "z": 0.22604099096060565,
            "w": 0.5003463496823335
        }
    }
}