{
    "header": {
        "seq": 13969,
        "stamp": {
            "secs": 1681247890,
            "nsecs": 709126020
        },
        "frame_id": "atracsys"
    },
    "pose": {
        "position": {
            "x": 0.182117431640625,
            "y": 0.1665970153808594,
            "z": 0.9338276977539063
        },
        "orientation": {
            "x": 0.8251897854193786,
            "y": -0.1329622923976414,
            "z": 0.226126953338368,
            "w": 0.5002493856206037
        }
    }
}