{
    "header": {
        "seq": 22437,
        "stamp": {
            "secs": 1681247975,
            "nsecs": 912115715
        },
        "frame_id": "atracsys"
    },
    "pose": {
        "position": {
            "x": 0.18212837219238281,
            "y": 0.16662297058105469,
            "z": 0.93384814453125
        },
        "orientation": {
            "x": 0.8251346606121122,
            "y": -0.13296299039925744,
            "z": 0.22614299650285952,
            "w": 0.5003328693713107
        }
    }
}