{
    "header": {
        "seq": 30891,
        "stamp": {
            "secs": 1681248060,
            "nsecs": 971614901
        },
        "frame_id": "atracsys"
    },
    "pose": {
        "position": {
            "x": 0.18208322143554687,
            "y": 0.16660546875,
            "z": 0.9339682006835938
        },
        "orientation": {
            "x": 0.8251474768051985,
            "y": -0.13295602471515516,
            "z": 0.226103018227656,
            "w": 0.5003316521691404
        }
    }
}