{
    "header": {
        "seq": 8110,
        "stamp": {
            "secs": 1681247831,
            "nsecs": 738933010
        },
        "frame_id": "atracsys"
    },
    "pose": {
        "position": {
            "x": 0.18212315368652343,
            "y": 0.16659413146972657,
            "z": 0.9338707885742188
        },
        "orientation": {
            "x": 0.8251403380171402,
            "y": -0.132984667855345,
            "z": 0.22617636533226418,
            "w": 0.5003026608538569
        }
    }
}