{
    "header": {
        "seq": 22291,
        "stamp": {
            "secs": 1681247974,
            "nsecs": 446441775
        },
        "frame_id": "atracsys"
    },
    "pose": {
        "position": {
            "x": 0.18211521911621095,
            "y": 0.1666176300048828,
            "z": 0.9339194946289062
        },
        "orientation": {
            "x": 0.8251492839006507,
            "y": -0.13294101770246322,
            "z": 0.22611703145296533,
            "w": 0.500326326688268
        }
    }
}