{
    "header": {
        "seq": 11515,
        "stamp": {
            "secs": 1681247866,
            "nsecs": 10704639
        },
        "frame_id": "atracsys"
    },
    "pose": {
        "position": {
            "x": 0.18212265014648438,
            "y": 0.16659521484375,
            "z": 0.9338641967773438
        },
        "orientation": {
            "x": 0.8251507456173073,
            "y": -0.1329781198550587,
            "z": 0.22614061928782928,
            "w": 0.5003033949066631
        }
    }
}