{
    "header": {
        "seq": 16990,
        "stamp": {
            "secs": 1681247921,
            "nsecs": 106099743
        },
        "frame_id": "atracsys"
    },
    "pose": {
        "position": {
            "x": 0.18212713623046875,
            "y": 0.16661953735351562,
            "z": 0.933810791015625
        },
        "orientation": {
            "x": 0.8251527689497665,
            "y": -0.132929874968659,
            "z": 0.2261232685881384,
            "w": 0.50032072077655
        }
    }
}