{
    "header": {
        "seq": 23670,
        "stamp": {
            "secs": 1681247988,
            "nsecs": 321080571
        },
        "frame_id": "atracsys"
    },
    "pose": {
        "position": {
            "x": 0.18211102294921874,
            "y": 0.16660650634765625,
            "z": 0.9339134521484376
        },
        "orientation": {
            "x": 0.8251428621256502,
            "y": -0.1329398070144867,
            "z": 0.2261590709942628,
            "w": 0.5003182381255487
        }
    }
}