{
    "header": {
        "seq": 9548,
        "stamp": {
            "secs": 1681247846,
            "nsecs": 201641782
        },
        "frame_id": "atracsys"
    },
    "pose": {
        "position": {
            "x": 0.18210379028320312,
            "y": 0.16659199523925783,
            "z": 0.9339625244140625
        },
        "orientation": {
            "x": 0.8251223810541877,
            "y": -0.13297755195280667,
            "z": 0.22616471968322593,
            "w": 0.5003394313170954
        }
    }
}