{
    "header": {
        "seq": 28128,
        "stamp": {
            "secs": 1681248033,
            "nsecs": 180712566
        },
        "frame_id": "atracsys"
    },
    "pose": {
        "position": {
            "x": 0.18211148071289063,
            "y": 0.1666064910888672,
            "z": 0.9339112548828126
        },
        "orientation": {
            "x": 0.8251288703961235,
            "y": -0.13296022904753346,
            "z": 0.2261046397660756,
            "w": 0.5003604866560688
        }
    }
}