{
    "header": {
        "seq": 21650,
        "stamp": {
            "secs": 1681247967,
            "nsecs": 995759138
        },
        "frame_id": "atracsys"
    },
    "pose": {
        "position": {
            "x": 0.18211741638183593,
            "y": 0.16661380004882814,
            "z": 0.9339015502929687
        },
        "orientation": {
            "x": 0.8251496375440754,
            "y": -0.13296899085742478,
            "z": 0.22614269207416324,
            "w": 0.5003067118805113
        }
    }
}