{
    "header": {
        "seq": 9683,
        "stamp": {
            "secs": 1681247847,
            "nsecs": 562992396
        },
        "frame_id": "atracsys"
    },
    "pose": {
        "position": {
            "x": 0.18210292053222657,
            "y": 0.1665916290283203,
            "z": 0.9339515380859376
        },
        "orientation": {
            "x": 0.8251552335478318,
            "y": -0.13297097367636485,
            "z": 0.2261376087126761,
            "w": 0.5002992530814884
        }
    }
}