{
    "header": {
        "seq": 3203,
        "stamp": {
            "secs": 1681247782,
            "nsecs": 386815603
        },
        "frame_id": "atracsys"
    },
    "pose": {
        "position": {
            "x": 0.18215089416503907,
            "y": 0.1666122741699219,
            "z": 0.9337505493164062
        },
        "orientation": {
            "x": 0.8251474826021546,
            "y": -0.13294193072319627,
            "z": 0.22612335604890976,
            "w": 0.500326196455966
        }
    }
}