{
    "header": {
        "seq": 23490,
        "stamp": {
            "secs": 1681247986,
            "nsecs": 509038327
        },
        "frame_id": "atracsys"
    },
    "pose": {
        "position": {
            "x": 0.18210523986816407,
            "y": 0.16662120056152344,
            "z": 0.9339556274414063
        },
        "orientation": {
            "x": 0.8251295444317657,
            "y": -0.13294159496854713,
            "z": 0.2261911895107206,
            "w": 0.500325207261008
        }
    }
}