{
    "header": {
        "seq": 20618,
        "stamp": {
            "secs": 1681247957,
            "nsecs": 607656627
        },
        "frame_id": "atracsys"
    },
    "pose": {
        "position": {
            "x": 0.18211904907226562,
            "y": 0.1666090850830078,
            "z": 0.9338777465820313
        },
        "orientation": {
            "x": 0.8251677613244844,
            "y": -0.13297052682287605,
            "z": 0.22614517036462498,
            "w": 0.5002752908029141
        }
    }
}