{
    "header": {
        "seq": 28197,
        "stamp": {
            "secs": 1681248033,
            "nsecs": 873161442
        },
        "frame_id": "atracsys"
    },
    "pose": {
        "position": {
            "x": 0.18210949707031251,
            "y": 0.16660523986816406,
            "z": 0.9339148559570313
        },
        "orientation": {
            "x": 0.8251855218171179,
            "y": -0.13291721526104652,
            "z": 0.2260701681545391,
            "w": 0.5002940610693257
        }
    }
}