{
    "header": {
        "seq": 22795,
        "stamp": {
            "secs": 1681247979,
            "nsecs": 515015822
        },
        "frame_id": "atracsys"
    },
    "pose": {
        "position": {
            "x": 0.18212130737304688,
            "y": 0.16661207580566406,
            "z": 0.9338995361328125
        },
        "orientation": {
            "x": 0.8251199529058341,
            "y": -0.132960043923729,
            "z": 0.22617743990084826,
            "w": 0.5003423385207099
        }
    }
}