{
    "header": {
        "seq": 15812,
        "stamp": {
            "secs": 1681247909,
            "nsecs": 252364640
        },
        "frame_id": "atracsys"
    },
    "pose": {
        "position": {
            "x": 0.18211355590820313,
            "y": 0.16661247253417968,
            "z": 0.9338621826171876
        },
        "orientation": {
            "x": 0.8252132817121295,
            "y": -0.1329509164606565,
            "z": 0.22612790415856693,
            "w": 0.5002132189966825
        }
    }
}