{
    "header": {
        "seq": 30184,
        "stamp": {
            "secs": 1681248053,
            "nsecs": 861325578
        },
        "frame_id": "atracsys"
    },
    "pose": {
        "position": {
            "x": 0.18208380126953125,
            "y": 0.16659906005859376,
            "z": 0.9339740600585937
        },
        "orientation": {
            "x": 0.8251460364575554,
            "y": -0.1329420983531582,
            "z": 0.2260972276740861,
            "w": 0.5003403448073506
        }
    }
}