{
    "header": {
        "seq": 7982,
        "stamp": {
            "secs": 1681247830,
            "nsecs": 452372620
        },
        "frame_id": "atracsys"
    },
    "pose": {
        "position": {
            "x": 0.1821264190673828,
            "y": 0.16659515380859374,
            "z": 0.9338592529296875
        },
        "orientation": {
            "x": 0.8251030268060148,
            "y": -0.1329990131365578,
            "z": 0.22624975672035882,
            "w": 0.5003271981855805
        }
    }
}