{
    "header": {
        "seq": 27790,
        "stamp": {
            "secs": 1681248029,
            "nsecs": 777597777
        },
        "frame_id": "atracsys"
    },
    "pose": {
        "position": {
            "x": 0.18209967041015626,
            "y": 0.16660311889648438,
            "z": 0.9339456787109375
        },
        "orientation": {
            "x": 0.8251510524838334,
            "y": -0.13294680735114747,
            "z": 0.22611489175182028,
            "w": 0.5003228385033223
        }
    }
}