{
    "header": {
        "seq": 21776,
        "stamp": {
            "secs": 1681247969,
            "nsecs": 264283209
        },
        "frame_id": "atracsys"
    },
    "pose": {
        "position": {
            "x": 0.18211233520507814,
            "y": 0.16660508728027343,
            "z": 0.9339121704101563
        },
        "orientation": {
            "x": 0.8251548028422887,
            "y": -0.132952849994765,
            "z": 0.22609088328913904,
            "w": 0.5003258973090541
        }
    }
}