{
    "header": {
        "seq": 29653,
        "stamp": {
            "secs": 1681248048,
            "nsecs": 517923542
        },
        "frame_id": "atracsys"
    },
    "pose": {
        "position": {
            "x": 0.18209979248046876,
            "y": 0.16660682678222657,
            "z": 0.9339479370117187
        },
        "orientation": {
            "x": 0.8251661380135569,
            "y": -0.13293430359245265,
            "z": 0.2261659836882249,
            "w": 0.5002781860390465
        }
    }
}