{
    "header": {
        "seq": 10595,
        "stamp": {
            "secs": 1681247856,
            "nsecs": 750908329
        },
        "frame_id": "atracsys"
    },
    "pose": {
        "position": {
            "x": 0.18211041259765626,
            "y": 0.16660568237304688,
            "z": 0.9339440307617187
        },
        "orientation": {
            "x": 0.8251405443208302,
            "y": -0.13299018178407152,
            "z": 0.2261586689630375,
            "w": 0.5003088547285877
        }
    }
}