{
    "header": {
        "seq": 22247,
        "stamp": {
            "secs": 1681247974,
            "nsecs": 1615453
        },
        "frame_id": "atracsys"
    },
    "pose": {
        "position": {
            "x": 0.18211663818359375,
            "y": 0.16661563110351563,
            "z": 0.9339256591796875
        },
        "orientation": {
            "x": 0.8251926467897499,
            "y": -0.13292845887297625,
            "z": 0.22610776339380598,
            "w": 0.5002623310212684
        }
    }
}