{
    "header": {
        "seq": 9722,
        "stamp": {
            "secs": 1681247847,
            "nsecs": 956884864
        },
        "frame_id": "atracsys"
    },
    "pose": {
        "position": {
            "x": 0.1821022186279297,
            "y": 0.1665946502685547,
            "z": 0.9339570922851562
        },
        "orientation": {
            "x": 0.8251331842310738,
            "y": -0.13296957352215794,
            "z": 0.22616230898025175,
            "w": 0.5003248252832808
        }
    }
}