{
    "header": {
        "seq": 19780,
        "stamp": {
            "secs": 1681247949,
            "nsecs": 171752211
        },
        "frame_id": "atracsys"
    },
    "pose": {
        "position": {
            "x": 0.18212179565429687,
            "y": 0.16660498046875,
            "z": 0.93384521484375
        },
        "orientation": {
            "x": 0.8252003709374436,
            "y": -0.1329502201650962,
            "z": 0.2261114976007188,
            "w": 0.5002421187940076
        }
    }
}