{
    "header": {
        "seq": 26505,
        "stamp": {
            "secs": 1681248016,
            "nsecs": 843282562
        },
        "frame_id": "atracsys"
    },
    "pose": {
        "position": {
            "x": 0.182121337890625,
            "y": 0.16660325622558594,
            "z": 0.9338892211914063
        },
        "orientation": {
            "x": 0.8251955680973715,
            "y": -0.13293210729320373,
            "z": 0.2261764087212653,
            "w": 0.5002255105259983
        }
    }
}