{
    "header": {
        "seq": 24109,
        "stamp": {
            "secs": 1681247992,
            "nsecs": 738838549
        },
        "frame_id": "atracsys"
    },
    "pose": {
        "position": {
            "x": 0.18212332153320313,
            "y": 0.1666214599609375,
            "z": 0.9338926391601563
        },
        "orientation": {
            "x": 0.8251734104169983,
            "y": -0.13291748668792763,
            "z": 0.2261262780171728,
            "w": 0.5002886075691161
        }
    }
}