{
    "header": {
        "seq": 26622,
        "stamp": {
            "secs": 1681248018,
            "nsecs": 19435734
        },
        "frame_id": "atracsys"
    },
    "pose": {
        "position": {
            "x": 0.18212059020996094,
            "y": 0.1666074676513672,
            "z": 0.9339035644531251
        },
        "orientation": {
            "x": 0.8251348204004666,
            "y": -0.1329605130955291,
            "z": 0.2262173545431682,
            "w": 0.5002996488341304
        }
    }
}