{
    "header": {
        "seq": 24551,
        "stamp": {
            "secs": 1681247997,
            "nsecs": 183625858
        },
        "frame_id": "atracsys"
    },
    "pose": {
        "position": {
            "x": 0.1821109619140625,
            "y": 0.16662521362304689,
            "z": 0.9339368286132813
        },
        "orientation": {
            "x": 0.8251383240013811,
            "y": -0.13292349976577872,
            "z": 0.22614665931609307,
            "w": 0.5003356652831973
        }
    }
}