{
    "header": {
        "seq": 24685,
        "stamp": {
            "secs": 1681247998,
            "nsecs": 529912321
        },
        "frame_id": "atracsys"
    },
    "pose": {
        "position": {
            "x": 0.1821134033203125,
            "y": 0.16662646484375002,
            "z": 0.9339243774414062
        },
        "orientation": {
            "x": 0.8251006744483326,
            "y": -0.13293042526621862,
            "z": 0.22618081275669433,
            "w": 0.5003804742435201
        }
    }
}