{
    "header": {
        "seq": 15309,
        "stamp": {
            "secs": 1681247904,
            "nsecs": 192661730
        },
        "frame_id": "atracsys"
    },
    "pose": {
        "position": {
            "x": 0.1821069030761719,
            "y": 0.1666075134277344,
            "z": 0.9338466796875
        },
        "orientation": {
            "x": 0.8251261528906683,
            "y": -0.13296921432220463,
            "z": 0.2261509391153809,
            "w": 0.5003416558668811
        }
    }
}