{
    "header": {
        "seq": 31503,
        "stamp": {
            "secs": 1681248067,
            "nsecs": 129974228
        },
        "frame_id": "atracsys"
    },
    "pose": {
        "position": {
            "x": 0.182086181640625,
            "y": 0.16660772705078125,
            "z": 0.9339616088867188
        },
        "orientation": {
            "x": 0.825148161876979,
            "y": -0.13295111596567427,
            "z": 0.2261535524422568,
            "w": 0.500308986959331
        }
    }
}