{
    "header": {
        "seq": 29983,
        "stamp": {
            "secs": 1681248051,
            "nsecs": 837301309
        },
        "frame_id": "atracsys"
    },
    "pose": {
        "position": {
            "x": 0.1820922393798828,
            "y": 0.16660197448730468,
            "z": 0.9339688110351563
        },
        "orientation": {
            "x": 0.8251414220749109,
            "y": -0.13292978137641864,
            "z": 0.226127157932585,
            "w": 0.5003377012026407
        }
    }
}