{
    "header": {
        "seq": 7150,
        "stamp": {
            "secs": 1681247822,
            "nsecs": 84987387
        },
        "frame_id": "atracsys"
    },
    "pose": {
        "position": {
            "x": 0.18211990356445312,
            "y": 0.16660998535156252,
            "z": 0.9338762817382813
        },
        "orientation": {
            "x": 0.8251383033282303,
            "y": -0.1329208827569463,
            "z": 0.2261486796007594,
            "w": 0.5003354814747366
        }
    }
}