{
    "header": {
        "seq": 30303,
        "stamp": {
            "secs": 1681248055,
            "nsecs": 58180842
        },
        "frame_id": "atracsys"
    },
    "pose": {
        "position": {
            "x": 0.18208900451660157,
            "y": 0.1666062469482422,
            "z": 0.9339749755859376
        },
        "orientation": {
            "x": 0.8251456456928873,
            "y": -0.13294702246449314,
            "z": 0.2261683476680016,
            "w": 0.5003075365462922
        }
    }
}