{
    "header": {
        "seq": 9938,
        "stamp": {
            "secs": 1681247850,
            "nsecs": 130043231
        },
        "frame_id": "atracsys"
    },
    "pose": {
        "position": {
            "x": 0.18210478210449219,
            "y": 0.1665896453857422,
            "z": 0.9339471435546876
        },
        "orientation": {
            "x": 0.8251473424911527,
            "y": -0.13296308922454708,
            "z": 0.22611863135431062,
            "w": 0.5003229403476387
        }
    }
}