{
    "header": {
        "seq": 24940,
        "stamp": {
            "secs": 1681248001,
            "nsecs": 97057730
        },
        "frame_id": "atracsys"
    },
    "pose": {
        "position": {
            "x": 0.18210414123535157,
            "y": 0.16661355590820312,
            "z": 0.933937255859375
        },
        "orientation": {
            "x": 0.8251160765285342,
            "y": -0.1329505720954403,
            "z": 0.22617688267344524,
            "w": 0.5003514998256484
        }
    }
}