{
    "header": {
        "seq": 27219,
        "stamp": {
            "secs": 1681248024,
            "nsecs": 28360487
        },
        "frame_id": "atracsys"
    },
    "pose": {
        "position": {
            "x": 0.18211312866210938,
            "y": 0.1666105194091797,
            "z": 0.9339374389648438
        },
        "orientation": {
            "x": 0.8251057413854151,
            "y": -0.1329345538734227,
            "z": 0.22615095332006654,
            "w": 0.5003845183773411
        }
    }
}