{
    "header": {
        "seq": 9586,
        "stamp": {
            "secs": 1681247846,
            "nsecs": 586719348
        },
        "frame_id": "atracsys"
    },
    "pose": {
        "position": {
            "x": 0.1821031951904297,
            "y": 0.16659455871582032,
            "z": 0.9339608764648437
        },
        "orientation": {
            "x": 0.8251891192981015,
            "y": -0.132950000263898,
            "z": 0.22615193044398252,
            "w": 0.500242460391272
        }
    }
}