{
    "header": {
        "seq": 12080,
        "stamp": {
            "secs": 1681247871,
            "nsecs": 700248694
        },
        "frame_id": "atracsys"
    },
    "pose": {
        "position": {
            "x": 0.18211184692382812,
            "y": 0.1666001434326172,
            "z": 0.933888671875
        },
        "orientation": {
            "x": 0.8252285376044551,
            "y": -0.13295604224545712,
            "z": 0.22612365719359812,
            "w": 0.500188607638188
        }
    }
}