{
    "header": {
        "seq": 9802,
        "stamp": {
            "secs": 1681247848,
            "nsecs": 759849637
        },
        "frame_id": "atracsys"
    },
    "pose": {
        "position": {
            "x": 0.18209889221191405,
            "y": 0.16659303283691407,
            "z": 0.93396826171875
        },
        "orientation": {
            "x": 0.825161499627192,
            "y": -0.13297688058237553,
            "z": 0.22618425603331482,
            "w": 0.5002662601917506
        }
    }
}