{
    "header": {
        "seq": 4818,
        "stamp": {
            "secs": 1681247798,
            "nsecs": 631550391
        },
        "frame_id": "atracsys"
    },
    "pose": {
        "position": {
            "x": 0.18212925720214845,
            "y": 0.16660147094726563,
            "z": 0.9338646850585938
        },
        "orientation": {
            "x": 0.8251082170799746,
            "y": -0.13299088154930103,
            "z": 0.22624104337312823,
            "w": 0.5003247403689763
        }
    }
}