{
    "header": {
        "seq": 31461,
        "stamp": {
            "secs": 1681248066,
            "nsecs": 706063552
        },
        "frame_id": "atracsys"
    },
    "pose": {
        "position": {
            "x": 0.18209492492675783,
            "y": 0.16661433410644533,
            "z": 0.9339583129882812
        },
        "orientation": {
            "x": 0.8250985116918704,
            "y": -0.13295554103197213,
            "z": 0.22613256924577613,
            "w": 0.5003991719008539
        }
    }
}