{
    "header": {
        "seq": 12445,
        "stamp": {
            "secs": 1681247875,
            "nsecs": 371842282
        },
        "frame_id": "atracsys"
    },
    "pose": {
        "position": {
            "x": 0.18212135314941408,
            "y": 0.16659524536132814,
            "z": 0.9338607788085938
        },
        "orientation": {
            "x": 0.8251637944517554,
            "y": -0.1329745580336389,
            "z": 0.22614970093354167,
            "w": 0.5002787143277326
        }
    }
}