{
    "header": {
        "seq": 28930,
        "stamp": {
            "secs": 1681248041,
            "nsecs": 246363998
        },
        "frame_id": "atracsys"
    },
    "pose": {
        "position": {
            "x": 0.1820939178466797,
            "y": 0.16660281372070312,
            "z": 0.933967529296875
        },
        "orientation": {
            "x": 0.8251779891990948,
            "y": -0.13296740687755515,
            "z": 0.22613665778870534,
            "w": 0.5002630976333865
        }
    }
}