{
    "header": {
        "seq": 23630,
        "stamp": {
            "secs": 1681247987,
            "nsecs": 918080780
        },
        "frame_id": "atracsys"
    },
    "pose": {
        "position": {
            "x": 0.18210958862304688,
            "y": 0.1666085662841797,
            "z": 0.93391650390625
        },
        "orientation": {
            "x": 0.8251725457762772,
            "y": -0.13294698060318996,
            "z": 0.22617704308674344,
            "w": 0.500259248016596
        }
    }
}