{
    "header": {
        "seq": 31248,
        "stamp": {
            "secs": 1681248064,
            "nsecs": 562794826
        },
        "frame_id": "atracsys"
    },
    "pose": {
        "position": {
            "x": 0.1820840301513672,
            "y": 0.16660330200195314,
            "z": 0.9339646606445313
        },
        "orientation": {
            "x": 0.8251223920917894,
            "y": -0.13294180063134248,
            "z": 0.22609729075861343,
            "w": 0.5003793868908218
        }
    }
}