{
    "header": {
        "seq": 31423,
        "stamp": {
            "secs": 1681248066,
            "nsecs": 324023319
        },
        "frame_id": "atracsys"
    },
    "pose": {
        "position": {
            "x": 0.18209210205078125,
            "y": 0.16661537170410157,
            "z": 0.9339254760742187
        },
        "orientation": {
            "x": 0.8251709295803704,
            "y": -0.1329291117658236,
            "z": 0.22608672521466405,
            "w": 0.5003074863544672
        }
    }
}