{
    "header": {
        "seq": 12707,
        "stamp": {
            "secs": 1681247878,
            "nsecs": 7639164
        },
        "frame_id": "atracsys"
    },
    "pose": {
        "position": {
            "x": 0.18211642456054689,
            "y": 0.1665974884033203,
            "z": 0.9338609008789063
        },
        "orientation": {
            "x": 0.8251797645574108,
            "y": -0.13296891367376293,
            "z": 0.22611718134625147,
            "w": 0.5002685723303255
        }
    }
}