{
    "header": {
        "seq": 16254,
        "stamp": {
            "secs": 1681247913,
            "nsecs": 697167741
        },
        "frame_id": "atracsys"
    },
    "pose": {
        "position": {
            "x": 0.1821427459716797,
            "y": 0.16661587524414062,
            "z": 0.9337327270507813
        },
        "orientation": {
            "x": 0.8252033117763193,
            "y": -0.13291614972469135,
            "z": 0.22611639658323757,
            "w": 0.5002441069837509
        }
    }
}