{
    "header": {
        "seq": 24046,
        "stamp": {
            "secs": 1681247992,
            "nsecs": 103009269
        },
        "frame_id": "atracsys"
    },
    "pose": {
        "position": {
            "x": 0.1821204071044922,
            "y": 0.16662252807617187,
            "z": 0.9339072265625
        },
        "orientation": {
            "x": 0.8251294655574117,
            "y": -0.13294793311058167,
            "z": 0.22622386795552887,
            "w": 0.5003088783119921
        }
    }
}