{
    "header": {
        "seq": 6450,
        "stamp": {
            "secs": 1681247815,
            "nsecs": 43484136
        },
        "frame_id": "atracsys"
    },
    "pose": {
        "position": {
            "x": 0.18212800598144532,
            "y": 0.16661271667480468,
            "z": 0.9338483276367188
        },
        "orientation": {
            "x": 0.8251871231646893,
            "y": -0.13291683712151273,
            "z": 0.22616110922308877,
            "w": 0.5002504161395362
        }
    }
}