{
    "header": {
        "seq": 14903,
        "stamp": {
            "secs": 1681247900,
            "nsecs": 106220051
        },
        "frame_id": "atracsys"
    },
    "pose": {
        "position": {
            "x": 0.18211505126953126,
            "y": 0.16660833740234376,
            "z": 0.9338725585937501
        },
        "orientation": {
            "x": 0.8251737589212403,
            "y": -0.13302155155904893,
            "z": 0.2262435277255579,
            "w": 0.5002073575737453
        }
    }
}