{
    "header": {
        "seq": 20010,
        "stamp": {
            "secs": 1681247951,
            "nsecs": 488191499
        },
        "frame_id": "atracsys"
    },
    "pose": {
        "position": {
            "x": 0.1821211395263672,
            "y": 0.16661097717285156,
            "z": 0.9338794555664063
        },
        "orientation": {
            "x": 0.8251825232390342,
            "y": -0.1329596538718938,
            "z": 0.22622360691166568,
            "w": 0.5002183657753914
        }
    }
}