{
    "header": {
        "seq": 16848,
        "stamp": {
            "secs": 1681247919,
            "nsecs": 676273314
        },
        "frame_id": "atracsys"
    },
    "pose": {
        "position": {
            "x": 0.18212858581542968,
            "y": 0.16662059020996095,
            "z": 0.9337838745117187
        },
        "orientation": {
            "x": 0.8251546144220774,
            "y": -0.1329381581064647,
            "z": 0.22617987475317874,
            "w": 0.500289888638427
        }
    }
}