{
    "header": {
        "seq": 28686,
        "stamp": {
            "secs": 1681248038,
            "nsecs": 792647969
        },
        "frame_id": "atracsys"
    },
    "pose": {
        "position": {
            "x": 0.18209976196289063,
            "y": 0.16660235595703127,
            "z": 0.933953369140625
        },
        "orientation": {
            "x": 0.8251481679823442,
            "y": -0.13294362082270017,
            "z": 0.22610867559664635,
            "w": 0.500331251650206
        }
    }
}