{
    "header": {
        "seq": 24531,
        "stamp": {
            "secs": 1681247996,
            "nsecs": 983678520
        },
        "frame_id": "atracsys"
    },
    "pose": {
        "position": {
            "x": 0.18210745239257814,
            "y": 0.16662777709960938,
            "z": 0.93393017578125
        },
        "orientation": {
            "x": 0.8251293722953107,
            "y": -0.13291778538531251,
            "z": 0.22617406210160296,
            "w": 0.5003395596355248
        }
    }
}