{
    "header": {
        "seq": 7911,
        "stamp": {
            "secs": 1681247829,
            "nsecs": 739077101
        },
        "frame_id": "atracsys"
    },
    "pose": {
        "position": {
            "x": 0.18212294006347657,
            "y": 0.1665917205810547,
            "z": 0.9338526000976562
        },
        "orientation": {
            "x": 0.8252040513363821,
            "y": -0.13295338976156554,
            "z": 0.2261095643358924,
            "w": 0.5002360789914738
        }
    }
}