{
    "header": {
        "seq": 2360,
        "stamp": {
            "secs": 1681247773,
            "nsecs": 897317975
        },
        "frame_id": "atracsys"
    },
    "pose": {
        "position": {
            "x": 0.18214051818847657,
            "y": 0.16660183715820312,
            "z": 0.9337767333984375
        },
        "orientation": {
            "x": 0.8251797068943523,
            "y": -0.1329645007153388,
            "z": 0.22619740922599763,
            "w": 0.5002335703835942
        }
    }
}