{
    "header": {
        "seq": 9743,
        "stamp": {
            "secs": 1681247848,
            "nsecs": 165834502
        },
        "frame_id": "atracsys"
    },
    "pose": {
        "position": {
            "x": 0.18210443115234376,
            "y": 0.1665931396484375,
            "z": 0.9339468383789062
        },
        "orientation": {
            "x": 0.8251500681604796,
            "y": -0.13298541293737526,
            "z": 0.2261652202131876,
            "w": 0.5002914531815952
        }
    }
}