{
    "header": {
        "seq": 9566,
        "stamp": {
            "secs": 1681247846,
            "nsecs": 383737234
        },
        "frame_id": "atracsys"
    },
    "pose": {
        "position": {
            "x": 0.18210798645019532,
            "y": 0.16660061645507812,
            "z": 0.9339571533203125
        },
        "orientation": {
            "x": 0.8251116272325736,
            "y": -0.1329835626527619,
            "z": 0.22613322105622385,
            "w": 0.5003698042493478
        }
    }
}