{
    "header": {
        "seq": 24337,
        "stamp": {
            "secs": 1681247995,
            "nsecs": 31407868
        },
        "frame_id": "atracsys"
    },
    "pose": {
        "position": {
            "x": 0.18211643981933595,
            "y": 0.16661941528320312,
            "z": 0.9339120483398438
        },
        "orientation": {
            "x": 0.8251258565657242,
            "y": -0.13295014716463377,
            "z": 0.22620733000669005,
            "w": 0.5003217195433618
        }
    }
}