{
    "header": {
        "seq": 2900,
        "stamp": {
            "secs": 1681247779,
            "nsecs": 336116611
        },
        "frame_id": "atracsys"
    },
    "pose": {
        "position": {
            "x": 0.18214170837402344,
            "y": 0.16662608337402343,
            "z": 0.933770751953125
        },
        "orientation": {
            "x": 0.8251592434503463,
            "y": -0.1329271146294379,
            "z": 0.2261686630530556,
            "w": 0.5002902567485576
        }
    }
}