{
    "header": {
        "seq": 2245,
        "stamp": {
            "secs": 1681247772,
            "nsecs": 736203698
        },
        "frame_id": "atracsys"
    },
    "pose": {
        "position": {
            "x": 0.18213922119140624,
            "y": 0.16660560607910158,
            "z": 0.9338013305664062
        },
        "orientation": {
            "x": 0.8251722802660033,
            "y": -0.1329544953931999,
            "z": 0.22613996149298732,
            "w": 0.5002744525271045
        }
    }
}