{
    "header": {
        "seq": 11867,
        "stamp": {
            "secs": 1681247869,
            "nsecs": 553881988
        },
        "frame_id": "atracsys"
    },
    "pose": {
        "position": {
            "x": 0.1821188201904297,
            "y": 0.1665963134765625,
            "z": 0.9338377685546875
        },
        "orientation": {
            "x": 0.8252027666802746,
            "y": -0.13295742843850933,
            "z": 0.22608516745596738,
            "w": 0.5002481515634477
        }
    }
}