{
    "header": {
        "seq": 30790,
        "stamp": {
            "secs": 1681248059,
            "nsecs": 956832151
        },
        "frame_id": "atracsys"
    },
    "pose": {
        "position": {
            "x": 0.18210052490234374,
            "y": 0.1666092071533203,
            "z": 0.9339276123046876
        },
        "orientation": {
            "x": 0.825138766687673,
            "y": -0.13291729689981172,
            "z": 0.22604202835322765,
            "w": 0.500383861961946
        }
    }
}