{
    "header": {
        "seq": 21798,
        "stamp": {
            "secs": 1681247969,
            "nsecs": 485174679
        },
        "frame_id": "atracsys"
    },
    "pose": {
        "position": {
            "x": 0.18212179565429687,
            "y": 0.16660838317871093,
            "z": 0.9338931884765626
        },
        "orientation": {
            "x": 0.8251449595153468,
            "y": -0.1329764670868799,
            "z": 0.22619668048094999,
            "w": 0.500288033763459
        }
    }
}