{
    "header": {
        "seq": 10436,
        "stamp": {
            "secs": 1681247855,
            "nsecs": 147945510
        },
        "frame_id": "atracsys"
    },
    "pose": {
        "position": {
            "x": 0.18210603332519532,
            "y": 0.16659732055664062,
            "z": 0.9339384155273438
        },
        "orientation": {
            "x": 0.8251445095007075,
            "y": -0.13299915751908972,
            "z": 0.22622331503443802,
            "w": 0.5002707009958494
        }
    }
}