{
    "header": {
        "seq": 14945,
        "stamp": {
            "secs": 1681247900,
            "nsecs": 529982580
        },
        "frame_id": "atracsys"
    },
    "pose": {
        "position": {
            "x": 0.18210804748535156,
            "y": 0.16660453796386718,
            "z": 0.9338724365234375
        },
        "orientation": {
            "x": 0.8251118800701737,
            "y": -0.1330147529577641,
            "z": 0.22628490176944063,
            "w": 0.5002925185267543
        }
    }
}