{
    "header": {
        "seq": 16057,
        "stamp": {
            "secs": 1681247911,
            "nsecs": 718036823
        },
        "frame_id": "atracsys"
    },
    "pose": {
        "position": {
            "x": 0.18211572265625,
            "y": 0.1666153564453125,
            "z": 0.9338646850585938
        },
        "orientation": {
            "x": 0.8251675030510475,
            "y": -0.1329424113222024,
            "z": 0.2261243581924765,
            "w": 0.5002925961998425
        }
    }
}