{
    "header": {
        "seq": 14985,
        "stamp": {
            "secs": 1681247900,
            "nsecs": 932952694
        },
        "frame_id": "atracsys"
    },
    "pose": {
        "position": {
            "x": 0.18210630798339844,
            "y": 0.16660272216796876,
            "z": 0.9338883056640626
        },
        "orientation": {
            "x": 0.8251404522089067,
            "y": -0.13298351954572826,
            "z": 0.22621826105982043,
            "w": 0.5002838354582154
        }
    }
}