{
    "header": {
        "seq": 10904,
        "stamp": {
            "secs": 1681247859,
            "nsecs": 864343172
        },
        "frame_id": "atracsys"
    },
    "pose": {
        "position": {
            "x": 0.1821171112060547,
            "y": 0.1665928955078125,
            "z": 0.9338785400390626
        },
        "orientation": {
            "x": 0.8251930986904457,
            "y": -0.13297279822249192,
            "z": 0.22616182220980238,
            "w": 0.5002253641922635
        }
    }
}