{
    "header": {
        "seq": 23736,
        "stamp": {
            "secs": 1681247988,
            "nsecs": 986643135
        },
        "frame_id": "atracsys"
    },
    "pose": {
        "position": {
            "x": 0.18211940002441407,
            "y": 0.166611328125,
            "z": 0.9339085083007813
        },
        "orientation": {
            "x": 0.8251218092605361,
            "y": -0.13295666134780978,
            "z": 0.22619557365854273,
            "w": 0.5003319783335322
        }
    }
}