{
    "header": {
        "seq": 18556,
        "stamp": {
            "secs": 1681247936,
            "nsecs": 858408550
        },
        "frame_id": "atracsys"
    },
    "pose": {
        "position": {
            "x": 0.18213485717773437,
            "y": 0.16657550048828126,
            "z": 0.9337552490234375
        },
        "orientation": {
            "x": 0.8252336156779861,
            "y": -0.1329825999993588,
            "z": 0.22615895755389945,
            "w": 0.5001572088559574
        }
    }
}