{
    "header": {
        "seq": 14381,
        "stamp": {
            "secs": 1681247894,
            "nsecs": 855480407
        },
        "frame_id": "atracsys"
    },
    "pose": {
        "position": {
            "x": 0.1821083984375,
            "y": 0.16659889221191407,
            "z": 0.9338718872070313
        },
        "orientation": {
            "x": 0.825151211849921,
            "y": -0.13298054074055057,
            "z": 0.2261576524646985,
            "w": 0.5002942829961322
        }
    }
}