{
    "header": {
        "seq": 10355,
        "stamp": {
            "secs": 1681247854,
            "nsecs": 333001217
        },
        "frame_id": "atracsys"
    },
    "pose": {
        "position": {
            "x": 0.18211001586914063,
            "y": 0.16659719848632812,
            "z": 0.9339398803710938
        },
        "orientation": {
            "x": 0.8251322619800263,
            "y": -0.13295711831332493,
            "z": 0.22605263523054334,
            "w": 0.5003792172291618
        }
    }
}