{
    "header": {
        "seq": 11799,
        "stamp": {
            "secs": 1681247868,
            "nsecs": 867325161
        },
        "frame_id": "atracsys"
    },
    "pose": {
        "position": {
            "x": 0.18212190246582033,
            "y": 0.16659500122070312,
            "z": 0.93386083984375
        },
        "orientation": {
            "x": 0.8251506224576753,
            "y": -0.13298796709127067,
            "z": 0.22610801369260838,
            "w": 0.5003157173331907
        }
    }
}