{
    "header": {
        "seq": 16276,
        "stamp": {
            "secs": 1681247913,
            "nsecs": 918084289
        },
        "frame_id": "atracsys"
    },
    "pose": {
        "position": {
            "x": 0.182133056640625,
            "y": 0.16661680603027343,
            "z": 0.9337390747070313
        },
        "orientation": {
            "x": 0.8251741434842386,
            "y": -0.13291900441248408,
            "z": 0.22607054458284565,
            "w": 0.500312182605084
        }
    }
}