{
    "header": {
        "seq": 17160,
        "stamp": {
            "secs": 1681247922,
            "nsecs": 816637944
        },
        "frame_id": "atracsys"
    },
    "pose": {
        "position": {
            "x": 0.18214364624023438,
            "y": 0.16663323974609376,
            "z": 0.933769287109375
        },
        "orientation": {
            "x": 0.8251585105435117,
            "y": -0.13294886534836484,
            "z": 0.22620398696182786,
            "w": 0.5002697152164708
        }
    }
}