{
    "header": {
        "seq": 17698,
        "stamp": {
            "secs": 1681247928,
            "nsecs": 234470883
        },
        "frame_id": "atracsys"
    },
    "pose": {
        "position": {
            "x": 0.18212947082519532,
            "y": 0.1666212158203125,
            "z": 0.9337675170898437
        },
        "orientation": {
            "x": 0.8251873854526721,
            "y": -0.13294945948033685,
            "z": 0.22611756971357597,
            "w": 0.5002609966612382
        }
    }
}