{
    "header": {
        "seq": 24210,
        "stamp": {
            "secs": 1681247993,
            "nsecs": 753766307
        },
        "frame_id": "atracsys"
    },
    "pose": {
        "position": {
            "x": 0.1821124725341797,
            "y": 0.1666198272705078,
            "z": 0.9339201049804687
        },
        "orientation": {
            "x": 0.8251489123681534,
            "y": -0.13292731071893532,
            "z": 0.22619154814646872,
            "w": 0.5002968978814369
        }
    }
}