{
    "header": {
        "seq": 20229,
        "stamp": {
            "secs": 1681247953,
            "nsecs": 691163304
        },
        "frame_id": "atracsys"
    },
    "pose": {
        "position": {
            "x": 0.18211422729492188,
            "y": 0.16660858154296876,
            "z": 0.9339099731445313
        },
        "orientation": {
            "x": 0.8251237729444139,
            "y": -0.13300157164491508,
            "z": 0.22630211536514447,
            "w": 0.5002686216856089
        }
    }
}