{
    "header": {
        "seq": 31079,
        "stamp": {
            "secs": 1681248062,
            "nsecs": 864383742
        },
        "frame_id": "atracsys"
    },
    "pose": {
        "position": {
            "x": 0.1820981903076172,
            "y": 0.16661122131347655,
            "z": 0.9339258422851563
        },
        "orientation": {
            "x": 0.8251758869601025,
            "y": -0.13292171045889958,
            "z": 0.2260966284858278,
            "w": 0.5002968009648177
        }
    }
}