{
    "header": {
        "seq": 29815,
        "stamp": {
            "secs": 1681248050,
            "nsecs": 147744700
        },
        "frame_id": "atracsys"
    },
    "pose": {
        "position": {
            "x": 0.18209228515625,
            "y": 0.1666075134277344,
            "z": 0.9339859619140625
        },
        "orientation": {
            "x": 0.8251073025934992,
            "y": -0.13296702830971727,
            "z": 0.22614055843046743,
            "w": 0.5003780135278917
        }
    }
}