{
    "header": {
        "seq": 17217,
        "stamp": {
            "secs": 1681247923,
            "nsecs": 389775281
        },
        "frame_id": "atracsys"
    },
    "pose": {
        "position": {
            "x": 0.18213374328613283,
            "y": 0.16663192749023437,
            "z": 0.9338137817382812
        },
        "orientation": {
            "x": 0.8251537581177361,
            "y": -0.13293513246775424,
            "z": 0.22616956403309033,
            "w": 0.5002967662548292
        }
    }
}