{
    "header": {
        "seq": 10180,
        "stamp": {
            "secs": 1681247852,
            "nsecs": 571839750
        },
        "frame_id": "atracsys"
    },
    "pose": {
        "position": {
            "x": 0.18210023498535158,
            "y": 0.1665908660888672,
            "z": 0.933939453125
        },
        "orientation": {
            "x": 0.8251665057268514,
            "y": -0.13299670223123455,
            "z": 0.22617367372824637,
            "w": 0.5002575180188932
        }
    }
}