{
    "header": {
        "seq": 19512,
        "stamp": {
            "secs": 1681247946,
            "nsecs": 473235271
        },
        "frame_id": "atracsys"
    },
    "pose": {
        "position": {
            "x": 0.18211790466308594,
            "y": 0.166601318359375,
            "z": 0.9338788452148438
        },
        "orientation": {
            "x": 0.8251233306361113,
            "y": -0.13298075517775368,
            "z": 0.2260931891262706,
            "w": 0.5003693414099604
        }
    }
}