{
    "header": {
        "seq": 16600,
        "stamp": {
            "secs": 1681247917,
            "nsecs": 180717512
        },
        "frame_id": "atracsys"
    },
    "pose": {
        "position": {
            "x": 0.18213270568847656,
            "y": 0.166619140625,
            "z": 0.9337664794921875
        },
        "orientation": {
            "x": 0.8251589772997734,
            "y": -0.13290830432275139,
            "z": 0.22605306669685168,
            "w": 0.5003479348019653
        }
    }
}