{
    "header": {
        "seq": 14130,
        "stamp": {
            "secs": 1681247892,
            "nsecs": 327173355
        },
        "frame_id": "atracsys"
    },
    "pose": {
        "position": {
            "x": 0.18210830688476562,
            "y": 0.16660073852539062,
            "z": 0.9338561401367188
        },
        "orientation": {
            "x": 0.8251254410686586,
            "y": -0.1329819122201181,
            "z": 0.22617805937306623,
            "w": 0.500327195924593
        }
    }
}