{
    "header": {
        "seq": 17871,
        "stamp": {
            "secs": 1681247929,
            "nsecs": 971751815
        },
        "frame_id": "atracsys"
    },
    "pose": {
        "position": {
            "x": 0.18213485717773437,
            "y": 0.16662353515625,
            "z": 0.9337923583984375
        },
        "orientation": {
            "x": 0.8251453237707302,
            "y": -0.13295405292177037,
            "z": 0.22612448898091678,
            "w": 0.5003260236626623
        }
    }
}