{
    "header": {
        "seq": 28802,
        "stamp": {
            "secs": 1681248039,
            "nsecs": 959694983
        },
        "frame_id": "atracsys"
    },
    "pose": {
        "position": {
            "x": 0.18209706115722657,
            "y": 0.1666032257080078,
            "z": 0.93396240234375
        },
        "orientation": {
            "x": 0.8251411300328079,
            "y": -0.132934050479796,
            "z": 0.22608258601078812,
            "w": 0.5003571904688593
        }
    }
}