{
    "header": {
        "seq": 29796,
        "stamp": {
            "secs": 1681248049,
            "nsecs": 956732674
        },
        "frame_id": "atracsys"
    },
    "pose": {
        "position": {
            "x": 0.18209260559082033,
            "y": 0.1666060791015625,
            "z": 0.933975341796875
        },
        "orientation": {
            "x": 0.8251464516599952,
            "y": -0.13294474742657617,
            "z": 0.22612640069431394,
            "w": 0.5003257722260943
        }
    }
}