{
    "header": {
        "seq": 6949,
        "stamp": {
            "secs": 1681247820,
            "nsecs": 61478050
        },
        "frame_id": "atracsys"
    },
    "pose": {
        "position": {
            "x": 0.1821253662109375,
            "y": 0.1666106414794922,
            "z": 0.9338665771484376
        },
        "orientation": {
            "x": 0.8251601578623075,
            "y": -0.1329313848758374,
            "z": 0.22616646140942162,
            "w": 0.5002886092298969
        }
    }
}