{
    "header": {
        "seq": 15748,
        "stamp": {
            "secs": 1681247908,
            "nsecs": 607614020
        },
        "frame_id": "atracsys"
    },
    "pose": {
        "position": {
            "x": 0.18210671997070313,
            "y": 0.1666023406982422,
            "z": 0.9338856811523437
        },
        "orientation": {
            "x": 0.8251903336049599,
            "y": -0.13297227904064887,
            "z": 0.2261416095746756,
            "w": 0.5002392015332722
        }
    }
}