{
    "header": {
        "seq": 21714,
        "stamp": {
            "secs": 1681247968,
            "nsecs": 640532578
        },
        "frame_id": "atracsys"
    },
    "pose": {
        "position": {
            "x": 0.1821186218261719,
            "y": 0.16660816955566407,
            "z": 0.9339155883789063
        },
        "orientation": {
            "x": 0.8251949421149563,
            "y": -0.1329430068751687,
            "z": 0.22617347971328022,
            "w": 0.5002249708933666
        }
    }
}