{
    "header": {
        "seq": 27557,
        "stamp": {
            "secs": 1681248027,
            "nsecs": 431349895
        },
        "frame_id": "atracsys"
    },
    "pose": {
        "position": {
            "x": 0.18211248779296876,
            "y": 0.16660655212402345,
            "z": 0.9339218139648438
        },
        "orientation": {
            "x": 0.8251485282424023,
            "y": -0.13294453864531186,
            "z": 0.2261881297389067,
            "w": 0.5002944992192082
        }
    }
}