{
    "header": {
        "seq": 11136,
        "stamp": {
            "secs": 1681247862,
            "nsecs": 198654111
        },
        "frame_id": "atracsys"
    },
    "pose": {
        "position": {
            "x": 0.182134521484375,
            "y": 0.16659829711914062,
            "z": 0.9338522338867188
        },
        "orientation": {
            "x": 0.825171793332271,
            "y": -0.1329885308194828,
            "z": 0.22615261373796974,
            "w": 0.5002604896039303
        }
    }
}