{
    "header": {
        "seq": 2206,
        "stamp": {
            "secs": 1681247772,
            "nsecs": 344991199
        },
        "frame_id": "atracsys"
    },
    "pose": {
        "position": {
            "x": 0.1821373748779297,
            "y": 0.16660101318359374,
            "z": 0.9337937622070313
        },
        "orientation": {
            "x": 0.8251275313056343,
            "y": -0.13296535431672526,
            "z": 0.22614649672087522,
            "w": 0.5003424164047781
        }
    }
}