{
    "header": {
        "seq": 11177,
        "stamp": {
            "secs": 1681247862,
            "nsecs": 613574772
        },
        "frame_id": "atracsys"
    },
    "pose": {
        "position": {
            "x": 0.18211941528320313,
            "y": 0.16659043884277344,
            "z": 0.9338666381835937
        },
        "orientation": {
            "x": 0.8251236621701923,
            "y": -0.1329948360402884,
            "z": 0.22615175146558059,
            "w": 0.5003385863817795
        }
    }
}