{
    "header": {
        "seq": 19364,
        "stamp": {
            "secs": 1681247944,
            "nsecs": 986696312
        },
        "frame_id": "atracsys"
    },
    "pose": {
        "position": {
            "x": 0.18211973571777343,
            "y": 0.16660418701171875,
            "z": 0.9338713989257813
        },
        "orientation": {
            "x": 0.8251417248733697,
            "y": -0.13296886263566185,
            "z": 0.22614812773286846,
            "w": 0.5003173390612173
        }
    }
}