{
    "header": {
        "seq": 4908,
        "stamp": {
            "secs": 1681247799,
            "nsecs": 536060465
        },
        "frame_id": "atracsys"
    },
    "pose": {
        "position": {
            "x": 0.18213304138183595,
            "y": 0.16661146545410158,
            "z": 0.9338314208984375
        },
        "orientation": {
            "x": 0.8251147137561881,
            "y": -0.132970363517012,
            "z": 0.2261296587663281,
            "w": 0.5003698322195509
        }
    }
}