{
    "header": {
        "seq": 18320,
        "stamp": {
            "secs": 1681247934,
            "nsecs": 488195312
        },
        "frame_id": "atracsys"
    },
    "pose": {
        "position": {
            "x": 0.18214398193359374,
            "y": 0.1666345672607422,
            "z": 0.933734619140625
        },
        "orientation": {
            "x": 0.8251540348665612,
            "y": -0.13293988105437107,
            "z": 0.22613680729310856,
            "w": 0.5003098551457515
        }
    }
}