{
    "header": {
        "seq": 18651,
        "stamp": {
            "secs": 1681247937,
            "nsecs": 816654694
        },
        "frame_id": "atracsys"
    },
    "pose": {
        "position": {
            "x": 0.182138916015625,
            "y": 0.16659402465820314,
            "z": 0.9337836303710938
        },
        "orientation": {
            "x": 0.8252037963545483,
            "y": -0.13297105802549844,
            "z": 0.2261380264710625,
            "w": 0.5002189372598701
        }
    }
}