{
    "header": {
        "seq": 24999,
        "stamp": {
            "secs": 1681248001,
            "nsecs": 688115995
        },
        "frame_id": "atracsys"
    },
    "pose": {
        "position": {
            "x": 0.18210284423828124,
            "y": 0.1666226806640625,
            "z": 0.9339531860351563
        },
        "orientation": {
            "x": 0.8250574369284968,
            "y": -0.13296972753236522,
            "z": 0.22616643647528223,
            "w": 0.5004478197984485
        }
    }
}