{
    "header": {
        "seq": 19929,
        "stamp": {
            "secs": 1681247950,
            "nsecs": 670373094
        },
        "frame_id": "atracsys"
    },
    "pose": {
        "position": {
            "x": 0.18212324523925782,
            "y": 0.16660939025878907,
            "z": 0.9338937377929688
        },
        "orientation": {
            "x": 0.8251759941815153,
            "y": -0.13295097022630922,
            "z": 0.22615040525545693,
            "w": 0.5002645423625618
        }
    }
}