{
    "header": {
        "seq": 30553,
        "stamp": {
            "secs": 1681248057,
            "nsecs": 571639617
        },
        "frame_id": "atracsys"
    },
    "pose": {
        "position": {
            "x": 0.18208953857421875,
            "y": 0.16661529541015627,
            "z": 0.9339927368164063
        },
        "orientation": {
            "x": 0.8251776418776937,
            "y": -0.1329223404377687,
            "z": 0.22615944972276356,
            "w": 0.5002653436515578
        }
    }
}