{
    "header": {
        "seq": 28971,
        "stamp": {
            "secs": 1681248041,
            "nsecs": 658230586
        },
        "frame_id": "atracsys"
    },
    "pose": {
        "position": {
            "x": 0.18209068298339845,
            "y": 0.16660279846191406,
            "z": 0.9339696655273437
        },
        "orientation": {
            "x": 0.825139073830112,
            "y": -0.1329600287875302,
            "z": 0.22611526166407292,
            "w": 0.5003389131640591
        }
    }
}