{
    "header": {
        "seq": 17342,
        "stamp": {
            "secs": 1681247924,
            "nsecs": 649442246
        },
        "frame_id": "atracsys"
    },
    "pose": {
        "position": {
            "x": 0.18214976501464844,
            "y": 0.16662727355957033,
            "z": 0.9337977294921875
        },
        "orientation": {
            "x": 0.8251141165042127,
            "y": -0.13294472482386682,
            "z": 0.22613504545718977,
            "w": 0.5003751953315168
        }
    }
}