{
    "header": {
        "seq": 20538,
        "stamp": {
            "secs": 1681247956,
            "nsecs": 801582567
        },
        "frame_id": "atracsys"
    },
    "pose": {
        "position": {
            "x": 0.1821170196533203,
            "y": 0.16660446166992188,
            "z": 0.9338896484375
        },
        "orientation": {
            "x": 0.8251697407703914,
            "y": -0.13294288301840862,
            "z": 0.22612006724888345,
            "w": 0.5002907194412459
        }
    }
}