{
    "header": {
        "seq": 20457,
        "stamp": {
            "secs": 1681247955,
            "nsecs": 986704644
        },
        "frame_id": "atracsys"
    },
    "pose": {
        "position": {
            "x": 0.18211775207519532,
            "y": 0.16661044311523437,
            "z": 0.9339175415039063
        },
        "orientation": {
            "x": 0.8251488930142842,
            "y": -0.13296807122529747,
            "z": 0.22620856656350813,
            "w": 0.5002784032968128
        }
    }
}