{
    "header": {
        "seq": 20169,
        "stamp": {
            "secs": 1681247953,
            "nsecs": 88190117
        },
        "frame_id": "atracsys"
    },
    "pose": {
        "position": {
            "x": 0.18211366271972657,
            "y": 0.1666051025390625,
            "z": 0.9339013061523438
        },
        "orientation": {
            "x": 0.8250784161334719,
            "y": -0.13299286759677384,
            "z": 0.22609467437651867,
            "w": 0.5004395094490887
        }
    }
}