{
    "header": {
        "seq": 23126,
        "stamp": {
            "secs": 1681247982,
            "nsecs": 846319585
        },
        "frame_id": "atracsys"
    },
    "pose": {
        "position": {
            "x": 0.1821103210449219,
            "y": 0.16661119079589845,
            "z": 0.9339451904296875
        },
        "orientation": {
            "x": 0.825162522713466,
            "y": -0.1329411823617872,
            "z": 0.22621357493154534,
            "w": 0.5002608036395503
        }
    }
}