{
    "header": {
        "seq": 30203,
        "stamp": {
            "secs": 1681248054,
            "nsecs": 52211314
        },
        "frame_id": "atracsys"
    },
    "pose": {
        "position": {
            "x": 0.18208506774902344,
            "y": 0.16660604858398437,
            "z": 0.9339859008789063
        },
        "orientation": {
            "x": 0.8251339440947459,
            "y": -0.1329474657129386,
            "z": 0.22612560406140242,
            "w": 0.5003460371093404
        }
    }
}