{
    "header": {
        "seq": 7085,
        "stamp": {
            "secs": 1681247821,
            "nsecs": 431624018
        },
        "frame_id": "atracsys"
    },
    "pose": {
        "position": {
            "x": 0.18212896728515626,
            "y": 0.16661439514160156,
            "z": 0.9338653564453125
        },
        "orientation": {
            "x": 0.8251251482648706,
            "y": -0.132940978852494,
            "z": 0.22621407096167612,
            "w": 0.5003222760796903
        }
    }
}