{
    "header": {
        "seq": 20659,
        "stamp": {
            "secs": 1681247958,
            "nsecs": 19526182
        },
        "frame_id": "atracsys"
    },
    "pose": {
        "position": {
            "x": 0.1821151123046875,
            "y": 0.16660017395019533,
            "z": 0.9338892211914063
        },
        "orientation": {
            "x": 0.8251228864765772,
            "y": -0.13299173456201638,
            "z": 0.22623871206476195,
            "w": 0.5003013750870822
        }
    }
}