{
    "header": {
        "seq": 23025,
        "stamp": {
            "secs": 1681247981,
            "nsecs": 831542549
        },
        "frame_id": "atracsys"
    },
    "pose": {
        "position": {
            "x": 0.1821236572265625,
            "y": 0.16661451721191406,
            "z": 0.9338659057617188
        },
        "orientation": {
            "x": 0.8250823712960192,
            "y": -0.13297653767178913,
            "z": 0.22612610547216266,
            "w": 0.5004231263934087
        }
    }
}