{
    "header": {
        "seq": 32022,
        "stamp": {
            "secs": 1681248072,
            "nsecs": 350698312
        },
        "frame_id": "atracsys"
    },
    "pose": {
        "position": {
            "x": 0.18209280395507813,
            "y": 0.16660968017578126,
            "z": 0.9339501342773437
        },
        "orientation": {
            "x": 0.8251545266451596,
            "y": -0.13293105358442533,
            "z": 0.22607381024897513,
            "w": 0.5003398589653312
        }
    }
}