{
    "header": {
        "seq": 21181,
        "stamp": {
            "secs": 1681247963,
            "nsecs": 273247003
        },
        "frame_id": "atracsys"
    },
    "pose": {
        "position": {
            "x": 0.18211566162109374,
            "y": 0.16661331176757813,
            "z": 0.9338883056640626
        },
        "orientation": {
            "x": 0.825130876658871,
            "y": -0.13296931268163448,
            "z": 0.22615153887175996,
            "w": 0.5003335684671497
        }
    }
}