{
    "header": {
        "seq": 10137,
        "stamp": {
            "secs": 1681247852,
            "nsecs": 136000258
        },
        "frame_id": "atracsys"
    },
    "pose": {
        "position": {
            "x": 0.18210113525390625,
            "y": 0.16659275817871094,
            "z": 0.9339603881835937
        },
        "orientation": {
            "x": 0.8251951549641322,
            "y": -0.13296314263670916,
            "z": 0.2261533891518991,
            "w": 0.5002283513546605
        }
    }
}