{
    "header": {
        "seq": 12498,
        "stamp": {
            "secs": 1681247875,
            "nsecs": 906105414
        },
        "frame_id": "atracsys"
    },
    "pose": {
        "position": {
            "x": 0.1821182861328125,
            "y": 0.16659951782226562,
            "z": 0.9338684692382813
        },
        "orientation": {
            "x": 0.825170540044261,
            "y": -0.13298512872687862,
            "z": 0.22615531683488677,
            "w": 0.500262239278431
        }
    }
}