{
    "header": {
        "seq": 10039,
        "stamp": {
            "secs": 1681247851,
            "nsecs": 147934845
        },
        "frame_id": "atracsys"
    },
    "pose": {
        "position": {
            "x": 0.1821027374267578,
            "y": 0.1665837860107422,
            "z": 0.9339498291015625
        },
        "orientation": {
            "x": 0.8251620969361901,
            "y": -0.13298020872671604,
            "z": 0.22618909321716668,
            "w": 0.5002622032259328
        }
    }
}