{
    "header": {
        "seq": 26924,
        "stamp": {
            "secs": 1681248021,
            "nsecs": 58318752
        },
        "frame_id": "atracsys"
    },
    "pose": {
        "position": {
            "x": 0.1821175231933594,
            "y": 0.1666180114746094,
            "z": 0.933908935546875
        },
        "orientation": {
            "x": 0.8251061333604658,
            "y": -0.13294324813615935,
            "z": 0.22615513009494925,
            "w": 0.5003796744450011
        }
    }
}