{
    "header": {
        "seq": 25223,
        "stamp": {
            "secs": 1681248003,
            "nsecs": 941844828
        },
        "frame_id": "atracsys"
    },
    "pose": {
        "position": {
            "x": 0.18211036682128906,
            "y": 0.16662275695800782,
            "z": 0.9339346923828126
        },
        "orientation": {
            "x": 0.8251642029230569,
            "y": -0.13292228320096539,
            "z": 0.22618678760172853,
            "w": 0.500275166240949
        }
    }
}