{
    "header": {
        "seq": 9508,
        "stamp": {
            "secs": 1681247845,
            "nsecs": 801641653
        },
        "frame_id": "atracsys"
    },
    "pose": {
        "position": {
            "x": 0.18210231018066406,
            "y": 0.16659390258789064,
            "z": 0.93396240234375
        },
        "orientation": {
            "x": 0.8251132096759125,
            "y": -0.13299836909125465,
            "z": 0.2261718940390789,
            "w": 0.5003457798204715
        }
    }
}