{
    "header": {
        "seq": 21996,
        "stamp": {
            "secs": 1681247971,
            "nsecs": 476222375
        },
        "frame_id": "atracsys"
    },
    "pose": {
        "position": {
            "x": 0.18211314392089845,
            "y": 0.1666097869873047,
            "z": 0.9339111328125
        },
        "orientation": {
            "x": 0.8251090140025223,
            "y": -0.1329722182713857,
            "z": 0.22613185185487453,
            "w": 0.5003777470636135
        }
    }
}