{
    "header": {
        "seq": 20741,
        "stamp": {
            "secs": 1681247958,
            "nsecs": 843400856
        },
        "frame_id": "atracsys"
    },
    "pose": {
        "position": {
            "x": 0.18211886596679688,
            "y": 0.16661148071289064,
            "z": 0.9338928833007812
        },
        "orientation": {
            "x": 0.8252148810663178,
            "y": -0.13294818854011003,
            "z": 0.226150232788721,
            "w": 0.5002012109543653
        }
    }
}