{
    "header": {
        "seq": 27869,
        "stamp": {
            "secs": 1681248030,
            "nsecs": 574671486
        },
        "frame_id": "atracsys"
    },
    "pose": {
        "position": {
            "x": 0.18210589599609375,
            "y": 0.1665985870361328,
            "z": 0.9339554443359375
        },
        "orientation": {
            "x": 0.8251258802542025,
            "y": -0.13298788708875034,
            "z": 0.22612804602041875,
            "w": 0.5003474896763097
        }
    }
}