{
    "header": {
        "seq": 20598,
        "stamp": {
            "secs": 1681247957,
            "nsecs": 404589410
        },
        "frame_id": "atracsys"
    },
    "pose": {
        "position": {
            "x": 0.1821197204589844,
            "y": 0.16661526489257814,
            "z": 0.9338764038085938
        },
        "orientation": {
            "x": 0.8251290579125006,
            "y": -0.13299713225257986,
            "z": 0.2262259108952318,
            "w": 0.5002955504905491
        }
    }
}