{
    "header": {
        "seq": 21835,
        "stamp": {
            "secs": 1681247969,
            "nsecs": 858323684
        },
        "frame_id": "atracsys"
    },
    "pose": {
        "position": {
            "x": 0.1821136016845703,
            "y": 0.16660580444335937,
            "z": 0.9339169311523438
        },
        "orientation": {
            "x": 0.8251398350307074,
            "y": -0.13295508865405822,
            "z": 0.22611764150828678,
            "w": 0.5003378950721387
        }
    }
}