{
    "header": {
        "seq": 28536,
        "stamp": {
            "secs": 1681248037,
            "nsecs": 282088671
        },
        "frame_id": "atracsys"
    },
    "pose": {
        "position": {
            "x": 0.18209576416015624,
            "y": 0.16660548400878908,
            "z": 0.9339486694335938
        },
        "orientation": {
            "x": 0.8251348422643546,
            "y": -0.13295916285895454,
            "z": 0.2260930365670342,
            "w": 0.5003561650555755
        }
    }
}