{
    "header": {
        "seq": 8576,
        "stamp": {
            "secs": 1681247836,
            "nsecs": 425494985
        },
        "frame_id": "atracsys"
    },
    "pose": {
        "position": {
            "x": 0.18210572814941406,
            "y": 0.16659468078613282,
            "z": 0.9339275512695313
        },
        "orientation": {
            "x": 0.8251576331936211,
            "y": -0.13298216950078,
            "z": 0.22622298046312406,
            "w": 0.5002537217128408
        }
    }
}