{
    "header": {
        "seq": 17485,
        "stamp": {
            "secs": 1681247926,
            "nsecs": 88167635
        },
        "frame_id": "atracsys"
    },
    "pose": {
        "position": {
            "x": 0.18212973022460938,
            "y": 0.16662814331054687,
            "z": 0.9338233642578125
        },
        "orientation": {
            "x": 0.8251582941788702,
            "y": -0.13292411204092644,
            "z": 0.22609629808989687,
            "w": 0.5003253281375959
        }
    }
}