{
    "header": {
        "seq": 24569,
        "stamp": {
            "secs": 1681247997,
            "nsecs": 365713296
        },
        "frame_id": "atracsys"
    },
    "pose": {
        "position": {
            "x": 0.18211256408691406,
            "y": 0.1666280059814453,
            "z": 0.9339276733398437
        },
        "orientation": {
            "x": 0.8251339238295894,
            "y": -0.1329304480056464,
            "z": 0.22618432299636337,
            "w": 0.5003240507603851
        }
    }
}