{
    "header": {
        "seq": 18581,
        "stamp": {
            "secs": 1681247937,
            "nsecs": 112072223
        },
        "frame_id": "atracsys"
    },
    "pose": {
        "position": {
            "x": 0.182123779296875,
            "y": 0.1665714874267578,
            "z": 0.9338006591796875
        },
        "orientation": {
            "x": 0.8251531042813122,
            "y": -0.13301981269891688,
            "z": 0.2260714864969064,
            "w": 0.5003196647319974
        }
    }
}