{
    "header": {
        "seq": 20107,
        "stamp": {
            "secs": 1681247952,
            "nsecs": 464334374
        },
        "frame_id": "atracsys"
    },
    "pose": {
        "position": {
            "x": 0.18212249755859375,
            "y": 0.1666123504638672,
            "z": 0.9338651733398438
        },
        "orientation": {
            "x": 0.8251327087124102,
            "y": -0.1329672898612076,
            "z": 0.22608539383973777,
            "w": 0.5003609772276583
        }
    }
}