{
    "header": {
        "seq": 25039,
        "stamp": {
            "secs": 1681248002,
            "nsecs": 91195687
        },
        "frame_id": "atracsys"
    },
    "pose": {
        "position": {
            "x": 0.18210501098632814,
            "y": 0.16661967468261718,
            "z": 0.9339363403320313
        },
        "orientation": {
            "x": 0.8251453608993999,
            "y": -0.13291637428464545,
            "z": 0.2261931300092489,
            "w": 0.500304945777915
        }
    }
}