{
    "header": {
        "seq": 25120,
        "stamp": {
            "secs": 1681248002,
            "nsecs": 906116571
        },
        "frame_id": "atracsys"
    },
    "pose": {
        "position": {
            "x": 0.18210264587402344,
            "y": 0.16661233520507812,
            "z": 0.9339385986328125
        },
        "orientation": {
            "x": 0.825141587457015,
            "y": -0.13291713599843227,
            "z": 0.22614642818203146,
            "w": 0.5003320783513695
        }
    }
}