{
    "header": {
        "seq": 19594,
        "stamp": {
            "secs": 1681247947,
            "nsecs": 300092837
        },
        "frame_id": "atracsys"
    },
    "pose": {
        "position": {
            "x": 0.18211506652832032,
            "y": 0.16659901428222657,
            "z": 0.9338869018554687
        },
        "orientation": {
            "x": 0.8251384730393635,
            "y": -0.13298988269878748,
            "z": 0.22615072895571006,
            "w": 0.5003159393851364
        }
    }
}