{
    "header": {
        "seq": 19991,
        "stamp": {
            "secs": 1681247951,
            "nsecs": 294216616
        },
        "frame_id": "atracsys"
    },
    "pose": {
        "position": {
            "x": 0.1821157989501953,
            "y": 0.16659988403320314,
            "z": 0.93388525390625
        },
        "orientation": {
            "x": 0.8251579248965956,
            "y": -0.13295487227020678,
            "z": 0.2261379836849917,
            "w": 0.5002989238993465
        }
    }
}