{
    "header": {
        "seq": 2631,
        "stamp": {
            "secs": 1681247776,
            "nsecs": 631676045
        },
        "frame_id": "atracsys"
    },
    "pose": {
        "position": {
            "x": 0.18213798522949218,
            "y": 0.1666090087890625,
            "z": 0.9337766113281251
        },
        "orientation": {
            "x": 0.8251615803403343,
            "y": -0.13296317732692528,
            "z": 0.2261897463930472,
            "w": 0.5002672869896847
        }
    }
}