{
    "header": {
        "seq": 32095,
        "stamp": {
            "secs": 1681248073,
            "nsecs": 85031056
        },
        "frame_id": "atracsys"
    },
    "pose": {
        "position": {
            "x": 0.18209678649902344,
            "y": 0.16661485290527345,
            "z": 0.9339459838867188
        },
        "orientation": {
            "x": 0.8251809358884894,
            "y": -0.13293203713195992,
            "z": 0.2261062298328689,
            "w": 0.5002813902004648
        }
    }
}