{
    "header": {
        "seq": 28040,
        "stamp": {
            "secs": 1681248032,
            "nsecs": 294023726
        },
        "frame_id": "atracsys"
    },
    "pose": {
        "position": {
            "x": 0.18210055541992187,
            "y": 0.16660284423828126,
            "z": 0.9339361572265625
        },
        "orientation": {
            "x": 0.825189267732355,
            "y": -0.1329294890962726,
            "z": 0.22612869413118877,
            "w": 0.5002581703865184
        }
    }
}