{
    "header": {
        "seq": 27312,
        "stamp": {
            "secs": 1681248024,
            "nsecs": 965696994
        },
        "frame_id": "atracsys"
    },
    "pose": {
        "position": {
            "x": 0.18211878967285156,
            "y": 0.16661082458496093,
            "z": 0.9339002685546876
        },
        "orientation": {
            "x": 0.8251449449531401,
            "y": -0.13290803315288566,
            "z": 0.2261100195374136,
            "w": 0.500345414295466
        }
    }
}