{
    "header": {
        "seq": 10250,
        "stamp": {
            "secs": 1681247853,
            "nsecs": 276370608
        },
        "frame_id": "atracsys"
    },
    "pose": {
        "position": {
            "x": 0.18211970520019533,
            "y": 0.16660018920898437,
            "z": 0.9339128417968751
        },
        "orientation": {
            "x": 0.8251300363363002,
            "y": -0.13298543667101026,
            "z": 0.22612304824339954,
            "w": 0.5003435457984744
        }
    }
}