{
    "header": {
        "seq": 30931,
        "stamp": {
            "secs": 1681248061,
            "nsecs": 374701853
        },
        "frame_id": "atracsys"
    },
    "pose": {
        "position": {
            "x": 0.18208399963378907,
            "y": 0.16660185241699219,
            "z": 0.933974609375
        },
        "orientation": {
            "x": 0.8251204224084605,
            "y": -0.1329470651027686,
            "z": 0.2260782945226779,
            "w": 0.5003898191917591
        }
    }
}