{
    "header": {
        "seq": 17892,
        "stamp": {
            "secs": 1681247930,
            "nsecs": 183692831
        },
        "frame_id": "atracsys"
    },
    "pose": {
        "position": {
            "x": 0.1821302185058594,
            "y": 0.16662178039550782,
            "z": 0.9337853393554688
        },
        "orientation": {
            "x": 0.8251469107482651,
            "y": -0.132963909478171,
            "z": 0.2261082719634754,
            "w": 0.5003281161483597
        }
    }
}