{
    "header": {
        "seq": 21281,
        "stamp": {
            "secs": 1681247964,
            "nsecs": 279188541
        },
        "frame_id": "atracsys"
    },
    "pose": {
        "position": {
            "x": 0.18211557006835938,
            "y": 0.16661627197265624,
            "z": 0.9339335327148438
        },
        "orientation": {
            "x": 0.8251631345633063,
            "y": -0.13295989213925094,
            "z": 0.22609845296778205,
            "w": 0.5003068638401369
        }
    }
}