{
    "header": {
        "seq": 20274,
        "stamp": {
            "secs": 1681247954,
            "nsecs": 144925857
        },
        "frame_id": "atracsys"
    },
    "pose": {
        "position": {
            "x": 0.18212254333496095,
            "y": 0.16660557556152344,
            "z": 0.9338354492187501
        },
        "orientation": {
            "x": 0.8252230041997204,
            "y": -0.13295145969734554,
            "z": 0.22614251790271753,
            "w": 0.500190428037715
        }
    }
}