{
    "header": {
        "seq": 31153,
        "stamp": {
            "secs": 1681248063,
            "nsecs": 607573961
        },
        "frame_id": "atracsys"
    },
    "pose": {
        "position": {
            "x": 0.18208612060546875,
            "y": 0.1666088104248047,
            "z": 0.9339708251953125
        },
        "orientation": {
            "x": 0.8251529551386871,
            "y": -0.13292907139498233,
            "z": 0.22605267606552995,
            "w": 0.5003525259730107
        }
    }
}