{
    "header": {
        "seq": 6598,
        "stamp": {
            "secs": 1681247816,
            "nsecs": 533013154
        },
        "frame_id": "atracsys"
    },
    "pose": {
        "position": {
            "x": 0.18212655639648437,
            "y": 0.16660812377929687,
            "z": 0.933858642578125
        },
        "orientation": {
            "x": 0.8251793515557884,
            "y": -0.1329148823853637,
            "z": 0.22617248539320806,
            "w": 0.5002586117774614
        }
    }
}