{
    "header": {
        "seq": 21137,
        "stamp": {
            "secs": 1681247962,
            "nsecs": 828544347
        },
        "frame_id": "atracsys"
    },
    "pose": {
        "position": {
            "x": 0.1821133575439453,
            "y": 0.16660452270507814,
            "z": 0.9338847045898437
        },
        "orientation": {
            "x": 0.8251688076098108,
            "y": -0.1329585255330245,
            "z": 0.22620259041504331,
            "w": 0.5002507946274661
        }
    }
}