{
    "header": {
        "seq": 11029,
        "stamp": {
            "secs": 1681247861,
            "nsecs": 124113983
        },
        "frame_id": "atracsys"
    },
    "pose": {
        "position": {
            "x": 0.18211106872558594,
            "y": 0.1665872802734375,
            "z": 0.9338865966796875
        },
        "orientation": {
            "x": 0.8251549516382793,
            "y": -0.13298171829051578,
            "z": 0.22610047260991478,
            "w": 0.5003136462989028
        }
    }
}