{
    "header": {
        "seq": 12857,
        "stamp": {
            "secs": 1681247879,
            "nsecs": 518091422
        },
        "frame_id": "atracsys"
    },
    "pose": {
        "position": {
            "x": 0.18211552429199218,
            "y": 0.16659759521484374,
            "z": 0.9338641357421875
        },
        "orientation": {
            "x": 0.8251808223948212,
            "y": -0.13296961093306536,
            "z": 0.2261135946300658,
            "w": 0.5002682632783996
        }
    }
}