{
    "header": {
        "seq": 30101,
        "stamp": {
            "secs": 1681248053,
            "nsecs": 25464610
        },
        "frame_id": "atracsys"
    },
    "pose": {
        "position": {
            "x": 0.18209179687500002,
            "y": 0.16660684204101564,
            "z": 0.9339716796875001
        },
        "orientation": {
            "x": 0.8251588111576126,
            "y": -0.13292251443256553,
            "z": 0.22609639407011994,
            "w": 0.5003248565825694
        }
    }
}