{
    "header": {
        "seq": 14887,
        "stamp": {
            "secs": 1681247899,
            "nsecs": 948025380
        },
        "frame_id": "atracsys"
    },
    "pose": {
        "position": {
            "x": 0.1821210174560547,
            "y": 0.1666204528808594,
            "z": 0.9338487548828125
        },
        "orientation": {
            "x": 0.8251598864695529,
            "y": -0.1329338746100685,
            "z": 0.22605931061222526,
            "w": 0.5003368213795929
        }
    }
}