{
    "header": {
        "seq": 15090,
        "stamp": {
            "secs": 1681247901,
            "nsecs": 989694083
        },
        "frame_id": "atracsys"
    },
    "pose": {
        "position": {
            "x": 0.18210432434082033,
            "y": 0.16660433959960938,
            "z": 0.9338585205078125
        },
        "orientation": {
            "x": 0.8251640931804988,
            "y": -0.1329738033749012,
            "z": 0.22618742435239095,
            "w": 0.5002613676933787
        }
    }
}