{
    "header": {
        "seq": 28151,
        "stamp": {
            "secs": 1681248033,
            "nsecs": 410476896
        },
        "frame_id": "atracsys"
    },
    "pose": {
        "position": {
            "x": 0.1821121368408203,
            "y": 0.1666094512939453,
            "z": 0.933908447265625
        },
        "orientation": {
            "x": 0.8251636296368213,
            "y": -0.13295547178293987,
            "z": 0.22610067310045068,
            "w": 0.5003062187011929
        }
    }
}