{
    "header": {
        "seq": 10970,
        "stamp": {
            "secs": 1681247860,
            "nsecs": 530109981
        },
        "frame_id": "atracsys"
    },
    "pose": {
        "position": {
            "x": 0.18212150573730468,
            "y": 0.1665858612060547,
            "z": 0.9338651733398438
        },
        "orientation": {
            "x": 0.8251674007549095,
            "y": -0.13298867210773088,
            "z": 0.22610700386723614,
            "w": 0.5002883134999165
        }
    }
}