{
    "header": {
        "seq": 15290,
        "stamp": {
            "secs": 1681247904,
            "nsecs": 1635417
        },
        "frame_id": "atracsys"
    },
    "pose": {
        "position": {
            "x": 0.18211033630371093,
            "y": 0.1665977325439453,
            "z": 0.9338350219726562
        },
        "orientation": {
            "x": 0.8251141502172863,
            "y": -0.13296704215201932,
            "z": 0.2261221720095002,
            "w": 0.5003750274926345
        }
    }
}