{
    "header": {
        "seq": 13040,
        "stamp": {
            "secs": 1681247881,
            "nsecs": 356860742
        },
        "frame_id": "atracsys"
    },
    "pose": {
        "position": {
            "x": 0.1821088409423828,
            "y": 0.16659913635253906,
            "z": 0.9338886108398438
        },
        "orientation": {
            "x": 0.8251937884801837,
            "y": -0.13298347309043082,
            "z": 0.22613668831644154,
            "w": 0.5002327513626045
        }
    }
}