{
    "header": {
        "seq": 19633,
        "stamp": {
            "secs": 1681247947,
            "nsecs": 691152050
        },
        "frame_id": "atracsys"
    },
    "pose": {
        "position": {
            "x": 0.18211366271972657,
            "y": 0.16660906982421875,
            "z": 0.9339000244140625
        },
        "orientation": {
            "x": 0.8251622017289587,
            "y": -0.13296751294540526,
            "z": 0.22616325248297164,
            "w": 0.5002770877876124
        }
    }
}