{
    "header": {
        "seq": 8068,
        "stamp": {
            "secs": 1681247831,
            "nsecs": 318029073
        },
        "frame_id": "atracsys"
    },
    "pose": {
        "position": {
            "x": 0.18212677001953126,
            "y": 0.16658987426757813,
            "z": 0.9338359985351563
        },
        "orientation": {
            "x": 0.825124633002945,
            "y": -0.13297405839804421,
            "z": 0.2261298163551351,
            "w": 0.5003524217590054
        }
    }
}