{
    "header": {
        "seq": 29345,
        "stamp": {
            "secs": 1681248045,
            "nsecs": 419419818
        },
        "frame_id": "atracsys"
    },
    "pose": {
        "position": {
            "x": 0.18209910583496094,
            "y": 0.1666020050048828,
            "z": 0.933918212890625
        },
        "orientation": {
            "x": 0.8251742177065335,
            "y": -0.1329356050464183,
            "z": 0.22602656469091387,
            "w": 0.5003275201279429
        }
    }
}