{
    "header": {
        "seq": 10269,
        "stamp": {
            "secs": 1681247853,
            "nsecs": 467339365
        },
        "frame_id": "atracsys"
    },
    "pose": {
        "position": {
            "x": 0.1821163024902344,
            "y": 0.16659906005859376,
            "z": 0.9339239501953125
        },
        "orientation": {
            "x": 0.825132024168285,
            "y": -0.13299180466466834,
            "z": 0.2261958558609109,
            "w": 0.5003056639448863
        }
    }
}