{
    "header": {
        "seq": 7107,
        "stamp": {
            "secs": 1681247821,
            "nsecs": 652542011
        },
        "frame_id": "atracsys"
    },
    "pose": {
        "position": {
            "x": 0.1821243133544922,
            "y": 0.16661135864257812,
            "z": 0.93387939453125
        },
        "orientation": {
            "x": 0.8251300608878378,
            "y": -0.13293162414264909,
            "z": 0.22620206907640536,
            "w": 0.50032208612811
        }
    }
}