{
    "header": {
        "seq": 22842,
        "stamp": {
            "secs": 1681247979,
            "nsecs": 986628369
        },
        "frame_id": "atracsys"
    },
    "pose": {
        "position": {
            "x": 0.1821205596923828,
            "y": 0.16661410522460937,
            "z": 0.9338911132812501
        },
        "orientation": {
            "x": 0.8251117639904292,
            "y": -0.13296223751733885,
            "z": 0.22614620072741798,
            "w": 0.500369379774122
        }
    }
}