{
    "header": {
        "seq": 20780,
        "stamp": {
            "secs": 1681247959,
            "nsecs": 237444443
        },
        "frame_id": "atracsys"
    },
    "pose": {
        "position": {
            "x": 0.1821163330078125,
            "y": 0.16661393737792968,
            "z": 0.9339234008789062
        },
        "orientation": {
            "x": 0.8251563031628774,
            "y": -0.13298003717906262,
            "z": 0.22620962198846242,
            "w": 0.5002625230639066
        }
    }
}