{
    "header": {
        "seq": 21428,
        "stamp": {
            "secs": 1681247965,
            "nsecs": 759787093
        },
        "frame_id": "atracsys"
    },
    "pose": {
        "position": {
            "x": 0.18212176513671877,
            "y": 0.16661489868164062,
            "z": 0.9338730468750001
        },
        "orientation": {
            "x": 0.8251519034069015,
            "y": -0.13296855827394882,
            "z": 0.2260962800971778,
            "w": 0.5003240659220117
        }
    }
}