{
    "header": {
        "seq": 22605,
        "stamp": {
            "secs": 1681247977,
            "nsecs": 604567387
        },
        "frame_id": "atracsys"
    },
    "pose": {
        "position": {
            "x": 0.1821170654296875,
            "y": 0.1666116485595703,
            "z": 0.93391357421875
        },
        "orientation": {
            "x": 0.8252061217536126,
            "y": -0.13290296836499632,
            "z": 0.22615755724806938,
            "w": 0.5002243665793591
        }
    }
}