{
    "header": {
        "seq": 21753,
        "stamp": {
            "secs": 1681247969,
            "nsecs": 31444576
        },
        "frame_id": "atracsys"
    },
    "pose": {
        "position": {
            "x": 0.18211311340332031,
            "y": 0.16661149597167968,
            "z": 0.933926025390625
        },
        "orientation": {
            "x": 0.8251763085284146,
            "y": -0.13294925896037066,
            "z": 0.22613231420868207,
            "w": 0.5002726565143579
        }
    }
}