{
    "header": {
        "seq": 22501,
        "stamp": {
            "secs": 1681247976,
            "nsecs": 556814785
        },
        "frame_id": "atracsys"
    },
    "pose": {
        "position": {
            "x": 0.18211819458007814,
            "y": 0.16661407470703124,
            "z": 0.9338866577148438
        },
        "orientation": {
            "x": 0.8251319377386745,
            "y": -0.13295353275765662,
            "z": 0.22612231535057825,
            "w": 0.5003492199967664
        }
    }
}