{
    "header": {
        "seq": 9366,
        "stamp": {
            "secs": 1681247844,
            "nsecs": 371829111
        },
        "frame_id": "atracsys"
    },
    "pose": {
        "position": {
            "x": 0.18210206604003906,
            "y": 0.16659443664550783,
            "z": 0.9339519653320313
        },
        "orientation": {
            "x": 0.8251791315227757,
            "y": -0.13295912953967395,
            "z": 0.22610318317453093,
            "w": 0.5002785437430979
        }
    }
}