{
    "header": {
        "seq": 17847,
        "stamp": {
            "secs": 1681247929,
            "nsecs": 732949504
        },
        "frame_id": "atracsys"
    },
    "pose": {
        "position": {
            "x": 0.18212838745117188,
            "y": 0.1666180877685547,
            "z": 0.9338042602539063
        },
        "orientation": {
            "x": 0.8251813666994575,
            "y": -0.1329452514115068,
            "z": 0.22608748350010163,
            "w": 0.5002856403933038
        }
    }
}