{
    "header": {
        "seq": 13541,
        "stamp": {
            "secs": 1681247886,
            "nsecs": 401724532
        },
        "frame_id": "atracsys"
    },
    "pose": {
        "position": {
            "x": 0.1821157989501953,
            "y": 0.16659829711914062,
            "z": 0.9338273315429688
        },
        "orientation": {
            "x": 0.8251763895920837,
            "y": -0.1329926698645077,
            "z": 0.22615379215613668,
            "w": 0.500251274976369
        }
    }
}