{
    "header": {
        "seq": 24025,
        "stamp": {
            "secs": 1681247991,
            "nsecs": 894056158
        },
        "frame_id": "atracsys"
    },
    "pose": {
        "position": {
            "x": 0.18211846923828126,
            "y": 0.16662525939941406,
            "z": 0.93390771484375
        },
        "orientation": {
            "x": 0.8251425890404378,
            "y": -0.13294728360865757,
            "z": 0.22612667678738563,
            "w": 0.5003313437891094
        }
    }
}