{
    "header": {
        "seq": 27015,
        "stamp": {
            "secs": 1681248021,
            "nsecs": 974694849
        },
        "frame_id": "atracsys"
    },
    "pose": {
        "position": {
            "x": 0.18211674499511718,
            "y": 0.16660557556152344,
            "z": 0.9338991088867188
        },
        "orientation": {
            "x": 0.8251238665017642,
            "y": -0.13297422382979415,
            "z": 0.2261851144037284,
            "w": 0.5003286467395357
        }
    }
}