{
    "header": {
        "seq": 5715,
        "stamp": {
            "secs": 1681247807,
            "nsecs": 652576137
        },
        "frame_id": "atracsys"
    },
    "pose": {
        "position": {
            "x": 0.18213291931152345,
            "y": 0.16660903930664062,
            "z": 0.933855224609375
        },
        "orientation": {
            "x": 0.8251648499816665,
            "y": -0.13293376169608856,
            "z": 0.2261704241566286,
            "w": 0.5002784470601067
        }
    }
}