{
    "header": {
        "seq": 14799,
        "stamp": {
            "secs": 1681247899,
            "nsecs": 61325399
        },
        "frame_id": "atracsys"
    },
    "pose": {
        "position": {
            "x": 0.18211288452148439,
            "y": 0.16661448669433593,
            "z": 0.9338583984375001
        },
        "orientation": {
            "x": 0.8251685564113388,
            "y": -0.13295154489242714,
            "z": 0.2260519909697068,
            "w": 0.5003211344720266
        }
    }
}