{
    "header": {
        "seq": 20030,
        "stamp": {
            "secs": 1681247951,
            "nsecs": 688186090
        },
        "frame_id": "atracsys"
    },
    "pose": {
        "position": {
            "x": 0.18212080383300783,
            "y": 0.16661264038085938,
            "z": 0.93386669921875
        },
        "orientation": {
            "x": 0.8251192887366424,
            "y": -0.13297078471956378,
            "z": 0.2261725269016955,
            "w": 0.5003428003286374
        }
    }
}