{
    "header": {
        "seq": 9761,
        "stamp": {
            "secs": 1681247848,
            "nsecs": 347917402
        },
        "frame_id": "atracsys"
    },
    "pose": {
        "position": {
            "x": 0.18210450744628906,
            "y": 0.16659315490722656,
            "z": 0.9339506225585937
        },
        "orientation": {
            "x": 0.8251745810144274,
            "y": -0.13296591648508493,
            "z": 0.22616559525868996,
            "w": 0.500256033868886
        }
    }
}