{
    "header": {
        "seq": 14687,
        "stamp": {
            "secs": 1681247897,
            "nsecs": 935948945
        },
        "frame_id": "atracsys"
    },
    "pose": {
        "position": {
            "x": 0.18210705566406252,
            "y": 0.16660784912109375,
            "z": 0.93387451171875
        },
        "orientation": {
            "x": 0.8251308458942509,
            "y": -0.1329935197982903,
            "z": 0.22625658021280867,
            "w": 0.5002796925279942
        }
    }
}