{
    "header": {
        "seq": 9663,
        "stamp": {
            "secs": 1681247847,
            "nsecs": 359865851
        },
        "frame_id": "atracsys"
    },
    "pose": {
        "position": {
            "x": 0.18210546875,
            "y": 0.16659788513183593,
            "z": 0.933946044921875
        },
        "orientation": {
            "x": 0.825163950145188,
            "y": -0.13297244729512772,
            "z": 0.2261641308204295,
            "w": 0.5002724953176759
        }
    }
}