{
    "header": {
        "seq": 16729,
        "stamp": {
            "secs": 1681247918,
            "nsecs": 479264558
        },
        "frame_id": "atracsys"
    },
    "pose": {
        "position": {
            "x": 0.18213992309570312,
            "y": 0.16662838745117187,
            "z": 0.9337682495117188
        },
        "orientation": {
            "x": 0.8251690205733082,
            "y": -0.1329043393289822,
            "z": 0.22614600586026046,
            "w": 0.5002904237611041
        }
    }
}