{
    "header": {
        "seq": 14055,
        "stamp": {
            "secs": 1681247891,
            "nsecs": 571791300
        },
        "frame_id": "atracsys"
    },
    "pose": {
        "position": {
            "x": 0.18211985778808595,
            "y": 0.1666034393310547,
            "z": 0.9338416137695312
        },
        "orientation": {
            "x": 0.8251271094563458,
            "y": -0.13298334967982295,
            "z": 0.2261445254167946,
            "w": 0.5003392205016135
        }
    }
}