{
    "header": {
        "seq": 9243,
        "stamp": {
            "secs": 1681247843,
            "nsecs": 135980570
        },
        "frame_id": "atracsys"
    },
    "pose": {
        "position": {
            "x": 0.18211781311035158,
            "y": 0.166603515625,
            "z": 0.9339172363281251
        },
        "orientation": {
            "x": 0.8251526485522535,
            "y": -0.13297882769455469,
            "z": 0.22622856596872726,
            "w": 0.5002603061526235
        }
    }
}