{
    "header": {
        "seq": 16887,
        "stamp": {
            "secs": 1681247920,
            "nsecs": 67310314
        },
        "frame_id": "atracsys"
    },
    "pose": {
        "position": {
            "x": 0.18213101196289064,
            "y": 0.16661708068847655,
            "z": 0.9337719116210937
        },
        "orientation": {
            "x": 0.8251637064462177,
            "y": -0.13292892768610365,
            "z": 0.22614006257140587,
            "w": 0.5002953426210998
        }
    }
}