{
    "header": {
        "seq": 8618,
        "stamp": {
            "secs": 1681247836,
            "nsecs": 849534789
        },
        "frame_id": "atracsys"
    },
    "pose": {
        "position": {
            "x": 0.18211293029785156,
            "y": 0.1665973663330078,
            "z": 0.9338980102539063
        },
        "orientation": {
            "x": 0.8251215275888187,
            "y": -0.13298178929837365,
            "z": 0.22617551577510453,
            "w": 0.5003348323756428
        }
    }
}