{
    "header": {
        "seq": 15150,
        "stamp": {
            "secs": 1681247902,
            "nsecs": 592670076
        },
        "frame_id": "atracsys"
    },
    "pose": {
        "position": {
            "x": 0.18210365295410155,
            "y": 0.16659959411621095,
            "z": 0.9338609008789063
        },
        "orientation": {
            "x": 0.8251522751997715,
            "y": -0.13297401048392027,
            "z": 0.2261203305395377,
            "w": 0.5003111345804259
        }
    }
}