{
    "header": {
        "seq": 7553,
        "stamp": {
            "secs": 1681247826,
            "nsecs": 136012589
        },
        "frame_id": "atracsys"
    },
    "pose": {
        "position": {
            "x": 0.18212498474121094,
            "y": 0.16660893249511718,
            "z": 0.933875732421875
        },
        "orientation": {
            "x": 0.825181743209939,
            "y": -0.13291813485091553,
            "z": 0.2261754704686152,
            "w": 0.5002524529265807
        }
    }
}