{
    "header": {
        "seq": 21956,
        "stamp": {
            "secs": 1681247971,
            "nsecs": 73227584
        },
        "frame_id": "atracsys"
    },
    "pose": {
        "position": {
            "x": 0.18211421203613282,
            "y": 0.16661273193359374,
            "z": 0.933918701171875
        },
        "orientation": {
            "x": 0.8252020853950528,
            "y": -0.13294207468719843,
            "z": 0.22611218790393922,
            "w": 0.5002411433686887
        }
    }
}