{
    "header": {
        "seq": 24149,
        "stamp": {
            "secs": 1681247993,
            "nsecs": 138839202
        },
        "frame_id": "atracsys"
    },
    "pose": {
        "position": {
            "x": 0.1821155548095703,
            "y": 0.16661978149414064,
            "z": 0.9339280395507813
        },
        "orientation": {
            "x": 0.8251650614791931,
            "y": -0.13291612906741568,
            "z": 0.2261602485905727,
            "w": 0.5002873833160536
        }
    }
}