{
    "header": {
        "seq": 6906,
        "stamp": {
            "secs": 1681247819,
            "nsecs": 631521889
        },
        "frame_id": "atracsys"
    },
    "pose": {
        "position": {
            "x": 0.18212673950195313,
            "y": 0.16660792541503908,
            "z": 0.9338663330078125
        },
        "orientation": {
            "x": 0.8251090833034598,
            "y": -0.13294785148137797,
            "z": 0.2261930127482911,
            "w": 0.5003564633543384
        }
    }
}