{
    "header": {
        "seq": 20877,
        "stamp": {
            "secs": 1681247960,
            "nsecs": 213616459
        },
        "frame_id": "atracsys"
    },
    "pose": {
        "position": {
            "x": 0.18212136840820312,
            "y": 0.16661271667480468,
            "z": 0.9338774414062501
        },
        "orientation": {
            "x": 0.8251767487883539,
            "y": -0.13294790661237615,
            "z": 0.22609969674142275,
            "w": 0.5002870321324606
        }
    }
}