{
    "header": {
        "seq": 16866,
        "stamp": {
            "secs": 1681247919,
            "nsecs": 858338752
        },
        "frame_id": "atracsys"
    },
    "pose": {
        "position": {
            "x": 0.18214013671875,
            "y": 0.1666377410888672,
            "z": 0.9337916259765625
        },
        "orientation": {
            "x": 0.8251956087738213,
            "y": -0.13287171443014534,
            "z": 0.22607222705649557,
            "w": 0.5002885796403042
        }
    }
}