{
    "header": {
        "seq": 23927,
        "stamp": {
            "secs": 1681247990,
            "nsecs": 908998867
        },
        "frame_id": "atracsys"
    },
    "pose": {
        "position": {
            "x": 0.1821185760498047,
            "y": 0.16661997985839844,
            "z": 0.9339090576171876
        },
        "orientation": {
            "x": 0.8251545521502256,
            "y": -0.13293396581388406,
            "z": 0.22615892378905614,
            "w": 0.5003005766430114
        }
    }
}