{
    "header": {
        "seq": 22207,
        "stamp": {
            "secs": 1681247973,
            "nsecs": 598677695
        },
        "frame_id": "atracsys"
    },
    "pose": {
        "position": {
            "x": 0.1821124725341797,
            "y": 0.16660972595214843,
            "z": 0.9339127197265625
        },
        "orientation": {
            "x": 0.8251970849502737,
            "y": -0.13293380583848138,
            "z": 0.22614902379860594,
            "w": 0.5002349380938976
        }
    }
}