{
    "header": {
        "seq": 17182,
        "stamp": {
            "secs": 1681247923,
            "nsecs": 37527544
        },
        "frame_id": "atracsys"
    },
    "pose": {
        "position": {
            "x": 0.18213182067871095,
            "y": 0.166623046875,
            "z": 0.9337867431640625
        },
        "orientation": {
            "x": 0.82517128944481,
            "y": -0.13294111197561992,
            "z": 0.22611462932309057,
            "w": 0.5002910934933349
        }
    }
}