{
    "header": {
        "seq": 30426,
        "stamp": {
            "secs": 1681248056,
            "nsecs": 294006214
        },
        "frame_id": "atracsys"
    },
    "pose": {
        "position": {
            "x": 0.1820852508544922,
            "y": 0.16660289001464845,
            "z": 0.9339601440429688
        },
        "orientation": {
            "x": 0.8251315047208179,
            "y": -0.13293692556845688,
            "z": 0.22616197675242716,
            "w": 0.5003364208300254
        }
    }
}