{
    "header": {
        "seq": 29856,
        "stamp": {
            "secs": 1681248050,
            "nsecs": 559700426
        },
        "frame_id": "atracsys"
    },
    "pose": {
        "position": {
            "x": 0.18208419799804687,
            "y": 0.16660325622558594,
            "z": 0.9339959716796875
        },
        "orientation": {
            "x": 0.8251228635539724,
            "y": -0.13295457228487914,
            "z": 0.2260880361080195,
            "w": 0.500379397735215
        }
    }
}