{
    "header": {
        "seq": 11110,
        "stamp": {
            "secs": 1681247861,
            "nsecs": 936015735
        },
        "frame_id": "atracsys"
    },
    "pose": {
        "position": {
            "x": 0.18211532592773438,
            "y": 0.1665887145996094,
            "z": 0.9338878784179687
        },
        "orientation": {
            "x": 0.8251666025347105,
            "y": -0.1329737690897499,
            "z": 0.2261377166557155,
            "w": 0.5002797096636321
        }
    }
}