{
    "header": {
        "seq": 20579,
        "stamp": {
            "secs": 1681247957,
            "nsecs": 216547328
        },
        "frame_id": "atracsys"
    },
    "pose": {
        "position": {
            "x": 0.18211941528320313,
            "y": 0.1666085662841797,
            "z": 0.9338663940429688
        },
        "orientation": {
            "x": 0.8251830060613706,
            "y": -0.13294385043962623,
            "z": 0.22608614778362707,
            "w": 0.5002839123119656
        }
    }
}