{
    "header": {
        "seq": 8725,
        "stamp": {
            "secs": 1681247837,
            "nsecs": 924010503
        },
        "frame_id": "atracsys"
    },
    "pose": {
        "position": {
            "x": 0.1821139373779297,
            "y": 0.16659800720214843,
            "z": 0.9339063110351563
        },
        "orientation": {
            "x": 0.8251688355959468,
            "y": -0.1329640088286773,
            "z": 0.22619034217149667,
            "w": 0.5002548292878121
        }
    }
}