{
    "header": {
        "seq": 7573,
        "stamp": {
            "secs": 1681247826,
            "nsecs": 338982393
        },
        "frame_id": "atracsys"
    },
    "pose": {
        "position": {
            "x": 0.18212158203125,
            "y": 0.1666058807373047,
            "z": 0.9338759155273437
        },
        "orientation": {
            "x": 0.8251094549655736,
            "y": -0.1329386582677634,
            "z": 0.22619240146721387,
            "w": 0.5003585694108531
        }
    }
}