{
    "header": {
        "seq": 7313,
        "stamp": {
            "secs": 1681247823,
            "nsecs": 724142486
        },
        "frame_id": "atracsys"
    },
    "pose": {
        "position": {
            "x": 0.18212783813476563,
            "y": 0.16661593627929688,
            "z": 0.933871337890625
        },
        "orientation": {
            "x": 0.8251388497090845,
            "y": -0.1329227092618232,
            "z": 0.2262554410716308,
            "w": 0.500285825752387
        }
    }
}