{
    "header": {
        "seq": 14362,
        "stamp": {
            "secs": 1681247894,
            "nsecs": 664425249
        },
        "frame_id": "atracsys"
    },
    "pose": {
        "position": {
            "x": 0.18211007690429687,
            "y": 0.1666050262451172,
            "z": 0.9338845214843751
        },
        "orientation": {
            "x": 0.8251771428747591,
            "y": -0.13296908277923494,
            "z": 0.22614429036166872,
            "w": 0.5002605979274357
        }
    }
}