{
    "header": {
        "seq": 5259,
        "stamp": {
            "secs": 1681247803,
            "nsecs": 67511637
        },
        "frame_id": "atracsys"
    },
    "pose": {
        "position": {
            "x": 0.18213233947753907,
            "y": 0.16661058044433594,
            "z": 0.9338436279296876
        },
        "orientation": {
            "x": 0.825144432178657,
            "y": -0.13293415327410602,
            "z": 0.2261515835852308,
            "w": 0.5003205354367846
        }
    }
}