{
    "header": {
        "stamp": {
            "secs": 1650920508, 
            "nsecs": 507303308
        }, 
        "frame_id": "atracsys", 
        "seq": 12304
    }, 
    "pose": {
        "position": {
            "y": -0.0375688934326, 
            "x": -0.153143341064, 
            "z": 1.18329870605
        }, 
        "orientation": {
            "y": 0.0257525727246, 
            "x": 0.00645561532865, 
            "z": 0.370858625841, 
            "w": 0.928309759546
        }
    }
}