{
    "header": {
        "stamp": {
            "secs": 1650920816, 
            "nsecs": 466534997
        }, 
        "frame_id": "atracsys", 
        "seq": 42917
    }, 
    "pose": {
        "position": {
            "y": -0.035628818512, 
            "x": -0.0864611282349, 
            "z": 1.2222166748
        }, 
        "orientation": {
            "y": -0.055239422031, 
            "x": -0.0589217622365, 
            "z": 0.394913668517, 
            "w": 0.915161202525
        }
    }
}