{
    "header": {
        "stamp": {
            "secs": 1650920828, 
            "nsecs": 642915824
        }, 
        "frame_id": "atracsys", 
        "seq": 44127
    }, 
    "pose": {
        "position": {
            "y": -0.0393033981323, 
            "x": -0.0777489242554, 
            "z": 1.23026721191
        }, 
        "orientation": {
            "y": -0.0691978902644, 
            "x": -0.0662491073122, 
            "z": 0.388110830332, 
            "w": 0.9166202546
        }
    }
}