{
    "header": {
        "stamp": {
            "secs": 1650920877, 
            "nsecs": 204759742
        }, 
        "frame_id": "atracsys", 
        "seq": 48954
    }, 
    "pose": {
        "position": {
            "y": -0.0537748184204, 
            "x": -0.0301968002319, 
            "z": 1.26658740234
        }, 
        "orientation": {
            "y": -0.159339441908, 
            "x": -0.110971659556, 
            "z": 0.372322498381, 
            "w": 0.907563876665
        }
    }
}