{
    "header": {
        "stamp": {
            "secs": 1650920982, 
            "nsecs": 802398852
        }, 
        "frame_id": "atracsys", 
        "seq": 59451
    }, 
    "pose": {
        "position": {
            "y": -0.0403452720642, 
            "x": 0.0219580688477, 
            "z": 1.28266308594
        }, 
        "orientation": {
            "y": -0.201960084489, 
            "x": -0.119198542817, 
            "z": 0.409290969287, 
            "w": 0.881750947901
        }
    }
}