{
    "header": {
        "stamp": {
            "secs": 1650921214, 
            "nsecs": 933832084
        }, 
        "frame_id": "atracsys", 
        "seq": 80911
    }, 
    "pose": {
        "position": {
            "y": -0.0750934906006, 
            "x": -0.20403225708, 
            "z": 1.21082775879
        }, 
        "orientation": {
            "y": -0.101590953311, 
            "x": -0.0643767770124, 
            "z": 0.154870384654, 
            "w": 0.980586596249
        }
    }
}