{
    "header": {
        "stamp": {
            "secs": 1650921297, 
            "nsecs": 342596644
        }, 
        "frame_id": "atracsys", 
        "seq": 87622
    }, 
    "pose": {
        "position": {
            "y": 0.0058727016449, 
            "x": -0.221950180054, 
            "z": 1.13734179687
        }, 
        "orientation": {
            "y": -0.117861308605, 
            "x": 0.052480731411, 
            "z": 0.113115637429, 
            "w": 0.985169699764
        }
    }
}