{
    "header": {
        "stamp": {
            "secs": 1650921313, 
            "nsecs": 417142786
        }, 
        "frame_id": "atracsys", 
        "seq": 89220
    }, 
    "pose": {
        "position": {
            "y": 0.0479403343201, 
            "x": -0.229122695923, 
            "z": 1.11919689941
        }, 
        "orientation": {
            "y": -0.0537902970816, 
            "x": 0.116398877758, 
            "z": 0.190438136981, 
            "w": 0.973288868312
        }
    }
}