{
    "header": {
        "stamp": {
            "secs": 1650921354, 
            "nsecs": 673942511
        }, 
        "frame_id": "atracsys", 
        "seq": 93321
    }, 
    "pose": {
        "position": {
            "y": 0.113385070801, 
            "x": -0.259936157227, 
            "z": 1.09786047363
        }, 
        "orientation": {
            "y": 0.0377143841328, 
            "x": 0.20963399513, 
            "z": 0.287831359958, 
            "w": 0.933693912126
        }
    }
}