{
    "header": {
        "stamp": {
            "secs": 1650920657, 
            "nsecs": 298528275
        }, 
        "frame_id": "atracsys", 
        "seq": 27095
    }, 
    "pose": {
        "position": {
            "y": 0.00530182170868, 
            "x": -0.174709884644, 
            "z": 1.16914672852
        }, 
        "orientation": {
            "y": 0.0391187143422, 
            "x": 0.0360766667748, 
            "z": 0.38702697644, 
            "w": 0.920531541997
        }
    }
}