{
    "header": {
        "stamp": {
            "secs": 1650921366, 
            "nsecs": 536564188
        }, 
        "frame_id": "atracsys", 
        "seq": 94500
    }, 
    "pose": {
        "position": {
            "y": 0.124990524292, 
            "x": -0.247548751831, 
            "z": 1.09645117188
        }, 
        "orientation": {
            "y": 0.0257962912025, 
            "x": 0.219357707303, 
            "z": 0.306364060481, 
            "w": 0.925936180335
        }
    }
}