{
    "header": {
        "stamp": {
            "secs": 1650921396, 
            "nsecs": 969384760
        }, 
        "frame_id": "atracsys", 
        "seq": 97525
    }, 
    "pose": {
        "position": {
            "y": 0.131758605957, 
            "x": -0.231411224365, 
            "z": 1.08570446777
        }, 
        "orientation": {
            "y": 0.0453041423613, 
            "x": 0.231338084702, 
            "z": 0.365100852235, 
            "w": 0.900628443338
        }
    }
}