{
    "header": {
        "stamp": {
            "secs": 1650921433, 
            "nsecs": 282715358
        }, 
        "frame_id": "atracsys", 
        "seq": 101135
    }, 
    "pose": {
        "position": {
            "y": 0.171483047485, 
            "x": -0.196316772461, 
            "z": 1.08651574707
        }, 
        "orientation": {
            "y": 0.0140452516686, 
            "x": 0.253790796634, 
            "z": 0.427555507035, 
            "w": 0.867519020457
        }
    }
}