{
    "header": {
        "stamp": {
            "secs": 1650921465, 
            "nsecs": 443817072
        }, 
        "frame_id": "atracsys", 
        "seq": 104332
    }, 
    "pose": {
        "position": {
            "y": 0.188241439819, 
            "x": -0.170043304443, 
            "z": 1.09141113281
        }, 
        "orientation": {
            "y": -0.017872857905, 
            "x": 0.257712392837, 
            "z": 0.44583462527, 
            "w": 0.857027636917
        }
    }
}