{
    "header": {
        "stamp": {
            "secs": 1650921495, 
            "nsecs": 655760790
        }, 
        "frame_id": "atracsys", 
        "seq": 107335
    }, 
    "pose": {
        "position": {
            "y": 0.198471603394, 
            "x": -0.109076438904, 
            "z": 1.09816247559
        }, 
        "orientation": {
            "y": -0.0784117061005, 
            "x": 0.242969582483, 
            "z": 0.47982359311, 
            "w": 0.83939663201
        }
    }
}