{
    "header": {
        "stamp": {
            "secs": 1650921531, 
            "nsecs": 70611098
        }, 
        "frame_id": "atracsys", 
        "seq": 110855
    }, 
    "pose": {
        "position": {
            "y": 0.189539245605, 
            "x": -0.0674476470947, 
            "z": 1.11001721191
        }, 
        "orientation": {
            "y": -0.101566316926, 
            "x": 0.208498342375, 
            "z": 0.51843761452, 
            "w": 0.823064495859
        }
    }
}