{
    "header": {
        "stamp": {
            "secs": 1650920728, 
            "nsecs": 101408116
        }, 
        "frame_id": "atracsys", 
        "seq": 34133
    }, 
    "pose": {
        "position": {
            "y": -0.00295343995094, 
            "x": -0.153834259033, 
            "z": 1.17399316406
        }, 
        "orientation": {
            "y": 0.0463898219344, 
            "x": 0.0224585836617, 
            "z": 0.417532805645, 
            "w": 0.907198959794
        }
    }
}