{
    "header": {
        "stamp": {
            "secs": 1650921585, 
            "nsecs": 745326668
        }, 
        "frame_id": "atracsys", 
        "seq": 116289
    }, 
    "pose": {
        "position": {
            "y": 0.120271903992, 
            "x": -0.0646556930542, 
            "z": 1.13745349121
        }, 
        "orientation": {
            "y": -0.0149304642792, 
            "x": 0.0925081856107, 
            "z": 0.574656990679, 
            "w": 0.813012090867
        }
    }
}