{
    "header": {
        "stamp": {
            "secs": 1650921755, 
            "nsecs": 915002314
        }, 
        "frame_id": "atracsys", 
        "seq": 133205
    }, 
    "pose": {
        "position": {
            "y": 0.0319719429016, 
            "x": -0.0385542640686, 
            "z": 1.17824157715
        }, 
        "orientation": {
            "y": 0.0038275322066, 
            "x": 0.00521548024126, 
            "z": 0.547513676203, 
            "w": 0.836771727016
        }
    }
}