{
    "header": {
        "stamp": {
            "secs": 1650921849, 
            "nsecs": 308813104
        }, 
        "frame_id": "atracsys", 
        "seq": 142488
    }, 
    "pose": {
        "position": {
            "y": -0.0285373325348, 
            "x": -0.159521575928, 
            "z": 1.16908044434
        }, 
        "orientation": {
            "y": 0.0783098716343, 
            "x": 0.0227194078206, 
            "z": 0.417568272765, 
            "w": 0.904979629656
        }
    }
}