{
    "header": {
        "stamp": {
            "secs": 1650921903, 
            "nsecs": 28048197
        }, 
        "frame_id": "atracsys", 
        "seq": 147827
    }, 
    "pose": {
        "position": {
            "y": -0.0431473579407, 
            "x": -0.227321411133, 
            "z": 1.17617077637
        }, 
        "orientation": {
            "y": 0.0894140983102, 
            "x": 0.014569311413, 
            "z": 0.313907361432, 
            "w": 0.945121697258
        }
    }
}