{
    "header": {
        "stamp": {
            "secs": 1650921923, 
            "nsecs": 953451672
        }, 
        "frame_id": "atracsys", 
        "seq": 149907
    }, 
    "pose": {
        "position": {
            "y": -0.0139928035736, 
            "x": -0.275515441895, 
            "z": 1.1461751709
        }, 
        "orientation": {
            "y": 0.118355783651, 
            "x": 0.0853157788479, 
            "z": 0.290617628527, 
            "w": 0.945650316103
        }
    }
}