{
    "header": {
        "stamp": {
            "secs": 1650921972, 
            "nsecs": 425022546
        }, 
        "frame_id": "atracsys", 
        "seq": 154725
    }, 
    "pose": {
        "position": {
            "y": 0.0359145431519, 
            "x": -0.323308929443, 
            "z": 1.13925231934
        }, 
        "orientation": {
            "y": 0.156361611362, 
            "x": 0.139280056412, 
            "z": 0.27673985929, 
            "w": 0.937852420511
        }
    }
}