{
    "header": {
        "stamp": {
            "secs": 1650920751, 
            "nsecs": 104269296
        }, 
        "frame_id": "atracsys", 
        "seq": 36420
    }, 
    "pose": {
        "position": {
            "y": -0.0126051635742, 
            "x": -0.137819091797, 
            "z": 1.18208679199
        }, 
        "orientation": {
            "y": 0.0224780210464, 
            "x": -0.000473632689853, 
            "z": 0.410764714635, 
            "w": 0.911464131742
        }
    }
}