{
    "header": {
        "stamp": {
            "secs": 1650922010, 
            "nsecs": 374064127
        }, 
        "frame_id": "atracsys", 
        "seq": 158497
    }, 
    "pose": {
        "position": {
            "y": 0.0543413467407, 
            "x": -0.337973480225, 
            "z": 1.13682128906
        }, 
        "orientation": {
            "y": 0.184743753765, 
            "x": 0.175866480456, 
            "z": 0.297800363859, 
            "w": 0.91992155632
        }
    }
}