{
    "header": {
        "stamp": {
            "secs": 1650922075, 
            "nsecs": 57503746
        }, 
        "frame_id": "atracsys", 
        "seq": 164927
    }, 
    "pose": {
        "position": {
            "y": -0.114409751892, 
            "x": -0.345661621094, 
            "z": 1.24809533691
        }, 
        "orientation": {
            "y": 0.177627631885, 
            "x": -0.0641661853957, 
            "z": 0.186269100612, 
            "w": 0.964175786462
        }
    }
}