{
    "header": {
        "stamp": {
            "secs": 1650922282, 
            "nsecs": 364541018
        }, 
        "frame_id": "atracsys", 
        "seq": 185338
    }, 
    "pose": {
        "position": {
            "y": -0.063802986145, 
            "x": -0.0982301330566, 
            "z": 1.25168505859
        }, 
        "orientation": {
            "y": 0.0516275895591, 
            "x": -0.114785883544, 
            "z": 0.449629606793, 
            "w": 0.884303120898
        }
    }
}