{
    "header": {
        "stamp": {
            "secs": 1650920763, 
            "nsecs": 880383199
        }, 
        "frame_id": "atracsys", 
        "seq": 37690
    }, 
    "pose": {
        "position": {
            "y": -0.0137780218124, 
            "x": -0.131716537476, 
            "z": 1.18790917969
        }, 
        "orientation": {
            "y": 0.0143443181394, 
            "x": -0.00234393013588, 
            "z": 0.410347436356, 
            "w": 0.911813428287
        }
    }
}