{
    "header": {
        "stamp": {
            "secs": 1650922346, 
            "nsecs": 702280560
        }, 
        "frame_id": "atracsys", 
        "seq": 191733
    }, 
    "pose": {
        "position": {
            "y": -0.0635154876709, 
            "x": -0.0529569282532, 
            "z": 1.25832519531
        }, 
        "orientation": {
            "y": 0.0680844345405, 
            "x": -0.12995166773, 
            "z": 0.515073030853, 
            "w": 0.844497985028
        }
    }
}