{
    "header": {
        "stamp": {
            "secs": 1650922362, 
            "nsecs": 245818922
        }, 
        "frame_id": "atracsys", 
        "seq": 193278
    }, 
    "pose": {
        "position": {
            "y": -0.0508440284729, 
            "x": -0.0354668045044, 
            "z": 1.27074621582
        }, 
        "orientation": {
            "y": 0.0710195916475, 
            "x": -0.151219739938, 
            "z": 0.543763288143, 
            "w": 0.822441666213
        }
    }
}