{
    "header": {
        "stamp": {
            "secs": 1650922445, 
            "nsecs": 488607167
        }, 
        "frame_id": "atracsys", 
        "seq": 201552
    }, 
    "pose": {
        "position": {
            "y": -0.152401947021, 
            "x": -0.159368835449, 
            "z": 1.33955432129
        }, 
        "orientation": {
            "y": 0.0998336531375, 
            "x": -0.221373095, 
            "z": 0.34490052856, 
            "w": 0.906681211844
        }
    }
}