{
    "header": {
        "stamp": {
            "secs": 1650922492, 
            "nsecs": 166922480
        }, 
        "frame_id": "atracsys", 
        "seq": 206192
    }, 
    "pose": {
        "position": {
            "y": 0.055653087616, 
            "x": -0.232261260986, 
            "z": 1.12562805176
        }, 
        "orientation": {
            "y": 0.0581889061237, 
            "x": 0.13055196285, 
            "z": 0.336556580137, 
            "w": 0.930752332561
        }
    }
}