{
    "header": {
        "stamp": {
            "secs": 1650922692, 
            "nsecs": 631236540
        }, 
        "frame_id": "atracsys", 
        "seq": 225626
    }, 
    "pose": {
        "position": {
            "y": 0.141216766357, 
            "x": -0.104938621521, 
            "z": 1.10836791992
        }, 
        "orientation": {
            "y": 0.0138398155464, 
            "x": 0.157342276243, 
            "z": 0.57786322906, 
            "w": 0.800703413326
        }
    }
}