{
    "header": {
        "stamp": {
            "secs": 1650922716, 
            "nsecs": 422414590
        }, 
        "frame_id": "atracsys", 
        "seq": 227991
    }, 
    "pose": {
        "position": {
            "y": 0.0929528427124, 
            "x": -0.134013381958, 
            "z": 1.11803710938
        }, 
        "orientation": {
            "y": 0.0549009793783, 
            "x": 0.134138651512, 
            "z": 0.530489013948, 
            "w": 0.83520902217
        }
    }
}