{
    "header": {
        "stamp": {
            "secs": 1650922793, 
            "nsecs": 121453867
        }, 
        "frame_id": "atracsys", 
        "seq": 235615
    }, 
    "pose": {
        "position": {
            "y": 0.0108776760101, 
            "x": -0.125792533875, 
            "z": 1.15981237793
        }, 
        "orientation": {
            "y": 0.0363739497988, 
            "x": 0.0356299490891, 
            "z": 0.458865247142, 
            "w": 0.887045730202
        }
    }
}