{
    "header": {
        "stamp": {
            "secs": 1650922896, 
            "nsecs": 563746591
        }, 
        "frame_id": "atracsys", 
        "seq": 245898
    }, 
    "pose": {
        "position": {
            "y": -0.1187395401, 
            "x": -0.22178604126, 
            "z": 1.26682897949
        }, 
        "orientation": {
            "y": 0.0991436830673, 
            "x": -0.124550485932, 
            "z": 0.286437160505, 
            "w": 0.944781170242
        }
    }
}