{
    "header": {
        "stamp": {
            "secs": 1650920802, 
            "nsecs": 645268425
        }, 
        "frame_id": "atracsys", 
        "seq": 41543
    }, 
    "pose": {
        "position": {
            "y": -0.0288530025482, 
            "x": -0.0948315353394, 
            "z": 1.2126295166
        }, 
        "orientation": {
            "y": -0.0442100225824, 
            "x": -0.0426335804516, 
            "z": 0.395772365901, 
            "w": 0.916292576697
        }
    }
}